# Author reb
# ------Specs--------# cpu_name: AMD64 Family 23 Model 8 Stepping 2, AuthenticAMD (processor model)
# cpu_cores: 6 (physical cores)
# ram_gb: 15.93 (system memory in GB)
# gpu_name: None (graphics processor)
# os_name: Windows (operating system)
# ------Config--------# good_contributors: 4 (honest participants)
# bad_contributors: 1 (malicious participants)
# freeriders: 1 (contribute 0)
# inactive: 0 (never join)
# reward: 1000000000000000000 (total reward pool)
# minimum_rounds: 10 (rounds to simulate)
# min_buy_in: 1000000000000000000 (lower buy-in bound)
# max_buy_in: 1000000000000000000 (upper buy-in bound)
# standard_buy_in: 1000000000000000000 (default buy-in)
# epochs: 1 (local epochs per round)
# batch_size: 32 (training batch size)
# punish_factor: 3 (penalty multiplier)
# first_round_fee: 50 (fee for first round)
# fork: True (True=local fork, False=real net)
# contribution_score_strategy: dotproduct (scoring method)
# use_outlier_detection: False (Whether to use outlier detection)
# freerider_start_round: 3 (When freeriders should start freeriding)
# freerider_noise_scale: 0.1 (How much noise a freeder should add)
round,time,globalAcc,globalLoss,GRS,accAvgPerUser,lossAvgPerUser,rewards,conctractBalanceRewards,punishments,contributionScores,feedbackMatrix,disqualifiedUsers,userStatuses,GasTransactions
# $startingUserConfig$['$user$0, 0, good, good, None, 0x2adF05454DC6B0494f9CAE2B56235fD4ca55592A', '$user$1, 0, good, good, None, 0xbB52217162539A4D9cb72Db99fD36263798E8619', '$user$2, 0, good, good, None, 0x2273f9acD6D094959D51Fcb23394952c31814946', '$user$3, 0, good, good, None, 0x0c28766BA974a46e294846df83263bc567d811BB', '$user$4, 0, good, bad, 3, 0x1d00B04A7dE781069478545953C538aaE557c1b1', '$user$5, 0, good, freerider, 3, 0x7Afd526e0ceFC5F9d988077e8F98e46310986319']
0,12:58:12.545,0,720.7598254680634,"[1000000000000000000, 1000000000000000000, 1000000000000000000, 1000000000000000000, 1000000000000000000, 1000000000000000000]",[],[],[],1000000000000000000,[],[],,[],"['$user$0, 0, good, good, None, 0x2adF05454DC6B0494f9CAE2B56235fD4ca55592A', '$user$1, 0, good, good, None, 0xbB52217162539A4D9cb72Db99fD36263798E8619', '$user$2, 0, good, good, None, 0x2273f9acD6D094959D51Fcb23394952c31814946', '$user$3, 0, good, good, None, 0x0c28766BA974a46e294846df83263bc567d811BB', '$user$4, 0, good, bad, 3, 0x1d00B04A7dE781069478545953C538aaE557c1b1', '$user$5, 0, good, freerider, 3, 0x7Afd526e0ceFC5F9d988077e8F98e46310986319']","[('register', '5af92d7c7efa5249434267c215b747f63b46f481a1c54074198d827b1979bc18', 126674), ('register', 'c39cf3a149fbe0313081eaab96d6bcbc9ade984f48d4a7d84a19cf54aaaa22e7', 126674), ('register', '3438c50a77c1fd046a39a3a64a7acbe3301f5c011fbba8087dd044d046801542', 126674), ('register', 'b17a4e3fdc6920ff8e6cff886dab83bf3d8dcab486fa68bfaf37750409c652c5', 126674), ('register', '7562d8c16f32e0bb20b8332c2c0692d507d08adf795ee0ddcae039a14b285e64', 126674)]"
1,13:01:04.077,0.2874,715.0000278949738,"[1016705581105540008, 1016739113023185570, 1016560174801679561, 1016752827984302300, 1016609342430646053, 1016632960654646505]","[9, 9, 10, 11, 10, 12]","[74, 74, 74, 74, 74, 74]","[('0x2adF05454DC6B0494f9CAE2B56235fD4ca55592A', 5000000000000000000, 16705581105540008, 1016705581105540008), ('0xbB52217162539A4D9cb72Db99fD36263798E8619', 5000000000000000000, 16739113023185570, 1016739113023185570), ('0x2273f9acD6D094959D51Fcb23394952c31814946', 5000000000000000000, 16560174801679561, 1016560174801679561), ('0x0c28766BA974a46e294846df83263bc567d811BB', 5000000000000000000, 16752827984302300, 1016752827984302300), ('0x1d00B04A7dE781069478545953C538aaE557c1b1', 5000000000000000000, 16609342430646053, 1016609342430646053), ('0x7Afd526e0ceFC5F9d988077e8F98e46310986319', 5000000000000000000, 16632960654646505, 1016632960654646505)]",900000000000000000,[],"[167056635022163391, 167391955852508544, 165602564811706542, 167529106140136718, 166094243526458740, 166330426931381225]","[[0.0, 1.0, 1.0, 1.0, 1.0, 1.0], [1.0, 0.0, 1.0, 1.0, 1.0, 1.0], [1.0, 1.0, 0.0, 1.0, 1.0, 1.0], [1.0, 1.0, 1.0, 0.0, 1.0, 1.0], [1.0, 1.0, 1.0, 1.0, 0.0, 1.0], [1.0, 1.0, 1.0, 1.0, 1.0, 0.0]]",[],"['$user$0, 0.705, good, good, None, 0x2adF05454DC6B0494f9CAE2B56235fD4ca55592A', '$user$1, 0.697, good, good, None, 0xbB52217162539A4D9cb72Db99fD36263798E8619', '$user$2, 0.696, good, good, None, 0x2273f9acD6D094959D51Fcb23394952c31814946', '$user$3, 0.711, good, good, None, 0x0c28766BA974a46e294846df83263bc567d811BB', '$user$4, 0.688, good, bad, 3, 0x1d00B04A7dE781069478545953C538aaE557c1b1', '$user$5, 0.76, good, freerider, 3, 0x7Afd526e0ceFC5F9d988077e8F98e46310986319']","[('slot', '379eb1eb7817d7092fa9f084481ebbe81f7cda1e1ced957a443bab1cc5b3c3e1', 50814), ('slot', '0a05c8f180a093f88da998cb5b45d2fe120f554b840c0363db74c3a60a94ba65', 50802), ('slot', '8a275c8ee901877d05b3f87dbee1cc046b41c2c9b35d9adfd0c6607b5ae23196', 50814), ('slot', 'bc950217b5b0ed73be1983adba8476d0f67a17bfe89137c405997d63f6704bc2', 50814), ('slot', '7342d551587ca543cd5036888f8806de59b88e109e424ad2eaae40159d85b7e9', 50814), ('slot', 'a97b4d50dc1c9598346de77d55f05030dc467b224c8987854dd8a164e871d541', 50814), ('weights', 'e918af52b790740fd802e045fb0e8addc14607f5aef1165f70f98dd9978704ed', 73694), ('weights', '90fd2efc16baac9f4ce8be2c3be56928c655dbb4deb35e0b4e191952ebe6cda8', 56594), ('weights', 'cf929cf54fc8690c4108540c97bf62e5d91223de03353aa8a217a917d026cc43', 56582), ('weights', '8416d0b02c748d3041fd453dd0916e288f64bcac74c0376712ad70f4de67584c', 56594), ('weights', '47b5a263ca25dff9fd2a97e3a5eb68cc5dfed027462874126bb7014e31d9f99c', 56594), ('weights', 'e160d14de31920ae4909a06610801f444e18300255f0faec39e0800b95ef98d0', 56594), ('feedback', '91782d18078b78d355059003eaed388a34c440fffcfdbaff54a346d19041ce1f', 422541), ('feedback', '8c1cc4c91bab04977e24840cff5fcee3287603ddb28a3fd6e2376837ee476a7a', 354141), ('feedback', '999e87fbc15379e864102cb5b9babf0afb39c94f1f885d3f0a315ef62d8bf754', 337041), ('feedback', '0b6c9f9c326428b8d7360da0d10fc106772def77540f8c23883c73a9a876eb36', 337041), ('feedback', '3adc86c4332a6fd0d1f7db36efe6dde7eb0cc5f8a3cfec4b1125601d4e2f831b', 337053), ('feedback', '4646ab8eda2dddd5b7ee0f939b15d1af8257b192553c0516468945de36e99b54', 337041), ('contrib', 'da29d09d04b1b57e817386498ffdf3b4a703b9915f8ea4977a9398401f253301', 75223), ('contrib', 'b190f3e32eaea371a998fe8cd8b275576efb74db1ca02826c5aa1e5177aa0ed6', 58123), ('contrib', '78fc8a4f164e691cce9f2df98802cd22016462649d4cc803bf5d38e421737c27', 58123), ('contrib', 'cae6913ebe4966d1cdcec3cb3b08a29ab95ad4cb706fe678c9c73a5b20ced892', 58123), ('contrib', 'ede37de68948b6c26d2bfcb1627374f195e43ff8dedabe6f6dcb7b900559ed2b', 58123), ('contrib', '617523e63d65658c8eb0f3a8abfd61a9c3cd0e484bc9f2646c2a1bd9b0230e36', 58123), ('close', '4529b1695e35b74d99ec0f30eddfd3efb96aa1bc752469989390cefe1d8fad07', 641584)]"
2,13:03:50.123,0.6564,517.8087685108185,"[1033368347409975810, 1033409755575020564, 1033234858327530302, 1033427176128687330, 1033265734996649050, 1033294127562136938]","[26, 28, 28, 29, 28, 32]","[73, 73, 73, 73, 73, 73]","[('0x2adF05454DC6B0494f9CAE2B56235fD4ca55592A', 5083294418894459989, 16662766304435802, 1033368347409975810), ('0xbB52217162539A4D9cb72Db99fD36263798E8619', 5083260886976814427, 16670642551834994, 1033409755575020564), ('0x2273f9acD6D094959D51Fcb23394952c31814946', 5083439825198320436, 16674683525850741, 1033234858327530302), ('0x0c28766BA974a46e294846df83263bc567d811BB', 5083247172015697697, 16674348144385030, 1033427176128687330), ('0x1d00B04A7dE781069478545953C538aaE557c1b1', 2033491941007487870, 16656392566002997, 1033265734996649050), ('0x7Afd526e0ceFC5F9d988077e8F98e46310986319', 5083367039345353492, 16661166907490433, 1033294127562136938)]",800000000000000000,[],"[166575327515602111, 166654065251350402, 166694462299346923, 166691109538078308, 166511610150337219, 166559338569641113]","[[0.0, 1.0, 1.0, 1.0, 0.0, 1.0], [1.0, 0.0, 1.0, 1.0, 1.0, 1.0], [1.0, 1.0, 0.0, 1.0, 0.0, 1.0], [1.0, 1.0, 1.0, 0.0, 1.0, 1.0], [1.0, 1.0, 1.0, 1.0, 0.0, 1.0], [1.0, 1.0, 1.0, 1.0, 0.0, 0.0]]",[],"['$user$0, 0.618, good, good, None, 0x2adF05454DC6B0494f9CAE2B56235fD4ca55592A', '$user$1, 0.586, good, good, None, 0xbB52217162539A4D9cb72Db99fD36263798E8619', '$user$2, 0.654, good, good, None, 0x2273f9acD6D094959D51Fcb23394952c31814946', '$user$3, 0.59, good, good, None, 0x0c28766BA974a46e294846df83263bc567d811BB', '$user$4, 0.576, good, bad, 3, 0x1d00B04A7dE781069478545953C538aaE557c1b1', '$user$5, 0.697, good, freerider, 3, 0x7Afd526e0ceFC5F9d988077e8F98e46310986319']","[('close', '4529b1695e35b74d99ec0f30eddfd3efb96aa1bc752469989390cefe1d8fad07', 641584), ('slot', '38b3bc8892310f39ece580050a96d11ebc50f7d719d3961e884d7220ab3536ca', 50814), ('slot', '20b2099352fe912b52ff12033eee5d56de275bcce03f015d2ecb0b38cef149fe', 50814), ('slot', 'b5a728b26b1c033bb88c6293e023004d99d5602eea9cb384fe7184e617c09c7d', 50814), ('slot', '1ab1c3dd7d3ed0cb17e46fc4115922eeb4fe450690746b6a8f2d74432834fbf1', 50814), ('slot', '22b3fbc44d598e3f0ec29bc2791cdd592c1776093ab4c8854541b488994d996c', 50814), ('slot', '78e27d4bc1b38bd321253dff6fa768bd144829df84c8ec940ed1416902207bcf', 50814), ('weights', 'b6777bf27e0343f3de206ecfd6fb76c6f00373addcb1991a5f4d5ecefd1dd245', 73682), ('weights', '107a13bbcbc0888aa4897ef2dd0059e8b0fdaf93218644979e68d880832751c4', 56582), ('weights', '75c966bb2d9adcc96c590de3392902811d9bb5444f735e26df30ec67c65cbc5b', 56594), ('weights', '5ac33caa385dbeb05733fa47c24ce3ba0def2fcb1a9cb55e2c170c689c000612', 56594), ('weights', '54cf8a928f98f3eab99170e3f80073dcabd9cf7c00f997762b893701a069ce2a', 56582), ('weights', 'ea5352a86f6097f5ba8dc123400ce67d09c2f1c33ec1e1c6315975aa9f07079f', 56594), ('feedback', '3b5cec8571d293485c41a70624e2e98e3d2d4ee349bf8cc021d3b431c4096ac3', 300167), ('feedback', 'd148bde6a3e1b9096d409c8c12d8b420fa800e070ee8116e9773a0adbf2c0428', 271741), ('feedback', '1c78fbed21dcba1463dbeb65fc62290a6af80c16d1ad5b8edd0a53c9ed966cef', 231767), ('feedback', 'c594392dc77b592cee7b6e4e389fab68de5cdbd6abd19dac191fd76cb9024ccb', 237541), ('feedback', 'c8c9896c50c619d053ad9f8d256b10ceb7d0e96b114c7a091349dcfe8cac67f8', 237553), ('feedback', '13decc90acf72a05e7463d25c2837a5e1e0715c2475781f55a77d63a0fc01ede', 231767), ('contrib', 'ebd39fd1f5d367ff424f97c40fb1686ea7491171b334bf58329397a411d62a8a', 75223), ('contrib', '6e41b2f06560968ff578ede7506d5ebe929f7d3b2c78852b265eb40532aa7728', 58123), ('contrib', '19621cccef83c4f9255176b1b271961548b0de717f62a75d8be9d78a94c529ea', 58123), ('contrib', 'ab1a32694cbd7c9f71ac08e596e15b6d5db6d88fe3a7d883846120d2de104049', 58123), ('contrib', '47149b30ebc3938cd7350fd142677282275b673aade93222dfe49db64e5239ab', 58123), ('contrib', '27b516c7a05a57e960da7dcf8cc3642149bcaf228f62ee6a4deefdeee871bf11', 58123), ('close', '94b73d5acff5c7f1a03832e82bc797c6822ec10b284ee25e1245dfa53536f577', 611188)]"
3,13:06:17.951,0.8379,178.18966737389565,"[1230587028708549665, 1230681260809278899, 1230331569487876321, 1230693565955104448, 688843823331099367, 688862751708091292]","[64, 64, 65, 64, 65, 68]","[53, 53, 53, 54, 53, 52]","[('0x2adF05454DC6B0494f9CAE2B56235fD4ca55592A', 2066806055034589146, 197218681298573855, 1230587028708549665), ('0xbB52217162539A4D9cb72Db99fD36263798E8619', 2066764646869544392, 197271505234258335, 1230681260809278899), ('0x2273f9acD6D094959D51Fcb23394952c31814946', 2066939544117034654, 197096711160346019, 1230331569487876321), ('0x0c28766BA974a46e294846df83263bc567d811BB', 2066747226315877626, 197266389826417118, 1230693565955104448)]",700000000000000000,"[(3, 344421911665549683), (3, 344431375854045646)]","[249906271696090698, 249973207712173461, 249751716852188110, 249966725707054138]","[[0.0, 1.0, 1.0, 1.0, -1.0, -1.0], [1.0, 0.0, 1.0, 1.0, -1.0, -1.0], [1.0, 1.0, 0.0, 1.0, -1.0, -1.0], [1.0, 1.0, 1.0, 0.0, -1.0, -1.0], [-1.0, -1.0, -1.0, -1.0, 0.0, -1.0], [0.0, 0.0, 0.0, 0.0, 0.0, 0.0]]","[5, 6]","['$user$0, 0.77, good, good, None, 0x2adF05454DC6B0494f9CAE2B56235fD4ca55592A', '$user$1, 0.813, good, good, None, 0xbB52217162539A4D9cb72Db99fD36263798E8619', '$user$2, 0.814, good, good, None, 0x2273f9acD6D094959D51Fcb23394952c31814946', '$user$3, 0.79, good, good, None, 0x0c28766BA974a46e294846df83263bc567d811BB', '$user$4, 0.576, bad, bad, 3, 0x1d00B04A7dE781069478545953C538aaE557c1b1', '$user$5, 0.697, freerider, freerider, 3, 0x7Afd526e0ceFC5F9d988077e8F98e46310986319']","[('close', '94b73d5acff5c7f1a03832e82bc797c6822ec10b284ee25e1245dfa53536f577', 611188), ('slot', '82f1ee74c4410e0da22237fcb646f0c46a00214dd8704f109c8f700e711613d1', 50802), ('slot', '43ce74a293655fb420d1622bb60b593dd42cbbd8c87d6f5813caab1bd8c120e2', 50814), ('slot', '0562a9c31d827ecb26e3cd8115e4a3397a733657800c7e25fda7788743f77289', 50802), ('slot', '5c66e6096caa630e03787980c48b25a672db4c81a6b749a43d7054571be8f6d0', 50814), ('slot', 'fbe39df59b909db0462c685a63ac5cde424dbc76f76d9dbe70b26487e92f39c6', 50814), ('slot', 'cd7c23b2ec763879b4aaf3a39693d7b8f0af9596bf9e200d56030ddd336ee5c3', 50814), ('weights', 'a0421c87f387c5c4ef94cdfb478991fa2b0da5b0b600d32d62aa480c63806548', 73694), ('weights', '9120a1d76a134e7851e18b559af89cab084e3050d1916c8ce72abb7dc3c18fd5', 56594), ('weights', 'a171ef4afbd7fd365f5ceb91ba5975f699ad34f0875db98389e94341a6db41d8', 56594), ('weights', '6f3b74d4329eed980ce98b409a7aa1d66e69a7917eb55312b7df1ca952b1c727', 56594), ('weights', 'fc13f0713c0df8889e30edaea4573b5dc296703d5c1a7f4b2f0d51d400914a78', 56594), ('weights', '3d2dce0973ec1ae2997e1b505c3bd837d0ef44f6697d809da0804c44553e8179', 56594), ('feedback', '293608b22ca8815f3aaf8d35823dfcf3425f82c7fef9be323c2260ec5980217a', 321737), ('feedback', 'a0d0ee8364a502ea9989b88a06fd203d76f1edb219e4a96227ff47ff246b3275', 251337), ('feedback', 'baea9ec1590cd893dab0ddfb0435f9ab7b697b9ce2568799a5cf40e8544dae91', 236237), ('feedback', 'b80840e1e77f40e3bea8a24e295a7de7663a5ba7a7ace83cb2f926906826a26e', 234237), ('feedback', '1691c5fa291383bb31abc58e7124cbf91a07cc6482971ac4859396e0bb892688', 229293), ('feedback', '85cff303f62eb32774926e8561306277214de173339106d246a43957255bb836', 210671), ('contrib', '327cbed96f55228006c2bf0b58b4e1ac20d863c8ce5e5d03c72d7b68a3918804', 75223), ('contrib', '7b3845653e5357e0c02df7d229b452b4b063376203bf4d65e62cca99060dfa6d', 58123), ('contrib', '5f7fdbf07b1b97ce71c6838b80c128e8099287f2ebde8d6e5e12f4c447911755', 58123), ('contrib', 'b3af3e183b8e5a32130ee9d3a3bd564d751a1d616144aac13ed9f8891d338750', 58123), ('close', 'c30eec28dd4085e4742420ad6d87b8fac76c58ff54889c61e7fdbcf1854e7ebf', 658517)]"
4,13:08:51.140,0.8766,130.04010231792927,"[1370447628836306056, 1370505037681967862, 1370069936750385118, 1370506346705213847, 459229215554066245, 459241834472060862]","[82, 84, 82, 82, 84, 85]","[18, 18, 19, 20, 17, 18]","[('0x2adF05454DC6B0494f9CAE2B56235fD4ca55592A', 3002862572921160301, 139860600127756391, 1370447628836306056), ('0xbB52217162539A4D9cb72Db99fD36263798E8619', 3002768340820431067, 139823776872688963, 1370505037681967862), ('0x2273f9acD6D094959D51Fcb23394952c31814946', 3003118032141833645, 139738367262508797, 1370069936750385118), ('0x0c28766BA974a46e294846df83263bc567d811BB', 3002756035674605518, 139812780750109399, 1370506346705213847)]",600000000000000000,"[(4, 229614607777033122), (4, 229620917236030430)]","[249988898634910583, 249923080205917358, 249770417809486389, 249903425574302673]","[[0.0, 1.0, 1.0, 1.0, -1.0, -1.0], [1.0, 0.0, 1.0, 1.0, -1.0, -1.0], [1.0, 1.0, 0.0, 1.0, -1.0, -1.0], [1.0, 1.0, 1.0, 0.0, -1.0, -1.0], [-1.0, -1.0, -1.0, -1.0, 0.0, -1.0], [0.0, 0.0, 0.0, 0.0, 0.0, 0.0]]","[5, 6]","['$user$0, 0.834, good, good, None, 0x2adF05454DC6B0494f9CAE2B56235fD4ca55592A', '$user$1, 0.837, good, good, None, 0xbB52217162539A4D9cb72Db99fD36263798E8619', '$user$2, 0.866, good, good, None, 0x2273f9acD6D094959D51Fcb23394952c31814946', '$user$3, 0.85, good, good, None, 0x0c28766BA974a46e294846df83263bc567d811BB', '$user$4, 0.576, bad, bad, 3, 0x1d00B04A7dE781069478545953C538aaE557c1b1', '$user$5, 0.697, freerider, freerider, 3, 0x7Afd526e0ceFC5F9d988077e8F98e46310986319']","[('close', 'c30eec28dd4085e4742420ad6d87b8fac76c58ff54889c61e7fdbcf1854e7ebf', 658517), ('slot', 'e07da0d8c3300336d71ec469a237d484cea8fa1eb62c99ab34d7c09f557e5f73', 50814), ('slot', '4177620caf4fc26fd3b7cad9f1116dfd0f60875a67acdb53a3d15c10acbc4333', 50814), ('slot', '5e3b67e56185c4360e0689e54ece2fde32c25e19a0cb88c686790c7d2ae88c25', 50814), ('slot', 'a608552c8db872a6ca2c61919a19173e2ef028dc69e77bb0d462016766364cd2', 50814), ('slot', '921e6889efd45e405cd4cc8b49a2499d0377f9b5f0e6488cc0121f856377015f', 50814), ('slot', '92a359c024f3e925a9dbbabf5cbacab8fce3f2859794224ed871e02fb7f5402c', 50814), ('weights', '779616075ae6ee2415faa1fb4a40f174fad15daf46dd9b928a64081b9af908c9', 73694), ('weights', 'a7b7d8a73e93845e10a5d33f2bdf26b6005af73320eaa1aeb3829e3180d05010', 56594), ('weights', '9e7b83d72a33d49ebe307e9de6fc54d5d6991f944a5bdb25f32fcf046866e1f6', 56594), ('weights', '37d80cb5a1195cbb6312efd45f8a08fcc0f1e395b7538f9bf62d1759b094b0c4', 56582), ('weights', 'e048b95d9f335b15f7b0b5d0f70117cc4de92954bb84d48f074e660960f590ee', 56582), ('weights', '278765419ab1bd05b6b1643572fb769925ee9519dfccadcea5f53e43084bdde4', 56594), ('feedback', '6066356e6ab6ec415ec7f0cbec25d31af9670293b11d93092b0f11a4ab70fc74', 323737), ('feedback', 'ebdfbba2090b2982ef5e1e3809bc8f5e25d6e2caff2e47c9d81315db33efaa11', 255337), ('feedback', '29dd8fa4be4d664ae4113ab206988885239f0da4e102ac28cc6fd7b26183dd5e', 238237), ('feedback', '9c7e966e1ee32463011190a8811bc29bf0f0d5bc174b40e4fbbe3565d37d5e48', 238237), ('feedback', 'edd6a9319e188c8da2b189a553308e87553e8fc3072c0f3c5dd445e75d6c2ce7', 239293), ('feedback', '3876c3d9c59e38c3396b1ee3e8c280a658c0c368c733d61eb4095d11c1b44cac', 218671), ('contrib', 'e48607c72df4ae791a6884b8a6a707b4c8205fc3d97f192d1e0451526c8b5fb0', 75223), ('contrib', '5727328732559e30a5f7d4b42d7bfcbd0832d877c5ed312d2c7f14f0ca935b2b', 58123), ('contrib', 'd0ebb99e7751a54d55dfe202f38a2b1428e7e7f53ddbfcd22857e888d60110d5', 58123), ('contrib', '0500cc445e9ca0ce7e9a94ae281b35a19374f5f045e821bbb5edb79caab66c13', 58123), ('close', '4ba78fb74125c8b07fe1a051023cbd4d2f5a822983ad9056b01a0c8c0ba0593b', 658517)]"
5,13:11:12.790,0.8985,105.06076106056571,"[1472030486080898085, 1472098926628845948, 1471527291730989548, 1472029262208515002, 306152810369377497, 306161222981373908]","[88, 88, 88, 86, 88, 87]","[12, 13, 14, 15, 13, 13]","[('0x2adF05454DC6B0494f9CAE2B56235fD4ca55592A', 3651852105583500582, 101582857244592029, 1472030486080898085), ('0xbB52217162539A4D9cb72Db99fD36263798E8619', 3651794696737838776, 101593888946878086, 1472098926628845948), ('0x2273f9acD6D094959D51Fcb23394952c31814946', 3652229797669421520, 101457354980604430, 1471527291730989548), ('0x0c28766BA974a46e294846df83263bc567d811BB', 3651793387714592791, 101522915503301155, 1472029262208515002)]",500000000000000000,"[(5, 153076405184688748), (5, 153080611490686954)]","[250003665685653686, 250030815601348876, 249694794416427612, 249856144189834594]","[[0.0, 1.0, 1.0, 1.0, -1.0, -1.0], [1.0, 0.0, 1.0, 1.0, -1.0, -1.0], [1.0, 1.0, 0.0, 1.0, -1.0, -1.0], [1.0, 1.0, 1.0, 0.0, -1.0, -1.0], [-1.0, -1.0, -1.0, -1.0, 0.0, -1.0], [0.0, 0.0, 0.0, 0.0, 0.0, 0.0]]","[5, 6]","['$user$0, 0.858, good, good, None, 0x2adF05454DC6B0494f9CAE2B56235fD4ca55592A', '$user$1, 0.876, good, good, None, 0xbB52217162539A4D9cb72Db99fD36263798E8619', '$user$2, 0.893, good, good, None, 0x2273f9acD6D094959D51Fcb23394952c31814946', '$user$3, 0.88, good, good, None, 0x0c28766BA974a46e294846df83263bc567d811BB', '$user$4, 0.576, bad, bad, 3, 0x1d00B04A7dE781069478545953C538aaE557c1b1', '$user$5, 0.697, freerider, freerider, 3, 0x7Afd526e0ceFC5F9d988077e8F98e46310986319']","[('close', '4ba78fb74125c8b07fe1a051023cbd4d2f5a822983ad9056b01a0c8c0ba0593b', 658517), ('slot', '05e8bc0eeefad5f6eef282c0bcf3b29257d00b223732ed18ef84eca7949e090c', 50814), ('slot', '7f949a77081e543725a67ae7b10e4fd8c8df19a7d8b64e84886d0e3ae89d3eea', 50814), ('slot', 'e417bc37105d43a0f76f2f1231aa49890193a04843c9cae019ed54f110af1008', 50814), ('slot', '8ed05b222b676d390f8f1ae578c0c101e28e80f0fb0635b868cbc34480d5a17c', 50802), ('slot', '6dca29b7133a53e260664918f597e6102faccde24c1a7d5e4d07abd8aa4c8b07', 50814), ('slot', '8f1a68abd7627509fd803545ee8bc7e36cf9e981e1e2fe81f681b8c77ec5f295', 50814), ('weights', '8b5e6ca2519c2936f09c4ccb4e0f4cb56f07e1f7d289f045203fc74b735bf9a7', 73694), ('weights', '89e69a492643f38ad4acdc848cebfd8860d599c7084aa2108d6d0995eb9d5be8', 56594), ('weights', '8a060c37fe8eb001b083f4bbb8b366bab3f7c130495572610aff5b2d0aa207a8', 56594), ('weights', 'd3a51fdef5e8449260758fba953e59df8c89cb4908e1d4fb9bf8c15b4aefaaaa', 56594), ('weights', 'b6d7bc55fbcf8dc954b51f47484c1d30cee10e3e63b78f64ff032650034d2cfa', 56594), ('weights', '3aa9e5c3f7406b62b197c828a1bd47b09d57645a89f9a3355d7abb8399cf8213', 56594), ('feedback', 'dd7826b01617a93bb7b4670a85a588b60497a6fab9dd89a21acef8e1a55e5654', 323737), ('feedback', '2947c8915d13f591eaeed896cf2b6a2ffac463c5ad6705c66fca919c220811d0', 255337), ('feedback', 'c7f744ff06c74eecdfe26e723f07706e8e1496a0d2e2cc40728493e3a84bafc2', 238237), ('feedback', 'd80e5c3d990e7e73c24a9c9809c85af4d5783d26e49d26187e50b1344134a456', 238237), ('feedback', 'f12376280be0d3168dcd5b7fdb370bf9587d984b7b57b55a4435dd7f7353d1ee', 239293), ('feedback', '20dbf543276328b1acfa249c194740e4c158ef20c33393a605601b5074d5db15', 218671), ('contrib', '4f671e487fee9e58d3edfba7d7e402776de230e343b6d5fe3601fde4a014f7c5', 75223), ('contrib', '184251d041480a03d12bea2216d6e130bf9ef95cacf0d9416a02429ea96f979d', 58123), ('contrib', 'b21ae63b9368bfb01bbc8e6923da3484f8137c4fda5637c37a1fa138a0ec8695', 58123), ('contrib', '0f1fea4a1aecb13b4bb9792f87eb7124fbb6c83f112128c0eaf6b2286b2c04ce', 58123), ('close', 'ca9f75a45fd4894117ffa279c615c884949c362349f8aea52478ae6f583b8055', 658517)]"
6,13:13:28.640,0.9119,88.17140899039805,"[1650175022814088373, 1650192227111103579, 1649477130710635741, 1650155619364172293, 0, 0]","[90, 90, 91, 88, 89, 89]","[10, 10, 11, 12, 11, 11]","[('0x2adF05454DC6B0494f9CAE2B56235fD4ca55592A', 4109502670198973001, 178144536733190288, 1650175022814088373), ('0xbB52217162539A4D9cb72Db99fD36263798E8619', 4109434229651025138, 178093300482257631, 1650192227111103579), ('0x2273f9acD6D094959D51Fcb23394952c31814946', 4110005864548881538, 177949838979646193, 1649477130710635741), ('0x0c28766BA974a46e294846df83263bc567d811BB', 4109503894071356084, 178126357155657291, 1650155619364172293)]",400000000000000000,"[(6, 306152810369377497), (6, 306161222981373908)]","[249984219670295715, 249912321567535400, 249711006879806518, 249958708882331848]","[[0.0, 1.0, 1.0, 1.0, -1.0, -1.0], [1.0, 0.0, 1.0, 1.0, -1.0, -1.0], [1.0, 1.0, 0.0, 1.0, -1.0, -1.0], [1.0, 1.0, 1.0, 0.0, -1.0, -1.0], [-1.0, -1.0, -1.0, -1.0, 0.0, -1.0], [0.0, 0.0, 0.0, 0.0, 0.0, 0.0]]","[5, 5]","['$user$0, 0.882, good, good, None, 0x2adF05454DC6B0494f9CAE2B56235fD4ca55592A', '$user$1, 0.883, good, good, None, 0xbB52217162539A4D9cb72Db99fD36263798E8619', '$user$2, 0.907, good, good, None, 0x2273f9acD6D094959D51Fcb23394952c31814946', '$user$3, 0.893, good, good, None, 0x0c28766BA974a46e294846df83263bc567d811BB']","[('close', 'ca9f75a45fd4894117ffa279c615c884949c362349f8aea52478ae6f583b8055', 658517), ('slot', '98d7166f030733c161c2695be74f086c192131ba7700e451e14bbb5b1c5daecb', 50814), ('slot', '89e015af3097cc0910c374ae75b99971fbb5c82b3fa17d669969b71f0439fc2f', 50814), ('slot', '95b5c8d8d7106bee8a4959cc2bf209bc0078ade27fb8fbcd8e4cfbb11f358508', 50814), ('slot', '2d35294be41c5269814c586b0a63b2d798674421f73ce344aa32596b7b03bbd0', 50814), ('slot', '813e7c65c01fe80f7bd38cf427c616bf268c15ce632c94e87d3dbaf09d5e5efb', 50802), ('slot', 'c230d4ea3f7f8147ada44ec11b8132dae66467776f0bd9a607e30c672a027ead', 50814), ('weights', 'd1db44aca45813e41a4eacdf8030292532970a4181d626fa63b29771ce80ff17', 73694), ('weights', '7ef54b317b32d389ae4180ee4df839470ec85f97992c104ab81d45ee67582582', 56594), ('weights', '8d18410befc44fcfc3a99b90586d63f706183f43217074020690e1d3087580b2', 56594), ('weights', '9d07b592ae6d8b6b885bfd9ae7c6c3d51b3b297b5b2cdb6752c864662fd7b5ab', 56594), ('weights', '44fd564fb718a4cdc46f5a4268620257583ea6ed09e712347899ab7d18497b6e', 56594), ('weights', '4b8b481ea6c49136756398d15e224306c73285c08b6768c925c871cf1edbbc4c', 56594), ('feedback', 'ff824c8c0fcd744bd3dc981f44251430b050a78d7a6b33a45bdc9e834fc3802f', 323737), ('feedback', '6851b8422f65e163c4f26dccf569ecf7004650518905b18ee2beff81c93c8ebb', 255337), ('feedback', '0fbda24f5a12a63a7221532c7ea05709f62669dc8e7ef6981450f594020785b5', 238237), ('feedback', 'd88baaf8ee925eafcf6fabd3351ec71964171317e130565b1287f6483bfc5b48', 238237), ('feedback', '2b9d8b50b1834f3109ee9b40870f6fa65c3b38adcdef28c86315e1edfc2daf1b', 239293), ('feedback', '55aa87aabd1824961c3d4547b5269ace9ca32e4dd164c1226dd62a6dd974da2f', 218671), ('contrib', 'be6930eed8ddd22c212d38a3a0a977a1e92a8f1cdc4ac4a8f669455cb9598c16', 75223), ('contrib', 'b7248e54906d7357e127a74342e3ca449143fb709231a0d6b9c51428d7e72df9', 58123), ('contrib', 'dd3e77e8ecd5f0e0050ce488c1cffd3f44b58229b365533f8d491b4d402912bd', 58123), ('contrib', '228bd52aa18e6dac383a52de71e7968294826d267db5230e2c1764b862df0077', 58123), ('close', '42a5e276098f62d09a6cbdc6ca3db8ec4550a36438824a0f5791edf4e2d8c1fe', 570903)]"
7,13:15:06.007,0.9246,76.30686371121556,"[1675175753661746581, 1675211927946422574, 1674456893945213480, 1675155424446617350, 0, 0]","[92, 91, 92, 89, 0, 0]","[8, 9, 9, 10, 0, 0]","[('0x2adF05454DC6B0494f9CAE2B56235fD4ca55592A', 4949824977185911613, 25000730847658208, 1675175753661746581), ('0xbB52217162539A4D9cb72Db99fD36263798E8619', 4949807772888896407, 25019700835318995, 1675211927946422574), ('0x2273f9acD6D094959D51Fcb23394952c31814946', 4950522869289364245, 24979763234577739, 1674456893945213480), ('0x0c28766BA974a46e294846df83263bc567d811BB', 4949844380635827693, 24999805082445057, 1675155424446617350)]",300000000000000000,[],"[249898448586463928, 250088065862655639, 249688863754272460, 249889194965362548]","[[0.0, 1.0, 1.0, 1.0, 0.0, 0.0], [1.0, 0.0, 1.0, 1.0, 0.0, 0.0], [1.0, 1.0, 0.0, 1.0, 0.0, 0.0], [1.0, 1.0, 1.0, 0.0, 0.0, 0.0], [0.0, 0.0, 0.0, 0.0, 0.0, 0.0], [0.0, 0.0, 0.0, 0.0, 0.0, 0.0]]",[],"['$user$0, 0.906, good, good, None, 0x2adF05454DC6B0494f9CAE2B56235fD4ca55592A', '$user$1, 0.909, good, good, None, 0xbB52217162539A4D9cb72Db99fD36263798E8619', '$user$2, 0.915, good, good, None, 0x2273f9acD6D094959D51Fcb23394952c31814946', '$user$3, 0.903, good, good, None, 0x0c28766BA974a46e294846df83263bc567d811BB']","[('close', '42a5e276098f62d09a6cbdc6ca3db8ec4550a36438824a0f5791edf4e2d8c1fe', 570903), ('slot', '53718152b25bd41890e4da26007be8c02cef9805ae2e7f39ca175128f6af5c9f', 50814), ('slot', '63a91c009b2d28040f443147c2b5f8d05b6b3fff5b4d5c8ee0beb945b56228b7', 50814), ('slot', '308fc72226c53c3bb1cbb6fcfb78323131858adddadd99a59be349e2ce8a7624', 50814), ('slot', '9bcc88c5ecbcd1f2b9c855a8b4038eb8ed78536a34b268451d6c1a2c1489e031', 50814), ('weights', '235f5f2926d49427187229b73f25eaa579d33145321dff633678a0847e11a8e6', 73694), ('weights', 'd36e4ded954df269028a2e3c98bf2c5b0a38599b89a02a385532df14bef5fbf8', 56594), ('weights', '3bac1b3667b7fa2165a7b5511d64771c1710cd1764442b7c2e8c5e8bc958299c', 56594), ('weights', '1cb969a4d85601c472f1cfb8977e91985ec8c483ea85b2df35d21131e815934e', 56594), ('feedback', 'd12ea1f02e210bc99dbda8f1e44193c8932047ca16edbd5aa5af0448cfb47a37', 217307), ('feedback', '47560628b0c1221b4fd97fe4684201dd94ba37d6bb9ae34f5076bc70b1c145ae', 183107), ('feedback', 'fb801cf265ab6439223ab9858e4e5aeb526741c178ddf73cb6a260bcc6f3cb32', 166007), ('feedback', '0650b54a0c62a99871e8cb8427165416fff3f91498ac2d7677804826e8547df5', 166007), ('contrib', '7ab48bb88056678d5fbab396d2e77dba3ff41baef8656fa0a5a3ec3307219629', 75223), ('contrib', 'cfd49d291db97f2077d65650ff18b351de419da3fe9fa03310da32dc92311622', 58123), ('contrib', 'ec187870c6c3be6b6805a7f06dac1805a646354eb714d1a60fca43beb425e5a0', 58123), ('contrib', '30b129ed651f8ec00fc24adef3d0adb1e352ed58a69eebc0aa0126ce8d837936', 58123), ('close', 'b707c4e8d6c407fea519681b61d2e621356c3c131343de5817b67c9f29e05d03', 410444)]"
8,13:16:48.303,0.9323,67.80087015079334,"[1700181986970734044, 1700233036222722900, 1699432854057044969, 1700152122749498071, 0, 0]","[92, 92, 93, 90, 0, 0]","[7, 8, 8, 9, 0, 0]","[('0x2adF05454DC6B0494f9CAE2B56235fD4ca55592A', 5024824246338253404, 25006233308987463, 1700181986970734044), ('0xbB52217162539A4D9cb72Db99fD36263798E8619', 5024788072053577411, 25021108276300326, 1700233036222722900), ('0x2273f9acD6D094959D51Fcb23394952c31814946', 5025543106054786505, 24975960111831489, 1699432854057044969), ('0x0c28766BA974a46e294846df83263bc567d811BB', 5024844575553382635, 24996698302880721, 1700152122749498071)]",200000000000000000,[],"[249951571226119995, 250100255012512207, 249648973345756530, 249856263399124145]","[[0.0, 1.0, 1.0, 1.0, 0.0, 0.0], [1.0, 0.0, 1.0, 1.0, 0.0, 0.0], [1.0, 1.0, 0.0, 1.0, 0.0, 0.0], [1.0, 1.0, 1.0, 0.0, 0.0, 0.0], [0.0, 0.0, 0.0, 0.0, 0.0, 0.0], [0.0, 0.0, 0.0, 0.0, 0.0, 0.0]]",[],"['$user$0, 0.911, good, good, None, 0x2adF05454DC6B0494f9CAE2B56235fD4ca55592A', '$user$1, 0.917, good, good, None, 0xbB52217162539A4D9cb72Db99fD36263798E8619', '$user$2, 0.926, good, good, None, 0x2273f9acD6D094959D51Fcb23394952c31814946', '$user$3, 0.912, good, good, None, 0x0c28766BA974a46e294846df83263bc567d811BB']","[('close', 'b707c4e8d6c407fea519681b61d2e621356c3c131343de5817b67c9f29e05d03', 410444), ('slot', 'ff5c8a2e580a0314233dfb827eb2218fcb193367d94e1874b28c46cd9dbcbf7c', 50814), ('slot', 'd2afbfe84a9a8d5f36fb72b51092095741d00e7df78856bcb8cf869198aacfe6', 50814), ('slot', '8fd20760ef6d5eb0e3980305010b4b9e600f11aa0c4624123c5094b4ab9c90c3', 50814), ('slot', '2abcee5dbfa19ea2ea00f27f319964c2e55fb8df7f166aada72493b8e0db6231', 50802), ('weights', 'c088cfb0493c82ebeec92009594dc73951d7e8f5f72180f1d4f4c04d78e9a6cc', 73682), ('weights', '1d9dd6de872eef44eee1259cbdc17dc4f503909a297b6e78f5c639d70d762ba4', 56594), ('weights', 'cc5b048459d6694f90ba4d7afed607eecc6408ec805ccf6662604c59dac89b70', 56594), ('weights', '2d9a8a53f3425effce2d0e1caea234f2aef020247d375fb064f47035ef234677', 56594), ('feedback', 'f776d522b16e72e600f674ee02e06d26a07fdef1aa3fc899e3e0a5e4c52d275a', 217307), ('feedback', 'e6089eaaaf64b7b6ba5d8d2f31d78bf62f1b8f322280c9aa7c0692822e513838', 183107), ('feedback', '65fbf4862dd5b283bcd3151a20b2d2068fbe4327b178650e7fe549407dad404c', 166007), ('feedback', '778538cf662da023d55e36e4dbcc8f748eb1177f780972f873727ad0edcac8da', 166007), ('contrib', '0f5e822ffcdebfdec1757f4dd35921af77551fc52ca7f7ef129d1eaf34400fdc', 75223), ('contrib', '8d591e9d8e24cadac6984b8d4110394f625ced673dd0d34d35b3ba7a29685868', 58123), ('contrib', '5c0badb40385f930fda67a09919e34143a0d370754baae578fef7fa85e8771a1', 58123), ('contrib', '7d4919a5dbe0ee9530e1a4f968b9f805eff71f8d9334b33582b36335894f699f', 58123), ('close', 'd1be8151c6ce800cbd6e511d3676645715c722f4d2e7918ce4633fdffae399b6', 410444)]"
9,13:18:29.591,0.9397,60.73628201242536,"[1725181978398753160, 1725246693624439809, 1724416943342440068, 1725154384634366945, 0, 0]","[93, 93, 94, 91, 0, 0]","[7, 7, 7, 8, 0, 0]","[('0x2adF05454DC6B0494f9CAE2B56235fD4ca55592A', 5099818013029265940, 24999991428019116, 1725181978398753160), ('0xbB52217162539A4D9cb72Db99fD36263798E8619', 5099766963777277084, 25013657401716909, 1725246693624439809), ('0x2273f9acD6D094959D51Fcb23394952c31814946', 5100567145942955015, 24984089285395099, 1724416943342440068), ('0x0c28766BA974a46e294846df83263bc567d811BB', 5099847877250501913, 25002261884868874, 1725154384634366945)]",100000000000000000,[],"[249888703227043151, 250025302171707153, 249729752540588378, 249911397695541381]","[[0.0, 1.0, 1.0, 1.0, 0.0, 0.0], [1.0, 0.0, 1.0, 1.0, 0.0, 0.0], [1.0, 1.0, 0.0, 1.0, 0.0, 0.0], [1.0, 1.0, 1.0, 0.0, 0.0, 0.0], [0.0, 0.0, 0.0, 0.0, 0.0, 0.0], [0.0, 0.0, 0.0, 0.0, 0.0, 0.0]]",[],"['$user$0, 0.922, good, good, None, 0x2adF05454DC6B0494f9CAE2B56235fD4ca55592A', '$user$1, 0.932, good, good, None, 0xbB52217162539A4D9cb72Db99fD36263798E8619', '$user$2, 0.939, good, good, None, 0x2273f9acD6D094959D51Fcb23394952c31814946', '$user$3, 0.916, good, good, None, 0x0c28766BA974a46e294846df83263bc567d811BB']","[('close', 'd1be8151c6ce800cbd6e511d3676645715c722f4d2e7918ce4633fdffae399b6', 410444), ('slot', '2a93e2b80c5a609ac3a2e1cd5cac89ab4efc4c78147ca961b58396abb54d6c8a', 50814), ('slot', '6f9fa6707214637fea4cec273500bb86a8dc0464f6f85cb846c3067d9b7f3597', 50814), ('slot', 'f703a7d318e8feb0a5d6974abe8a172c99a9db449960ff16afd390a0b2c0523b', 50814), ('slot', '2685c3a187a44066785a36f4cea6e99e3d03b49afddf237571c0af4813f964e4', 50814), ('weights', 'e13d3e1ec2700c93c132955e50ae4b0c4415760bb35c338b84a269340d8aad1d', 73694), ('weights', 'a89b879fcc6a0d97c7a3bd9529888c25923af095c691e6de5f1319415ba82a5a', 56594), ('weights', 'fb526d348b3294d12f6e67bed3046056303b10e1dd98ba3c3c3be9335163c185', 56594), ('weights', 'dcec2d4d08904333058bf6b0670f63bc3748ff5a3b5f1843e4790db9ce9c09b7', 56582), ('feedback', '1be898161a2f0f64b6cd91361fba774413cf55bba80d1d8af70c28fc60946a68', 217307), ('feedback', '887901020c756809c02280ac1b915224678b5c4e398db1909bbef29633b67bfb', 183107), ('feedback', 'f13918157b0fdcfd0a6e350c45debc28cd8225e4602b4e1ce8227206690c239d', 166007), ('feedback', '2e2e56659503309b41506e79b23ecb136626fe92ea99a63d8b266f02359ff125', 166007), ('contrib', '6cbc4760f642652b584f798426b0c7a61d552c462394febe5a752a8be6e040c9', 75223), ('contrib', '7d6ac8159f0d4c28af806390fde52603d176a5136f0d155bd4d9c1a501b6153f', 58123), ('contrib', '6d087ff143c7cfab34b5c938cb3fef65fc37ab9367b4db486c8eb9a1fa98337b', 58123), ('contrib', '776059ed56f919baf95738ec6b4811de264c93d0191ae2d7b35f9a2eb3ca664c', 58123), ('close', '83133355f01c7ddfca23dd78e4ee08e0b6bc3b536fc36f490d49e6dc711546e0', 410444)]"
10,13:20:02.451,0.946,54.58032280532643,"[1750189333257579973, 1750264415502275775, 1749391965743937212, 1750154285496207021, 0, 0]","[94, 94, 95, 92, 0, 0]","[6, 6, 6, 7, 0, 0]","[('0x2adF05454DC6B0494f9CAE2B56235fD4ca55592A', 5174818021601246822, 25007354858826813, 1750189333257579973), ('0xbB52217162539A4D9cb72Db99fD36263798E8619', 5174753306375560173, 25017721877835966, 1750264415502275775), ('0x2273f9acD6D094959D51Fcb23394952c31814946', 5175583056657559914, 24975022401497144, 1749391965743937212), ('0x0c28766BA974a46e294846df83263bc567d811BB', 5174845615365633037, 24999900861840076, 1750154285496207021)]",0,[],"[249958932399749755, 250062555074691772, 249635756015777587, 249884426593780517]","[[0.0, 1.0, 1.0, 1.0, 0.0, 0.0], [1.0, 0.0, 1.0, 1.0, 0.0, 0.0], [1.0, 1.0, 0.0, 1.0, 0.0, 0.0], [1.0, 1.0, 1.0, 0.0, 0.0, 0.0], [0.0, 0.0, 0.0, 0.0, 0.0, 0.0], [0.0, 0.0, 0.0, 0.0, 0.0, 0.0]]",[],"['$user$0, 0.933, good, good, None, 0x2adF05454DC6B0494f9CAE2B56235fD4ca55592A', '$user$1, 0.938, good, good, None, 0xbB52217162539A4D9cb72Db99fD36263798E8619', '$user$2, 0.945, good, good, None, 0x2273f9acD6D094959D51Fcb23394952c31814946', '$user$3, 0.923, good, good, None, 0x0c28766BA974a46e294846df83263bc567d811BB']","[('close', '83133355f01c7ddfca23dd78e4ee08e0b6bc3b536fc36f490d49e6dc711546e0', 410444), ('slot', '8a3dd0c77fd46658bd423b3a8c914ab8228cb326de92d6bea2eeb408e31fd140', 50814), ('slot', '791a43fcb342e1da47a27c3b51045680868eac497846a3a3ed7fea47b5b9a542', 50814), ('slot', '888b1ae7bf6a7c3b3a67b756b88e199e5706c85448a7ce4d539902b044d8f51e', 50814), ('slot', '7c4c01d8d9c44c10f1b1a36c47a2cc562d416ea2a812f5b1a525a990de9ebce5', 50802), ('weights', '2c27deec485ff745ae44424412f18f4f78ccd0cfe74d42a18a92772f55c11008', 73694), ('weights', '99d4b4e5965ff85d2e83f7ce7690b7720f720e4ac1c59fc891c0b8a7e5e8855b', 56594), ('weights', 'b869fdf40986ebdd7fe2610ecd380bec5496f29c9dfe387cf9c6a3e2bf3ea7b3', 56594), ('weights', '9270b567141dc1fd29f1b76cd20bd07855186f5a849ca4bfd4c2bb3b13834ea1', 56594), ('feedback', '6abb234730ae3ad509bab63a9558f5f6face9044546d0cfa118ba9540117ec0f', 217307), ('feedback', '8e903ae8cd66aab30a85444ee8a50f5d5f9907f6065181484470cd2ff155d1e6', 183107), ('feedback', '3b90e14244c93a42439fba0e3afb1f28188e04ce8342026b4b81e71c60b6f947', 166007), ('feedback', 'a59d69eb8d78ecf7a23dbe54e69d049aeafa088426edeed0f955e9b721a3e379', 166007), ('contrib', 'c81ec9a41f679a9f1f5283144e0c37613d26fd15af499b086874394b3a465015', 75223), ('contrib', 'c749dfefef68edaef9b224bbb4a4af6a72b5737d7aa4ceda8688a64e8343f04b', 58123), ('contrib', 'cea48afc423246ca4bbbce2d3647aa6b5d5abc1b03083f7e409a55c9dbb5f841', 58123), ('contrib', 'd9a615bb09e123bddc78506e483d8be877fbafbf49deb1cce94f187c1ffa1bd2', 58123), ('close', 'ab3e3ca6cfa8a01e660bbf5150b8e24f218591bd8e338d2a0edcd13431ef93e9', 410444)]"
# $gasCosts$[422541, 354141, 337041, 337041, 337053, 337041, 75223, 58123, 58123, 58123, 58123, 58123, 300167, 271741, 231767, 237541, 237553, 231767, 75223, 58123, 58123, 58123, 58123, 58123, 321737, 251337, 236237, 234237, 229293, 210671, 75223, 58123, 58123, 58123, 323737, 255337, 238237, 238237, 239293, 218671, 75223, 58123, 58123, 58123, 323737, 255337, 238237, 238237, 239293, 218671, 75223, 58123, 58123, 58123, 323737, 255337, 238237, 238237, 239293, 218671, 75223, 58123, 58123, 58123, 217307, 183107, 166007, 166007, 75223, 58123, 58123, 58123, 217307, 183107, 166007, 166007, 75223, 58123, 58123, 58123, 217307, 183107, 166007, 166007, 75223, 58123, 58123, 58123, 217307, 183107, 166007, 166007, 75223, 58123, 58123, 58123],[126674, 126674, 126674, 126674, 126674],[50814, 50802, 50814, 50814, 50814, 50814, 50814, 50814, 50814, 50814, 50814, 50814, 50802, 50814, 50802, 50814, 50814, 50814, 50814, 50814, 50814, 50814, 50814, 50814, 50814, 50814, 50814, 50802, 50814, 50814, 50814, 50814, 50814, 50814, 50802, 50814, 50814, 50814, 50814, 50814, 50814, 50814, 50814, 50802, 50814, 50814, 50814, 50814, 50814, 50814, 50814, 50802],[73694, 56594, 56582, 56594, 56594, 56594, 73682, 56582, 56594, 56594, 56582, 56594, 73694, 56594, 56594, 56594, 56594, 56594, 73694, 56594, 56594, 56582, 56582, 56594, 73694, 56594, 56594, 56594, 56594, 56594, 73694, 56594, 56594, 56594, 56594, 56594, 73694, 56594, 56594, 56594, 73682, 56594, 56594, 56594, 73694, 56594, 56594, 56582, 73694, 56594, 56594, 56594],[641584, 611188, 658517, 658517, 658517, 570903, 410444, 410444, 410444, 410444],[],[]
# TOTAL EXPERIMENT TIME: 1317.80 seconds
