# Author reb
# ------Specs--------# cpu_name: AMD64 Family 23 Model 8 Stepping 2, AuthenticAMD (processor model)
# cpu_cores: 6 (physical cores)
# ram_gb: 15.93 (system memory in GB)
# gpu_name: None (graphics processor)
# os_name: Windows (operating system)
# ------Config--------# good_contributors: 4 (honest participants)
# bad_contributors: 1 (malicious participants)
# freeriders: 1 (contribute 0)
# inactive: 0 (never join)
# reward: 1000000000000000000 (total reward pool)
# minimum_rounds: 10 (rounds to simulate)
# min_buy_in: 1000000000000000000 (lower buy-in bound)
# max_buy_in: 1000000000000000000 (upper buy-in bound)
# standard_buy_in: 1000000000000000000 (default buy-in)
# epochs: 1 (local epochs per round)
# batch_size: 32 (training batch size)
# punish_factor: 3 (penalty multiplier)
# first_round_fee: 50 (fee for first round)
# fork: True (True=local fork, False=real net)
# contribution_score_strategy: dotproduct (scoring method)
# use_outlier_detection: False (Whether to use outlier detection)
# freerider_start_round: 5 (When freeriders should start freeriding)
# freerider_noise_scale: 1.0 (How much noise a freeder should add)
round,time,globalAcc,globalLoss,GRS,accAvgPerUser,lossAvgPerUser,rewards,conctractBalanceRewards,punishments,contributionScores,feedbackMatrix,disqualifiedUsers,userStatuses,GasTransactions
# $startingUserConfig$['$user$0, 0, good, good, None, 0x2adF05454DC6B0494f9CAE2B56235fD4ca55592A', '$user$1, 0, good, good, None, 0xbB52217162539A4D9cb72Db99fD36263798E8619', '$user$2, 0, good, good, None, 0x2273f9acD6D094959D51Fcb23394952c31814946', '$user$3, 0, good, good, None, 0x0c28766BA974a46e294846df83263bc567d811BB', '$user$4, 0, good, bad, 3, 0x1d00B04A7dE781069478545953C538aaE557c1b1', '$user$5, 0, good, freerider, 5, 0x7Afd526e0ceFC5F9d988077e8F98e46310986319']
0,14:31:52.964,0,721.5860323905945,"[1000000000000000000, 1000000000000000000, 1000000000000000000, 1000000000000000000, 1000000000000000000, 1000000000000000000]",[],[],[],1000000000000000000,[],[],,[],"['$user$0, 0, good, good, None, 0x2adF05454DC6B0494f9CAE2B56235fD4ca55592A', '$user$1, 0, good, good, None, 0xbB52217162539A4D9cb72Db99fD36263798E8619', '$user$2, 0, good, good, None, 0x2273f9acD6D094959D51Fcb23394952c31814946', '$user$3, 0, good, good, None, 0x0c28766BA974a46e294846df83263bc567d811BB', '$user$4, 0, good, bad, 3, 0x1d00B04A7dE781069478545953C538aaE557c1b1', '$user$5, 0, good, freerider, 5, 0x7Afd526e0ceFC5F9d988077e8F98e46310986319']","[('register', '7e58b1664ace1144f3a9f78c747102f63dcc03111c06c7883982af018350a43e', 126674), ('register', 'a8b0007e9c9011b023581e38121cad40bb8e05d2eaef1526409ea8f7d02d594b', 126674), ('register', '40739635276f717b805430a3c4b5f3725e9bbcab25172952144b428e72deace0', 126674), ('register', '949a0ea859681a3b192e09909b73c0b2bb313820f2f82f74a297528c6565e0d5', 126674), ('register', 'dd1f8f223f0c0c5e78d4be15015c9131894c9f88ceec34a055c086d91d0487d3', 126674)]"
1,14:34:22.647,0.2239,714.7240355014801,"[1153930893818962893, 1153068755970039040, 1153515304670629180, 1153480038199110511, 333333333333333334, 1152671674007925038]","[5, 5, 6, 5, 5, 5]","[74, 74, 74, 74, 74, 74]","[('0x2adF05454DC6B0494f9CAE2B56235fD4ca55592A', 5000000000000000000, 153930893818962893, 1153930893818962893), ('0xbB52217162539A4D9cb72Db99fD36263798E8619', 4000000000000000000, 153068755970039040, 1153068755970039040), ('0x2273f9acD6D094959D51Fcb23394952c31814946', 5000000000000000000, 153515304670629180, 1153515304670629180), ('0x0c28766BA974a46e294846df83263bc567d811BB', 5000000000000000000, 153480038199110511, 1153480038199110511), ('0x7Afd526e0ceFC5F9d988077e8F98e46310986319', 4000000000000000000, 152671674007925038, 1152671674007925038)]",900000000000000000,"[(1, 166666666666666666)]","[200780034065246582, 199655503034591674, 200237959623336791, 200191959738731384, 199137568473815917]","[[0.0, 0.0, 1.0, 1.0, -1.0, 0.0], [1.0, 0.0, 1.0, 1.0, 0.0, 1.0], [1.0, 1.0, 0.0, 1.0, 0.0, 1.0], [1.0, 1.0, 1.0, 0.0, -1.0, 1.0], [1.0, 1.0, 1.0, 1.0, 0.0, 1.0], [1.0, 1.0, 1.0, 1.0, 0.0, 0.0]]",[5],"['$user$0, 0.769, good, good, None, 0x2adF05454DC6B0494f9CAE2B56235fD4ca55592A', '$user$1, 0.658, good, good, None, 0xbB52217162539A4D9cb72Db99fD36263798E8619', '$user$2, 0.728, good, good, None, 0x2273f9acD6D094959D51Fcb23394952c31814946', '$user$3, 0.717, good, good, None, 0x0c28766BA974a46e294846df83263bc567d811BB', '$user$4, 0.588, good, bad, 3, 0x1d00B04A7dE781069478545953C538aaE557c1b1', '$user$5, 0.731, good, freerider, 5, 0x7Afd526e0ceFC5F9d988077e8F98e46310986319']","[('slot', '114967e9a0b85c70714844e3301402b1f8575fb975a58fc15a0490bee4b410f6', 50814), ('slot', '01682669227f8ce67db2a390016d5f451b5ac0b85b76ed8ab88b97d055c2adb1', 50814), ('slot', '2054b4c7a3e57bc7594a3ce90b2717b20c8dabd564ca20c5ad1423ab0d15e3b4', 50814), ('slot', 'c10d85da9c9c0a326a1a0dbbef7593d595e2f0f18d5c1a9b126a72bc7c64cdb2', 50802), ('slot', '646e4d0eb4dd7f65ffd860d3a498664e26edbf676bc3887d25b0d19784d2f4c4', 50814), ('slot', '6cfc384d275307aca2031e7684a5bb968287f3dd6632e27153a447ed2b719151', 50814), ('weights', 'c3dc37f835ac38a7dbd39c76687a8e2e2ab23c2a62904dfab0dc183652a176c7', 73694), ('weights', '349b25019aa20376d8071f08abd6283655b742a764415419b4b4b1067a8e004d', 56582), ('weights', '886995a26c1d291db08aba1e2185f4c15d491eebffd6b28b06487003a0bc5e1c', 56594), ('weights', '4ff30e9b271a4048ea57c058eb315cbb5ded0ebb38503c02537b569cf8be71f6', 56594), ('weights', '193a3a3cd2ca2e9c632a2b240e540a3863098a01bc4bb8ec872f0638210521c2', 56594), ('weights', '071c3e9f9d9a8151fef42e004d6c6448ee0f1475ca48f567f8014fd48dd2a93f', 56594), ('feedback', 'b49b0c6ec5bbb28321b7ca729bb17410bfcd70928cd1b457533ce509cfeaa2c0', 321441), ('feedback', '594a656be80614c9ca6b5f5d6119876f5a8b25bce7f871b64ffc6d34dc384624', 347567), ('feedback', 'ffe407e4f6f4126fdf8a67614790e62a15b1f50589962cdfeb6d024537d30b4c', 330467), ('feedback', '2497f0791d592c34c286ebbaaa97df7b458fec49ce3debd5d305fc895316d399', 317489), ('feedback', '6f7add3e8cad2270c0bbd6295f9edd89b7bb003bbbd31c57b0de1b5ab7f1fc59', 337053), ('feedback', 'da486926e40ddb147d1887493b35615a39c19253104f9ad5a9e01d7508836c9f', 313367), ('contrib', 'e736cf1b0276c87195e7f75fecadf8ecb968cde81d81084c3ed4dc05079d7c60', 75223), ('contrib', '1492999aefbfabf0d9b766dacca8870c9f266b623913f3b92ca17b7c50e898d0', 58123), ('contrib', '9c52830ee6b2c35bf121a9b965397a89cc18bd55ed3c014836fcfe4addcc0e52', 58123), ('contrib', '62d44f3e1799589c9bf52e308c088a4c6f398ec892dd42025f963ade0d8b1583', 58123), ('contrib', '2294623925bc4f19b5a9c640391b41b62c402784a697b105291e176c2e238dde', 58123), ('close', 'd867ab67e129fda84f94d672cb3bb6fffe3327506f2d5e853ca427d9c0976af0', 671006)]"
2,14:37:16.532,0.6543,517.7226479053497,"[1170591807462104642, 1169737456915364456, 1170185232443997697, 1170160151775660690, 349990222145713999, 1169335129257158508]","[21, 20, 23, 21, 22, 24]","[73, 73, 73, 73, 73, 73]","[('0x2adF05454DC6B0494f9CAE2B56235fD4ca55592A', 4946069106181037103, 16660913643141749, 1170591807462104642), ('0xbB52217162539A4D9cb72Db99fD36263798E8619', 4946931244029960956, 16668700945325416, 1169737456915364456), ('0x2273f9acD6D094959D51Fcb23394952c31814946', 4946484695329370816, 16669927773368517, 1170185232443997697), ('0x0c28766BA974a46e294846df83263bc567d811BB', 4946519961800889485, 16680113576550179, 1170160151775660690), ('0x1d00B04A7dE781069478545953C538aaE557c1b1', 4613151361996037482, 16656888812380665, 349990222145713999), ('0x7Afd526e0ceFC5F9d988077e8F98e46310986319', 4947328325992074958, 16663455249233470, 1169335129257158508)]",800000000000000000,[],"[166546329855918884, 166624173521995544, 166636437177658081, 166738256812095642, 166506096720695495, 166571736335754394]","[[0.0, 1.0, 1.0, 1.0, 1.0, 1.0], [1.0, 0.0, 1.0, 1.0, 1.0, 1.0], [1.0, 1.0, 0.0, 1.0, 0.0, 1.0], [1.0, 1.0, 1.0, 0.0, 1.0, 1.0], [1.0, 1.0, 1.0, 1.0, 0.0, 1.0], [1.0, 1.0, 1.0, 1.0, 1.0, 0.0]]",[],"['$user$0, 0.63, good, good, None, 0x2adF05454DC6B0494f9CAE2B56235fD4ca55592A', '$user$1, 0.576, good, good, None, 0xbB52217162539A4D9cb72Db99fD36263798E8619', '$user$2, 0.661, good, good, None, 0x2273f9acD6D094959D51Fcb23394952c31814946', '$user$3, 0.588, good, good, None, 0x0c28766BA974a46e294846df83263bc567d811BB', '$user$4, 0.585, good, bad, 3, 0x1d00B04A7dE781069478545953C538aaE557c1b1', '$user$5, 0.696, good, freerider, 5, 0x7Afd526e0ceFC5F9d988077e8F98e46310986319']","[('close', 'd867ab67e129fda84f94d672cb3bb6fffe3327506f2d5e853ca427d9c0976af0', 671006), ('slot', '3631ad6713ed80140a198670a243d7540ee8d58c7b55af174ba2d1ded15fa1d0', 50814), ('slot', '5b834c62f121149cbc3b19e84394a9bfb720441c3e507f878693a63a4f5d81a9', 50814), ('slot', 'e164295723132f3036a1df66083a1fe1a2909c9f793e243036964f9158c263f6', 50802), ('slot', 'b53d4218158c15dcddd510fec99c0ea1184ed9d4baca54f966c2794dc5e030a3', 50814), ('slot', '71a1e16d26cbcba5ac4265ad481928dc4fce5c4686b74dc851bf1abba43860c5', 50814), ('slot', 'dfe7202f1301dcb60f7e5ad0342304b89514ab2a357a9b64baed299db08282f4', 50814), ('weights', 'd7888fc2ee02504d5d20b7661658400bc9c9026b7c66dc770534955d0a8daa59', 73694), ('weights', '1a691017a7d56ac4185ff3f68d375358f249c69a8b691cb4c4b7f8cbb5871109', 56594), ('weights', 'ed97825530dd593604c7777dbcaf3b6903bd80a2454eaee9244c0c5a269bce05', 56594), ('weights', '818aa8373e72fce8bd861cfe36ecdfdd136481f1f1c133dd1dfc5495d837990f', 56594), ('weights', 'aaecb39ab06e70a05f701cadbccfd2e7bca81eb6aee36f0b76542a14c5adf13e', 56594), ('weights', 'c36bf1a41c9396492b78ed7a47d8eeaae753a86cc648ef7a8d0b7d3b93c88f0e', 56594), ('feedback', '3a5b9ee241d2d514dbb254f510aa84d42ca22ecc92679f45d6131f148ebcff58', 382741), ('feedback', '731efbfa929b99caa5f85f462056f7cd0a4a678fd4d13ec649a2ead454e20d85', 274541), ('feedback', '4cf3e7ef61a6731d4821f0555905b6b864bddcc9e297aa730f8c87a86f319e8e', 233767), ('feedback', '821e30ea2ddeb3dd2842b39a74201912bade6badee24af859b115bb11f7b7c9d', 257441), ('feedback', '06b7c650966dc4df8250cca9b1fe99a94d5cd887430e68340711ddec858484f5', 237553), ('feedback', '949699376592d455e2fd8d05dfe9da31c3adcc3de579d431913d100279466a57', 257441), ('contrib', 'f3d187fdf6374b5f725e520d731e9f8f2dda6388099056d76f9ae1448e60cb7f', 75223), ('contrib', 'cea2ad522d96ac8b78a68991e831dca374c58f14d4b1b712c4428d67f2de6556', 58123), ('contrib', '55092b46d48ea9057b6ffd1a7f9c28f40ee851d4c6e523e658ad9723d784b082', 58123), ('contrib', '5cf580523f8a141682664f1fbd33142dfe56a79bd4ffb2302d6c19e2142f8614', 58123), ('contrib', '288ed25fcf57362a709231e04185bad3aad7796e8b94b67c1ccf5ba699401e83', 58123), ('contrib', '882b97dbabe4fe16ec56f390b378a0d4f8c413bc45e4bd4113800e9e23c3b9f5', 58123), ('close', '01191392b90fad4ddbd568837c10bd777332eaad4224e35138b96647a7c78440', 611188)]"
3,14:39:45.790,0.8352,177.51845145225525,"[1213919335584067385, 1213072358506954127, 1213494664398496717, 1213514402669280553, 233326814763809333, 1212672424077391874]","[64, 64, 65, 63, 66, 68]","[53, 53, 53, 54, 53, 52]","[('0x2adF05454DC6B0494f9CAE2B56235fD4ca55592A', 4329427748246467352, 43327528121962743, 1213919335584067385), ('0xbB52217162539A4D9cb72Db99fD36263798E8619', 4330282098793207538, 43334901591589671, 1213072358506954127), ('0x2273f9acD6D094959D51Fcb23394952c31814946', 4329834323264574297, 43309431954499020, 1213494664398496717), ('0x0c28766BA974a46e294846df83263bc567d811BB', 4329859403932911304, 43354250893619863, 1213514402669280553), ('0x7Afd526e0ceFC5F9d988077e8F98e46310986319', 4330684426451413486, 43337294820233366, 1212672424077391874)]",700000000000000000,"[(3, 116663407381904666)]","[199902415275573730, 199936434626579284, 199818924069404602, 200025707483291625, 199947476387023925]","[[0.0, 1.0, 1.0, 1.0, -1.0, 1.0], [1.0, 0.0, 1.0, 1.0, -1.0, 1.0], [1.0, 1.0, 0.0, 1.0, -1.0, 1.0], [1.0, 1.0, 1.0, 0.0, -1.0, 1.0], [-1.0, -1.0, -1.0, -1.0, 0.0, -1.0], [1.0, 1.0, 1.0, 1.0, -1.0, 0.0]]",[5],"['$user$0, 0.803, good, good, None, 0x2adF05454DC6B0494f9CAE2B56235fD4ca55592A', '$user$1, 0.818, good, good, None, 0xbB52217162539A4D9cb72Db99fD36263798E8619', '$user$2, 0.814, good, good, None, 0x2273f9acD6D094959D51Fcb23394952c31814946', '$user$3, 0.78, good, good, None, 0x0c28766BA974a46e294846df83263bc567d811BB', '$user$4, 0.585, bad, bad, 3, 0x1d00B04A7dE781069478545953C538aaE557c1b1', '$user$5, 0.807, good, freerider, 5, 0x7Afd526e0ceFC5F9d988077e8F98e46310986319']","[('close', '01191392b90fad4ddbd568837c10bd777332eaad4224e35138b96647a7c78440', 611188), ('slot', '4ae988047145ff12de6da78fbe5c01a5689640b05fa2103b6e532d248d10c47c', 50814), ('slot', '6da5af0df12fcae99e2f3d4f12b63dbe0737e643a427c445a9934f6046a964eb', 50814), ('slot', 'd60d4d813d788cb9e8e47df89cd923ba5d4ececdc8195f3167db28fc1134959c', 50802), ('slot', '4902f7f527476c57c80aa9f3c84dac4165f401b8bfa51aadb756a9edb432c620', 50814), ('slot', '6838dc9aedc253fe844d500cf929129e2b87b7aaac9d06c6e5377ecbbe25169b', 50814), ('slot', 'ef9baae78aca5a42874810af26a1f2723abec0ad230541048781edfe5739c141', 50814), ('weights', '3d9ed3952751dc818c45c2439643260742fdb7291c37be2dcee648a1c0f79367', 73694), ('weights', '0d23425c6d35b1d90dac9f38090cf0301c25077697de1e61394c5eed6d1e8341', 56594), ('weights', '8e3c7533619c29c8a1ed925ff411bbf0021c064fc5a660f7b32c8ad503df59a6', 56594), ('weights', '96533b8f18dd291715b084e4572c73d53c377e45ed5f89b54a144af194b7c6f4', 56594), ('weights', '9fc05dfce2a86880915afce0aae6dd058f9218e03b99c484e5090ef5e84b647e', 56582), ('weights', 'f3434ce425c42b2dc73f9a64eceaab4d77ce46a4356336cff58b86def688dd41', 56594), ('feedback', 'c0ed244f4db6c91c0c7c13bfd7f2a1a1e9f2cb86870a3d55f9d7f124bd622eea', 321389), ('feedback', '8fc8001e71f3e514d841eb026b2cd09a5f7d10a787856ec8a66d077be7803ccf', 252989), ('feedback', 'd9fef034e0aa5ff10900d573b7c509a7ca934b0345024e9b74cce3beba883f3b', 237889), ('feedback', '33fed0d00b96201c62833a1c66bac79785c646b457802320b023e24f2c933650', 235889), ('feedback', '964c5a1ec7e60c588e2c84dfd34ec5802be4ed2f55b98f181bea775deac58e3c', 229293), ('feedback', '0d7dbae05bc078f90eb5d27a100f243a1e07d3157273ff1f247a85d0053750c5', 235889), ('contrib', 'ff6a2929f0bf2345977ce46f9b095fe90d4748c969a49e5b66c8a5a4b18030fb', 75223), ('contrib', 'f7275be3a69a471be13f9000430e5e91cb63b60221f46a97cd34f22e8d4858e2', 58123), ('contrib', 'ae041c6e04e68e4d813d37b7893de2bf9c688259d48c69c992273dbba9c55834', 58123), ('contrib', '85ff299f205b560b91629f4eff6881d02b4aeeff006744cb20e115f0572c25ed', 58123), ('contrib', 'db80728616061c7d0aad708a64f60dacce2dd2c4df3984f4ba4314a9ac8d1e59', 58123), ('close', '7657d700d2faac1ab8ef02c8e2fc53c1fd23d4debd4c0e997c8a946f4be3b46a', 643643)]"
4,14:42:13.955,0.8806,127.66042636707425,"[1280594653029845009, 1279773126144019918, 1280118733645729602, 1280199260210191579, 1279314226970213878, 0]","[82, 84, 83, 82, 84, 85]","[17, 18, 19, 20, 17, 18]","[('0x2adF05454DC6B0494f9CAE2B56235fD4ca55592A', 4619427034888313938, 66675317445777624, 1280594653029845009), ('0xbB52217162539A4D9cb72Db99fD36263798E8619', 4620274011965427196, 66700767637065791, 1279773126144019918), ('0x2273f9acD6D094959D51Fcb23394952c31814946', 4619851706073884606, 66624069247232885, 1280118733645729602), ('0x0c28766BA974a46e294846df83263bc567d811BB', 4619831967803100770, 66684857540911026, 1280199260210191579), ('0x7Afd526e0ceFC5F9d988077e8F98e46310986319', 4620673946394989449, 66641802892822004, 1279314226970213878)]",600000000000000000,"[(4, 233326814763809333)]","[199955672025680541, 200031995773315429, 199801981449127197, 199984282255172729, 199855163693428039]","[[0.0, 1.0, 1.0, 1.0, -1.0, 1.0], [1.0, 0.0, 1.0, 1.0, -1.0, 1.0], [1.0, 1.0, 0.0, 1.0, -1.0, 1.0], [1.0, 1.0, 1.0, 0.0, -1.0, 1.0], [-1.0, -1.0, -1.0, -1.0, 0.0, -1.0], [1.0, 1.0, 1.0, 1.0, -1.0, 0.0]]",[5],"['$user$0, 0.835, good, good, None, 0x2adF05454DC6B0494f9CAE2B56235fD4ca55592A', '$user$1, 0.864, good, good, None, 0xbB52217162539A4D9cb72Db99fD36263798E8619', '$user$2, 0.843, good, good, None, 0x2273f9acD6D094959D51Fcb23394952c31814946', '$user$3, 0.85, good, good, None, 0x0c28766BA974a46e294846df83263bc567d811BB', '$user$5, 0.867, good, freerider, 5, 0x7Afd526e0ceFC5F9d988077e8F98e46310986319']","[('close', '7657d700d2faac1ab8ef02c8e2fc53c1fd23d4debd4c0e997c8a946f4be3b46a', 643643), ('slot', '5015a8c38deb851407e91c2a15ed414d730b3cc31cbbf487dd556c888d9cab7a', 50814), ('slot', '9c3c907304d321bf958b07149e82cb8beb0e4a0b5c9cacdf58a5c7a39dbb1316', 50814), ('slot', '2af3eaf0774b074020c7f23674cc1bbdbd1ac0e32f4ed27603d03b42f1a874ce', 50814), ('slot', '806b0a153b6ffb93376cc43d14d745cc62c50bb0df3516862b140308b4f67586', 50814), ('slot', 'ca11263063f79ef356db69fea92807cb1c7ebb6e5551b16e384111be06873abe', 50814), ('slot', 'ab83a11e60b7e8e099d3a1a7768c1e5c9af4a3c36ece5bf6e06f1b053bee7027', 50814), ('weights', '95776ef85c6d2ce05551688349980ea5c8f1a0e447b71b2e88365c2f9712db04', 73694), ('weights', '50e66b6fc458d903b8c4900d8eeedd2fbe62c2d927704ea9b6fa6bfcd0112a3f', 56594), ('weights', '38676ba080b4ebec2fd853d1a8d0d2e964ce21974d10081a59e31de5f9c2f2f1', 56594), ('weights', '5390ed5a0911f2374af6bc2744b974f6a66035f243a5d464e7506cbf29b67da5', 56582), ('weights', '294ffe422a4bb108d16ad8d3029cc39dc256db58eaa9bafe8a720923f740ac6a', 56594), ('weights', '3e3fa82c339041ecc59151ec44555ddcb84dfad424effd83aa96094990abdbd9', 56594), ('feedback', '81fd5efaa66170931ec79aa0b6c514c41289881190529911720c55782e9c8342', 323389), ('feedback', '6e380685258c886802c0ac040a0c9c11006bfa8034d8ee167d60d519c81d44dc', 254989), ('feedback', 'b2b22e3ab47ed7dd2c86837602a25d91986f843bd16b775dd32fa9fb614efe06', 237889), ('feedback', '3a5efa5c7b8f109b160a1ed8c8d79ef3b8d9318e042a2c3a3705f1e048e2f1df', 237889), ('feedback', '24ce9078a0c5461928409f8417a7869c6b1b5db7dff571c542609e90aca85b68', 239293), ('feedback', 'b024dbeda3c65709d20ff14eb424906a1994da0eedebdaae44a247231f473531', 237889), ('contrib', 'eed74f88327eb90d150b485b761bcfada89c0f22c053aee42af46d2d077bd8c3', 75223), ('contrib', 'f3cf5affcc48c484c2b4214b412fe8973c17aa5f85f7be405972d2ab80e44d32', 58123), ('contrib', 'feb8bccaf646854bed8291de42a2a71e628f939b1512c501ae2714020fb9406e', 58123), ('contrib', '1b406dfe58227f7abbc0f71470dd5583b8213c86eaa0c1ffc55405ac58f1445b', 58123), ('contrib', '50a75e4eeb0837ed7280d2603c282a6f6e39393c2ea64d46ae9e856db1d1fd7e', 58123), ('close', '716d21c402ead3f1d4f1084de63e4d38902263c284b6915cd4f3d4d425e7f1b8', 606023)]"
5,14:43:52.052,0.9015,103.19229624979198,"[1412204872374421862, 1411458984123012520, 1411661523321609618, 1411798468867480064, 852876151313475919, 0]","[88, 89, 88, 86, 0, 88]","[12, 12, 13, 15, 0, 13]","[('0x2adF05454DC6B0494f9CAE2B56235fD4ca55592A', 3840091119999941099, 131610219344576853, 1412204872374421862), ('0xbB52217162539A4D9cb72Db99fD36263798E8619', 3840912646885766190, 131685857978992602, 1411458984123012520), ('0x2273f9acD6D094959D51Fcb23394952c31814946', 3840567039384056506, 131542789675880016, 1411661523321609618), ('0x0c28766BA974a46e294846df83263bc567d811BB', 3840486512819594529, 131599208657288485, 1411798468867480064)]",500000000000000000,"[(5, 426438075656737959)]","[249892354011535644, 250035971403121948, 249764323234558105, 249871447682380676]","[[0.0, 1.0, 1.0, 1.0, 0.0, -1.0], [1.0, 0.0, 1.0, 1.0, 0.0, -1.0], [1.0, 1.0, 0.0, 1.0, 0.0, -1.0], [1.0, 1.0, 1.0, 0.0, 0.0, -1.0], [0.0, 0.0, 0.0, 0.0, 0.0, 0.0], [0.0, 0.0, 0.0, 0.0, 0.0, 0.0]]",[5],"['$user$0, 0.86, good, good, None, 0x2adF05454DC6B0494f9CAE2B56235fD4ca55592A', '$user$1, 0.89, good, good, None, 0xbB52217162539A4D9cb72Db99fD36263798E8619', '$user$2, 0.89, good, good, None, 0x2273f9acD6D094959D51Fcb23394952c31814946', '$user$3, 0.88, good, good, None, 0x0c28766BA974a46e294846df83263bc567d811BB', '$user$5, 0.867, freerider, freerider, 5, 0x7Afd526e0ceFC5F9d988077e8F98e46310986319']","[('close', '716d21c402ead3f1d4f1084de63e4d38902263c284b6915cd4f3d4d425e7f1b8', 606023), ('slot', '5d2b1fde84de50d30d4f59bc2a977c5bf77dbdf8b5abeb81375d79babf9530d2', 50814), ('slot', 'fc257a798a80639d0f93d9ae5bec8a7675cf533bea06f0047ea37b63901c4fe8', 50814), ('slot', '0c9812b4a45559330a6032f08c364433f3f7837a1085b670d2e527bf3eeada41', 50814), ('slot', '2679b97e1cd6f0b6385125f5d52fafe74a7feeb3991278d716b459eacc3cf925', 50814), ('slot', '075e1dd9ad65bee073abd7a6b094a25ec6a015b309b0bd736e40277f38ec6529', 50814), ('weights', '89741a07187e68be6eb940d7789bfceb5396e7e37823c25a101ccd2ae58b1f1a', 73694), ('weights', 'fddfc553f7d892a5f3a0d8338f3dfa9f98f087d201ff0eda65f1952eed96887d', 56594), ('weights', '3947969351281c682edb5717c66d0e4d6b791c234f8c4a1e4c714f933d32a351', 56594), ('weights', '6bc0366727c512d04a9557f4659602ae75c2519862db9dc6121588397f125581', 56570), ('weights', 'b02356b73b7a703562b8ba1e366b0d88cc17dc854d59da46719d45139c4e72d4', 56594), ('feedback', '886125c0c2968f98e92a89ac82a8afbc000d3435230b762d6f969deea162f425', 268522), ('feedback', 'b2df09897d88eec2bc6c7b73b8c3685c1764b19f106365bcca794430c58bb09e', 217222), ('feedback', 'c2ec8482f2b75b43cdc6f2ff45748c6db1187396d9a2d1cf49de6f84372216c8', 200122), ('feedback', 'ae561e531dc8f7e2b382115ea01c14880210be90b08f91664e96a6009ac5a2a6', 200122), ('feedback', '4db710fbd16bca444b58c85543900817d5505f717f9846504d15f8845765a3b8', 178678), ('contrib', '74ece25ab5aeba8945cd1e56bbb59645aac61b8ced1d5b0c947b79f0ed3114ff', 75223), ('contrib', '2c97f42dbe99a746f3992e24029fd84812df7d0329636add5e51346f44050e6c', 58123), ('contrib', '772db04cad950c1ea4564406db5831b9e4b276c8058d14d930217225119cf492', 58123), ('contrib', '402e642690707dda0cf0fd387b3fc496f63881f7bd255498727a347d7065e325', 58123), ('close', '997d1a85ba2e0195c5c007d15db8ef816c1fde9254cca748851a681e8ad4afd9', 543324)]"
6,14:45:34.137,0.9133,88.16115639545023,"[1508296068322964178, 1507564714139374986, 1507682225890362045, 1507872890771648159, 568584100875650613, 0]","[90, 90, 91, 88, 0, 89]","[10, 10, 11, 12, 0, 11]","[('0x2adF05454DC6B0494f9CAE2B56235fD4ca55592A', 4234918976312102202, 96091195948542316, 1508296068322964178), ('0xbB52217162539A4D9cb72Db99fD36263798E8619', 4235664864563511544, 96105730016362466, 1507564714139374986), ('0x2273f9acD6D094959D51Fcb23394952c31814946', 4235462325364914446, 96020702568752427, 1507682225890362045), ('0x0c28766BA974a46e294846df83263bc567d811BB', 4235325379819044000, 96074421904168095, 1507872890771648159)]",400000000000000000,"[(6, 284292050437825306)]","[249940708279609680, 249978512525558471, 249757349491119384, 249897077679634094]","[[0.0, 1.0, 1.0, 1.0, 0.0, -1.0], [1.0, 0.0, 1.0, 1.0, 0.0, -1.0], [1.0, 1.0, 0.0, 1.0, 0.0, -1.0], [1.0, 1.0, 1.0, 0.0, 0.0, -1.0], [0.0, 0.0, 0.0, 0.0, 0.0, 0.0], [0.0, 0.0, 0.0, 0.0, 0.0, 0.0]]",[5],"['$user$0, 0.897, good, good, None, 0x2adF05454DC6B0494f9CAE2B56235fD4ca55592A', '$user$1, 0.889, good, good, None, 0xbB52217162539A4D9cb72Db99fD36263798E8619', '$user$2, 0.909, good, good, None, 0x2273f9acD6D094959D51Fcb23394952c31814946', '$user$3, 0.881, good, good, None, 0x0c28766BA974a46e294846df83263bc567d811BB', '$user$5, 0.867, freerider, freerider, 5, 0x7Afd526e0ceFC5F9d988077e8F98e46310986319']","[('close', '997d1a85ba2e0195c5c007d15db8ef816c1fde9254cca748851a681e8ad4afd9', 543324), ('slot', '634bc298d1b7313f84d44929eef309ac36256d0293b464037fcac021554ce725', 50814), ('slot', '8cdeef40ddacd491b73c2fea590b8b7346f38b292c0b435a94f2c9bd5228576c', 50814), ('slot', '9d0a5108cf47b2c975900b46469fde6b5d9f587ccadaba363c4be884bbd81ea6', 50814), ('slot', '92653d42aa7294132397a80ab09bef4f49700d85462b85f16bb940a5e77b3c75', 50814), ('slot', '9f5e63dfa2ba488ba2ee970c9fa79c58155cdc27112a9c057d1c9b1e6adc2249', 50814), ('weights', 'fe1c8bd05db1d383660624c8521da28134c830a1cbec595842a5cba6eb56ca49', 73694), ('weights', '910403b9bb51200b6bcc9fddb2e51a0f2d1fa1d6dc8e1086a74e21044b39aa22', 56594), ('weights', '865f9f4a7b8ffedcb216a8635f709c1370b917fe75f36bfd64cb1e842d30f53d', 56594), ('weights', 'c8770dad2563309dd56d5789f32a57aafb87a0f7bfdde57a487728094c5d9e64', 56594), ('weights', '62acd6ff7bed69ebf900fa1bdaf3aab9de6b20708fcb8e7e58dbd8d6b7de7c09', 56594), ('feedback', '87eed987a7445c2c8e8fd0507d2a9836841c66f81b3dec3a08303ffd722deeb1', 270522), ('feedback', '9bf7f95439825b17830c780a83b945ac340a2e372a48f63e3ff53999883e49e1', 219222), ('feedback', 'a1fe50f9e8041a75b43173597823ddbccd1650d4db9aee7d00d37ff855b657fb', 202122), ('feedback', '30397a6da014fecb7ef01083deee1c46ea34f9bfb6315220713a958a7a21554b', 202122), ('feedback', '369301796fd80a8ccd0c1cfd7fd03a4e84bb65bf0b51d0a19798a281081b8181', 186678), ('contrib', '2c73353fa67da272868c93dd86c1224a63c076bd3d9014e9a9a331d94a22d1b2', 75223), ('contrib', 'aac201ad8ab0c34529fb8fc402513c70ae6afbb4c75eea90c22af911dd632740', 58123), ('contrib', '416e844ef7eb649606dde8ab5a1081f6b2562241dbf27f8becbc31f929f7ac75', 58123), ('contrib', '03772bb777d2efeb3a2432ea768a8c8df1f91c83f1635bc78142ee9f0a857fdc', 58123), ('close', '12aaf495ec4dbf7f4bb946da49ee8a45632322bc5facb311278fb3ad48a805c1', 543324)]"
7,14:47:21.804,0.9262,76.42841463163495,"[1580678219163102216, 1579971562143062180, 1580037698441807785, 1580256453001594057, 379056067250433742, 0]","[91, 91, 92, 89, 0, 90]","[8, 9, 9, 11, 0, 9]","[('0x2adF05454DC6B0494f9CAE2B56235fD4ca55592A', 4523119830801385190, 72382150840138038, 1580678219163102216), ('0xbB52217162539A4D9cb72Db99fD36263798E8619', 4523851184984974382, 72406848003687194, 1579971562143062180), ('0x2273f9acD6D094959D51Fcb23394952c31814946', 4523733673233987323, 72355472551445740, 1580037698441807785), ('0x0c28766BA974a46e294846df83263bc567d811BB', 4523543008352701209, 72383562229945898, 1580256453001594057)]",300000000000000000,"[(7, 189528033625216871)]","[249892011284828186, 249977275729179382, 249799907207489013, 249896883964538574]","[[0.0, 1.0, 1.0, 1.0, 0.0, -1.0], [1.0, 0.0, 1.0, 1.0, 0.0, -1.0], [1.0, 1.0, 0.0, 1.0, 0.0, -1.0], [1.0, 1.0, 1.0, 0.0, 0.0, -1.0], [0.0, 0.0, 0.0, 0.0, 0.0, 0.0], [0.0, 0.0, 0.0, 0.0, 0.0, 0.0]]",[5],"['$user$0, 0.903, good, good, None, 0x2adF05454DC6B0494f9CAE2B56235fD4ca55592A', '$user$1, 0.909, good, good, None, 0xbB52217162539A4D9cb72Db99fD36263798E8619', '$user$2, 0.916, good, good, None, 0x2273f9acD6D094959D51Fcb23394952c31814946', '$user$3, 0.903, good, good, None, 0x0c28766BA974a46e294846df83263bc567d811BB', '$user$5, 0.867, freerider, freerider, 5, 0x7Afd526e0ceFC5F9d988077e8F98e46310986319']","[('close', '12aaf495ec4dbf7f4bb946da49ee8a45632322bc5facb311278fb3ad48a805c1', 543324), ('slot', 'eb5e36bf84b09b079a5dbb36deb05db03cd7fe8a12ab811d15be3f7e4de2d5f4', 50814), ('slot', '2785751ae372ea96cad2021be01bc054aeb292ec8723425f474607ab5b0665e9', 50814), ('slot', 'b5d6ecd9b275b770c097366dac1a7448c48791c497db87c7a404089a45883ae9', 50814), ('slot', '95fc7781b34884c88c797f6cda93248991739bb28b6288713fe8c043ea59bb30', 50814), ('slot', 'eb8c3948e686a8569fe60389b97eea280b9f8252e66444427b68c12631cac169', 50814), ('weights', 'e1a911da1054ea2009222df9503b34f49c26d4d83a79ed7ee6d66a2250efacc4', 73694), ('weights', 'bd9164aff4a68353c211010b01786ca30b637403cb357b087d6c45cf2f7e071e', 56582), ('weights', 'cc6ccadc785f8678b05faaebb510ee659278164d2dc247c17038bb1a7670f35d', 56594), ('weights', '0f46ed8787d5ad57cfcd770ee3506cdd45ab2ae2457404410630e8f363faabe0', 56594), ('weights', '2188bc16c763e202a41fbaf6baa626b141e17bec74279d671f3551e908a8819b', 56594), ('feedback', 'eaa6cd4738c3933907ea4196052aae32ff5527fa8b6d8bc1e2e0af6a1351319c', 270522), ('feedback', '40f5eed03a7ee34a8f8288a8e515291134be875d7fc404ac581e5cc444d21cc7', 219222), ('feedback', 'bee3614fc18eaba93f6f7b3be02f4e01c5a40bdb80b1b82c9effe11d778e8a97', 202122), ('feedback', '832731e275a5945e08429f7e3c9644c6dd6d86b2846088f0f964d940a521da24', 202122), ('feedback', 'd46d324f40b0f3746110a79c392ad90b4bd33e3c5588642baff33697d732628d', 186678), ('contrib', 'd8d8cdda4fb2416a5c93745e238fd1ecc158f31824d5358380cd22a62f8681bf', 75223), ('contrib', 'bd60a8079790f72c4b585d9bbdda7a1eef3d655a558b50064ce9c1e296a0df15', 58123), ('contrib', '1fc814e6ef0e7efcee8b221cdc97f78875dd600384ba60e4c7ff811b94f66116', 58123), ('contrib', '0051930fac73af60f60f78f522adab0766680acb3e0c3a0245a7c9dc6916b10d', 58123), ('close', 'b4cccd5b0cb967b39673b86edb4eeb1b97d2b95d90be6e415a72be2577220008', 543324)]"
8,14:49:08.540,0.9334,67.25945304939523,"[1637278634867388220, 1636571188244080026, 1636602406531633768, 1636843725523275470, 252704044833622495, 0]","[93, 92, 94, 90, 0, 92]","[7, 8, 8, 9, 0, 9]","[('0x2adF05454DC6B0494f9CAE2B56235fD4ca55592A', 4740265713586464022, 56600415704286004, 1637278634867388220), ('0xbB52217162539A4D9cb72Db99fD36263798E8619', 4740972370606504058, 56599626101017846, 1636571188244080026), ('0x2273f9acD6D094959D51Fcb23394952c31814946', 4740906234307758453, 56564708089825983, 1636602406531633768), ('0x0c28766BA974a46e294846df83263bc567d811BB', 4740687479747972181, 56587272521681413, 1636843725523275470)]",200000000000000000,"[(8, 126352022416811247)]","[249946266412734985, 249942779541015625, 249788582324981689, 249888226389884948]","[[0.0, 1.0, 1.0, 1.0, 0.0, -1.0], [1.0, 0.0, 1.0, 1.0, 0.0, -1.0], [1.0, 1.0, 0.0, 1.0, 0.0, -1.0], [1.0, 1.0, 1.0, 0.0, 0.0, -1.0], [0.0, 0.0, 0.0, 0.0, 0.0, 0.0], [0.0, 0.0, 0.0, 0.0, 0.0, 0.0]]",[5],"['$user$0, 0.911, good, good, None, 0x2adF05454DC6B0494f9CAE2B56235fD4ca55592A', '$user$1, 0.923, good, good, None, 0xbB52217162539A4D9cb72Db99fD36263798E8619', '$user$2, 0.931, good, good, None, 0x2273f9acD6D094959D51Fcb23394952c31814946', '$user$3, 0.91, good, good, None, 0x0c28766BA974a46e294846df83263bc567d811BB', '$user$5, 0.867, freerider, freerider, 5, 0x7Afd526e0ceFC5F9d988077e8F98e46310986319']","[('close', 'b4cccd5b0cb967b39673b86edb4eeb1b97d2b95d90be6e415a72be2577220008', 543324), ('slot', '86660b1feef7b25b597dd5d0606360a66d57043b93ad7e6d0d8e399a04c28263', 50814), ('slot', '39568cac4a1d95c463826cc6e45fcbdbe4b208cea91690ad3df1beacd7caa88a', 50802), ('slot', 'b24a668980805d8a10a06658285ff02546efed7c47a98a5eb7c66da5b4ebb1d6', 50814), ('slot', '326b3f70cb55425ffb1789dbeaf585913b730c5693fb28c2b748ef134aea728c', 50814), ('slot', '4dfee2b0caa5cf7434be27752330762df31a63e7e2ae788c789085659f0875c4', 50814), ('weights', '0ec33de27b7e444ae7fe22d7fe6ce65916c9319a5a43db109962e76abcafca90', 73694), ('weights', '313a5dcb118bd50c28e200ee8b5b71ce0d30dba7e28a7d2be4acb6cea2cb06a0', 56582), ('weights', '36f2c4eb20c6af226bf4e6ac4cfa5c5b8e94ed01671532f5575dbc7b831595b5', 56582), ('weights', 'c3d8d74d34e3f32dd6bc27107736272227259c5a320e9145c97e79262bf6aec2', 56594), ('weights', '286a59542a102ea6271ab1108bd265a51433441210e7cf362bcefbb6c4f6d969', 56594), ('feedback', 'e7804156ad5fe8f5e53d39aa962d0bf5adde95409de2e88e099ee13c304e04cb', 270522), ('feedback', '81611b9d0346730b6361f991041387422874fa6f05e72adfc2ac70442b0afc28', 219222), ('feedback', '63331c963e68b574f6a13f8033e7f96c767543137897a94a7b77af410160eb8c', 202122), ('feedback', '3397c7c8e8b7f8c65da86215e158cbf61d0d5fc24ff620b92ac9bab86258b63d', 202122), ('feedback', '12c47871da4df9b082bd2b0a05d981c36cac4cd8550aab61632bc22c6b9917dd', 186678), ('contrib', 'c00c31ab40bd47965020e7d5ab4469b6b3658cb97c88f8539ae9e2eca61abc91', 75223), ('contrib', '45403f10c0a2a6d89f4256a000478e22fa707ac922fc6f255ac296aee87f7f40', 58123), ('contrib', 'cfdfd08a5907bba04a084a8225b077763b3b517da209ea68a4199c52d3f55e1d', 58123), ('contrib', '7a6f9ae177d60b6c3b7e3ec93056e43131c96def9c198e25a13127cbcde12d4a', 58123), ('close', 'fab1cc9d053de9192fc395aae501da47ba0d53ea27208706e1cf7da5c52c00fa', 543324)]"
9,14:50:55.934,0.9413,59.90620604204014,"[1725461711525241860, 1724779839857182154, 1724735106206297490, 1725023342411278472, 0, 0]","[93, 93, 94, 91, 0, 92]","[6, 7, 7, 8, 0, 8]","[('0x2adF05454DC6B0494f9CAE2B56235fD4ca55592A', 4910017320298989264, 88183076657853640, 1725461711525241860), ('0xbB52217162539A4D9cb72Db99fD36263798E8619', 4910724766922297458, 88208651613102128, 1724779839857182154), ('0x2273f9acD6D094959D51Fcb23394952c31814946', 4910693548634743716, 88132699674663722, 1724735106206297490), ('0x0c28766BA974a46e294846df83263bc567d811BB', 4910452229643102014, 88179616888003002, 1725023342411278472)]",100000000000000000,"[(9, 252704044833622495)]","[249910235404968261, 249982714653015136, 249767467379570007, 249900430440902709]","[[0.0, 1.0, 1.0, 1.0, 0.0, -1.0], [1.0, 0.0, 1.0, 1.0, 0.0, -1.0], [1.0, 1.0, 0.0, 1.0, 0.0, -1.0], [1.0, 1.0, 1.0, 0.0, 0.0, -1.0], [0.0, 0.0, 0.0, 0.0, 0.0, 0.0], [0.0, 0.0, 0.0, 0.0, 0.0, 0.0]]",[5],"['$user$0, 0.93, good, good, None, 0x2adF05454DC6B0494f9CAE2B56235fD4ca55592A', '$user$1, 0.936, good, good, None, 0xbB52217162539A4D9cb72Db99fD36263798E8619', '$user$2, 0.935, good, good, None, 0x2273f9acD6D094959D51Fcb23394952c31814946', '$user$3, 0.919, good, good, None, 0x0c28766BA974a46e294846df83263bc567d811BB']","[('close', 'fab1cc9d053de9192fc395aae501da47ba0d53ea27208706e1cf7da5c52c00fa', 543324), ('slot', 'c581012e52c7d7af35405163153e8c53851d7df2f99202c431f9033f19132426', 50814), ('slot', '71a42ac56c7705d2dacac14f88d65fae1e3755b1742faa29477f8845cee68521', 50814), ('slot', '49b72d3990db9cc4581e1b3d715fce7e463f3e8c5008462aaeec18506a57a06a', 50814), ('slot', 'dd7bf9ff51674a3105dde2d78a093b9b1cef304a04fa7588d6cd5fb992e3db3f', 50814), ('slot', '4937da333066c162b89197904f6a8fcd4b0b84ee97c073d4b197704fb27eeadd', 50814), ('weights', '845bea8e405d836cc0980642888fd1c18d5d4782773f8c45a7a25c961c36ae6b', 73694), ('weights', 'bd1e1968bcf4c00bff05f3178af9c307fbb825911a60ccc51cf0e46ece59f3f5', 56594), ('weights', '027a150c595103d7a515fbde90626820c6d832615d3df2885f263473457df398', 56594), ('weights', '43bd5bfa787fd2c5625e4d6bb85321b59efb1a2136b5a09c0709e2dc2cdec756', 56594), ('weights', 'd171848c1a0a28517a1c513baee77ad2d32825751c31fc7401fc3696114b526c', 56594), ('feedback', '4e47dfe1caa379e56ea7f581e0a34f54d741914d6cf652c31d6c8039425f948e', 270522), ('feedback', '61dd9d2b6ffb9b1827510739ee1bebb13a9a94b7fa6271504a6fb91e75d4513b', 219222), ('feedback', '3b70bc0957be6efbb36b97fd7d2b4e2525d96f01018328820415232a471d12da', 202122), ('feedback', '58c0557feac3584920f001bcf883a68df75ba6914688a97c8851d8963235e066', 202122), ('feedback', '7b24c1478049eff9a64e8ae40ec5bf679eead1487653c3ff849eaa5d5a9c4cd8', 186678), ('contrib', 'ee0c4b7bb1511fa3556b7030de16db4b259a34e4428c28a20d1eed871cc6c409', 75223), ('contrib', '747400cc092c4751fa0b7fc1f9414e5b015f5a4b96dcd492ddccaf8f157432f1', 58123), ('contrib', '766ddd0448c46cf3448e9210290b53f70fe337fc42b82106cb273e0ad3f829b1', 58123), ('contrib', '72ee0af3a83faa037a56f0bc21a927e53da803ec044cc744ac08525cdcfac040', 58123), ('close', '29aff6f8f5f15ce7fabb71b7989f7920084ea5aa0f9c301546b4344d650ab119', 502184)]"
10,14:52:29.616,0.9467,53.298756316071376,"[1750465081422821124, 1749788576545863099, 1749722228143816413, 1750024113887499338, 0, 0]","[94, 95, 95, 92, 0, 0]","[6, 6, 6, 7, 0, 0]","[('0x2adF05454DC6B0494f9CAE2B56235fD4ca55592A', 5174538288474758116, 25003369897579264, 1750465081422821124), ('0xbB52217162539A4D9cb72Db99fD36263798E8619', 5175220160142817822, 25008736688680945, 1749788576545863099), ('0x2273f9acD6D094959D51Fcb23394952c31814946', 5175264893793702486, 24987121937518923, 1749722228143816413), ('0x0c28766BA974a46e294846df83263bc567d811BB', 5174976657588721504, 25000771476220866, 1750024113887499338)]",0,[],"[249923139810562133, 249976783990859985, 249760732054710388, 249897167086601257]","[[0.0, 1.0, 1.0, 1.0, 0.0, 0.0], [1.0, 0.0, 1.0, 1.0, 0.0, 0.0], [1.0, 1.0, 0.0, 1.0, 0.0, 0.0], [1.0, 1.0, 1.0, 0.0, 0.0, 0.0], [0.0, 0.0, 0.0, 0.0, 0.0, 0.0], [0.0, 0.0, 0.0, 0.0, 0.0, 0.0]]",[],"['$user$0, 0.937, good, good, None, 0x2adF05454DC6B0494f9CAE2B56235fD4ca55592A', '$user$1, 0.943, good, good, None, 0xbB52217162539A4D9cb72Db99fD36263798E8619', '$user$2, 0.941, good, good, None, 0x2273f9acD6D094959D51Fcb23394952c31814946', '$user$3, 0.925, good, good, None, 0x0c28766BA974a46e294846df83263bc567d811BB']","[('close', '29aff6f8f5f15ce7fabb71b7989f7920084ea5aa0f9c301546b4344d650ab119', 502184), ('slot', 'aec32d5b5f470b06ab53c2e9a21c73ec8f729f72e4a485dda7dc7b1a9aeab88c', 50814), ('slot', 'b4d9e1f109e999c962fea64c1463aa7fa7d869fefc371c6db7dcb31aab4fb3f4', 50814), ('slot', '67bbbd2877d23450dd0702e9143e8500daf0465e72d2d6af0f58c17b3f37fd85', 50814), ('slot', '3196ced21eb79a5bf08671ea9aa34dd5cb65ff04c3ed94ccdb415271d88aba74', 50814), ('weights', '9ece8f1c872e02d249662c4daa49a01cded981837c9d764b9af36ecf2fa012de', 73694), ('weights', 'ca6a4593172c9e1c7b94c6ef5b2071f77e8f9c11724552f5ed9aa071b5766849', 56594), ('weights', '0e0d3063d02120723611ba425ef65c6943a93166cebae163c3ef64bc6fee6d03', 56594), ('weights', 'fea72dbc64d4a88843f4f0e64c61ff3a0725c5a89fc0cf129c7b63c99e990d36', 56594), ('feedback', '4d20de87d28da617977145cdfef6d981320a1dd318e8391403b3ff4d340f200e', 217307), ('feedback', '962be14a3704f8a71de914a4d4c88bbd5d194704db83b352a6ef0a4883e3bd7c', 183107), ('feedback', '7a739f3c7778311792419dd2911e2ac9ca2aee9ecb4e2957dcbd06194d54160e', 166007), ('feedback', '467323c14a92208f83fdcb98b917466e3c336b5a801e3f9d75e8a606eda28d8b', 166007), ('contrib', '71e1d9983216577aac76071ca7891b2391efce125a687b35ecd91e1a2da6aa85', 75223), ('contrib', '16ec254c767963d78a866833c96023bfd7a9f9a69541eabfce007c25231aa57c', 58123), ('contrib', '2932223ef2a474461d74cf045dedd49f8bef334e0d0322382ffe89048d3832d5', 58111), ('contrib', 'e1edfc617fb2032dbb7b4050fce7198d083d93a7b0df6f0de2779b1f0bf71038', 58123), ('close', '03ea5e96af58c38af71a466974fa7ae7c8a1664a076f7cae09738dadcac57f08', 410444)]"
# $gasCosts$[321441, 347567, 330467, 317489, 337053, 313367, 75223, 58123, 58123, 58123, 58123, 382741, 274541, 233767, 257441, 237553, 257441, 75223, 58123, 58123, 58123, 58123, 58123, 321389, 252989, 237889, 235889, 229293, 235889, 75223, 58123, 58123, 58123, 58123, 323389, 254989, 237889, 237889, 239293, 237889, 75223, 58123, 58123, 58123, 58123, 268522, 217222, 200122, 200122, 178678, 75223, 58123, 58123, 58123, 270522, 219222, 202122, 202122, 186678, 75223, 58123, 58123, 58123, 270522, 219222, 202122, 202122, 186678, 75223, 58123, 58123, 58123, 270522, 219222, 202122, 202122, 186678, 75223, 58123, 58123, 58123, 270522, 219222, 202122, 202122, 186678, 75223, 58123, 58123, 58123, 217307, 183107, 166007, 166007, 75223, 58123, 58111, 58123],[126674, 126674, 126674, 126674, 126674],[50814, 50814, 50814, 50802, 50814, 50814, 50814, 50814, 50802, 50814, 50814, 50814, 50814, 50814, 50802, 50814, 50814, 50814, 50814, 50814, 50814, 50814, 50814, 50814, 50814, 50814, 50814, 50814, 50814, 50814, 50814, 50814, 50814, 50814, 50814, 50814, 50814, 50814, 50814, 50814, 50802, 50814, 50814, 50814, 50814, 50814, 50814, 50814, 50814, 50814, 50814, 50814, 50814],[73694, 56582, 56594, 56594, 56594, 56594, 73694, 56594, 56594, 56594, 56594, 56594, 73694, 56594, 56594, 56594, 56582, 56594, 73694, 56594, 56594, 56582, 56594, 56594, 73694, 56594, 56594, 56570, 56594, 73694, 56594, 56594, 56594, 56594, 73694, 56582, 56594, 56594, 56594, 73694, 56582, 56582, 56594, 56594, 73694, 56594, 56594, 56594, 56594, 73694, 56594, 56594, 56594],[671006, 611188, 643643, 606023, 543324, 543324, 543324, 543324, 502184, 410444],[],[]
# TOTAL EXPERIMENT TIME: 1244.51 seconds
