# Author reb
# ------Specs--------# cpu_name: AMD64 Family 23 Model 8 Stepping 2, AuthenticAMD (processor model)
# cpu_cores: 6 (physical cores)
# ram_gb: 15.93 (system memory in GB)
# gpu_name: None (graphics processor)
# os_name: Windows (operating system)
# ------Config--------# good_contributors: 4 (honest participants)
# bad_contributors: 1 (malicious participants)
# freeriders: 1 (contribute 0)
# inactive: 0 (never join)
# reward: 1000000000000000000 (total reward pool)
# minimum_rounds: 10 (rounds to simulate)
# min_buy_in: 1000000000000000000 (lower buy-in bound)
# max_buy_in: 1000000000000000000 (upper buy-in bound)
# standard_buy_in: 1000000000000000000 (default buy-in)
# epochs: 1 (local epochs per round)
# batch_size: 32 (training batch size)
# punish_factor: 3 (penalty multiplier)
# first_round_fee: 50 (fee for first round)
# fork: True (True=local fork, False=real net)
# contribution_score_strategy: dotproduct (scoring method)
# use_outlier_detection: False (Whether to use outlier detection)
# freerider_start_round: 5 (When freeriders should start freeriding)
# freerider_noise_scale: 0.1 (How much noise a freeder should add)
round,time,globalAcc,globalLoss,GRS,accAvgPerUser,lossAvgPerUser,rewards,conctractBalanceRewards,punishments,contributionScores,feedbackMatrix,disqualifiedUsers,userStatuses,GasTransactions
# $startingUserConfig$['$user$0, 0, good, good, None, 0x2adF05454DC6B0494f9CAE2B56235fD4ca55592A', '$user$1, 0, good, good, None, 0xbB52217162539A4D9cb72Db99fD36263798E8619', '$user$2, 0, good, good, None, 0x2273f9acD6D094959D51Fcb23394952c31814946', '$user$3, 0, good, good, None, 0x0c28766BA974a46e294846df83263bc567d811BB', '$user$4, 0, good, bad, 3, 0x1d00B04A7dE781069478545953C538aaE557c1b1', '$user$5, 0, good, freerider, 5, 0x7Afd526e0ceFC5F9d988077e8F98e46310986319']
0,13:26:04.966,0,720.724062204361,"[1000000000000000000, 1000000000000000000, 1000000000000000000, 1000000000000000000, 1000000000000000000, 1000000000000000000]",[],[],[],1000000000000000000,[],[],,[],"['$user$0, 0, good, good, None, 0x2adF05454DC6B0494f9CAE2B56235fD4ca55592A', '$user$1, 0, good, good, None, 0xbB52217162539A4D9cb72Db99fD36263798E8619', '$user$2, 0, good, good, None, 0x2273f9acD6D094959D51Fcb23394952c31814946', '$user$3, 0, good, good, None, 0x0c28766BA974a46e294846df83263bc567d811BB', '$user$4, 0, good, bad, 3, 0x1d00B04A7dE781069478545953C538aaE557c1b1', '$user$5, 0, good, freerider, 5, 0x7Afd526e0ceFC5F9d988077e8F98e46310986319']","[('register', 'bcfa01d9a370488037c59921e06c126ca8ed0e0900e777717e500f5346e19ae5', 126674), ('register', '0ae527008002f746a23566efe0be84358a30dcecd731bfdee0f4de183351b661', 126674), ('register', 'fca9c5db8c2b31863ed01c85eab0710a5c64d47aae2c117e676efd6270e70474', 126674), ('register', 'd05759eef2884e80d058762bab115fa62fb4c7527cd0acf2632671cf6153e357', 126674), ('register', 'e3e979e8e5b752d1543d89a6fae00a87b362576b61c8f3ccfcacf60e40395493', 126674)]"
1,13:28:33.076,0.196,717.0741953849792,"[1016711156783876377, 1016788444150635129, 1016529070209449106, 1016621465768537605, 1016693931149856072, 1016655931937645708]","[20, 15, 16, 14, 16, 16]","[74, 74, 74, 74, 74, 74]","[('0x2adF05454DC6B0494f9CAE2B56235fD4ca55592A', 5000000000000000000, 16711156783876377, 1016711156783876377), ('0xbB52217162539A4D9cb72Db99fD36263798E8619', 5000000000000000000, 16788444150635129, 1016788444150635129), ('0x2273f9acD6D094959D51Fcb23394952c31814946', 1000000000000000000, 16529070209449106, 1016529070209449106), ('0x0c28766BA974a46e294846df83263bc567d811BB', 4000000000000000000, 16621465768537605, 1016621465768537605), ('0x1d00B04A7dE781069478545953C538aaE557c1b1', 5000000000000000000, 16693931149856072, 1016693931149856072), ('0x7Afd526e0ceFC5F9d988077e8F98e46310986319', 5000000000000000000, 16655931937645708, 1016655931937645708)]",900000000000000000,[],"[167112618684768676, 167885497212409973, 165291741490364074, 166215702891349792, 166940361261367797, 166560366749763488]","[[0.0, 1.0, 0.0, 0.0, 1.0, 1.0], [1.0, 0.0, 0.0, 1.0, 1.0, 1.0], [1.0, 1.0, 0.0, 1.0, 1.0, 1.0], [1.0, 1.0, 1.0, 0.0, 1.0, 1.0], [1.0, 1.0, 0.0, 1.0, 0.0, 1.0], [1.0, 1.0, 0.0, 1.0, 1.0, 0.0]]",[],"['$user$0, 0.746, good, good, None, 0x2adF05454DC6B0494f9CAE2B56235fD4ca55592A', '$user$1, 0.711, good, good, None, 0xbB52217162539A4D9cb72Db99fD36263798E8619', '$user$2, 0.595, good, good, None, 0x2273f9acD6D094959D51Fcb23394952c31814946', '$user$3, 0.668, good, good, None, 0x0c28766BA974a46e294846df83263bc567d811BB', '$user$4, 0.718, good, bad, 3, 0x1d00B04A7dE781069478545953C538aaE557c1b1', '$user$5, 0.752, good, freerider, 5, 0x7Afd526e0ceFC5F9d988077e8F98e46310986319']","[('slot', '07b04acef117e467a5ea6ad962da8d30703341ab3552b7b090f5ac67e9de3123', 50814), ('slot', '34a92ad6a5a6fd9b9a3e7c5873141b2f149c6e2aabbbbe3fc44c5e4983399135', 50802), ('slot', '83d4ceab925b3ee63eebc5b5f705c0936128562330a0b566a31f5b2b8292af49', 50814), ('slot', '162d7944610791ada6504e534ea13bfcad842bc24c9ade28356648fff1d11ac9', 50814), ('slot', '0abde5a6448465fff884d2e44917121fb4ac4f066e010dc7b2f68a3a23c4de99', 50814), ('slot', '1acc5d847d0af27f00efc9c7b466fe23876bbbbc7b73709a37a2a456b84fbf72', 50814), ('weights', 'd1ec3196f41dc2e1bba807a1c6e5f3b6cd1466611ba09147935aa1c05b0dca22', 73694), ('weights', 'ab4d9eab3d2ebcc3f7918db29985790f04a4c1b64d5f83abc47496201f29943f', 56582), ('weights', 'f6c229d04a7231b9778ed5a7d8983df5c622e529901849dac7b86561289e1c74', 56594), ('weights', '420196b9bbc9024344ff298ce87b1f6bdf9aae3f21341629127767035201d4cd', 56582), ('weights', 'd1fa356e54f54fe7b92c2d11db5f678cb9be218f8bffc9275404e1f15186fb2e', 56582), ('weights', 'fc6aec84e6c5fa9c21c31b46fd9551a36c9eac759d92628b3f0639e7dbe07208', 56594), ('feedback', 'c00975f5731f54ef72325929cf578786637e88789a8fc75803eb0422201e67e3', 340993), ('feedback', '9963223d7f39dc2bcb7d385b3a21c9100628255a4b07a090ea9ae529c20fc9a1', 347567), ('feedback', '0860827a4839ecfc33beffac14e0f735492dcfa252d058fabfaae863e907521a', 337041), ('feedback', 'a52c9d034b69afa985b33aab90dbb6a7a26db959ddba69dc17d043cdc71da5ee', 354141), ('feedback', 'f4f173dc482ee18eca57635b904e489634431ebeae2db652b66bcd8aca28983e', 313379), ('feedback', '1e583cc797d8b93897a2c6b4560c88adf53e7a6bdc36eb7be3303489c5efd807', 313367), ('contrib', '20ceec1f3053a2179100fd78e3da4754f20c2e244565b3b2ceb422bd1c65c9f5', 75223), ('contrib', 'fd108b874b3df74642dd5db440b0d97640e60a7a7c7dda91edf25c3bab6d4e85', 58123), ('contrib', 'ab723c5b1a7f7f1abe2c229a98a370325ac65c6aa29f8653569b9a909fea66b2', 58123), ('contrib', 'c874f1de5bc7570417d2735c1521632f5ba04ef39c48cc0178835fb11c7d4350', 58123), ('contrib', '0554460c89d047607359bc0a797c248f5fa4e452b6ddba8361ddd32aa45cd8df', 58123), ('contrib', '19190157fc34f988f310858a8f93b6361d1406ad4f31c7b229a8938705bc5293', 58123), ('close', '46a67487b8c871a3bd2ccf5e5efd53e66da988a335c20576b2e67009e642b44b', 641584)]"
2,13:31:11.973,0.6257,649.9256821870804,"[1104466494211694386, 1104564696564700481, 1104315946939331063, 1104409075209855190, 677795954099904048, 1104447832974514827]","[18, 17, 21, 19, 20, 21]","[73, 73, 73, 73, 73, 73]","[('0x2adF05454DC6B0494f9CAE2B56235fD4ca55592A', 5083288843216123620, 87755337427818009, 1104466494211694386), ('0xbB52217162539A4D9cb72Db99fD36263798E8619', 4066590090080827263, 87776252414065352, 1104564696564700481), ('0x2273f9acD6D094959D51Fcb23394952c31814946', 4066849464022013286, 87786876729881957, 1104315946939331063), ('0x0c28766BA974a46e294846df83263bc567d811BB', 5083378534231462392, 87787609441317585, 1104409075209855190), ('0x7Afd526e0ceFC5F9d988077e8F98e46310986319', 4066722602293816684, 87791901036869119, 1104447832974514827)]",800000000000000000,"[(2, 338897977049952024)]","[199884310364723205, 199931949377059936, 199956148862838745, 199957817792892456, 199967592954635620]","[[0.0, 1.0, 1.0, 1.0, -1.0, 1.0], [1.0, 0.0, 1.0, 1.0, 0.0, 1.0], [1.0, 1.0, 0.0, 1.0, 0.0, 1.0], [1.0, 0.0, 0.0, 0.0, -1.0, 0.0], [1.0, 1.0, 1.0, 1.0, 0.0, 1.0], [1.0, 1.0, 1.0, 1.0, 0.0, 0.0]]",[5],"['$user$0, 0.522, good, good, None, 0x2adF05454DC6B0494f9CAE2B56235fD4ca55592A', '$user$1, 0.498, good, good, None, 0xbB52217162539A4D9cb72Db99fD36263798E8619', '$user$2, 0.494, good, good, None, 0x2273f9acD6D094959D51Fcb23394952c31814946', '$user$3, 0.601, good, good, None, 0x0c28766BA974a46e294846df83263bc567d811BB', '$user$4, 0.421, good, bad, 3, 0x1d00B04A7dE781069478545953C538aaE557c1b1', '$user$5, 0.578, good, freerider, 5, 0x7Afd526e0ceFC5F9d988077e8F98e46310986319']","[('close', '46a67487b8c871a3bd2ccf5e5efd53e66da988a335c20576b2e67009e642b44b', 641584), ('slot', '67a670d20973fa14bc120695cce64fd0f076b5dcb5e5b9608e2c187489f87c6e', 50802), ('slot', '19cdf7c0f0c2c10e362a47400569c6f8d996b20340dc97e9c98cc5109911aafc', 50814), ('slot', '48202e4df4ae778bd594830729d1149801acb9bb3cdfce248224a73880b63cf9', 50814), ('slot', 'a2a895e15f8d2bb0d9e412f62b74d8620c1b130aac2aefd88132dd474d0b98fd', 50814), ('slot', '24af347506b57dab002b65d72f2bb0e3e4444bf0fd518f24ee792a4e260c3ce8', 50814), ('slot', 'a453cd249f52e2cf208eb21dfc7dfcb9b743965ef7a8abc188ed4a284290ee4d', 50814), ('weights', '73d1e6dde59e4927e2bb0499baa7be7d65c6370957a124b14686e1710f97e1fa', 73694), ('weights', '568f7a45cc21e29753fc49a6c43ec94a5d20a16b17865ba3f21c92bda0229adb', 56594), ('weights', '1efb1d3c8648d400cea12743afd99307ca639a37063e393bca3c01aee7ea84b0', 56594), ('weights', '362ecd83a66cebb30c2049331d134096fec6dd057b799ad04428cef83605b289', 56594), ('weights', 'c39caee6b94c7c2ab33fed30fdd38b9983680e4d07e6d46624797455868db62b', 56582), ('weights', 'ac8f64a5b3792f3f962e5ee3110187ae6d3ea72a9baea5a9fe569f2af800367e', 56594), ('feedback', 'd223986cebb2f21c661448c1883b219946119328a51897476e4bda549ceb9781', 361189), ('feedback', '3a7f545246cc6360c9f80f1c2d3ffc2932ff00e861d0ac5f13db98caa94ad16b', 268767), ('feedback', '1323e5fb407e0fea493fc1c6d066e23d56e9fdd2df83be54b9882e8dbf9d51ff', 231767), ('feedback', '9881e589e0466e264364cbc4289d194a1cf53434fe9c61076c60c15199ddcc4d', 218567), ('feedback', 'c6cca057b440cd75385ebe198709d5ee4f473d9d6ffd8a5031b6e8b4fe711d32', 257453), ('feedback', 'c11eeb1a15709f7e76245d7431b0557926dbba38de855fdce639d8f6cdb7f1ab', 251667), ('contrib', 'd5e819e7641273c4e41a1b8a2eb7da92683d20fbe713bba16d148121328dcd0c', 75223), ('contrib', 'e975fd04718348337c149b456e09aa2ac0fae9d53366216883725ff40c7394e7', 58123), ('contrib', 'a78c8839a99305c22f5c00d570317194b20ba3755c83f5e524927b00357bef8c', 58123), ('contrib', '6b9a4e3b395cb93092951e27ed8824791bd0fba0f725cd5fda2707f2d2a59940', 58123), ('contrib', 'fe920e7b72c1207d27709431e0e2198da56e68df049e278f3226b0d81ccf6354', 58123), ('close', '316de89607003c17c087f847efa718a13864a772ce19fcb0961c3fa85b214352', 643643)]"
3,13:33:28.451,0.8121,203.63402995467186,"[1169637905721034154, 1169768650031801688, 1169466637121430979, 1169634036653271784, 451863969399936032, 1169628801072525355]","[62, 60, 62, 59, 63, 65]","[66, 67, 67, 67, 67, 66]","[('0x2adF05454DC6B0494f9CAE2B56235fD4ca55592A', 3739941597588497513, 65171411509339768, 1169637905721034154), ('0xbB52217162539A4D9cb72Db99fD36263798E8619', 3739843395235491418, 65203953467101207, 1169768650031801688), ('0x2273f9acD6D094959D51Fcb23394952c31814946', 3740092144860860836, 65150690182099916, 1169466637121430979), ('0x0c28766BA974a46e294846df83263bc567d811BB', 3739999016590336709, 65224961443416594, 1169634036653271784), ('0x7Afd526e0ceFC5F9d988077e8F98e46310986319', 3739960258825677072, 65180968098010528, 1169628801072525355)]",700000000000000000,"[(3, 225931984699968016)]","[199884310364723205, 199984118342399597, 199820756912231445, 200048550963401794, 199913620948791503]","[[0.0, 1.0, 1.0, 1.0, -1.0, 1.0], [1.0, 0.0, 1.0, 1.0, -1.0, 1.0], [1.0, 1.0, 0.0, 1.0, -1.0, 1.0], [1.0, 1.0, 1.0, 0.0, -1.0, 1.0], [-1.0, -1.0, -1.0, -1.0, 0.0, -1.0], [1.0, 1.0, 1.0, 1.0, -1.0, 0.0]]",[5],"['$user$0, 0.745, good, good, None, 0x2adF05454DC6B0494f9CAE2B56235fD4ca55592A', '$user$1, 0.78, good, good, None, 0xbB52217162539A4D9cb72Db99fD36263798E8619', '$user$2, 0.772, good, good, None, 0x2273f9acD6D094959D51Fcb23394952c31814946', '$user$3, 0.767, good, good, None, 0x0c28766BA974a46e294846df83263bc567d811BB', '$user$4, 0.421, bad, bad, 3, 0x1d00B04A7dE781069478545953C538aaE557c1b1', '$user$5, 0.786, good, freerider, 5, 0x7Afd526e0ceFC5F9d988077e8F98e46310986319']","[('close', '316de89607003c17c087f847efa718a13864a772ce19fcb0961c3fa85b214352', 643643), ('slot', 'fea14094ef54e085bc94fc4cb830b968bc17343f8f43b01100b652a19a743ed9', 50814), ('slot', '441283eb1d6a567bdc6211e8c6f45c035c7d521f0e3e246352ab2667d0a1a031', 50814), ('slot', 'd366064937e87ca143e582d21e8d8e1d1112682e97acd330b1c7aed510a194b7', 50814), ('slot', 'f9b9b86aa800e030cee5136f4ddf75b22fc9a8f0287bb8cc6a90e0aa269e6fe0', 50814), ('slot', '0fb8a968aee65db603c4d91cbf4d7aaf94baaddf63d47bb096718625740da954', 50814), ('slot', '28e491a16f453729a76371cb5333eb30400cb1fceb0627c1a42f9940b04e513b', 50814), ('weights', '7ec581ba4c036a8675fb5a732f1e25fd4400240778321342f3e5b97daa42ffa7', 73694), ('weights', '911b8ab443f9611a1193071fb56beb8e07514ea2e8b4b72ddf299fff382a96a9', 56594), ('weights', '4fd8d3afde6f7e40eef5689b80ed25898e094f799d99fb6fedb30d33ff20fd7d', 56594), ('weights', '7d706bea89b1f24bbdd1d0e620044180865fa7ef2125b83777162e94c91eec09', 56594), ('weights', 'b5aaa113b2a6c00acc1ca79558e05c5d3dc1ee4fe276e299269b8ac478b722cd', 56570), ('weights', '6943d305eef907d339e8198f6fd30d626a4a4598511303fe198def9917da17b2', 56594), ('feedback', '081da189fbf363d8931a70f4fb67976340955dc615bba1e08fe771a72fd46795', 323389), ('feedback', '2baa04a69bae2593c4872fe8cd00974d087a54d568910a15d03aa1690dbca61f', 254989), ('feedback', '8585933a318cc43e9175ce0ae8ef42dbaea00ff2241f8bb405ec6a5214d0ae39', 237889), ('feedback', '68ad2bb1d591dd482067dbd44e7188eaea57b7629b2ee8668ce531604c70853e', 297589), ('feedback', '281830e4591d221748b589787341df0651b435bb8ea184bbe48e6fe27015b666', 229293), ('feedback', '71fa3fdbde0c15e4c9ca188934a03775e1a445fa6ba43833447b3357aa82efe3', 237889), ('contrib', '943dd6d2b2e79971481ee42faa1e6221af65800080927cac419c1da2520aaa06', 75223), ('contrib', 'a0988b229e51921a47cd28a99249db019210e97f3369bf567a29700ae1df73b6', 58123), ('contrib', '0968fa19c79d690b702fac8f6df50b1fc572133723a3f5d3c38e411144eaf996', 58123), ('contrib', '8bfa0044725852ae447b2e78bf77d5fb00a6da821197ce3d487ce460908ecd1a', 58123), ('contrib', '91adfd5534176045643ec766b93ec8859f06d0ab5b80bb118f819fd62f77a1ce', 58123), ('close', '409cf2ccbe135c3c016ef87ddf8da23065fe7e953f9415c4693dedfc416ed509', 643643)]"
4,13:35:52.840,0.8669,140.1744209229946,"[1219782999487008601, 1219894642138827452, 1219574442865115810, 1219779007134531718, 301242646266624022, 1219726262107892387]","[80, 80, 79, 79, 82, 82]","[20, 21, 22, 23, 20, 20]","[('0x2adF05454DC6B0494f9CAE2B56235fD4ca55592A', 4226634155479093774, 50145093765974447, 1219782999487008601), ('0xbB52217162539A4D9cb72Db99fD36263798E8619', 4226503411168326240, 50125992107025764, 1219894642138827452), ('0x2273f9acD6D094959D51Fcb23394952c31814946', 4226805424078696949, 50107805743684831, 1219574442865115810), ('0x0c28766BA974a46e294846df83263bc567d811BB', 4226638024546856144, 50144970481259934, 1219779007134531718), ('0x7Afd526e0ceFC5F9d988077e8F98e46310986319', 4226643260127602573, 50097461035367032, 1219726262107892387)]",600000000000000000,"[(4, 150621323133312010)]","[200010716915130615, 199934527277946472, 199861988425254821, 200010225176811218, 199820727109909057]","[[0.0, 1.0, 1.0, 1.0, -1.0, 1.0], [1.0, 0.0, 1.0, 1.0, -1.0, 1.0], [1.0, 1.0, 0.0, 1.0, -1.0, 1.0], [1.0, 1.0, 1.0, 0.0, -1.0, 1.0], [-1.0, -1.0, -1.0, -1.0, 0.0, -1.0], [1.0, 1.0, 1.0, 1.0, -1.0, 0.0]]",[5],"['$user$0, 0.839, good, good, None, 0x2adF05454DC6B0494f9CAE2B56235fD4ca55592A', '$user$1, 0.842, good, good, None, 0xbB52217162539A4D9cb72Db99fD36263798E8619', '$user$2, 0.856, good, good, None, 0x2273f9acD6D094959D51Fcb23394952c31814946', '$user$3, 0.841, good, good, None, 0x0c28766BA974a46e294846df83263bc567d811BB', '$user$4, 0.421, bad, bad, 3, 0x1d00B04A7dE781069478545953C538aaE557c1b1', '$user$5, 0.859, good, freerider, 5, 0x7Afd526e0ceFC5F9d988077e8F98e46310986319']","[('close', '409cf2ccbe135c3c016ef87ddf8da23065fe7e953f9415c4693dedfc416ed509', 643643), ('slot', '10577428ba5d2cc2b067f51329ab6d7ba980bf07518852a6297c669efbdd6c10', 50814), ('slot', '1800d31907cc30118c6d2174a3f600fb2fabc9202bce0b40415e2d95fbbde1a9', 50814), ('slot', '51a0f4da694817ab2d3059672a38bbb94379a499b5c5bb10a141c496399f5000', 50814), ('slot', '04abb13ad8746c13198e36fe9a2821cc00b2b6539635668248be3f1b542169c8', 50814), ('slot', 'e95070c586d44705391241d90a06f706898c02dec4d1931a097886fe21908f69', 50814), ('slot', 'd65ecda62bc16c2c99380911d3b34f4cf506fa6617e5449aa29918c1dccb7f0e', 50814), ('weights', 'f82c668adac1d098d83499063eac2560b20da292ed673a208905894af2da3a76', 73670), ('weights', '087f5e44e9a96c71432ac941e974ad0d6a50317df319bb17c4c2b6c5a89b63ea', 56594), ('weights', '35d8a558e83e4f19823bfbc1294b6af7cb0ee32f5ecaa39e778b0149c3cbee3e', 56594), ('weights', '4c1e2820b493802be388b7b2ee11be4c12606d3614997797234b7fff4087d9c0', 56594), ('weights', 'f9ede604c288d7fb4b37b59ab0d05ec387039694e4ebd4542f04fb6c07ebf3e3', 56582), ('weights', '76514b7d3efd7568b620e5eb7d5f7fdbec97232fe65af81ed3cf3efacff5e01a', 56570), ('feedback', 'c908891cdee395524d21897fed8cb684ca506a03747434c1a8d65524ad61ed54', 323389), ('feedback', 'fd685bda22da0ffb7c9a4018240942162e5b78fe3dd1675b80cd6168b988b0a2', 254989), ('feedback', '72e3e207a1c3133c146f57c02bddca33bf200f7b2b2b8fdce847ec23861559d5', 237889), ('feedback', '5f06d9223935718ccb0cee870d39138b823f3c7d3b928336f9640800fff45714', 237889), ('feedback', '99971592f5b6ae0d9b3bee2b39632bc73de88e122cd55345948812358df78bbc', 239293), ('feedback', 'c6ad24cf8f924c8b5e0ba362f255925d180f2200bcb6441f1f78b39821407f96', 237889), ('contrib', 'ca1432cdaade6fe34434d0deb8ab5faa7eff25bdbd74fd022b83c4fb216f1ed7', 75223), ('contrib', '9d4b2f15cf57ee830fa71ffc3b496a8639207c59121f3ee9a8542eaeea55c387', 58123), ('contrib', '918fc7ca373605fa7ed0e786a2b3238ca5b1993b62f155417efba215427cb6ca', 58123), ('contrib', '6a23f03c98cf15231441eac36cfaa71908cb65c803dc8ab08f032f8213862186', 58123), ('contrib', '4e97c0cf04a300e77a65c5d83e671c51e015aacb97419e809f41df0d519c1010', 58123), ('close', 'd21a40701bbffea3478ff87e11135a4cbd4e61180e0cafa029823ab2ce9a524d', 643643)]"
5,13:38:06.545,0.8941,109.79432216659188,"[1421763458877818552, 1421915082772764962, 1421411222674071877, 1421759394270083005, 813150841405261592, 0]","[87, 88, 86, 85, 87, 87]","[13, 14, 15, 16, 14, 14]","[('0x2adF05454DC6B0494f9CAE2B56235fD4ca55592A', 3358005445871850958, 201980459390809951, 1421763458877818552), ('0xbB52217162539A4D9cb72Db99fD36263798E8619', 3357893803220032107, 202020440633937510, 1421915082772764962), ('0x2273f9acD6D094959D51Fcb23394952c31814946', 3358214002493743749, 201836779808956067, 1421411222674071877), ('0x0c28766BA974a46e294846df83263bc567d811BB', 3358009438224327841, 201980387135551287, 1421759394270083005)]",500000000000000000,"[(5, 406575420702630795), (5, 301242646266624022)]","[249925896525382995, 249975368380546569, 249748110771179199, 249925807118415832]","[[0.0, 1.0, 1.0, 1.0, -1.0, -1.0], [1.0, 0.0, 1.0, 1.0, -1.0, -1.0], [1.0, 1.0, 0.0, 1.0, -1.0, -1.0], [1.0, 1.0, 1.0, 0.0, -1.0, -1.0], [-1.0, -1.0, -1.0, -1.0, 0.0, -1.0], [0.0, 0.0, 0.0, 0.0, 0.0, 0.0]]","[6, 5]","['$user$0, 0.852, good, good, None, 0x2adF05454DC6B0494f9CAE2B56235fD4ca55592A', '$user$1, 0.875, good, good, None, 0xbB52217162539A4D9cb72Db99fD36263798E8619', '$user$2, 0.874, good, good, None, 0x2273f9acD6D094959D51Fcb23394952c31814946', '$user$3, 0.87, good, good, None, 0x0c28766BA974a46e294846df83263bc567d811BB', '$user$5, 0.859, freerider, freerider, 5, 0x7Afd526e0ceFC5F9d988077e8F98e46310986319']","[('close', 'd21a40701bbffea3478ff87e11135a4cbd4e61180e0cafa029823ab2ce9a524d', 643643), ('slot', 'fa1325891a07f1b9656b725746d16ae68f84b70250e897e0ad2d17995be2a80a', 50814), ('slot', 'f41585938fa17ab0b3020ecf1930f6918a4b349200fc47749d732588e19c3b6c', 50814), ('slot', '71f3b3223d113c9f75c2a1ff5fb201d17130b9ff2d82f2471213f0b7dbaab99c', 50814), ('slot', '615bb84d5b5054e3440f40edd04a8d0afa5515508aaeafa5f951a349328caa2f', 50814), ('slot', '6d73cc963ca90dd90f19e860d02f1c2d1b3b1c355c20e1938c44d19dcf5db995', 50814), ('slot', '1551e3c16bdaaaed603d1e7c957fc8aead26142b23fc0e83cde5055625caa9b9', 50814), ('weights', '38c6b67df7d63cc747871569ae8a9cb0d55bb6f164be5a90342b5ddb5d6c3e0a', 73694), ('weights', 'c64218fb401aa46b93a804b6f35c967e5ed1ac35df3d93edd7d1348563756407', 56594), ('weights', 'c79dd8a6dfdb07ad5f8bbd4b81fbae705b3caada6667fd2c1c507310452d3b87', 56594), ('weights', 'c6225b92833ed15634d508a626d5eac573bc9e895c2e8c7dd1d1124e58d5e575', 56594), ('weights', '36131ee7fcf258bdb4925ab75b46d23dd2c8ef728db8e3b93876690c78d2dbac', 56582), ('weights', '7f8c287da83675bcbc6be6b95a5242f56cad2a141b2abae22c4ab1cf3bac41f7', 56594), ('feedback', '0ebcaf641219cf478a05c0e3e072d3d67687cdc35b2fb50fdf0e907c224a428d', 321737), ('feedback', '56117255e7a810aef1d997369a90c390d8e337935f3e7426fd23d96c109c29ca', 253337), ('feedback', 'aa4893e3606d4ddc5deddcb1742dab19f6e1a2b0b433f948e0167c8656b6c481', 236237), ('feedback', '2ab184f6fe34ffabf06e72cd1693e8b12f9ad1743b27c186b046d1580299d2af', 236237), ('feedback', '5344c367fd0819afab6d59c723cf7fe9293292d9b0ccbb6e5a97213da0d8d1e7', 239293), ('feedback', 'c4d82e4bf2a84f51d24a65464fcdd7fb767ce3eb6aac7fe035524d027fd23bfe', 210671), ('contrib', '2043e78db86088b1c887e2f49a29a5fd2d3c774eacb4e9d5bfad22eaa37aa7bd', 75223), ('contrib', '054a6ca5796c726295eec990ddcd51e493ebe9c59ff330a336d12b014c0e8875', 58123), ('contrib', '09917600046fba74aca03a37ae77b1cb245a4b2eab2408b22c6346bcee1f2c7f', 58123), ('contrib', '0c45f24aefc7fd11b80146b69fc968a23dd7dd161ffd502dfdccd19b4ae274af', 58123), ('close', 'd1312b2fd1d41b5872fa7259e57b5bb00b72a741c156265cab0f05d0c6d6a2e9', 618390)]"
6,13:39:56.875,0.9117,91.78909984230995,"[1514512154691181314, 1514736616952191526, 1514110638642107906, 1514540028777678178, 542100560936841062, 0]","[90, 89, 90, 87, 0, 89]","[10, 11, 12, 13, 0, 11]","[('0x2adF05454DC6B0494f9CAE2B56235fD4ca55592A', 4265085699716919844, 92748695813362762, 1514512154691181314), ('0xbB52217162539A4D9cb72Db99fD36263798E8619', 4264934075821973434, 92821534179426564, 1514736616952191526), ('0x2273f9acD6D094959D51Fcb23394952c31814946', 4265437935920666519, 92699415968036029, 1514110638642107906), ('0x0c28766BA974a46e294846df83263bc567d811BB', 4265089764324655391, 92780634507595173, 1514540028777678178)]",400000000000000000,"[(6, 271050280468420530)]","[249854713678359985, 250050932168960571, 249721959233283996, 249940752983093261]","[[0.0, 1.0, 1.0, 1.0, 0.0, -1.0], [1.0, 0.0, 1.0, 1.0, 0.0, -1.0], [1.0, 1.0, 0.0, 1.0, 0.0, -1.0], [1.0, 1.0, 1.0, 0.0, 0.0, -1.0], [0.0, 0.0, 0.0, 0.0, 0.0, 0.0], [0.0, 0.0, 0.0, 0.0, 0.0, 0.0]]",[5],"['$user$0, 0.888, good, good, None, 0x2adF05454DC6B0494f9CAE2B56235fD4ca55592A', '$user$1, 0.893, good, good, None, 0xbB52217162539A4D9cb72Db99fD36263798E8619', '$user$2, 0.894, good, good, None, 0x2273f9acD6D094959D51Fcb23394952c31814946', '$user$3, 0.889, good, good, None, 0x0c28766BA974a46e294846df83263bc567d811BB', '$user$5, 0.859, freerider, freerider, 5, 0x7Afd526e0ceFC5F9d988077e8F98e46310986319']","[('close', 'd1312b2fd1d41b5872fa7259e57b5bb00b72a741c156265cab0f05d0c6d6a2e9', 618390), ('slot', '51bb2306e1216d536b62439003b0df50a368acec2caf9534b4e43754502b8eed', 50814), ('slot', '856d62ba4ba49c0edc9aeb4ce57ed30ed6a20511f4e8eee4f82b045b5165ce21', 50814), ('slot', '7041f60ac3aa46e8bcdf312f3c721d64ac9b71752514b8d9269b08f365ae693d', 50802), ('slot', '856245b52eac01a420e5ce3607a7468e45994e5ec0ccf4398bd26676533c48b6', 50814), ('slot', '8975aa733f6080adf714a01d5256e60f304a1b5bf0d8bc916a8c9b77b6aebca8', 50814), ('weights', '744e3b9bb42f5e73401614c0dfa28215cc01cc7b9e72d937c5d46a6b3464b6ad', 73694), ('weights', 'd2c72e20a895033dca64d32ce91886b2a117f1efb09488acabbbdfa6089de7b3', 56594), ('weights', 'd6f19170cd4520022af2d4da4c6f3d8a3a2addd5cbf57be01d0d59176b2bcffb', 56594), ('weights', 'aac5199e4580d91093358560d1d2543cd25854c3d7f7fece0125139cf25572bb', 56594), ('weights', 'def80f43c394217dcd4e96930b341a84e18f7083f49266c07dd951f2fbc5991c', 56594), ('feedback', 'dac06c0ba85c8ddec6755a1c1e536c04c8774048cc2084dd4ce551e178a9db2a', 270522), ('feedback', 'be0e87fe1e37000661ba6de92802814e647ae4a0fdeb14ef2ff8219e99df472e', 219222), ('feedback', '22c31655951d861e089c0288d184280dc0fb887c70df010b8792a93f2a40daf2', 202122), ('feedback', 'a248e9ce3c8bac444885291c62c9f1832fdb13ea20dab9a68f97bdcf30cf6a8d', 202122), ('feedback', 'b1c0b0237bad872a12258d41b4e29f32e3956ad04cc8c6d4e9dabc41d0feac6b', 186678), ('contrib', '050d59b770a9c5327ca8d08a0cd7367e8668e64115e2f3095f9d759b5a3eb143', 75223), ('contrib', '5ab7031d227ec3c0b8e8f1f1fb52a1ccda6e7aacc44c0f844fa7ebe3047736cd', 58123), ('contrib', '65f053067eeea8ff94dc27201df0d332d5719e4167131482f6749927177f1edb', 58123), ('contrib', '6f39c6e4d852b3fb82ba336a39f6223de7db53797e8e6d85709e020373a09816', 58123), ('close', 'ac24bfe64c14eba43009726790ce7efd45b91157f7f990971f3e0b0bc516c0ac', 543324)]"
7,13:41:48.983,0.9208,80.92321014497429,"[1584701607908810923, 1584933987400730519, 1584268058877384803, 1584695971855179698, 361400373957894042, 0]","[92, 91, 92, 89, 0, 90]","[9, 9, 9, 11, 0, 10]","[('0x2adF05454DC6B0494f9CAE2B56235fD4ca55592A', 4543387284371977610, 70189453217629609, 1584701607908810923), ('0xbB52217162539A4D9cb72Db99fD36263798E8619', 4543162822110967398, 70197370448538993, 1584933987400730519), ('0x2273f9acD6D094959D51Fcb23394952c31814946', 4543788800421051018, 70157420235276897, 1584268058877384803), ('0x0c28766BA974a46e294846df83263bc567d811BB', 4543359410285480746, 70155943077501520, 1584695971855179698)]",300000000000000000,"[(7, 180700186978947020)]","[249942317605018615, 249970510601997375, 249828249216079711, 249822989106178283]","[[0.0, 1.0, 1.0, 1.0, 0.0, -1.0], [1.0, 0.0, 1.0, 1.0, 0.0, -1.0], [1.0, 1.0, 0.0, 1.0, 0.0, -1.0], [1.0, 1.0, 1.0, 0.0, 0.0, -1.0], [0.0, 0.0, 0.0, 0.0, 0.0, 0.0], [0.0, 0.0, 0.0, 0.0, 0.0, 0.0]]",[5],"['$user$0, 0.907, good, good, None, 0x2adF05454DC6B0494f9CAE2B56235fD4ca55592A', '$user$1, 0.9, good, good, None, 0xbB52217162539A4D9cb72Db99fD36263798E8619', '$user$2, 0.909, good, good, None, 0x2273f9acD6D094959D51Fcb23394952c31814946', '$user$3, 0.9, good, good, None, 0x0c28766BA974a46e294846df83263bc567d811BB', '$user$5, 0.859, freerider, freerider, 5, 0x7Afd526e0ceFC5F9d988077e8F98e46310986319']","[('close', 'ac24bfe64c14eba43009726790ce7efd45b91157f7f990971f3e0b0bc516c0ac', 543324), ('slot', 'deb1fc57f8383901665654176205aa110582e64e10d2135fa0c606f761c649c3', 50814), ('slot', '7cb846a2856bca015010d2bd6dcf7aeca162d669fc1704a1b30f7f9dd3537486', 50814), ('slot', '7d6802034d9614a0a93b3f2866e851c9ee0d3d7c245792003abb80a297bb095e', 50814), ('slot', '532583f352597f7ff4d820bec0e93418d736d80a03eb3427bf3db3ab156cb0ec', 50802), ('slot', '606171a57552b454295cd1ad4dd1a6fcd777c8f730eedf55f01bfdf2beb6307b', 50814), ('weights', '776a3e6d3f648e93b509c0fe9676b6108784499a44c0aeae63bbe8ddf4c89b18', 73694), ('weights', 'cf9e76715706f11472db9b29ceffeba88d241d25e11372940cab842b5b3bc098', 56594), ('weights', '318400c335e7ded6a43db95dbc50418cb377c48fb4863b7e8864a7ba51a083a6', 56582), ('weights', 'c2c3cf9f411316147c0afd3de314016a054214deb823c4de381c32edaba86fa7', 56594), ('weights', '279aef20c3d279e232efbfa1cf4b3e058300c1f9981e2482e96da364f9f8d5a2', 56594), ('feedback', 'f2f5553533f3ca4b10d8bde4564e742bbea65eae5a5a713d64bc42e388677f19', 270522), ('feedback', '35d90485e6e0376847c67f40e8901f3cf06e0c5dae3f53ea5a4be7ea5df0912d', 219222), ('feedback', '067afb72d2b9997eef7bbfd03ed180567caa175dcfb1b5fb5512ed821068f98e', 202122), ('feedback', 'c0581ca1dbcc3079dd866854f7c55d3ec2302b659be1f71a322e668827f0fa98', 202122), ('feedback', 'e472ed9b0891d2671cd8147f03d71c08074e5ff8df51d7c495bf237ab2e23a2b', 186678), ('contrib', 'f42ad75dce92299327cc669f819626ce5f69cf37a0a175e96b84f7051ff923bc', 75223), ('contrib', 'ce9018639bdaffd9e64db9a137f2349c4628485965a8c6f7c15a9c70bd3f0343', 58123), ('contrib', '38b8ead4fbe6b3ce61dd5e50d2ab35dac46c1520b9620434b2a585627053f99f', 58123), ('contrib', '859f7a600693b13e8a87ff9310a7f75a7b3db7dbc2de9c8bfcea05bfd6a8490d', 58123), ('close', 'c74bfcc123999b4184b68804b9a14d42b8962e37f21424e32d549f7d782c703e', 543324)]"
8,13:43:48.091,0.9296,70.79137640958652,"[1639820518500111959, 1640081755096768223, 1639349350058570133, 1639814793705953640, 240933582638596028, 0]","[93, 93, 93, 90, 0, 91]","[8, 8, 8, 10, 0, 9]","[('0x2adF05454DC6B0494f9CAE2B56235fD4ca55592A', 4753898018133295020, 55118910591301036, 1639820518500111959), ('0xbB52217162539A4D9cb72Db99fD36263798E8619', 4753665638641375424, 55147767696037704, 1640081755096768223), ('0x2273f9acD6D094959D51Fcb23394952c31814946', 4754331567164721140, 55081291181185330, 1639349350058570133), ('0x0c28766BA974a46e294846df83263bc567d811BB', 4753903654186926245, 55118821850773942, 1639814793705953640)]",200000000000000000,"[(8, 120466791319298014)]","[249897837638854980, 250028669834136962, 249727278947830200, 249897435307502746]","[[0.0, 1.0, 1.0, 1.0, 0.0, -1.0], [1.0, 0.0, 1.0, 1.0, 0.0, -1.0], [1.0, 1.0, 0.0, 1.0, 0.0, -1.0], [1.0, 1.0, 1.0, 0.0, 0.0, -1.0], [0.0, 0.0, 0.0, 0.0, 0.0, 0.0], [0.0, 0.0, 0.0, 0.0, 0.0, 0.0]]",[5],"['$user$0, 0.909, good, good, None, 0x2adF05454DC6B0494f9CAE2B56235fD4ca55592A', '$user$1, 0.917, good, good, None, 0xbB52217162539A4D9cb72Db99fD36263798E8619', '$user$2, 0.924, good, good, None, 0x2273f9acD6D094959D51Fcb23394952c31814946', '$user$3, 0.909, good, good, None, 0x0c28766BA974a46e294846df83263bc567d811BB', '$user$5, 0.859, freerider, freerider, 5, 0x7Afd526e0ceFC5F9d988077e8F98e46310986319']","[('close', 'c74bfcc123999b4184b68804b9a14d42b8962e37f21424e32d549f7d782c703e', 543324), ('slot', '6a7a845c1ca535923f13d5d10b950de52a899de8f2508038baf9f4b2b2056933', 50814), ('slot', 'dfc943696fab74d0dd2424d5c7b7a419de1d7065a0dce92b1ed91af395f2815e', 50814), ('slot', '921209089b466907debb03f04cdb8ab7dbacaf56649b601e737dc20544cf173b', 50814), ('slot', 'ee8ac4dc5090f36c50a2689c591671e526ead797ab8cbd25449fe39cd65b3e19', 50814), ('slot', '3e4497c7ca6b9d8f125e2b2680e8e608c2d55e841c14a5a1f554670fa4d9dc45', 50814), ('weights', 'f5dde935476c67aa9bff8f23a99fc3d3ee70d663896071887fd1ba1b9c60b334', 73694), ('weights', '233709590697e7d8a2eb96631ffa9afe2caa249a3fe61997c7a94d48d4e1bc93', 56594), ('weights', 'c8117499e941cb72fe2966a8f06ea43f4fba3607d8f463aa409b6b2a82132854', 56594), ('weights', '2fc98b0848dd26655b4203d640934b7c931d6d1f231130ede94ed1a17189bc7b', 56594), ('weights', '0e184221a919c11da4883db347ad08bd77d57ff077a75ce020378322e4bd2816', 56594), ('feedback', '03d63b406a222053b2b8017df72182433f87e6cd584be8d14b848fe8426711f1', 270522), ('feedback', '9b4e54c95894ad928452f6d24679c7bd48d61121a2fbd6ed2cb8922522f1286b', 219222), ('feedback', '17621b064a1e22b0eff5c6e58e8438a8ddd09f0481f78c72356abe2ffa15fcce', 202122), ('feedback', '5a9abf677e370a241d81aef78ea3384a944ecd363731046e120648ccf4b071c0', 202122), ('feedback', '8aa57047608499dc3df54ec241520bdec7460e1a1e2676af4f70d8e6753bc98c', 186678), ('contrib', 'e18a0d7a44f5356a3f35c7193fcb4a8563f3af55f2cac589512ec127b74eea05', 75223), ('contrib', 'f20748e4952f1b4946d1ed8ba8b41ce18946a225af1b96c875f12c29e4ba1bf7', 58123), ('contrib', 'c22665902f6ce9d6615a05eeb7d3f910ba36d983f67acd5a4639e274f11e05b9', 58123), ('contrib', 'e83513b39e7b49c7d91f06b149428feac27575ac270893f4315cc4b07878d408', 58123), ('close', '0e41ae1185aa9b25d974462baf7d7a85c5fc9dbbe0f15c4f03fd9ca1ee014883', 543324)]"
9,13:45:52.436,0.9363,64.24625067645684,"[1725055582524390196, 1725350750582629828, 1724543920980027115, 1725049745912952842, 0, 0]","[93, 93, 94, 91, 0, 91]","[7, 7, 7, 9, 0, 8]","[('0x2adF05454DC6B0494f9CAE2B56235fD4ca55592A', 4919245898861291996, 85235064024278237, 1725055582524390196), ('0xbB52217162539A4D9cb72Db99fD36263798E8619', 4918984662264635732, 85268995485861605, 1725350750582629828), ('0x2273f9acD6D094959D51Fcb23394952c31814946', 4919717067302833822, 85194570921456982, 1724543920980027115), ('0x0c28766BA974a46e294846df83263bc567d811BB', 4919251623655450315, 85234952206999202, 1725049745912952842)]",100000000000000000,"[(9, 240933582638596028)]","[249891892075538635, 249991372227668762, 249773174524307250, 249891564249992370]","[[0.0, 1.0, 1.0, 1.0, 0.0, -1.0], [1.0, 0.0, 1.0, 1.0, 0.0, -1.0], [1.0, 1.0, 0.0, 1.0, 0.0, -1.0], [1.0, 1.0, 1.0, 0.0, 0.0, -1.0], [0.0, 0.0, 0.0, 0.0, 0.0, 0.0], [0.0, 0.0, 0.0, 0.0, 0.0, 0.0]]",[5],"['$user$0, 0.92, good, good, None, 0x2adF05454DC6B0494f9CAE2B56235fD4ca55592A', '$user$1, 0.938, good, good, None, 0xbB52217162539A4D9cb72Db99fD36263798E8619', '$user$2, 0.939, good, good, None, 0x2273f9acD6D094959D51Fcb23394952c31814946', '$user$3, 0.915, good, good, None, 0x0c28766BA974a46e294846df83263bc567d811BB']","[('close', '0e41ae1185aa9b25d974462baf7d7a85c5fc9dbbe0f15c4f03fd9ca1ee014883', 543324), ('slot', '2c6688f0b2670a78cf5a8abd9a67a8998f08db6235402b2c09b423c80a2ea270', 50814), ('slot', '3a3bda19eceb6f3156f372d737b81f95cbaa24bca7f6b6420dc76b96500135b5', 50814), ('slot', '650f3c517a3d8e062bf155fbf99f84eba4ce8329571902c74e28bb6387747907', 50814), ('slot', 'e5ab5f04a1b48ad9806198578e1ef056de0f6fc6dface09404fd8818fe24021a', 50814), ('slot', '24894bf21603324fb5302fd291eb841c9779fcc2a9089b85cee4cd0ea01956a5', 50814), ('weights', '012630a208187041f4893b3f3e08b465cb41a8288a0234973f4c71c759d2096b', 73694), ('weights', 'b324b85c5c9bdf2f9c75fb561634d09b6bb39834002399078a69c06ccb64771c', 56594), ('weights', '7157c9580084d6fb2acdbf79101af07eb7debb20bf493da4d21b13156214be35', 56594), ('weights', '6b9696550ff25cc2434ab6d1f8adc222687c49e3e45db19e7343a39ccbd0d34e', 56582), ('weights', 'b069b38aed8945fa363079ce7f56e5e5af8a3fd0957557968b575dbac3b14570', 56594), ('feedback', '7cac5a364f94d4da4a327b0993e2af67aa6517392a53b8094a83102ae2f7e8ca', 270522), ('feedback', 'd9eb205f978b96f8af57f483e8e00bf96b3950b50937e3ee5b736f9ab563e591', 219222), ('feedback', 'f1e5226430cc42418e109c09be4fd0194fa61178f9865491f1164b895665ccf0', 202122), ('feedback', '5fa5c6cc012a472cd71847c3de698abbeb2db324d7aa22d2fafa42bb8cbb0c9d', 202122), ('feedback', '4fc309996ebdde40e4907c911dafd0821f7fe751f11c3d8ec4de328cef2051fe', 186678), ('contrib', '3cf894aa1ee122f9e78a23b82d0202f816074a701008198c03a4807e24708cae', 75223), ('contrib', '48eab67177d66ad37753066fca9d3f07df0aef01d34184116020c868c45ea621', 58123), ('contrib', 'c2989191f1b1bdcbfbc7acba30d3b7a94a735e02c6e9bf21a0509d36872a326c', 58123), ('contrib', '6f3ec845f9155b09f1f66063597bfef776cd561bd709b78681b6ec1c213000e0', 58123), ('close', 'a9acad0169555f11dfa1c889d6f89ccaf13972043de761f19c712386a5ce7e70', 502184)]"
10,13:47:33.787,0.9426,57.55019315471873,"[1750058570836237152, 1750362017315871719, 1749527102501552963, 1750052309346338145, 0, 0]","[93, 94, 94, 92, 0, 0]","[6, 6, 7, 8, 0, 0]","[('0x2adF05454DC6B0494f9CAE2B56235fD4ca55592A', 5174944417475609785, 25002988311846956, 1750058570836237152), ('0xbB52217162539A4D9cb72Db99fD36263798E8619', 5174649249417370153, 25011266733241891, 1750362017315871719), ('0x2273f9acD6D094959D51Fcb23394952c31814946', 5175456079019972866, 24983181521525848, 1749527102501552963), ('0x0c28766BA974a46e294846df83263bc567d811BB', 5174950254087047139, 25002563433385303, 1750052309346338145)]",0,[],"[249914914369583129, 249997660517692565, 249716937541961669, 249910667538642883]","[[0.0, 1.0, 1.0, 1.0, 0.0, 0.0], [1.0, 0.0, 1.0, 1.0, 0.0, 0.0], [1.0, 1.0, 0.0, 1.0, 0.0, 0.0], [1.0, 1.0, 1.0, 0.0, 0.0, 0.0], [0.0, 0.0, 0.0, 0.0, 0.0, 0.0], [0.0, 0.0, 0.0, 0.0, 0.0, 0.0]]",[],"['$user$0, 0.934, good, good, None, 0x2adF05454DC6B0494f9CAE2B56235fD4ca55592A', '$user$1, 0.939, good, good, None, 0xbB52217162539A4D9cb72Db99fD36263798E8619', '$user$2, 0.936, good, good, None, 0x2273f9acD6D094959D51Fcb23394952c31814946', '$user$3, 0.923, good, good, None, 0x0c28766BA974a46e294846df83263bc567d811BB']","[('close', 'a9acad0169555f11dfa1c889d6f89ccaf13972043de761f19c712386a5ce7e70', 502184), ('slot', '580e8a76a3e39c216a2dfebd840555ce5d0524e648aa25031f334bece37d3b2c', 50814), ('slot', 'efe7a6259b4093ddca449935668e2faf73c6352b11d4108462780476aabef576', 50814), ('slot', '996b82d6ab9a8416130617421883850d748812e2493fd08b1dedd3706c30573a', 50814), ('slot', 'e926e3ab5c0cf61cc83ece577731bf8569c80a53709c10e80e46449417cbc746', 50814), ('weights', '5a4676b522ef165f91dbb36f4eb7e45338bab5d89c8156b5a971d3ab303ebb05', 73682), ('weights', 'e597b393f5d559f882ff55c150840ac28d30c2d1c2a0cbbf2216f08b39f2fb32', 56582), ('weights', '6f96899eb2e58acec1248d6c7f207c383c75bcc0d02d249f46011aaee1aab343', 56594), ('weights', '4abe2f35abc16bc82efb5d1cf0963c53c2bd8da33eb374cf337fe4e861cec655', 56594), ('feedback', '8e0294c1d20a6dc03b59448671b00b4f557265cdb04c30825a7f3ea1b16d2161', 217307), ('feedback', 'a72d8fc36fb1cbada042c0a8627ce244c91ffd9ec98a3f440d4662aeed60b44a', 183107), ('feedback', '4dda2e027f25fb26d63b65234856e85093a354558f8d386657a3a062947964a6', 166007), ('feedback', 'd491d86dc85e779a46240049e7efa4975e94aacccbff771c43a4c61a190a43ab', 166007), ('contrib', 'e7234113f797d60f641b9b22da964d51b94534d9a1b389b6c70fd483d7d8438f', 75223), ('contrib', 'a605b9cf570631d582599f935735651b67fc5ab9ca64e7a81a7a5a71dc06ce4d', 58123), ('contrib', '4f7d306abae80e62df0d634f3532972d7c79d8f45f3c56f7d6c18a07e9337b05', 58123), ('contrib', '3bba7db120cd082e06e885774265ef6b428276eb2c6f474d2cea5ee6ae8d7f1b', 58123), ('close', '5dbbee4bee7ab99b4ebab268b00e977c817e2303774c425b66230716d909acb9', 410444)]"
# $gasCosts$[340993, 347567, 337041, 354141, 313379, 313367, 75223, 58123, 58123, 58123, 58123, 58123, 361189, 268767, 231767, 218567, 257453, 251667, 75223, 58123, 58123, 58123, 58123, 323389, 254989, 237889, 297589, 229293, 237889, 75223, 58123, 58123, 58123, 58123, 323389, 254989, 237889, 237889, 239293, 237889, 75223, 58123, 58123, 58123, 58123, 321737, 253337, 236237, 236237, 239293, 210671, 75223, 58123, 58123, 58123, 270522, 219222, 202122, 202122, 186678, 75223, 58123, 58123, 58123, 270522, 219222, 202122, 202122, 186678, 75223, 58123, 58123, 58123, 270522, 219222, 202122, 202122, 186678, 75223, 58123, 58123, 58123, 270522, 219222, 202122, 202122, 186678, 75223, 58123, 58123, 58123, 217307, 183107, 166007, 166007, 75223, 58123, 58123, 58123],[126674, 126674, 126674, 126674, 126674],[50814, 50802, 50814, 50814, 50814, 50814, 50802, 50814, 50814, 50814, 50814, 50814, 50814, 50814, 50814, 50814, 50814, 50814, 50814, 50814, 50814, 50814, 50814, 50814, 50814, 50814, 50814, 50814, 50814, 50814, 50814, 50814, 50802, 50814, 50814, 50814, 50814, 50814, 50802, 50814, 50814, 50814, 50814, 50814, 50814, 50814, 50814, 50814, 50814, 50814, 50814, 50814, 50814, 50814],[73694, 56582, 56594, 56582, 56582, 56594, 73694, 56594, 56594, 56594, 56582, 56594, 73694, 56594, 56594, 56594, 56570, 56594, 73670, 56594, 56594, 56594, 56582, 56570, 73694, 56594, 56594, 56594, 56582, 56594, 73694, 56594, 56594, 56594, 56594, 73694, 56594, 56582, 56594, 56594, 73694, 56594, 56594, 56594, 56594, 73694, 56594, 56594, 56582, 56594, 73682, 56582, 56594, 56594],[641584, 643643, 643643, 643643, 618390, 543324, 543324, 543324, 502184, 410444],[],[]
# TOTAL EXPERIMENT TIME: 1295.80 seconds
