# Author Nykjaer
# ------Specs--------# cpu_name:  (processor model)
# cpu_cores: 6 (physical cores)
# ram_gb: 13.5 (system memory in GB)
# gpu_name: NVIDIA GeForce RTX 3060 Laptop GPU (graphics processor)
# os_name: Linux (operating system)
# ------Config--------# good_contributors: 4 (honest participants)
# bad_contributors: 1 (malicious participants)
# freeriders: 1 (contribute 0)
# inactive: 0 (never join)
# reward: 1000000000000000000 (total reward pool)
# minimum_rounds: 10 (rounds to simulate)
# min_buy_in: 1000000000000000000 (lower buy-in bound)
# max_buy_in: 1000000000000000000 (upper buy-in bound)
# standard_buy_in: 1000000000000000000 (default buy-in)
# epochs: 1 (local epochs per round)
# batch_size: 32 (training batch size)
# punish_factor: 3 (penalty multiplier)
# first_round_fee: 50 (fee for first round)
# fork: True (True=local fork, False=real net)
# contribution_score_strategy: dotproduct (scoring method)
# use_outlier_detection: True (Whether to use outlier detection)
# freerider_start_round: 5 (When freeriders should start freeriding)
# freerider_noise_scale: 0.1 (How much noise a freeder should add)
round,time,globalAcc,globalLoss,GRS,accAvgPerUser,lossAvgPerUser,rewards,conctractBalanceRewards,punishments,contributionScores,feedbackMatrix,disqualifiedUsers,userStatuses,GasTransactions
# $startingUserConfig$['$user$0, 0, good, good, None, 0xA41dE09A63f6Cedd633f99052b44450d3BB91D44', '$user$1, 0, good, good, None, 0x17725D495A0843Ea05541fD61ba5D4082750bC08', '$user$2, 0, good, good, None, 0x37AC7AC5D09bbC6dAC1CF036b7F9DdD0EA4E052E', '$user$3, 0, good, good, None, 0x536fc4cd48ad9B3649e8aB615592E83Ec9F5fcd1', '$user$4, 0, good, bad, 3, 0x118E560679B62a9F24c135A96d416548782f8cc2', '$user$5, 0, good, freerider, 5, 0xA2F37A08a8488CB8551a0D03f7A73f4156757de7']
0,01:32:00.815,0,720.6644287109375,"[1000000000000000000, 1000000000000000000, 1000000000000000000, 1000000000000000000, 1000000000000000000, 1000000000000000000]",[],[],[],1000000000000000000,[],[],,[],"['$user$0, 0, good, good, None, 0xA41dE09A63f6Cedd633f99052b44450d3BB91D44', '$user$1, 0, good, good, None, 0x17725D495A0843Ea05541fD61ba5D4082750bC08', '$user$2, 0, good, good, None, 0x37AC7AC5D09bbC6dAC1CF036b7F9DdD0EA4E052E', '$user$3, 0, good, good, None, 0x536fc4cd48ad9B3649e8aB615592E83Ec9F5fcd1', '$user$4, 0, good, bad, 3, 0x118E560679B62a9F24c135A96d416548782f8cc2', '$user$5, 0, good, freerider, 5, 0xA2F37A08a8488CB8551a0D03f7A73f4156757de7']","[('register', 'ab3cae11ae373cf1e3dc8bb6b477da3df2de27254668cb471b7a3289e60ca6d0', 126674), ('register', '3e1dd32a97a6e0ccba35a8fab7f147991bdb84ccfe936f38d527e0ef57f74d22', 126674), ('register', '9ce4f4827cdb00ce3715ab5611ee13b3819f148c6de74e168eaf2dd8e933a560', 126674), ('register', '194da9adc15d0a45d8ecc1aa87b065e9e35de03f92298bf4e6b4774ef6d3f239', 126674), ('register', '92d26f961fa9652df57e515df591663d20dd8c9b1532fe5829fdb46bdd66131a', 126674)]"
1,01:32:31.197,0.1584,716.035400390625,"[1016722505537159493, 1016654642671884178, 1016624755414213743, 1016766757513578645, 1016678313165382452, 1016553025697781486]","[10, 10, 11, 12, 11, 11]","[74, 74, 74, 74, 74, 74]","[('0xA41dE09A63f6Cedd633f99052b44450d3BB91D44', 5000000000000000000, 16722505537159493, 1016722505537159493), ('0x17725D495A0843Ea05541fD61ba5D4082750bC08', 4000000000000000000, 16654642671884178, 1016654642671884178), ('0x37AC7AC5D09bbC6dAC1CF036b7F9DdD0EA4E052E', 5000000000000000000, 16624755414213743, 1016624755414213743), ('0x536fc4cd48ad9B3649e8aB615592E83Ec9F5fcd1', 5000000000000000000, 16766757513578645, 1016766757513578645), ('0x118E560679B62a9F24c135A96d416548782f8cc2', 5000000000000000000, 16678313165382452, 1016678313165382452), ('0xA2F37A08a8488CB8551a0D03f7A73f4156757de7', 4000000000000000000, 16553025697781486, 1016553025697781486)]",900000000000000000,[],"[167225062847137451, 166546434164047241, 166247561573982238, 167667582631111145, 166783139109611511, 165530264377593994]","[[0.0, 0.0, 1.0, 1.0, 1.0, 0.0], [1.0, 0.0, 1.0, 1.0, 1.0, 1.0], [1.0, 1.0, 0.0, 1.0, 1.0, 1.0], [1.0, 1.0, 1.0, 0.0, 1.0, 1.0], [1.0, 1.0, 1.0, 1.0, 0.0, 1.0], [1.0, 1.0, 1.0, 1.0, 1.0, 0.0]]",[],"['$user$0, 0.772, good, good, None, 0xA41dE09A63f6Cedd633f99052b44450d3BB91D44', '$user$1, 0.693, good, good, None, 0x17725D495A0843Ea05541fD61ba5D4082750bC08', '$user$2, 0.727, good, good, None, 0x37AC7AC5D09bbC6dAC1CF036b7F9DdD0EA4E052E', '$user$3, 0.7, good, good, None, 0x536fc4cd48ad9B3649e8aB615592E83Ec9F5fcd1', '$user$4, 0.733, good, bad, 3, 0x118E560679B62a9F24c135A96d416548782f8cc2', '$user$5, 0.701, good, freerider, 5, 0xA2F37A08a8488CB8551a0D03f7A73f4156757de7']","[('slot', '84c0e13d215cbaa6a4ae7b8706f59308c3917ca8a9e3ea4a65e5a107f867e3f6', 50814), ('slot', 'ffa59fdd973970cfcb946ed920577298176f28989b5acc2532cb0f4686859d1d', 50814), ('slot', 'c496af915af9830656a6f0d6737aac368752e3daaee440ea8a0dd79dc30c65c9', 50814), ('slot', 'cbe9013ace39acad0be43023b0af70beeef36793868d390c908c90e1714d0dd2', 50814), ('slot', 'c8a643e19ed7f4bab102c581c8c01c77678c0e2ebe28c89c747eafdc7d1df47b', 50814), ('slot', 'a793fbe14cb7414a0a6416912444428ca3cc0e1cdc0115560232ec31ae3a29e5', 50814), ('weights', '094d6f7ae45c54fbf32c5d69585ec0c9ea8dc8e1714b693a7b26e8469f459e6a', 73694), ('weights', 'c7165a8d8ad6f5f814268372d77d32f0ab68e1a6d1f22584413b3e07e12de7df', 56594), ('weights', '641b8a6b2c22250d9b92bcca178965be6c6da65e65ee8ea85dda5f7cad887b2d', 56594), ('weights', '005a24b5ba98cbd0f7c280f95375e5ea74196101990298b4f9939aeea83a6342', 56570), ('weights', '0a5086ad1e18d82e0d6fe00017d6ca586117c7c2e5028be26ecaf0d0df362f02', 56570), ('weights', 'ca85744815b9b8ab601f1eded17329b61977d5be7504587a5150b2f507bcf939', 56594), ('feedback', '148c2adeb1babed31f0a6f08743ebed03f22ff9664ccc4b3dd00b9eed6ab72c9', 341005), ('feedback', 'ec9ff3fb1c1953bbc47796b38b1426bedb247608fc02575ae409850b7cc6d1a1', 371253), ('feedback', 'a54e0de719cb76a7ef9425de9a2aa2ee0443c367ec33a08f70b0a310d2e05356', 354153), ('feedback', '586f84bd752f83cc1df469c069902bb97b5ba5d34cc868e4dc9996dc18cec0cf', 337053), ('feedback', 'c1cf84652ea3695a11c8a2fc8889ee5980a651261ac68e114c82244a1ee49a06', 337053), ('feedback', '9aace63312b41aa3112bde68d44645fca4a774b84edf9ebeeb9b8ef9bf614a73', 337053), ('contrib', 'e1038e89be8f946ba601a911da99a2a408f65d015cc4f08ca62be1162b59aa4f', 75223), ('contrib', 'a1f15673de9b82c5d1bdc68077409977846e8cda9030155ba917ae46d07c41d5', 58123), ('contrib', '50e7a868092e9eabd8c2b3d07e8086579ea5fa2cf88722c07407d4b94668faec', 58123), ('contrib', 'e70d12cfc1717b60fb1b9bf4499ae8430fde2bdb0e0e74f26bd82cac98cac969', 58123), ('contrib', '1c0ffe9d806539f9f1af4fec92374de101c64a0a9b396e4126e002b5153c7278', 58123), ('contrib', '86de1822e8cce7ee44764472af41c5aa528789ac49012d1784b8031cfedf1f24', 58123), ('close', '39ac25f36920bd39b7743999f1e3d05d9aaaf50de888fbc990cf233d93f348be', 641581)]"
2,01:33:00.698,0.6501,606.6475067138672,"[1033390407758533872, 1033323799571124559, 1033292501173383929, 1033437254027310162, 1033338532347472852, 1033217505122174620]","[14, 15, 16, 16, 16, 18]","[73, 73, 73, 73, 73, 73]","[('0xA41dE09A63f6Cedd633f99052b44450d3BB91D44', 5083277494462840504, 16667902221374379, 1033390407758533872), ('0x17725D495A0843Ea05541fD61ba5D4082750bC08', 4066792331630334333, 16669156899240381, 1033323799571124559), ('0x37AC7AC5D09bbC6dAC1CF036b7F9DdD0EA4E052E', 5083375244585786254, 16667745759170186, 1033292501173383929), ('0x536fc4cd48ad9B3649e8aB615592E83Ec9F5fcd1', 5083233242486421352, 16670496513731517, 1033437254027310162), ('0x118E560679B62a9F24c135A96d416548782f8cc2', 2033279398086097921, 16660219182090400, 1033338532347472852), ('0xA2F37A08a8488CB8551a0D03f7A73f4156757de7', 5083446974302218511, 16664479424393134, 1033217505122174620)]",800000000000000000,[],"[166679009795188903, 166691556572914123, 166677445173263549, 166704952716827392, 166602179408073425, 166644781827926635]","[[0.0, 1.0, 1.0, 1.0, 0.0, 1.0], [1.0, 0.0, 1.0, 1.0, 1.0, 1.0], [1.0, 1.0, 0.0, 1.0, 1.0, 1.0], [1.0, 1.0, 1.0, 0.0, 0.0, 1.0], [1.0, 1.0, 1.0, 1.0, 0.0, 1.0], [1.0, 0.0, 1.0, 1.0, 0.0, 0.0]]",[],"['$user$0, 0.58, good, good, None, 0xA41dE09A63f6Cedd633f99052b44450d3BB91D44', '$user$1, 0.56, good, good, None, 0x17725D495A0843Ea05541fD61ba5D4082750bC08', '$user$2, 0.572, good, good, None, 0x37AC7AC5D09bbC6dAC1CF036b7F9DdD0EA4E052E', '$user$3, 0.611, good, good, None, 0x536fc4cd48ad9B3649e8aB615592E83Ec9F5fcd1', '$user$4, 0.518, good, bad, 3, 0x118E560679B62a9F24c135A96d416548782f8cc2', '$user$5, 0.682, good, freerider, 5, 0xA2F37A08a8488CB8551a0D03f7A73f4156757de7']","[('close', '39ac25f36920bd39b7743999f1e3d05d9aaaf50de888fbc990cf233d93f348be', 641581), ('slot', 'ee29bc3d82dd7522453830e1732eeed2d7c3de298ea98996ccbbbd1ab99717cb', 50814), ('slot', '77c4548b10cde6e0fca41519238810d237da8a10ba67d4e63559482f5dccc0a4', 50814), ('slot', '6b6bdf54a6e7b6fe0579896135e8d6a8d1cdd87fdd5d0a26e4ba64101af7d6d7', 50814), ('slot', '5d0320d003d39c6a4aa160d09720c1399c3bdeff00275572e431a0ce98b15099', 50814), ('slot', 'f4717233797079fbaae17a5c8d8dfc40fa6d420dac6e602eb5f42b4d169f000b', 50814), ('slot', '5f2b2eee022d3e4dacdc9262f4894e1e98e3bb00a9f695946b0350469cdafd8c', 50802), ('weights', 'f5a0a56663a5c58864d45df54c86a30855e1ac7a5a170a161c1507e08a37de96', 73694), ('weights', '5e4d481ba5ec5d84c042109ace7b9a44e654fc3996a06b3bb63ef49c484c2660', 56582), ('weights', '08edf31ed3e60d56a195e9e9f79c6dd261a27ea5c791294807ce3b18bca5c3c6', 56594), ('weights', '66d28e99a168fe9adc0c9bcbcf43a8286c9b63a308f82f477341a98905d77520', 56594), ('weights', 'e63a0f80484bfe846e227d909f94d9d85ca9bafa0bd44f85265e5735246b9997', 56594), ('weights', '88ea6050434f41166891a61f50d1c1917e856a281dd8318d3903c00460f87209', 56594), ('feedback', '70e7f22b4a73d8935d6fa4c230acb55a5e3d7eda5c70599908066ea7b687a9fb', 339979), ('feedback', 'dc45388924a075956e1577351a4effb66a9f0ae41df6c4acf5f38b1ce3300873', 271753), ('feedback', '1df6c6f6fe4c4177f31fbeee0d49dd658ee9d8612474f6e844b0fe5264b7df6c', 237553), ('feedback', '1b484246c009c7f62223900160095c3ea4b8b37d92a00d2d4aa93ecf01789f2c', 231779), ('feedback', '7f889bfbcb03d2e93f248412952e0869116c2bfd8da1568460ab8d7729d8af28', 237553), ('feedback', '28d24ce9d4e6272c3a1be89a3021dd90082fb04ff523ae655eddbeb461e38a24', 226005), ('contrib', 'f5066e8f6aaf13bc8dacf383aea2b35c924a892db0b7fe1fd9e7d080ae54fd91', 75223), ('contrib', '14d201001ecb2e3a4b3f04473dfca6f7f40ed14c85988e30ccd2db6711190e1b', 58123), ('contrib', '69335a1c1771fb571a023a6b523fb6221062556d74f268a9fd559f6034ba30e9', 58123), ('contrib', '77583db1df9cdd1228d9c313afc023976a3a2800a1163de315ba3cab396edc0f', 58111), ('contrib', '0418608541b00efc20392626cd531f482976e8b013a2f377def7cc7cc5c43a7a', 58123), ('contrib', 'cfe5353585c777f40f9ee5b34f13d205d915c64161580189494a55e4d7c7a843', 58123), ('close', 'c49179f02422fb898bc2e156542479f4244b0c7d1b23bfd0fca34530d0987eb7', 611186)]"
3,01:33:28.539,0.8206,195.2944531738758,"[1122279142567352239, 1122244932944974107, 1122151804415767593, 1122355440270857405, 688892354898315235, 1122076324902733412]","[64, 64, 67, 62, 66, 68]","[62, 62, 62, 63, 62, 62]","[('0xA41dE09A63f6Cedd633f99052b44450d3BB91D44', 3099932527546520418, 88888734808818367, 1122279142567352239), ('0x17725D495A0843Ea05541fD61ba5D4082750bC08', 3099999135733929731, 88921133373849548, 1122244932944974107), ('0x37AC7AC5D09bbC6dAC1CF036b7F9DdD0EA4E052E', 3100030434131670361, 88859303242383664, 1122151804415767593), ('0x536fc4cd48ad9B3649e8aB615592E83Ec9F5fcd1', 3099885681277744128, 88918186243547243, 1122355440270857405), ('0xA2F37A08a8488CB8551a0D03f7A73f4156757de7', 3100105430182879670, 88858819780558792, 1122076324902733412)]",700000000000000000,"[(3, 344446177449157617)]","[199998855590820312, 200071752071380615, 199932634830474853, 200065121054649353, 199931547045707702]","[[0.0, 1.0, 1.0, 1.0, -1.0, 1.0], [1.0, 0.0, 1.0, 1.0, -1.0, 1.0], [1.0, 1.0, 0.0, 1.0, -1.0, 1.0], [1.0, 1.0, 1.0, 0.0, -1.0, 1.0], [-1.0, -1.0, -1.0, -1.0, 0.0, -1.0], [1.0, 1.0, 1.0, 1.0, -1.0, 0.0]]",[5],"['$user$0, 0.764, good, good, None, 0xA41dE09A63f6Cedd633f99052b44450d3BB91D44', '$user$1, 0.786, good, good, None, 0x17725D495A0843Ea05541fD61ba5D4082750bC08', '$user$2, 0.784, good, good, None, 0x37AC7AC5D09bbC6dAC1CF036b7F9DdD0EA4E052E', '$user$3, 0.782, good, good, None, 0x536fc4cd48ad9B3649e8aB615592E83Ec9F5fcd1', '$user$4, 0.518, bad, bad, 3, 0x118E560679B62a9F24c135A96d416548782f8cc2', '$user$5, 0.768, good, freerider, 5, 0xA2F37A08a8488CB8551a0D03f7A73f4156757de7']","[('close', 'c49179f02422fb898bc2e156542479f4244b0c7d1b23bfd0fca34530d0987eb7', 611186), ('slot', '713beef4929a2b988e9c041714a0be79205e227725ce462d04eab9c81109d771', 50814), ('slot', 'cd17592dd7f89b791d5d910116baeead40ec16ceda1090de6687444ddbda3002', 50814), ('slot', '66cb44490e0f284dc43140337337e65719a962bf34aa63a306f241e380099575', 50814), ('slot', '111ee778195957e81a389897fda9905ca732469d795d2ca5d9cdcac1fc8c8ed4', 50802), ('slot', '649e6bb112574e1ac689cf3b6d881415ea731314a9936bcb80958e72139ca1f6', 50814), ('slot', '41aa01d628347042955f2fa4f12682b53f00f9d8be37263102766751a296956f', 50814), ('weights', 'e5c1a6ff7736b9299f0fc6c8df2d8bce74edd7749daf45550ea86c8ed1565ef5', 73694), ('weights', '9002d3882a27b0a4a35952a081ce3a949f65e17dca7776433f3225ef1dff32e8', 56594), ('weights', '21578fad4b888ad08dfbc653b2caa8b55fcfdcca2133162f9230bf850f679761', 56594), ('weights', '0adf4fbb2f722e1e4cf2681c78cd3028f4a4cc457c29e1c8733ff54c866c51c2', 56594), ('weights', 'cb2f8504cea818b58516f7973d54590660282b0d85610541a37bbc8ab175fe5f', 56594), ('weights', 'de58bc23bdde1bbe58b4a957b12c9579c44342904af9821332a3180ff9949f0e', 56594), ('feedback', 'cc15c41dd89cc6941f4755b1220a3d12e27dfe9a9f79566e54e796063666de3d', 323401), ('feedback', '2868a1f9b43fc5b2c5dd1f2b5170c0a09de798953866cbac017e60e6c92cbff7', 253001), ('feedback', 'dddeed17c77564cf84c82bd04b5ee89c40653a2f6d4edcf74ad48b988504ff2b', 235901), ('feedback', '79bbee823233f6cf56b36951d57d13a0d6b2be97a2f00e33b8060cc2fc13a7c2', 237901), ('feedback', '9ff4fb09d0736283e4e86c6b13d8fe98ae1b9026d1bdd87890edefbfa6e32d09', 229293), ('feedback', '7b0c127f4c6933e87d7643f5f74aa6563d0fc7a44c86e99ca50138e12ece866e', 257801), ('contrib', 'abe01c6be55ab2b9b1292abb445ccbf7092a54f5c70b748a45333d363d32a4cc', 75223), ('contrib', 'e2039f24d772aca17a01b939b4cbadce3bc6467325c2bc8e3d35090d29587eef', 58123), ('contrib', '7bdb937f7fde4beeb840734510fa259585cb3f6526b2176a0d80fbc52aaf07ca', 58123), ('contrib', '8730c73eed01417c03f55b910e13481075bb8cab7c922b4df2c624371d3cf21f', 58123), ('contrib', '5e97f6d44d2831849ad5e16edaa81dd0f3e908810196a7ba5f6f2984b6cff730', 58123), ('close', '792a124f576aceef81b1ff7c17bc41febf75c852e1674b5123a07c84908d3b29', 643640)]"
4,01:33:56.431,0.8709,136.5955944135785,"[1188175742801985412, 1188200598560339623, 1188045781705426872, 1188326062566832484, 459261569932210157, 1187990244433205441]","[81, 81, 80, 79, 83, 83]","[19, 20, 21, 22, 19, 19]","[('0xA41dE09A63f6Cedd633f99052b44450d3BB91D44', 3799936147636017282, 65896600234633173, 1188175742801985412), ('0x17725D495A0843Ea05541fD61ba5D4082750bC08', 3799970357258395414, 65955665615365516, 1188200598560339623), ('0x37AC7AC5D09bbC6dAC1CF036b7F9DdD0EA4E052E', 3800063485787601928, 65893977289659279, 1188045781705426872), ('0x536fc4cd48ad9B3649e8aB615592E83Ec9F5fcd1', 3799859849932512116, 65970622295975079, 1188326062566832484), ('0xA2F37A08a8488CB8551a0D03f7A73f4156757de7', 3800138965300636109, 65913919530472029, 1187990244433205441)]",600000000000000000,"[(4, 229630784966105078)]","[199910312891006469, 200089499354362487, 199902355670928955, 200134873390197753, 199962854385375976]","[[0.0, 1.0, 1.0, 1.0, -1.0, 1.0], [1.0, 0.0, 1.0, 1.0, -1.0, 1.0], [1.0, 1.0, 0.0, 1.0, -1.0, 1.0], [1.0, 1.0, 1.0, 0.0, -1.0, 1.0], [-1.0, -1.0, -1.0, -1.0, 0.0, -1.0], [1.0, 1.0, 1.0, 1.0, -1.0, 0.0]]",[5],"['$user$0, 0.852, good, good, None, 0xA41dE09A63f6Cedd633f99052b44450d3BB91D44', '$user$1, 0.845, good, good, None, 0x17725D495A0843Ea05541fD61ba5D4082750bC08', '$user$2, 0.852, good, good, None, 0x37AC7AC5D09bbC6dAC1CF036b7F9DdD0EA4E052E', '$user$3, 0.827, good, good, None, 0x536fc4cd48ad9B3649e8aB615592E83Ec9F5fcd1', '$user$4, 0.518, bad, bad, 3, 0x118E560679B62a9F24c135A96d416548782f8cc2', '$user$5, 0.858, good, freerider, 5, 0xA2F37A08a8488CB8551a0D03f7A73f4156757de7']","[('close', '792a124f576aceef81b1ff7c17bc41febf75c852e1674b5123a07c84908d3b29', 643640), ('slot', 'f3ad84676160babbb53d6d241ab52de23734a4aa646fb92b1d5f99297d2fd44d', 50814), ('slot', 'a32ae55304125190ffe067c751ecd97ee0d474ec75f71520c3a49cc5eed08719', 50814), ('slot', '53536327f65718a24935b6abebfb39e67d1fbe39cb856fa917033274012ddae8', 50814), ('slot', 'db72056e0ea43ea5dc3e45d3e3857a129a377f608951019a37c4c8aa764b6757', 50814), ('slot', '8065134ff34f20e23186b6cb2e623fd0688039729eb1d6d86571e9c2cd41eca7', 50814), ('slot', 'f60542078ce79b0ed25f6c45a1e431b9b117e1e9d3452dfcc60300e578bc620c', 50814), ('weights', 'fe5a2fb997fe60ddb27fc2065d8e042a53797d51f4753658c97acacbd0218210', 73682), ('weights', '7b9785248619838138f02c51518fe5b1af61bfd5c06603e58984f6e48f0c3530', 56594), ('weights', 'e41e6c831d7be4677c1b352110514b3aa8be8ccd3fd42887951bd070d034cae5', 56594), ('weights', '3058b7a7066e7d874b4e07b018e815a7398f6a8d91889655c2b4604ed0ca99db', 56594), ('weights', 'a732e74b895a6fd9cbd8c7c0fc573a1f04f9b3de3a1c46f83cf122f0d8b2b3da', 56594), ('weights', 'f5a6bccc461eb64e82a4cd60887815092d0ab1969c576b39e80fa94f9c78c417', 56582), ('feedback', '7f30fe060d4731fcb5da0f55d8b6df89aaaf855dc082d7b8230f14f4176985d7', 323401), ('feedback', '2fc7ea843ffca97593d27991ce9875ca3ed8aa1caeb9a85ce1b45afe6b6f8676', 255001), ('feedback', '0f3dfcd0fda16d6945250a44de1dff619725889ca2b9074b78169aa556630114', 237901), ('feedback', '77d60dab6241ee3af98163d3707fb2cf09aa0f28da6e4271853bbc36d8952d48', 237901), ('feedback', '4b7907e54dad0e0d6d97398d1ce3e44e3589fa385808431ebbf6b4462bb1e753', 239293), ('feedback', '9a7ad474e0225bf7d4942097884bf2b4ade9204387c646924f370c9aec04951b', 237901), ('contrib', '881ba9212f299136530e1b4ff51c0bbb44ee96ebdcc2e0ddde9b93535f57ad7e', 75223), ('contrib', '9c51d53d5e56d03339de44d9203cef0b80518045604c4fe33da34314debc9d71', 58123), ('contrib', '9c4d20405e3a9db4af479d34839038aa7a6855fed785f450fc4f0761f884c59d', 58123), ('contrib', 'ac3299b756ffaa4ec7f2c6390b371cd1b99b3f9da142310c212cee81751a43b5', 58123), ('contrib', 'c3cd2e44a74d8df13fec8d57beec7a9dcb502c950fb63f880bb6f16b9741d835', 58123), ('close', 'af67dcf1a71b1bec45fde2e939d252c130235cc472c2992c4e4e7255253cb178', 643640)]"
5,01:34:22.589,0.8935,110.28300155326724,"[1350439166164716931, 1350574922273662757, 1350202221919903215, 1350615813398106684, 306174379954806772, 791993496288803628]","[87, 87, 87, 85, 87, 87]","[13, 14, 14, 16, 13, 14]","[('0xA41dE09A63f6Cedd633f99052b44450d3BB91D44', 3105310872900388822, 162263423362731519, 1350439166164716931), ('0x17725D495A0843Ea05541fD61ba5D4082750bC08', 3105286017142034611, 162374323713323134, 1350574922273662757), ('0x37AC7AC5D09bbC6dAC1CF036b7F9DdD0EA4E052E', 3105440833996947362, 162156440214476343, 1350202221919903215), ('0x536fc4cd48ad9B3649e8aB615592E83Ec9F5fcd1', 3105160553135541750, 162289750831274200, 1350615813398106684)]",500000000000000000,"[(5, 153087189977403385), (5, 395996748144401813)]","[249988347291946411, 250159204006195068, 249823525547981262, 250028908252716064]","[[0.0, 1.0, 1.0, 1.0, -1.0, -1.0], [1.0, 0.0, 1.0, 1.0, -1.0, -1.0], [1.0, 1.0, 0.0, 1.0, -1.0, -1.0], [1.0, 1.0, 1.0, 0.0, -1.0, -1.0], [-1.0, -1.0, -1.0, -1.0, 0.0, -1.0], [0.0, 0.0, 0.0, 0.0, 0.0, 0.0]]","[5, 6]","['$user$0, 0.86, good, good, None, 0xA41dE09A63f6Cedd633f99052b44450d3BB91D44', '$user$1, 0.878, good, good, None, 0x17725D495A0843Ea05541fD61ba5D4082750bC08', '$user$2, 0.89, good, good, None, 0x37AC7AC5D09bbC6dAC1CF036b7F9DdD0EA4E052E', '$user$3, 0.871, good, good, None, 0x536fc4cd48ad9B3649e8aB615592E83Ec9F5fcd1', '$user$4, 0.518, bad, bad, 3, 0x118E560679B62a9F24c135A96d416548782f8cc2', '$user$5, 0.858, freerider, freerider, 5, 0xA2F37A08a8488CB8551a0D03f7A73f4156757de7']","[('close', 'af67dcf1a71b1bec45fde2e939d252c130235cc472c2992c4e4e7255253cb178', 643640), ('slot', '428533e7a4b198cd8e1b9c2eb75b52253eff952fac8996a22db59b25c88e0d5d', 50814), ('slot', 'bc68a371e65ddc5d6cb9793344483bc2a0571ac8507f7654269893b451c58eca', 50814), ('slot', '8314c2469f053699c300989fe92563826dd4671cd1530e6a2a835b5e674bbb17', 50814), ('slot', '19f00bb1d0a7ef2978deeb811802f06693b5b08e0fcce01749e1bb158227aac7', 50814), ('slot', 'd9cb81a51ad9d9c20aaa9e120f110dbee98c02606d835ecc5e6ff379ccd67c9e', 50814), ('slot', '2dc09b13e718549fb13d7aa482d36edee53debc970c8662283de7886153c64dd', 50814), ('weights', '4cfaee92042a78b712838400edb2d4a79e166da312d79789ae059c3c0ca4d2d7', 73694), ('weights', '5e36b113715e4d379836fa3c42073db3f679c389efef9f7cc1fba41c1aa8a032', 56594), ('weights', '65a1807ef38c95bab047b77ab88dcfcb5ef8c2a2424caff2db051637b53a1247', 56582), ('weights', '711246a825d1f88df31722388e68fe05b280804954965d9acc5a4a808683b9e9', 56582), ('weights', '663d275890fbc6261b0b41e5a578ce779ad6fcd9a1cc116c39725f154690afeb', 56582), ('weights', '3f8ea9d10a7bf428759ea3812c846c36c000d7b57ba04f8cb0ae121eb6af02bb', 56594), ('feedback', 'e493e5f87a88e0a4d5aa6247d8267a9c5c0c1bd961875ce486c921998229d73c', 321749), ('feedback', '855c7e1335efb30a04455a7a4b216ada47fe191787f1e189e0c018214285433d', 253349), ('feedback', '5271d7f3b045d55f15f1a5b4ca5841c04eb8b411f446f584312b16f00bb43a17', 236249), ('feedback', '8ec8191d2d22e0e97c2336e456174059380042c2a9669f3f49a5296a4d64accf', 236249), ('feedback', 'fde215b8235cea766cf37d82f60b4ac7031f3b6dd56216c0222e00e9f85efdc7', 239293), ('feedback', 'af57bea456a184648e9ec9bc99852f07974ac3f8edfb6b39301e7a8f2fd19b43', 210683), ('contrib', 'a576b637246592e8ae8ffd0f8862e7998d948946ee10188871622de54efb8fca', 75223), ('contrib', 'da77b76501c3c554b245ddaa8987e3a44c92a6b4c38f53b93701c0b08834df7c', 58123), ('contrib', '200d2431ea504b1b93709985a9714c30cfd83d28f409ca63547de28287483a32', 58123), ('contrib', '490172ed10deb76d6183f4d852372da74358be76d0a117306e755e6b328a2e47', 58123), ('close', '48246ae435adeb7f658d18786c245f545d730201eb13fbee568e238769640f9b', 658515)]"
6,01:34:48.570,0.9073,93.47459709644318,"[1517992312875295940, 1518225915188689736, 1517675238201365005, 1518110869542113552, 527995664192535752, 0]","[90, 89, 89, 87, 89, 89]","[10, 11, 11, 13, 11, 11]","[('0xA41dE09A63f6Cedd633f99052b44450d3BB91D44', 3745218577636865884, 167553146710579009, 1517992312875295940), ('0x17725D495A0843Ea05541fD61ba5D4082750bC08', 3745082821527920058, 167650992915026979, 1518225915188689736), ('0x37AC7AC5D09bbC6dAC1CF036b7F9DdD0EA4E052E', 3745455521881679600, 167473016281461790, 1517675238201365005), ('0x536fc4cd48ad9B3649e8aB615592E83Ec9F5fcd1', 3745041930403476131, 167495056144006868, 1518110869542113552)]",400000000000000000,"[(6, 263997832096267876), (6, 306174379954806772)]","[250015050172805786, 250161051750183105, 249895483255386352, 249928370118141174]","[[0.0, 1.0, 1.0, 1.0, -1.0, -1.0], [1.0, 0.0, 1.0, 1.0, -1.0, -1.0], [1.0, 1.0, 0.0, 1.0, -1.0, -1.0], [1.0, 1.0, 1.0, 0.0, -1.0, -1.0], [-1.0, -1.0, -1.0, -1.0, 0.0, -1.0], [0.0, 0.0, 0.0, 0.0, 0.0, 0.0]]","[6, 5]","['$user$0, 0.88, good, good, None, 0xA41dE09A63f6Cedd633f99052b44450d3BB91D44', '$user$1, 0.884, good, good, None, 0x17725D495A0843Ea05541fD61ba5D4082750bC08', '$user$2, 0.9, good, good, None, 0x37AC7AC5D09bbC6dAC1CF036b7F9DdD0EA4E052E', '$user$3, 0.89, good, good, None, 0x536fc4cd48ad9B3649e8aB615592E83Ec9F5fcd1', '$user$5, 0.858, freerider, freerider, 5, 0xA2F37A08a8488CB8551a0D03f7A73f4156757de7']","[('close', '48246ae435adeb7f658d18786c245f545d730201eb13fbee568e238769640f9b', 658515), ('slot', 'b0cb64ddd96c9080e0490fdd28d0154fd30239e8633087cd59386f51dd0108be', 50814), ('slot', '2e5f2d0127d316814840ce81e544f4c26745ad22301508c50c0bbf579da78b07', 50814), ('slot', 'dd9d8c7a2bf6d6114fb3348d99e0c6da2e02beabccc590df8da45189a0870b33', 50814), ('slot', '1fd1c56b87f162f72900d8c732b6e67f4d885104aeb0483684971c26a5d6bd7e', 50814), ('slot', '33fa6917c36284559744060b90cf89572dc05bad557c6aea11d80c2338785e99', 50814), ('slot', '94c7f37f2c73711d7ea6cba1412c9721b3deb1886eec0a60c609dd7e26f4d6f5', 50814), ('weights', '301aba5c69d475cfcc2f7a6696967f805ad89e2fae468b43db66382541bdba27', 73694), ('weights', '5ca1a511754afbb98dc54c97b24518b1ce53bcf3583f32385aec90706ac23047', 56594), ('weights', '1775cb80a9a53d4547b05b670e93002647345bb1c74f419c2c7a2acc517c812e', 56594), ('weights', '6f481629c4620b570a5295b829b269677a9daa2f6a1649615bcccdd421cab154', 56594), ('weights', '589100dac207b4a8a6b322203c2998cf0e8df1a699579b186e51c628722d34c6', 56594), ('weights', 'ba4f0160982743230b904285f6159faf5a35f01d28ce72da6d08b958fb8722e2', 56594), ('feedback', '19f2be813f3a0e06583df6ee8574ca9ac2f0e2f1ea27cfb7a5e9d12223534b67', 323749), ('feedback', '9b0c7405cac0b3b6ad49c4fc254277232e11ff9c2b0cd3771fb70a9a9a091ef4', 255349), ('feedback', '52d06cb6ea3ee8250b57a1ec9d51c6a7b89c162534dc2dcdc3192784013db167', 238249), ('feedback', 'b4dfa942b15bb8cda2baff06d3b3877cdaf39cdfb9099c296477c93d6b9ce9cf', 238249), ('feedback', '5a59759462625d3540f1c733e0210fbe7ab0e09025c72982074ff2fb1d449e5e', 239293), ('feedback', 'dea8fb13202534998b14c57e3390dcba3bd1cd15497b05cc259274493d82d8dd', 218683), ('contrib', 'ac757b9ad8b8c9ad495dc282214445025265c261d8b1b2c108c072ea93a26389', 75223), ('contrib', '80faf4c497f94234ea89dd85798fa99d73ea315799c126789f9c771c49d1240a', 58123), ('contrib', '495553fa713f7a3fc3898dc01974b126fce61185a54ade7919d66167917e1c2f', 58123), ('contrib', '004cab68410bba5686bbe16f8db0f788285301c7d1d6682f31ce9cf8ce78c766', 58123), ('close', 'f4cc49a2684f2aed436092cca9b574cfdb643bd2a4bc3aec98e40492173da251', 618388)]"
7,01:35:12.486,0.919,81.2329486720264,"[1587001080721372834, 1587257549640606313, 1586619720451060589, 1587124539725269745, 351997109461690502, 0]","[91, 91, 92, 88, 0, 90]","[9, 9, 10, 11, 0, 10]","[('0xA41dE09A63f6Cedd633f99052b44450d3BB91D44', 4554012022932168293, 69008767846076894, 1587001080721372834), ('0x17725D495A0843Ea05541fD61ba5D4082750bC08', 4553778420618774497, 69031634451916577, 1587257549640606313), ('0x37AC7AC5D09bbC6dAC1CF036b7F9DdD0EA4E052E', 4554329097606099228, 68944482249695584, 1586619720451060589), ('0x536fc4cd48ad9B3649e8aB615592E83Ec9F5fcd1', 4553893466265350681, 69013670183156193, 1587124539725269745)]",300000000000000000,"[(7, 175998554730845250)]","[250033080577850341, 250115931034088134, 249800160527229309, 250050842761993408]","[[0.0, 1.0, 1.0, 1.0, 0.0, -1.0], [1.0, 0.0, 1.0, 1.0, 0.0, -1.0], [1.0, 1.0, 0.0, 1.0, 0.0, -1.0], [1.0, 1.0, 1.0, 0.0, 0.0, -1.0], [0.0, 0.0, 0.0, 0.0, 0.0, 0.0], [0.0, 0.0, 0.0, 0.0, 0.0, 0.0]]",[5],"['$user$0, 0.906, good, good, None, 0xA41dE09A63f6Cedd633f99052b44450d3BB91D44', '$user$1, 0.898, good, good, None, 0x17725D495A0843Ea05541fD61ba5D4082750bC08', '$user$2, 0.917, good, good, None, 0x37AC7AC5D09bbC6dAC1CF036b7F9DdD0EA4E052E', '$user$3, 0.899, good, good, None, 0x536fc4cd48ad9B3649e8aB615592E83Ec9F5fcd1', '$user$5, 0.858, freerider, freerider, 5, 0xA2F37A08a8488CB8551a0D03f7A73f4156757de7']","[('close', 'f4cc49a2684f2aed436092cca9b574cfdb643bd2a4bc3aec98e40492173da251', 618388), ('slot', 'aa62507bab625f9dcd24bfea5e9c59ea968e8c4560b7605bf728f41ef37b69aa', 50802), ('slot', '906187fc03c3986f97662d436bcaeff7d73da100a00d97462f4c3f0c6c0fba6e', 50814), ('slot', '0b30f643c25a52fdfe1e8d661d0456c188e665653398c0aa6cb71d1e2cbb8c6b', 50814), ('slot', '1b99e2c72b41f6d41675c11262c2a1bf942b871fd08a5761dc6d7c1ed1860762', 50814), ('slot', '64a4df84759ef98301c5ce1625a67d0f34437c9f97c81dacd6550518aef1ea76', 50814), ('weights', 'de8cc6dd22bc23a6d0b1fc122897e75f01896c7c697d09972e709d125c60da81', 73694), ('weights', '40b41d290c12baac80f6cc7279cf8270465a8f21b434dd56b0b68ce35304aa56', 56594), ('weights', '8abb57514566754844587c50f670a005e00c42f9e417ad6fac18cbadae32fe04', 56582), ('weights', '138d5501482ee2ec9e78dfb31a76efaac58a1dfcf32438857ae89b6000bec0bf', 56594), ('weights', 'cfdc6a55e125f2dca62a0e3e1d852a7a088058395685c51c5faa4d4041a0f625', 56594), ('feedback', '120a79a148ed80008d105b524b68703493b9550c432a01ef7dce8f9604f1cbf2', 270522), ('feedback', '8162d4db36bb9e31e60171841ffcc06756077937ab4a17bdb62eb4a5b572a5de', 219222), ('feedback', 'bdd87af8915f5d7539f8727ac9126ac982a344976e62514e22b39d447ad9d516', 202122), ('feedback', '5555fa5ea546d50f74a2ad6e4359c92fde39a2bdd32f91d42acc66c4c7dab637', 202122), ('feedback', 'a6cf327a4ac8f4cc4ab91900f6fec61f0f1657157b7f4423c735633f198cb86b', 186678), ('contrib', '7372a62e340ffe8aaad802b5ba62a02ef0ba15836acd89034f565dfc2046e394', 75223), ('contrib', 'aff2887868eec85eb613b6ddf1329cd679ad93a78bb8f1fb3ab20749c7ade2e2', 58123), ('contrib', 'e91598ff4ab677193fb869db91bd15a8bb555493a4f7e67c679c817f9cfb432f', 58123), ('contrib', 'd6661c7b304735d5a6045cf7bddded4f7e1e4342d30794c91c8499f98ec88e2c', 58123), ('close', '09baaa563f8f6f908ec91d08679c776ccdaf8de04ded5faff3e44b63cdb5a60a', 543321)]"
8,01:35:36.317,0.9291,70.464882876724,"[1641338859293058236, 1641619629952823941, 1640911829627092278, 1641464941485898524, 234664739641127002, 0]","[92, 92, 93, 90, 0, 91]","[8, 8, 8, 10, 0, 9]","[('0xA41dE09A63f6Cedd633f99052b44450d3BB91D44', 4761001809816936647, 54337778571685402, 1641338859293058236), ('0x17725D495A0843Ea05541fD61ba5D4082750bC08', 4760745340897703168, 54362080312217628, 1641619629952823941), ('0x37AC7AC5D09bbC6dAC1CF036b7F9DdD0EA4E052E', 4761383170087248892, 54292109176031689, 1640911829627092278), ('0x536fc4cd48ad9B3649e8aB615592E83Ec9F5fcd1', 4760878350813039736, 54340401760628779, 1641464941485898524)]",200000000000000000,"[(8, 117332369820563500)]","[250021547079086303, 250133365392684936, 249811410903930664, 250033617019653320]","[[0.0, 1.0, 1.0, 1.0, 0.0, -1.0], [1.0, 0.0, 1.0, 1.0, 0.0, -1.0], [1.0, 1.0, 0.0, 1.0, 0.0, -1.0], [1.0, 1.0, 1.0, 0.0, 0.0, -1.0], [0.0, 0.0, 0.0, 0.0, 0.0, 0.0], [0.0, 0.0, 0.0, 0.0, 0.0, 0.0]]",[5],"['$user$0, 0.914, good, good, None, 0xA41dE09A63f6Cedd633f99052b44450d3BB91D44', '$user$1, 0.929, good, good, None, 0x17725D495A0843Ea05541fD61ba5D4082750bC08', '$user$2, 0.929, good, good, None, 0x37AC7AC5D09bbC6dAC1CF036b7F9DdD0EA4E052E', '$user$3, 0.907, good, good, None, 0x536fc4cd48ad9B3649e8aB615592E83Ec9F5fcd1', '$user$5, 0.858, freerider, freerider, 5, 0xA2F37A08a8488CB8551a0D03f7A73f4156757de7']","[('close', '09baaa563f8f6f908ec91d08679c776ccdaf8de04ded5faff3e44b63cdb5a60a', 543321), ('slot', 'eaebd4e0da70e8dd6e6f931fffa8822a935f7449a7b9689241abf28327b630f2', 50814), ('slot', '7483d0cd826f57770a9b2c27a36d1c6ea62c35548b9aca55f64d7060651505d8', 50814), ('slot', 'da0b49e72d2bfd77213618beeae8662301eb2e2ded30de0ce8c3258e1ebb3a14', 50814), ('slot', '21dce9c1eceb9a07b80a61bd50dbf35e7911580480454c09f83951fdcb8d004b', 50814), ('slot', 'ab4c25c404f6a8391d9f32cb8f7c1cdd6971a7be847a7ed42951a3f3806ec7a6', 50814), ('weights', '5308c68588f1e89dcb2d51ebcf418a29d8e492754a2a5d1cd3c6d6240ddda0c4', 73694), ('weights', 'e03e148e629bbdc80fec659b52e22f738fe82b7544bfd0c981dbfd21cd3eb711', 56582), ('weights', 'dd5187ffe7ffba285331254a1749895f9f168b5c9a76949008eb7f443ab1f6c3', 56594), ('weights', '0a91aa82c9258ff36b14194fdf65a00fb7204eca67cbf21ecfa5a75dcc036662', 56594), ('weights', 'f62425b5d47277e12561e4b428541f279794ea9833c6db240f7211aeb0a58f31', 56594), ('feedback', '223816d61ae3d75292efde87f3ffdb9739a2087dfe2624a3a0b0c08c8e953755', 270522), ('feedback', 'ede3be514cb7ef9748c91f57dc2a454fdaa38d4f120eabbae1b609693bea5b2c', 219222), ('feedback', '06d6e617d38dba89a94f98c8b651c2a9284171fa137499edaef2646bf33122bc', 202122), ('feedback', '2855d334308dd43dee86cd813df0694d1e1522b1a023954f9fa3ef0f0e4214c9', 202122), ('feedback', '2d2256997ea05237b5b7f2506c1689aa04733181975260dac261a620fb448483', 186678), ('contrib', 'af091fa03ae1488eb9b897f1f0363ae5435baf16ce602a289505f45ec88e8ac2', 75223), ('contrib', 'b50883a730c849b85712427d86e6e8db2abd23133dcdf24d6ab8adc53a823a29', 58123), ('contrib', '70c6fc4e971af62af57e85adbcb2f6be031364bcc343ab8471d3008c3c9eff13', 58123), ('contrib', '5b897c73704c2b424e72bb239473ce5bb399ce77e41281682c6a406364678070', 58123), ('close', '3cb5327f1dc7a9d755ec4ee59ff41f7b7eb7d819dc0a840a1ee0f555159cac2a', 543321)]"
9,01:36:00.008,0.9359,64.01224983856082,"[1725018527517320504, 1725306210011825737, 1724525336731953886, 1725149925738899852, 0, 0]","[93, 93, 94, 91, 0, 92]","[7, 7, 7, 8, 0, 8]","[('0xA41dE09A63f6Cedd633f99052b44450d3BB91D44', 4923996401065814743, 83679668224262268, 1725018527517320504), ('0x17725D495A0843Ea05541fD61ba5D4082750bC08', 4923715630406049038, 83686580059001796, 1725306210011825737), ('0x37AC7AC5D09bbC6dAC1CF036b7F9DdD0EA4E052E', 4924423430731780701, 83613507104861608, 1724525336731953886), ('0x536fc4cd48ad9B3649e8aB615592E83Ec9F5fcd1', 4923870318872974455, 83684984253001328, 1725149925738899852)]",100000000000000000,"[(9, 234664739641127002)]","[250040262937545776, 250060915946960449, 249842569231986999, 250056147575378417]","[[0.0, 1.0, 1.0, 1.0, 0.0, -1.0], [1.0, 0.0, 1.0, 1.0, 0.0, -1.0], [1.0, 1.0, 0.0, 1.0, 0.0, -1.0], [1.0, 1.0, 1.0, 0.0, 0.0, -1.0], [0.0, 0.0, 0.0, 0.0, 0.0, 0.0], [0.0, 0.0, 0.0, 0.0, 0.0, 0.0]]",[5],"['$user$0, 0.909, good, good, None, 0xA41dE09A63f6Cedd633f99052b44450d3BB91D44', '$user$1, 0.927, good, good, None, 0x17725D495A0843Ea05541fD61ba5D4082750bC08', '$user$2, 0.936, good, good, None, 0x37AC7AC5D09bbC6dAC1CF036b7F9DdD0EA4E052E', '$user$3, 0.918, good, good, None, 0x536fc4cd48ad9B3649e8aB615592E83Ec9F5fcd1']","[('close', '3cb5327f1dc7a9d755ec4ee59ff41f7b7eb7d819dc0a840a1ee0f555159cac2a', 543321), ('slot', '2fdbdc64443299011a0749da0e5e27eeb04c88d190ff49a8f17db62234b27951', 50814), ('slot', '858105ada58ff2761781bae12723fa1a2c667ea5ecba8d54da1dcb15882cf2bf', 50814), ('slot', '2b72d182ff2aca4394d753082d73e9ba087bca5c52ae8bce1a19f6d4bb1d0f89', 50814), ('slot', '1dbf09164c1ff33171487067fe78a7a516a8b78b4eec92309c3a83f9d5b48a7f', 50814), ('slot', 'd763c8ccadba84c383908ba6e2cae4c5d1fd10a7439f55283889052fcd306ee0', 50814), ('weights', '06714923f9918253771461e481dce09cd98e186dd7d0d3f4a3d34e5d5234f9c3', 73694), ('weights', '3cd37f8f4a4932b1bcdcad4632a0c9c98ab679e81e6017d53846e45ac641e268', 56594), ('weights', 'c579fd5c79a3d98c80b571372b0cc7967d2ae54b85d69494ca672c854b2c8d09', 56594), ('weights', '5ea5e10d8b9f332b707c623dbb054afcdf6db198e5228cd13f67d8ea8216bf24', 56594), ('weights', 'e426b45d935baf236f8ee7e42e59e6850d8aefba1c90dd3f52bd6eef9def7c8f', 56594), ('feedback', 'd3b2c8a5381beaa1b43cc22444f0ef1c5fdcb8fa9f955c67fd42bf5ea296ab91', 270522), ('feedback', '4f2624773da3e1a82ba9fa838e8e4de10638e2b03a52c86c954f4b0dfa566846', 219222), ('feedback', '02df98ae09b04d630ed0751dc20649eede7fc3d47e6d16511ce05ded3ac874f3', 202122), ('feedback', 'd4f61aa6d56a119ee9be9462b43ae4e192d13f181f933ac3d33dce2205651d93', 202122), ('feedback', '6a658615aa8c18f226d9df49e5b64dd7a17f2535a87ad705c58693f8ede6d6b8', 186678), ('contrib', '4d047dadf7d15218af7ebca21e4e733391c4b1bd91bf4df421d5df35cf2f5a0d', 75223), ('contrib', '0cdf487cf7fbab93025aa9416dd5917a2f02ac9f030c2a515f38a758241e7a9b', 58123), ('contrib', 'd4d7f99e36528ee4e5d613f51102044933135c43088ed1bd59112930b2ef8a07', 58123), ('contrib', '9f59c64e609a47e38e025d19ae385be2c6b720a90e2925f9f78ef1e4e7d165af', 58123), ('close', '83c64af0b0f673477cc383c4b224779177e794b1c1d162b6252ca07906510dc0', 502181)]"
10,01:36:22.026,0.9416,56.86687188223004,"[1750022499049603596, 1750309698746450177, 1749513958576947555, 1750153843626998649, 0, 0]","[93, 94, 94, 92, 0, 0]","[6, 6, 7, 8, 0, 0]","[('0xA41dE09A63f6Cedd633f99052b44450d3BB91D44', 5174981472482679475, 25003971532283092, 1750022499049603596), ('0x17725D495A0843Ea05541fD61ba5D4082750bC08', 5174693789988174242, 25003488734624440, 1750309698746450177), ('0x37AC7AC5D09bbC6dAC1CF036b7F9DdD0EA4E052E', 5175474663268046093, 24988621844993669, 1749513958576947555), ('0x536fc4cd48ad9B3649e8aB615592E83Ec9F5fcd1', 5174850074261100127, 25003917888098797, 1750153843626998649)]",0,[],"[250039696693420410, 250034868717193603, 249886199831962585, 250039160251617431]","[[0.0, 1.0, 1.0, 1.0, 0.0, 0.0], [1.0, 0.0, 1.0, 1.0, 0.0, 0.0], [1.0, 1.0, 0.0, 1.0, 0.0, 0.0], [1.0, 1.0, 1.0, 0.0, 0.0, 0.0], [0.0, 0.0, 0.0, 0.0, 0.0, 0.0], [0.0, 0.0, 0.0, 0.0, 0.0, 0.0]]",[],"['$user$0, 0.931, good, good, None, 0xA41dE09A63f6Cedd633f99052b44450d3BB91D44', '$user$1, 0.934, good, good, None, 0x17725D495A0843Ea05541fD61ba5D4082750bC08', '$user$2, 0.937, good, good, None, 0x37AC7AC5D09bbC6dAC1CF036b7F9DdD0EA4E052E', '$user$3, 0.922, good, good, None, 0x536fc4cd48ad9B3649e8aB615592E83Ec9F5fcd1']","[('close', '83c64af0b0f673477cc383c4b224779177e794b1c1d162b6252ca07906510dc0', 502181), ('slot', '4ffd3ce96a29d83cab834bbce9c22f5445397e2a207bad46f0e987683b583150', 50814), ('slot', 'e1b5783058437796199de47035a633b4823e9718b8b3fd3dd1612fb1a6e730ae', 50814), ('slot', 'df8b1db02ae46e7e30a7f7c7ddca38331204600b5603d64cac0a620f3b496b31', 50814), ('slot', '182ea5692350144c26ec18319298c65c9ffc43ea30eb2e45b274c1312a823bfc', 50814), ('weights', '32b5d0a568bce28ee00907cb77fa5501b376be45b82a6ecbf471af6821c5af95', 73694), ('weights', '16ba616acf4d499c7f1a4fac4ec2a056b91b55ce293dfd11f1f2d6b5c4ce7e8e', 56594), ('weights', '2d7b28a3b025b833bece1f835bef48eb32d34f6c6cd0b4b9d70ed76bf8e7cb33', 56594), ('weights', '4f642c0ad1f00141567a4e5711100fd5cb31baa4c7051b3f52a7946b293ea628', 56594), ('feedback', 'dd0c939bb5f038cc561aa56cc9b974eda130f44256eadae1f1cbd525574f92de', 217307), ('feedback', 'b4b1437f2d065fb98f9b31da38aca10159844b39eb5e410c62f11f1b44c6f599', 183107), ('feedback', 'a1386799e374facf385b1ce466170ac640072bc05e58d411893b8db0fffc3ea5', 166007), ('feedback', 'e4ef64a6b6a1ea765951cc2fe1b45e9337cfe1787607eca31d25646857e90b43', 166007), ('contrib', '1d23f663f8baedd0c41aacc7e2778718c30caa31610411914c439eb6418ac153', 75223), ('contrib', 'ce883bd4771a1302cdbad697f2dc520aa50f2930a3ae47ba27ea1587df61f474', 58123), ('contrib', 'e18c5a30a73d36141e3eeb85435defd8c5eceee48cfe636eca2950f45c02fd52', 58123), ('contrib', 'ceb50fba3e074a099021ce21368afe8482985da1e84cbabc9206a7d548055652', 58123), ('close', 'ecc71d8291ef68784304973adc67dff0837c9da653ea460c18292d8712ae86a5', 410442)]"
# $gasCosts$[341005, 371253, 354153, 337053, 337053, 337053, 75223, 58123, 58123, 58123, 58123, 58123, 339979, 271753, 237553, 231779, 237553, 226005, 75223, 58123, 58123, 58111, 58123, 58123, 323401, 253001, 235901, 237901, 229293, 257801, 75223, 58123, 58123, 58123, 58123, 323401, 255001, 237901, 237901, 239293, 237901, 75223, 58123, 58123, 58123, 58123, 321749, 253349, 236249, 236249, 239293, 210683, 75223, 58123, 58123, 58123, 323749, 255349, 238249, 238249, 239293, 218683, 75223, 58123, 58123, 58123, 270522, 219222, 202122, 202122, 186678, 75223, 58123, 58123, 58123, 270522, 219222, 202122, 202122, 186678, 75223, 58123, 58123, 58123, 270522, 219222, 202122, 202122, 186678, 75223, 58123, 58123, 58123, 217307, 183107, 166007, 166007, 75223, 58123, 58123, 58123],[126674, 126674, 126674, 126674, 126674],[50814, 50814, 50814, 50814, 50814, 50814, 50814, 50814, 50814, 50814, 50814, 50802, 50814, 50814, 50814, 50802, 50814, 50814, 50814, 50814, 50814, 50814, 50814, 50814, 50814, 50814, 50814, 50814, 50814, 50814, 50814, 50814, 50814, 50814, 50814, 50814, 50802, 50814, 50814, 50814, 50814, 50814, 50814, 50814, 50814, 50814, 50814, 50814, 50814, 50814, 50814, 50814, 50814, 50814, 50814],[73694, 56594, 56594, 56570, 56570, 56594, 73694, 56582, 56594, 56594, 56594, 56594, 73694, 56594, 56594, 56594, 56594, 56594, 73682, 56594, 56594, 56594, 56594, 56582, 73694, 56594, 56582, 56582, 56582, 56594, 73694, 56594, 56594, 56594, 56594, 56594, 73694, 56594, 56582, 56594, 56594, 73694, 56582, 56594, 56594, 56594, 73694, 56594, 56594, 56594, 56594, 73694, 56594, 56594, 56594],[641581, 611186, 643640, 643640, 658515, 618388, 543321, 543321, 502181, 410442],[],[]
# TOTAL EXPERIMENT TIME: 263.61 seconds
