# Author Nykjaer
# ------Specs--------# cpu_name:  (processor model)
# cpu_cores: 6 (physical cores)
# ram_gb: 13.5 (system memory in GB)
# gpu_name: NVIDIA GeForce RTX 3060 Laptop GPU (graphics processor)
# os_name: Linux (operating system)
# ------Config--------# good_contributors: 4 (honest participants)
# bad_contributors: 1 (malicious participants)
# freeriders: 1 (contribute 0)
# inactive: 0 (never join)
# reward: 1000000000000000000 (total reward pool)
# minimum_rounds: 10 (rounds to simulate)
# min_buy_in: 1000000000000000000 (lower buy-in bound)
# max_buy_in: 1000000000000000000 (upper buy-in bound)
# standard_buy_in: 1000000000000000000 (default buy-in)
# epochs: 1 (local epochs per round)
# batch_size: 32 (training batch size)
# punish_factor: 3 (penalty multiplier)
# first_round_fee: 50 (fee for first round)
# fork: True (True=local fork, False=real net)
# contribution_score_strategy: dotproduct (scoring method)
# use_outlier_detection: True (Whether to use outlier detection)
# freerider_start_round: 1 (When freeriders should start freeriding)
# freerider_noise_scale: 0.1 (How much noise a freeder should add)
round,time,globalAcc,globalLoss,GRS,accAvgPerUser,lossAvgPerUser,rewards,conctractBalanceRewards,punishments,contributionScores,feedbackMatrix,disqualifiedUsers,userStatuses,GasTransactions
# $startingUserConfig$['$user$0, 0, good, good, None, 0xA41dE09A63f6Cedd633f99052b44450d3BB91D44', '$user$1, 0, good, good, None, 0x17725D495A0843Ea05541fD61ba5D4082750bC08', '$user$2, 0, good, good, None, 0x37AC7AC5D09bbC6dAC1CF036b7F9DdD0EA4E052E', '$user$3, 0, good, good, None, 0x536fc4cd48ad9B3649e8aB615592E83Ec9F5fcd1', '$user$4, 0, good, bad, 3, 0x118E560679B62a9F24c135A96d416548782f8cc2', '$user$5, 0, good, freerider, 1, 0xA2F37A08a8488CB8551a0D03f7A73f4156757de7']
0,00:49:05.465,0,720.6384887695312,"[1000000000000000000, 1000000000000000000, 1000000000000000000, 1000000000000000000, 1000000000000000000, 1000000000000000000]",[],[],[],1000000000000000000,[],[],,[],"['$user$0, 0, good, good, None, 0xA41dE09A63f6Cedd633f99052b44450d3BB91D44', '$user$1, 0, good, good, None, 0x17725D495A0843Ea05541fD61ba5D4082750bC08', '$user$2, 0, good, good, None, 0x37AC7AC5D09bbC6dAC1CF036b7F9DdD0EA4E052E', '$user$3, 0, good, good, None, 0x536fc4cd48ad9B3649e8aB615592E83Ec9F5fcd1', '$user$4, 0, good, bad, 3, 0x118E560679B62a9F24c135A96d416548782f8cc2', '$user$5, 0, good, freerider, 1, 0xA2F37A08a8488CB8551a0D03f7A73f4156757de7']","[('register', 'ef2b415872fe7c0e63dfc1a5468743b808528b267eae834b4f07fb5968b13f6d', 126674), ('register', '399c9ec87cf013c70113f9680aa59e561bd9b9a23989d72ad997d2f51c1f9083', 126674), ('register', '8b5a46a58f3c3c9e626828377412e4806dc32526729c92d39131a3650eb2607c', 126674), ('register', '2dfb26f153a59e77f8ed856c4de595df4f5cebb893dc6951a5bcc1d4b34c32e6', 126674), ('register', '18cc853d01c6f1a05806d2272a5383d1cd128c881344ad26038501a9c5e5662c', 126674)]"
1,00:49:33.964,0.3664,711.2640991210938,"[1359936719335270295, 1357731706497993858, 1358774228041212023, 1356890679458857154, 333333333333333334, 333333333333333334]","[17, 14, 17, 17, 16, 19]","[74, 74, 74, 74, 74, 74]","[('0xA41dE09A63f6Cedd633f99052b44450d3BB91D44', 4000000000000000000, 359936719335270295, 1359936719335270295), ('0x17725D495A0843Ea05541fD61ba5D4082750bC08', 3000000000000000000, 357731706497993858, 1357731706497993858), ('0x37AC7AC5D09bbC6dAC1CF036b7F9DdD0EA4E052E', 4000000000000000000, 358774228041212023, 1358774228041212023), ('0x536fc4cd48ad9B3649e8aB615592E83Ec9F5fcd1', 4000000000000000000, 356890679458857154, 1356890679458857154)]",900000000000000000,"[(1, 166666666666666666), (1, 166666666666666666)]","[251118630170822143, 249580249190330505, 250307589769363403, 248993486166000366]","[[0.0, 0.0, 1.0, 1.0, -1.0, -1.0], [1.0, 0.0, 1.0, 1.0, 0.0, -1.0], [1.0, 1.0, 0.0, 1.0, -1.0, -1.0], [1.0, 1.0, 1.0, 0.0, 0.0, -1.0], [1.0, 1.0, 1.0, 1.0, 0.0, -1.0], [0.0, 0.0, 0.0, 0.0, 0.0, 0.0]]","[5, 6]","['$user$0, 0.744, good, good, None, 0xA41dE09A63f6Cedd633f99052b44450d3BB91D44', '$user$1, 0.675, good, good, None, 0x17725D495A0843Ea05541fD61ba5D4082750bC08', '$user$2, 0.721, good, good, None, 0x37AC7AC5D09bbC6dAC1CF036b7F9DdD0EA4E052E', '$user$3, 0.678, good, good, None, 0x536fc4cd48ad9B3649e8aB615592E83Ec9F5fcd1', '$user$4, 0.584, good, bad, 3, 0x118E560679B62a9F24c135A96d416548782f8cc2', '$user$5, 0, freerider, freerider, 1, 0xA2F37A08a8488CB8551a0D03f7A73f4156757de7']","[('slot', '9dde94bb12f147e76bcb719e611a8dd17b9428817337bb21929ac502e248eda4', 50814), ('slot', 'f95df9153181ec61d7487dad1af15939d1ce02573c9fb82ab7941e814861c8ac', 50814), ('slot', '2ed6d019299c3ddfcab549c19d4e144ca59bc8d0ed84eb81659d311dad06fdb5', 50814), ('slot', '9dcadb6d78c8b300256efb2827bbbe4af20d10b9300c488e8c74a32901a06a75', 50814), ('slot', '2c08c2d7a66eb03550a6b56cd57761113eb392e975f905f8d62c12c0f908072b', 50814), ('slot', '6ae333ad9d27d47b66812e84cdb0ef8767121b1862b4830e7cf303ddbbc36a0c', 50814), ('weights', 'b3002756ebdc65e5250f3f4508b867972d968fc1d61ddef5be295aaa95bcd68f', 73694), ('weights', '3d0ecf12bb2a381a625b5bfd9bf73f21f2326d8d60cd5d08019ba9442670040d', 56594), ('weights', '6c024271d00cd4513c39ee5414a31fdbb39576c2d12eb9bc1b91e6ed4eb49321', 56594), ('weights', 'a4ade1425a86b98d588dfc64b96c8de8406105b0a0061b68f6289e875aeb619b', 56594), ('weights', '3415d1fba05370a65ccc2b7915adfc9a64806f163f063c7a883f69c86913487f', 56582), ('weights', '5643e4a14c05b190e64875c01e5c8e923457f99a0d1a8d6c3097ad17b6e26af8', 56594), ('feedback', '23c8716c4748e45a058c238c17c3bc85d669dcd5e6c4f8f6788215ed100646fc', 342675), ('feedback', '574f88c9fe91ae34c45012399d188dbfe20a2f1beaf5d68433d5ef6e8e0f84bb', 310927), ('feedback', '5e57d82fb2534e06cfa03791c6578e9c56f61cd69532eb3f576b1e52422726b0', 315049), ('feedback', 'a5e6f38955a1f09434d687e0bf2f561df91cbac19a2ac62f7abee8e8d3022fe4', 293827), ('feedback', '909b8636be27387294803c51f0151c22cd0a1f4ba6436839b978b9b19504e78b', 317501), ('feedback', 'a05571a7dd1ef79f8ed019550c758a0d53b7a717cf2254394aa612962ac0a097', 218683), ('contrib', 'dec71eecda32ad6b5f6ccaab758346b4889f553806c377e96f12b5bb4f0e9d34', 75223), ('contrib', 'f01b7c8a0ecf7f336849e6bae3a1ec9d6b5a90875a3d5929d4e4b59c44079f4b', 58123), ('contrib', '6c3337a5e084748b8a79f6ce1e0932442893accd0409d4df931baad80ac08321', 58123), ('contrib', '4faa47a2dc2f68092720ea3aa3c12211f7885058b32c56305d5406e79df63119', 58123), ('close', 'ab3ffb8f877f4f07aac700fed94e34089b94322e8f73f2a7456758e320a82f68', 682846)]"
2,00:50:01.182,0.7091,338.43365144729614,"[1402143009335047721, 1399953099487140131, 1400998093629742573, 1399144282301814640, 375539293024032708, 222222222222222223]","[37, 35, 37, 34, 36, 39]","[73, 73, 73, 73, 73, 73]","[('0xA41dE09A63f6Cedd633f99052b44450d3BB91D44', 4406729947331396369, 42206289999777426, 1402143009335047721), ('0x17725D495A0843Ea05541fD61ba5D4082750bC08', 4408934960168672806, 42221392989146273, 1399953099487140131), ('0x37AC7AC5D09bbC6dAC1CF036b7F9DdD0EA4E052E', 4407892438625454641, 42223865588530550, 1400998093629742573), ('0x536fc4cd48ad9B3649e8aB615592E83Ec9F5fcd1', 4409775987207809510, 42253602842957486, 1399144282301814640), ('0x118E560679B62a9F24c135A96d416548782f8cc2', 5433333333333333330, 42205959690699374, 375539293024032708)]",800000000000000000,"[(2, 111111111111111111)]","[199924528598785400, 199996069073677062, 200007781386375427, 200148642063140869, 199922963976860046]","[[0.0, 1.0, 1.0, 1.0, 1.0, -1.0], [1.0, 0.0, 1.0, 1.0, 1.0, -1.0], [1.0, 1.0, 0.0, 1.0, 1.0, -1.0], [1.0, 1.0, 1.0, 0.0, 1.0, -1.0], [1.0, 1.0, 1.0, 1.0, 0.0, -1.0], [0.0, 0.0, 0.0, 0.0, 0.0, 0.0]]",[6],"['$user$0, 0.698, good, good, None, 0xA41dE09A63f6Cedd633f99052b44450d3BB91D44', '$user$1, 0.624, good, good, None, 0x17725D495A0843Ea05541fD61ba5D4082750bC08', '$user$2, 0.678, good, good, None, 0x37AC7AC5D09bbC6dAC1CF036b7F9DdD0EA4E052E', '$user$3, 0.637, good, good, None, 0x536fc4cd48ad9B3649e8aB615592E83Ec9F5fcd1', '$user$4, 0.682, good, bad, 3, 0x118E560679B62a9F24c135A96d416548782f8cc2', '$user$5, 0, freerider, freerider, 1, 0xA2F37A08a8488CB8551a0D03f7A73f4156757de7']","[('close', 'ab3ffb8f877f4f07aac700fed94e34089b94322e8f73f2a7456758e320a82f68', 682846), ('slot', 'eb65c0abf1d1ae5b36901c8a373035d42f6b8e46340bc40c7e14b2d530cbab3e', 50814), ('slot', '8d2e767499da2710d6f76a6fb13c07c1dd074825cf47c4ced4696f96b71577fd', 50814), ('slot', '2b151265ae426c71d37c328e9c830ea865ed02e76770edb7ee90c2288d22583c', 50814), ('slot', 'b79f2be30ce3bff01b41af908d2fe80f11cc4e0cbd58dbc466da753cde0bbd4b', 50814), ('slot', '1f5b7ce15d42abf3fb8d9748974abb74f80f2301893b2d019ee1ae31b922e8dc', 50814), ('slot', 'c244ab226dd7cfce34b9b1a4899ac416b82d7f4abc86024819b6fc8fed26a742', 50814), ('weights', 'b5d9045c071eda5b746032b78c1a202394ae723d86ef2156262e281208f4c18a', 73694), ('weights', 'f208a29c4c344cb06413ea5ddebd49610a7b29ece02c68e9f75676a64f6f891f', 56594), ('weights', 'a0148245eee5e0f472033ff87fa9b24783bee7cf017dcaddc949edbbc55b76f2', 56594), ('weights', '76e1215c20eb7b64fa4029d5198ffa7308a6ee10d85e5cf424ec1e2f9bc06737', 56594), ('weights', '18e6cf5f87d46b2ed0a44ca4d2433955cad61e0639e548a11cc346c29ac9af4c', 56594), ('weights', '7d72659fbc1d707c8d0804edfa24dc029557558f7bdbf3caa30181a29300eb92', 56594), ('feedback', '7d5986550f097f473c9c1f031078cee0f7d2e8d2fb9e06650ff17581b3f58aa6', 363201), ('feedback', '4c7621c89a18fffe7dc3cd2cc7ac383d5cbb77f9d6bdc5ddb0eeaf7cb5009536', 274901), ('feedback', 'b2063ae208fc47a72ca84bf85578c38331771cd966c4b524404bb07f72a69858', 257801), ('feedback', '73ae2607f7f5c16f48f77a6cb8b8bfd651e7bbac90134960cd8425c17e608728', 257801), ('feedback', '5d41350bf52079bf9e120538393f4c95ec6d30affa3f3d8942437894d66abb17', 237901), ('feedback', '99a80ed2b6687530d69847bc5d8300e925e805718c34e34676a4bbe8d8392236', 218683), ('contrib', 'b0bb3a80bcef6eb3359187c8e94d6e0ad2f6c19b74ef3f6818838df305e3550c', 75223), ('contrib', '0555aa5a7e1832fe9411d8d32e163ef073446d618976d404db21f2944fd5fbfd', 58123), ('contrib', '32ad149b3ae96b9f0c015e3c798b5a554b65920d663081e55250e0cf8c3c14f2', 58123), ('contrib', 'a1f39bb987e06882f906ac7381bce225ab4f6295b8d72d93cea1be5a60bfa802', 58123), ('contrib', '8ff1969aac541813aa0faa7901ca13c6dbb915ae3701182013e2da9d9ec0819a', 58123), ('close', '40c53975c8d5d48e9c0aad101ea1b23a330bf8364aaa783c314a1adfd38d47a3', 643640)]"
3,00:50:27.379,0.8524,163.06226108968258,"[1514013168061858214, 1511809991264394442, 1512794617453111847, 1511022694537947019, 250359528682688472, 0]","[70, 69, 70, 69, 70, 72]","[35, 35, 35, 36, 35, 34]","[('0xA41dE09A63f6Cedd633f99052b44450d3BB91D44', 3824556182394664636, 111870158726810493, 1514013168061858214), ('0x17725D495A0843Ea05541fD61ba5D4082750bC08', 3826746092242572226, 111856891777254311, 1511809991264394442), ('0x37AC7AC5D09bbC6dAC1CF036b7F9DdD0EA4E052E', 3825701098099969784, 111796523823369274, 1512794617453111847), ('0x536fc4cd48ad9B3649e8aB615592E83Ec9F5fcd1', 3827554909427897717, 111878412236132379, 1511022694537947019)]",700000000000000000,"[(3, 125179764341344236), (3, 222222222222222223)]","[250043958425521850, 250014305114746093, 249879375100135803, 250062406063079833]","[[0.0, 1.0, 1.0, 1.0, -1.0, -1.0], [1.0, 0.0, 1.0, 1.0, -1.0, -1.0], [1.0, 1.0, 0.0, 1.0, -1.0, -1.0], [1.0, 1.0, 1.0, 0.0, -1.0, -1.0], [-1.0, -1.0, -1.0, -1.0, 0.0, -1.0], [0.0, 0.0, 0.0, 0.0, 0.0, 0.0]]","[5, 6]","['$user$0, 0.804, good, good, None, 0xA41dE09A63f6Cedd633f99052b44450d3BB91D44', '$user$1, 0.825, good, good, None, 0x17725D495A0843Ea05541fD61ba5D4082750bC08', '$user$2, 0.834, good, good, None, 0x37AC7AC5D09bbC6dAC1CF036b7F9DdD0EA4E052E', '$user$3, 0.808, good, good, None, 0x536fc4cd48ad9B3649e8aB615592E83Ec9F5fcd1', '$user$4, 0.682, bad, bad, 3, 0x118E560679B62a9F24c135A96d416548782f8cc2']","[('close', '40c53975c8d5d48e9c0aad101ea1b23a330bf8364aaa783c314a1adfd38d47a3', 643640), ('slot', 'a17b29bfccc586a622cd7adab2b814a6150404509d6935d0ef5f61ab2ce6a913', 50814), ('slot', '25be80a677c8e27b078869ecc69d954423e09d1804d16cd46d86274df8ac6b42', 50814), ('slot', 'a581da8a379347d839cace7f5978f9be70a81ee6d93a7a9343f2d747119c0d81', 50814), ('slot', '59361996e3e1bc5ee936179a4a1f1509fdda7405227651d529d049b73234a6d2', 50802), ('slot', 'b0d9fd95a472ef29e828ef1558707a4768cb2d0f4a4ace872198425b1b80826a', 50814), ('slot', 'aee50eb87088a4bd28ae5098dfe264507871a5e7ebb816c4fb690be1134a7591', 50814), ('weights', 'ebb50a6a8aea92e04d5544772c495e563743cffc224f02471ee6214171b723d6', 73694), ('weights', 'e55d0e078d5ca23eb58596937ee45968034d4ffbf2aefb1aafffd18e132062d6', 56594), ('weights', 'ceadae29c28a68b467f8b1651443e58784131422d64d28ae001b6ed7ecca40b4', 56582), ('weights', '87ab28a8f54c11320a61758951f241917feee92ef861c57ab7e66c7fcded4d67', 56594), ('weights', 'fed87e4c2fd4058e0f09f9af510e928994467b22bfef861aff658dea80494c05', 56594), ('weights', 'ed90782168a055085edbbac8559607d2dee3d0887d218d10c5875da23fa8100e', 56594), ('feedback', 'e0f2a1425009d252d246134f05d414c74f2665dd9e247a13d7348ea3eaf78482', 321749), ('feedback', '7efedb81367891f54ec0bbe902668c0613d2c267ae6be8ced59f7de9ca7d2474', 253349), ('feedback', '11f4c86066b15b0838df847f7a52891f10d04859b51b0022584bed9c6f8de9ee', 236249), ('feedback', 'c09922e2313f95ae2eec133487ae04b604fc4d7e11be30b8b2363d2996d5acf1', 236249), ('feedback', '0106d51254ca3061d12f77aa016aba363a891c6f66e20913cc529db4ce6b1cda', 231293), ('feedback', '0d4c49202c04101cfad573613c8a4eba56a3abce3242a879ed51ec3ef4844f32', 218683), ('contrib', 'f13fa9cff8b55926f89c56eed0becd57e548452577b84a2f40a1f9ede8619ae1', 75223), ('contrib', '7886985b5be8d70391de1ec7d21ed7ee5f482ecf98850b8679e41e269f5ecd8d', 58123), ('contrib', 'edf0c3db1799e04dc6fbe60baae3533decf8f60167c31218fe1fa9a9f296809e', 58123), ('contrib', '9b8263c281907ec1a5c68547b4ed48997e9ae4b0f6eb687c91c6f5ecec0ef08a', 58123), ('close', 'e4cece731e40df355e8a233a4285c72ebb8c0fb59aa7b5268b1506b35e4cf323', 618388)]"
4,00:50:51.124,0.8841,121.96384247019887,"[1601609713233239869, 1599428849983304062, 1600348033888852763, 1598613402894603297, 0, 0]","[84, 85, 84, 84, 86, 0]","[16, 16, 17, 19, 16, 0]","[('0xA41dE09A63f6Cedd633f99052b44450d3BB91D44', 4285267774572764836, 87596545171381655, 1601609713233239869), ('0x17725D495A0843Ea05541fD61ba5D4082750bC08', 4287470951370228608, 87618858718909620, 1599428849983304062), ('0x37AC7AC5D09bbC6dAC1CF036b7F9DdD0EA4E052E', 4286486325181511203, 87553416435740916, 1600348033888852763), ('0x536fc4cd48ad9B3649e8aB615592E83Ec9F5fcd1', 4288258248096676031, 87590708356656278, 1598613402894603297)]",600000000000000000,"[(4, 250359528682688472)]","[250018984079360961, 250082671642303466, 249895885586738586, 250002324581146240]","[[0.0, 1.0, 1.0, 1.0, -1.0, 0.0], [1.0, 0.0, 1.0, 1.0, -1.0, 0.0], [1.0, 1.0, 0.0, 1.0, -1.0, 0.0], [1.0, 1.0, 1.0, 0.0, -1.0, 0.0], [-1.0, -1.0, -1.0, -1.0, 0.0, 0.0], [0.0, 0.0, 0.0, 0.0, 0.0, 0.0]]",[5],"['$user$0, 0.854, good, good, None, 0xA41dE09A63f6Cedd633f99052b44450d3BB91D44', '$user$1, 0.856, good, good, None, 0x17725D495A0843Ea05541fD61ba5D4082750bC08', '$user$2, 0.859, good, good, None, 0x37AC7AC5D09bbC6dAC1CF036b7F9DdD0EA4E052E', '$user$3, 0.852, good, good, None, 0x536fc4cd48ad9B3649e8aB615592E83Ec9F5fcd1']","[('close', 'e4cece731e40df355e8a233a4285c72ebb8c0fb59aa7b5268b1506b35e4cf323', 618388), ('slot', 'f29befda60a07df667a91abc2181ce57f0e9b37562536b241c38bb13dd67e055', 50814), ('slot', 'eedd2a3d9680cd86ffe8ab167516061ffdf9a918bcaf5498c6196dacd9eabe8c', 50814), ('slot', 'd998b78f356c7c2f7b9a043c6cbea0aadeaabf9033e496946f5228ad91485f66', 50814), ('slot', '562a526883f88f5b2b21bc4f1cb17dff29455f4724a3d6939ca3053560672194', 50814), ('slot', '42def06539715e1ab4b958ef4135978503327b3c24b3b8a8b2bcca5263eb8ebf', 50814), ('weights', '9e8d58e5412713f22464ec87396fa16c145e7dc473eba7929de5e8bb1ac8d753', 73694), ('weights', '6a6e4ace3a79d16451bf5a767eaa7dc6d1422b0411fa7df8fff616e713083e0d', 56594), ('weights', 'bb3b93a3d27570e923d8ee022b96a10e8d69186c3cf97564b98b9f9cb388ce62', 56594), ('weights', 'f8e454cbe84d9cddfb929dd2667a0bda70ae9cf9580d0724f480fa081fbb006e', 56594), ('weights', '4ec5c36c2180eb7e9396465d48e225b3e2ea2bdeccc60f07b8d234f1de391dfa', 56594), ('feedback', '668b953f43b7f041f2d9bed9eb7a7c646b7a5fb8538639d7ab53060f5febe337', 270522), ('feedback', 'dbd53011602add4971d0f17ba325d38eb45f9179beab06f111f2af34e6e734dc', 219222), ('feedback', '8312a67485437c899aabe6055f33273cf75f97b3f448fe8f021e3452443dcd47', 202122), ('feedback', 'a8dc690195c4de53c92d178ac57f5c75808d937850a6f4b65c63ec88a3bfa737', 202122), ('feedback', 'cb9c37f7504f8b36486af0fa0ddcdc1d2fa0583f57ebb0bdc3393021222babd7', 203166), ('contrib', '5a014b637fc7df58606a1c11ae33d8fafcac889de0ff70aedcefb49a535ed752', 75223), ('contrib', '6a799d75a474e0a3e5713ba61828728129fdb029d65795b285d843260642a39e', 58123), ('contrib', '57e465608801c83f9ed3cb49c1022fd5e5f0ca78e3511e4f86198b46a344e25d', 58123), ('contrib', '651a4d1d26316e5114f02fdfad728a7b0b56a577a2d9a98b070a62d022cd34b9', 58123), ('close', 'dab94467e5ecc4138a80151b7784912a9da4a832551a426dfb4914452e36e0e5', 502181)]"
5,00:51:12.837,0.9032,99.72888831421733,"[1626616670958448697, 1624431492331909631, 1625336393473389880, 1623615443236251781, 0, 0]","[89, 89, 89, 86, 0, 0]","[12, 12, 13, 14, 0, 0]","[('0xA41dE09A63f6Cedd633f99052b44450d3BB91D44', 4798390286766760122, 25006957725208828, 1626616670958448697), ('0x17725D495A0843Ea05541fD61ba5D4082750bC08', 4800571150016695929, 25002642348605569, 1624431492331909631), ('0x37AC7AC5D09bbC6dAC1CF036b7F9DdD0EA4E052E', 4799651966111147228, 24988359584537117, 1625336393473389880), ('0x536fc4cd48ad9B3649e8aB615592E83Ec9F5fcd1', 4801386597105396694, 25002040341648484, 1623615443236251781)]",500000000000000000,[],"[250069558620452880, 250026404857635498, 249883577227592468, 250020384788513183]","[[0.0, 1.0, 1.0, 1.0, 0.0, 0.0], [1.0, 0.0, 1.0, 1.0, 0.0, 0.0], [1.0, 1.0, 0.0, 1.0, 0.0, 0.0], [1.0, 1.0, 1.0, 0.0, 0.0, 0.0], [0.0, 0.0, 0.0, 0.0, 0.0, 0.0], [0.0, 0.0, 0.0, 0.0, 0.0, 0.0]]",[],"['$user$0, 0.862, good, good, None, 0xA41dE09A63f6Cedd633f99052b44450d3BB91D44', '$user$1, 0.893, good, good, None, 0x17725D495A0843Ea05541fD61ba5D4082750bC08', '$user$2, 0.895, good, good, None, 0x37AC7AC5D09bbC6dAC1CF036b7F9DdD0EA4E052E', '$user$3, 0.885, good, good, None, 0x536fc4cd48ad9B3649e8aB615592E83Ec9F5fcd1']","[('close', 'dab94467e5ecc4138a80151b7784912a9da4a832551a426dfb4914452e36e0e5', 502181), ('slot', 'a699f09e185d1f22c084ef6b25f9214d6fe07fa2e2bad3f675bf48489acfd71e', 50814), ('slot', '2ac188fda69abb2825fbd62866e1efc6772b14113125112a1df1805f51b997a0', 50814), ('slot', '99b2436a703f807014fc93a96770171d43cb8babd4f96005054dfbc603357476', 50814), ('slot', '65fc6a924a485fe3afa8465f3b7ae9f537c98637518fab3299c9cf7ee52f21a8', 50802), ('weights', '13f870acf8fc9bcc69435a1e8d3b724eed5d9cc8ade41202d3c32c906587d244', 73694), ('weights', '9939078233e03ee7f2f98395229a1c912fc9ca187c4093eb6bfe7a2ad39eaa9f', 56570), ('weights', '47b3acb777f44c7ded93b1746ca6ede04ff33acfc16ebb373aee5156e9ccba5e', 56594), ('weights', 'd0a6f04d3af6af108948c72db3c72ade8b234ea29b7efa30683783f47762b043', 56594), ('feedback', '2b3a7dc9ed1edf221d89f90be7d415a7162384dca9133357a9e95eea16219dbc', 217307), ('feedback', 'f3616c9d7db71d2eddf3146b6266751afc5c54fbd07bc0963cf58e5c7b8b682d', 183107), ('feedback', '53fbfceec8dea0f1a128de9f82ac0e6fe4e9153285c1efababff8cb8a1238e75', 166007), ('feedback', 'a98ce31efbd42ef426fb590d6f9d8a150da0ab0b3bc8a4ae4fb04e5418b2b5cf', 166007), ('contrib', 'c1187a76dc92ef0c90f953ec43c1b06c56377035acfded34498a623f2747bbf7', 75223), ('contrib', '2584e0f4e0b2eb26983cea92974becc7689803731da4dd0d4f2824af66b9e554', 58123), ('contrib', '851f62d45979f01f8025489c37d2ddad0e1fc0a84585ee58aa5eaad4019fa82a', 58123), ('contrib', '74ae8f702b0a97b594632ff60fee0d0d8b34db2f66c7ab71fe38862ed5927837', 58123), ('close', '188d3aed3b61afee2ac80da3c01278a1e179719ecb337752fa36bd99fc44a979', 410442)]"
6,00:51:34.517,0.9137,86.20871254429221,"[1651620434246596048, 1649434009883018302, 1650331678001070618, 1648613877869315018, 0, 0]","[91, 90, 91, 88, 0, 0]","[9, 10, 10, 12, 0, 0]","[('0xA41dE09A63f6Cedd633f99052b44450d3BB91D44', 4873383329041551292, 25003763288147351, 1651620434246596048), ('0x17725D495A0843Ea05541fD61ba5D4082750bC08', 4875568507668090358, 25002517551108671, 1649434009883018302), ('0x37AC7AC5D09bbC6dAC1CF036b7F9DdD0EA4E052E', 4874663606526610109, 24995284527680738, 1650331678001070618), ('0x536fc4cd48ad9B3649e8aB615592E83Ec9F5fcd1', 4876384556763748208, 24998434633063237, 1648613877869315018)]",400000000000000000,[],"[250037640333175659, 250025182962417602, 249952852725982666, 249984353780746459]","[[0.0, 1.0, 1.0, 1.0, 0.0, 0.0], [1.0, 0.0, 1.0, 1.0, 0.0, 0.0], [1.0, 1.0, 0.0, 1.0, 0.0, 0.0], [1.0, 1.0, 1.0, 0.0, 0.0, 0.0], [0.0, 0.0, 0.0, 0.0, 0.0, 0.0], [0.0, 0.0, 0.0, 0.0, 0.0, 0.0]]",[],"['$user$0, 0.898, good, good, None, 0xA41dE09A63f6Cedd633f99052b44450d3BB91D44', '$user$1, 0.885, good, good, None, 0x17725D495A0843Ea05541fD61ba5D4082750bC08', '$user$2, 0.91, good, good, None, 0x37AC7AC5D09bbC6dAC1CF036b7F9DdD0EA4E052E', '$user$3, 0.896, good, good, None, 0x536fc4cd48ad9B3649e8aB615592E83Ec9F5fcd1']","[('close', '188d3aed3b61afee2ac80da3c01278a1e179719ecb337752fa36bd99fc44a979', 410442), ('slot', '1cd249c336070aeced9c6d2ed510015a5a3a2f6f884091e87ab5c6faa218b899', 50814), ('slot', '0aadf5780e242a98ed59eb24ac415cadd081793277fc6c339935313b768139ae', 50814), ('slot', '6ea3e576664a167934e7c267849d0b16c2e49c48a186660e2a68eb5983fe3cd6', 50814), ('slot', 'c063cb2151098bc1ed9ff8010e6789e3698a299176ff332235e23dc8db7f4e44', 50814), ('weights', '619203b6248692109090f2ea027f8ee241b562c082d85f51c7e39adb895fb197', 73694), ('weights', '93292ffc45ebda62429d2641f92ac2738e1f063c86893c58796cdd7070e61e97', 56594), ('weights', 'b839ed85bb336a139312cf0551150ccbfe7f139b9e0650fefdaf73eb2784e2ed', 56594), ('weights', 'fca515109ecdd30fb7d30276d760770825e3283220881c0f307b8f83c1ab8e75', 56582), ('feedback', '1fd551cd91d0118c1b0dde407abf808ec79774279177e6654b094f8f6e7cc6b2', 217307), ('feedback', '6284fab094a9462a331a6a0436d7194f4c7c9dbc5a6b2923fc10c0fb47bfe125', 183107), ('feedback', '3a3ce370353dbf00491b6feb4e608bdd755e73b2ff670d3cdc14c82e528fa0c9', 166007), ('feedback', 'bab97c129654ed1d2bbea35c83046876f8cf5e82e5aa6e093b67e1f32ad2b6ab', 166007), ('contrib', 'bd72f4b494657c129929bf1ef177c7fce3c16c9bb1c79be73275a0ebb9d107ad', 75223), ('contrib', 'dfcfc2a5d4bbc47d2d1895255beab17fc668443082ccfd13d6c3eac658ff6651', 58123), ('contrib', '1f2ec445726f55e240d519dc67383610a2fe5cc7a70d55d5765ee4737a3be22d', 58123), ('contrib', '8f7e5fe6049bc3aa2716ab74de027027687342b6c8ad2552095bdacfdf8ab45a', 58123), ('close', 'ec3cd069d26d1d93aa65db805baea434436dbb5435ab9f9f6437a92b3c68c30e', 410442)]"
7,00:51:56.026,0.9282,74.33762699738145,"[1676617102719233915, 1674441262651240750, 1675325269383692694, 1673616365245832624, 0, 0]","[92, 92, 93, 89, 0, 0]","[8, 9, 9, 10, 0, 0]","[('0xA41dE09A63f6Cedd633f99052b44450d3BB91D44', 4948379565753403938, 24996668472637867, 1676617102719233915), ('0x17725D495A0843Ea05541fD61ba5D4082750bC08', 4950565990116981684, 25007252768222448, 1674441262651240750), ('0x37AC7AC5D09bbC6dAC1CF036b7F9DdD0EA4E052E', 4949668321998929368, 24993591382622076, 1675325269383692694), ('0x536fc4cd48ad9B3649e8aB615592E83Ec9F5fcd1', 4951386122130684968, 25002487376517606, 1673616365245832624)]",300000000000000000,[],"[249966666102409362, 250072509050369262, 249935895204544067, 250024855136871337]","[[0.0, 1.0, 1.0, 1.0, 0.0, 0.0], [1.0, 0.0, 1.0, 1.0, 0.0, 0.0], [1.0, 1.0, 0.0, 1.0, 0.0, 0.0], [1.0, 1.0, 1.0, 0.0, 0.0, 0.0], [0.0, 0.0, 0.0, 0.0, 0.0, 0.0], [0.0, 0.0, 0.0, 0.0, 0.0, 0.0]]",[],"['$user$0, 0.906, good, good, None, 0xA41dE09A63f6Cedd633f99052b44450d3BB91D44', '$user$1, 0.904, good, good, None, 0x17725D495A0843Ea05541fD61ba5D4082750bC08', '$user$2, 0.922, good, good, None, 0x37AC7AC5D09bbC6dAC1CF036b7F9DdD0EA4E052E', '$user$3, 0.908, good, good, None, 0x536fc4cd48ad9B3649e8aB615592E83Ec9F5fcd1']","[('close', 'ec3cd069d26d1d93aa65db805baea434436dbb5435ab9f9f6437a92b3c68c30e', 410442), ('slot', '75f434d97f1ccfc9e9026bff57c75271052594d9c47f205f4f007b91203ad84a', 50814), ('slot', '7963d1ed8d0c333afbec8b557ab27c4447d5953b5163a8bd732a23ae41614427', 50814), ('slot', '91a32c378b75e6343f5ec1151f176bb09524cb0c2fa6de95bab361d79a262ddd', 50814), ('slot', '066a4d2db29c91790373af47696368c7b21ebc0f16568b7ce318533a91cc2237', 50802), ('weights', 'bd5de0767ca4bdb6ef1709b3f2f04ef9bd602eb8f0e72e1e0d56454413c36910', 73694), ('weights', 'acd31fe13352427f25434d8db6e9f0e383f525acf4d44833b63fb840ee594f9e', 56582), ('weights', '5c32ccb6666a1ea27c6914898ad5d75caca4942e525da53847ee66d8e6f64080', 56594), ('weights', 'de84bbc8c01252187470d0074bdb836bef91375eff674f9dfda21228b4a319c4', 56594), ('feedback', '392833c38dde03c8584ee9701b1cd64ebaeaff5b3e53dd8ce99453dee80da130', 217307), ('feedback', '52d422c9f7a70547fc8c11720778b631a7c8ee120bf5271fc19f71d4f0511af5', 183107), ('feedback', '145052eb8d1f1e7833909d5910d85fcb6aafe0eb07857835d0bd3d01106394f9', 166007), ('feedback', '9f0560f4d236323d6697158cec1ff55375b71259a7469dda944a6536c2b82399', 166007), ('contrib', '9cc9fe466d76c395bf6fce711da80954e526e43703c65bf872b9e1ec20d688f4', 75223), ('contrib', '876f94cb18ec01e93b37ca10551a51f3ff8c5586c95204661d5e87690838dd17', 58123), ('contrib', '23cacad5def2d2f8c12445f1b32c8d8b6a4fe28b08751aa5aeec27f6a44ce6d6', 58123), ('contrib', '2347c23c8e9405ad59dfe356fc4704034cfddb3cf7da57becd4313392350ae31', 58123), ('close', '1e88c7061f6c70c8614a8639fde7ba1a09e074881525d27e5800ec7efc679565', 410442)]"
8,00:52:17.479,0.9337,66.44403929263353,"[1701623337737699359, 1699448716584710014, 1700313541052071280, 1698614404625519327, 0, 0]","[93, 92, 94, 91, 0, 0]","[7, 8, 8, 9, 0, 0]","[('0xA41dE09A63f6Cedd633f99052b44450d3BB91D44', 5023382897280766068, 25006235018465444, 1701623337737699359), ('0x17725D495A0843Ea05541fD61ba5D4082750bC08', 5025558737348759233, 25007453933469264, 1699448716584710014), ('0x37AC7AC5D09bbC6dAC1CF036b7F9DdD0EA4E052E', 5024674730616307289, 24988271668378586, 1700313541052071280), ('0x536fc4cd48ad9B3649e8aB615592E83Ec9F5fcd1', 5026383634754167359, 24998039379686703, 1698614404625519327)]",200000000000000000,[],"[250062346458435058, 250074535608291625, 249882712960243225, 249980390071868896]","[[0.0, 1.0, 1.0, 1.0, 0.0, 0.0], [1.0, 0.0, 1.0, 1.0, 0.0, 0.0], [1.0, 1.0, 0.0, 1.0, 0.0, 0.0], [1.0, 1.0, 1.0, 0.0, 0.0, 0.0], [0.0, 0.0, 0.0, 0.0, 0.0, 0.0], [0.0, 0.0, 0.0, 0.0, 0.0, 0.0]]",[],"['$user$0, 0.921, good, good, None, 0xA41dE09A63f6Cedd633f99052b44450d3BB91D44', '$user$1, 0.927, good, good, None, 0x17725D495A0843Ea05541fD61ba5D4082750bC08', '$user$2, 0.932, good, good, None, 0x37AC7AC5D09bbC6dAC1CF036b7F9DdD0EA4E052E', '$user$3, 0.91, good, good, None, 0x536fc4cd48ad9B3649e8aB615592E83Ec9F5fcd1']","[('close', '1e88c7061f6c70c8614a8639fde7ba1a09e074881525d27e5800ec7efc679565', 410442), ('slot', '7bc3b769f010652f4d6bf3f0804c4a3f236b0e5aa180c94878f7a54724533c81', 50814), ('slot', '66dbc766d25e33e42edafb1574aa432ed0ceaefcf3670cb5d9926cd843adf675', 50814), ('slot', 'f968048977884306bffefa36f9680eaf8e29e9a78995d15aa0aa896701adb7b9', 50814), ('slot', '89251dfdb6723f34a85901d32e095505473bf6d599b691ee1e51b12c2049df2d', 50814), ('weights', 'd532f726c41bfe6da67d05640a0fdfbf1efbd8b7b82938a2ba5ebad7c1c8d0a0', 73682), ('weights', '69fd647ebb7739ea9feea2303a8f6e384a31a16088b09ecf9b5e7cdba0a092c7', 56594), ('weights', '80f154724ee61be91d8cff0596fabeb93d54136b775eff4be133455ba83fd879', 56594), ('weights', 'f1f25b1a4af14f67bf4b3bdbee2686ac9f93dc1b1e5f7f870316177fd179dd8c', 56582), ('feedback', '71f8597f858dfa78f80bd3aa2175e1ec945055742c13204b0e68b9fe1dbab50a', 217307), ('feedback', '71f564f148451b0bf80f514fd6ffd54cea74bae6db5e1b078226d9882653b187', 183107), ('feedback', '4be3a819e542f04da863ef907f99b78172b543b9baaf3571e7286404d9629917', 166007), ('feedback', 'a1d2a8bfdf7f0352f1060370d486512693dad9d626791d9492854c04d5b30860', 166007), ('contrib', '0cbf428e36a026bcdfc4d821dcd7b7665e94ff9c11be802555ebe5be410ec39f', 75223), ('contrib', '718ff62639432bf9cddeef2ef6a19181cf867582b4d283ce3a91da9387831e99', 58123), ('contrib', 'd638c48f64f5ac583b98546f1aff86cdacf23d318ebd7ed2a4c7cd153af7c49c', 58111), ('contrib', 'adf82bbf16f7c4dd99511e3aac20fc885f66cb23d66cb0dbe00882ad5da43e17', 58123), ('close', 'a326980afb379227cf53cfcc96562d98607239bad6fb92d939daa89db8caffa6', 410442)]"
9,00:52:39.063,0.9415,59.90175998210907,"[1726628581084028840, 1724454505313563570, 1725300320368740057, 1723616593233667511, 0, 0]","[93, 94, 94, 92, 0, 0]","[6, 7, 7, 8, 0, 0]","[('0xA41dE09A63f6Cedd633f99052b44450d3BB91D44', 5098376662262300621, 25005243346329481, 1726628581084028840), ('0x17725D495A0843Ea05541fD61ba5D4082750bC08', 5100551283415289966, 25005788728853556, 1724454505313563570), ('0x37AC7AC5D09bbC6dAC1CF036b7F9DdD0EA4E052E', 5099686458947928700, 24986779316668777, 1725300320368740057), ('0x536fc4cd48ad9B3649e8aB615592E83Ec9F5fcd1', 5101385595374480653, 25002188608148184, 1723616593233667511)]",100000000000000000,[],"[250052422285079956, 250057876110076904, 249867781996726989, 250021874904632568]","[[0.0, 1.0, 1.0, 1.0, 0.0, 0.0], [1.0, 0.0, 1.0, 1.0, 0.0, 0.0], [1.0, 1.0, 0.0, 1.0, 0.0, 0.0], [1.0, 1.0, 1.0, 0.0, 0.0, 0.0], [0.0, 0.0, 0.0, 0.0, 0.0, 0.0], [0.0, 0.0, 0.0, 0.0, 0.0, 0.0]]",[],"['$user$0, 0.913, good, good, None, 0xA41dE09A63f6Cedd633f99052b44450d3BB91D44', '$user$1, 0.935, good, good, None, 0x17725D495A0843Ea05541fD61ba5D4082750bC08', '$user$2, 0.936, good, good, None, 0x37AC7AC5D09bbC6dAC1CF036b7F9DdD0EA4E052E', '$user$3, 0.917, good, good, None, 0x536fc4cd48ad9B3649e8aB615592E83Ec9F5fcd1']","[('close', 'a326980afb379227cf53cfcc96562d98607239bad6fb92d939daa89db8caffa6', 410442), ('slot', '47fd2d1819c827923a5addc7dc878f261a3c761448d69e7eaa2f6e6d0f764f37', 50802), ('slot', '8d306fe7c9f9001721fbb3f4666c21c1c9a0fdf5583021283adf625317b0d3a5', 50790), ('slot', 'ee034a402b68991bd31f6385fa55afee3d05584321862153c07c68cf268e0da4', 50814), ('slot', '1564702f7825d5d8ae750e80d874df14b6c5a5bfd39fc6ba1b81525dd8a58db7', 50814), ('weights', 'b0d04d98d6eb2063beb8746fd8125305d9e815239db1bd7cfb8263a4e2c39a3d', 73694), ('weights', '4d21e2552e982614e0fbbbd302897e3a899c9e7e4fde003a242bb2fb882808d4', 56594), ('weights', 'b5a7c4690515d2069723c52a620c1c890eee22f5b290774219f620a20500736d', 56594), ('weights', '349751bddd80a4f61cb15a4034e28168315556d9318017183562b15f08dd7e70', 56594), ('feedback', '6c6890ecb8e0f0ea95f28a87c0fab48be9b6bdeda5310e1d9f248c6684195980', 217307), ('feedback', 'a1c1c65a13aafc6ff16277b7e9ecd084df475b2601db1b11d92563cc0b124113', 183107), ('feedback', 'e81c052d79e51380b61fea5afdd33d90081febe579f7e3fe37b56f28da6402d4', 166007), ('feedback', '91e12525932b60191541bbe22a73256e5367e947effb5826b279f5efe951da29', 166007), ('contrib', 'aa71da9e05b592929312771436056034ac7884b60b4fffc5a7b9026d2dce53da', 75223), ('contrib', '2ea2c6f2604e64dea41ead4353805ab5fd63bb36e4ac20f42164e02b786f8d29', 58123), ('contrib', '2a46ddcb2c4d25039cd452553c62bee52ae769e0bd7497709c502acd6e01db4e', 58123), ('contrib', '6588183c2d3d92e5ac9869e13a0288c2118aab41eb50bb07968b13d2981ea368', 58123), ('close', '05e81829156146cd139e5794c1eb16a25284a030b212d03af72c5aab2515d6e7', 410442)]"
10,00:53:00.668,0.948,53.470241852104664,"[1751631512142610374, 1749464749862494962, 1750283727924761720, 1748620010070132919, 0, 0]","[94, 94, 95, 92, 0, 0]","[6, 6, 6, 7, 0, 0]","[('0xA41dE09A63f6Cedd633f99052b44450d3BB91D44', 5173371418915971138, 25002931058581534, 1751631512142610374), ('0x17725D495A0843Ea05541fD61ba5D4082750bC08', 5175545494686436408, 25010244548931392, 1749464749862494962), ('0x37AC7AC5D09bbC6dAC1CF036b7F9DdD0EA4E052E', 5174699679631259921, 24983407556021663, 1750283727924761720), ('0x536fc4cd48ad9B3649e8aB615592E83Ec9F5fcd1', 5176383406766332467, 25003416836465408, 1748620010070132919)]",0,[],"[250029295682907104, 250102430582046508, 249834060668945312, 250034153461456298]","[[0.0, 1.0, 1.0, 1.0, 0.0, 0.0], [1.0, 0.0, 1.0, 1.0, 0.0, 0.0], [1.0, 1.0, 0.0, 1.0, 0.0, 0.0], [1.0, 1.0, 1.0, 0.0, 0.0, 0.0], [0.0, 0.0, 0.0, 0.0, 0.0, 0.0], [0.0, 0.0, 0.0, 0.0, 0.0, 0.0]]",[],"['$user$0, 0.93, good, good, None, 0xA41dE09A63f6Cedd633f99052b44450d3BB91D44', '$user$1, 0.945, good, good, None, 0x17725D495A0843Ea05541fD61ba5D4082750bC08', '$user$2, 0.943, good, good, None, 0x37AC7AC5D09bbC6dAC1CF036b7F9DdD0EA4E052E', '$user$3, 0.931, good, good, None, 0x536fc4cd48ad9B3649e8aB615592E83Ec9F5fcd1']","[('close', '05e81829156146cd139e5794c1eb16a25284a030b212d03af72c5aab2515d6e7', 410442), ('slot', '15b8a16e7efb774b4edad6e204ddb24dc07174874285e153afc70eea51304289', 50814), ('slot', '51a7794262af6d00e1ba68496134d7d773979fa814a14707b624f5d7b26547ee', 50814), ('slot', '09d0846ad7558f9393450e884647db494d23e76d7d845db7cfd8c1182a2d3fda', 50802), ('slot', 'b45fa1ab3e3e444513ffd4a2e08637d827fc29cbda3b990e52baaaa13c77dc65', 50802), ('weights', '15558b44ed866362f5ba0617f1aabe343fd693c0addef0f7cdc6a95274693dd6', 73694), ('weights', '559765a2265be7a81976e95bbee509590ef536c570b722616c01c384a2da317b', 56594), ('weights', '844af1b766aeb19782cfce6a5e2786505cf77a0092648f5b3a9ff21428deca51', 56594), ('weights', '250829a9f6fcfa866b5ca96461c836193b051c754d624c5795f054b9778c1ae2', 56594), ('feedback', '3f8a8d5e20ebcdfcfd117335f6ff511a980e375ba782e0a039b250c55cc6e532', 217307), ('feedback', '8c3a839f0da40672f90d1d11b29bcfb752d7b39a295bf45e92d4d5992a32612a', 183107), ('feedback', '0ef5a0cbc84bd5bb4fa214f071711b15d180df473f9b8f1d3c75c549c4e4c8b3', 166007), ('feedback', 'd95fbde512c3c076138b64cbec00159c892f412adc79f0a29bf8eed7f17f673b', 166007), ('contrib', '44d8c125c60d7fd7ccab209fef396cc37b1780fb03c28efa8a17d931479987c1', 75223), ('contrib', 'dea8a63216d0df659d6b94f85274dc40ed3c47d4616a49eb4a9f4d7827087a8e', 58123), ('contrib', '3558f13915fc95aaa64b96f56d56084bf7d2aaf9e908140cd9f212bec0d085b9', 58123), ('contrib', 'de2abfb1f99a94d3c6760eaf8835c1990a9f2353ea9b23371f3d1cab8c7c13c1', 58123), ('close', '169a8db7d5c55a43c702bd2073018200e449518f4253456d8f602b226fa47bd6', 410442)]"
# $gasCosts$[342675, 310927, 315049, 293827, 317501, 218683, 75223, 58123, 58123, 58123, 363201, 274901, 257801, 257801, 237901, 218683, 75223, 58123, 58123, 58123, 58123, 321749, 253349, 236249, 236249, 231293, 218683, 75223, 58123, 58123, 58123, 270522, 219222, 202122, 202122, 203166, 75223, 58123, 58123, 58123, 217307, 183107, 166007, 166007, 75223, 58123, 58123, 58123, 217307, 183107, 166007, 166007, 75223, 58123, 58123, 58123, 217307, 183107, 166007, 166007, 75223, 58123, 58123, 58123, 217307, 183107, 166007, 166007, 75223, 58123, 58111, 58123, 217307, 183107, 166007, 166007, 75223, 58123, 58123, 58123, 217307, 183107, 166007, 166007, 75223, 58123, 58123, 58123],[126674, 126674, 126674, 126674, 126674],[50814, 50814, 50814, 50814, 50814, 50814, 50814, 50814, 50814, 50814, 50814, 50814, 50814, 50814, 50814, 50802, 50814, 50814, 50814, 50814, 50814, 50814, 50814, 50814, 50814, 50814, 50802, 50814, 50814, 50814, 50814, 50814, 50814, 50814, 50802, 50814, 50814, 50814, 50814, 50802, 50790, 50814, 50814, 50814, 50814, 50802, 50802],[73694, 56594, 56594, 56594, 56582, 56594, 73694, 56594, 56594, 56594, 56594, 56594, 73694, 56594, 56582, 56594, 56594, 56594, 73694, 56594, 56594, 56594, 56594, 73694, 56570, 56594, 56594, 73694, 56594, 56594, 56582, 73694, 56582, 56594, 56594, 73682, 56594, 56594, 56582, 73694, 56594, 56594, 56594, 73694, 56594, 56594, 56594],[682846, 643640, 618388, 502181, 410442, 410442, 410442, 410442, 410442, 410442],[],[]
# TOTAL EXPERIMENT TIME: 237.56 seconds
