# Author Nykjaer
# ------Specs--------# cpu_name:  (processor model)
# cpu_cores: 6 (physical cores)
# ram_gb: 13.5 (system memory in GB)
# gpu_name: NVIDIA GeForce RTX 3060 Laptop GPU (graphics processor)
# os_name: Linux (operating system)
# ------Config--------# good_contributors: 4 (honest participants)
# bad_contributors: 1 (malicious participants)
# freeriders: 1 (contribute 0)
# inactive: 0 (never join)
# reward: 1000000000000000000 (total reward pool)
# minimum_rounds: 10 (rounds to simulate)
# min_buy_in: 1000000000000000000 (lower buy-in bound)
# max_buy_in: 1000000000000000000 (upper buy-in bound)
# standard_buy_in: 1000000000000000000 (default buy-in)
# epochs: 1 (local epochs per round)
# batch_size: 32 (training batch size)
# punish_factor: 3 (penalty multiplier)
# first_round_fee: 50 (fee for first round)
# fork: True (True=local fork, False=real net)
# contribution_score_strategy: dotproduct (scoring method)
# use_outlier_detection: True (Whether to use outlier detection)
# freerider_start_round: 1 (When freeriders should start freeriding)
# freerider_noise_scale: 1.0 (How much noise a freeder should add)
round,time,globalAcc,globalLoss,GRS,accAvgPerUser,lossAvgPerUser,rewards,conctractBalanceRewards,punishments,contributionScores,feedbackMatrix,disqualifiedUsers,userStatuses,GasTransactions
# $startingUserConfig$['$user$0, 0, good, good, None, 0xA41dE09A63f6Cedd633f99052b44450d3BB91D44', '$user$1, 0, good, good, None, 0x17725D495A0843Ea05541fD61ba5D4082750bC08', '$user$2, 0, good, good, None, 0x37AC7AC5D09bbC6dAC1CF036b7F9DdD0EA4E052E', '$user$3, 0, good, good, None, 0x536fc4cd48ad9B3649e8aB615592E83Ec9F5fcd1', '$user$4, 0, good, bad, 3, 0x118E560679B62a9F24c135A96d416548782f8cc2', '$user$5, 0, good, freerider, 1, 0xA2F37A08a8488CB8551a0D03f7A73f4156757de7']
0,00:57:09.107,0,720.8316040039062,"[1000000000000000000, 1000000000000000000, 1000000000000000000, 1000000000000000000, 1000000000000000000, 1000000000000000000]",[],[],[],1000000000000000000,[],[],,[],"['$user$0, 0, good, good, None, 0xA41dE09A63f6Cedd633f99052b44450d3BB91D44', '$user$1, 0, good, good, None, 0x17725D495A0843Ea05541fD61ba5D4082750bC08', '$user$2, 0, good, good, None, 0x37AC7AC5D09bbC6dAC1CF036b7F9DdD0EA4E052E', '$user$3, 0, good, good, None, 0x536fc4cd48ad9B3649e8aB615592E83Ec9F5fcd1', '$user$4, 0, good, bad, 3, 0x118E560679B62a9F24c135A96d416548782f8cc2', '$user$5, 0, good, freerider, 1, 0xA2F37A08a8488CB8551a0D03f7A73f4156757de7']","[('register', '50df1e9e926eb8bdd1f18b57f4b91f663755f778090c97711d62db200b6473c4', 126674), ('register', '53f874c1029ea330e88c0a2def2c4cc59d31e6a33a13365a89a730ca88223840', 126674), ('register', '91a33dff41571fbac3cd9bc1a8ba944b58cf09a6531fdeb83fa2cfd1fe76e8b4', 126674), ('register', 'c9ae5288012ed46465f73a02bda0008beddf4f923c5b3199913bc0e48f6cc2b7', 126674), ('register', '1964a02611d2ac07aafe386f7e78d4c5663751ba19b12670141365c52a15ceda', 126674)]"
1,00:57:38.103,0.353,713.9305419921875,"[1153693984642217785, 1154200706071644434, 1152999289040774766, 1152913538819846428, 1152859148092183250, 333333333333333334]","[11, 10, 11, 10, 11, 11]","[74, 74, 74, 74, 74, 74]","[('0xA41dE09A63f6Cedd633f99052b44450d3BB91D44', 4000000000000000000, 153693984642217785, 1153693984642217785), ('0x17725D495A0843Ea05541fD61ba5D4082750bC08', 3000000000000000000, 154200706071644434, 1154200706071644434), ('0x37AC7AC5D09bbC6dAC1CF036b7F9DdD0EA4E052E', 4000000000000000000, 152999289040774766, 1152999289040774766), ('0x536fc4cd48ad9B3649e8aB615592E83Ec9F5fcd1', 3000000000000000000, 152913538819846428, 1152913538819846428), ('0x118E560679B62a9F24c135A96d416548782f8cc2', 3000000000000000000, 152859148092183250, 1152859148092183250)]",900000000000000000,"[(1, 166666666666666666)]","[200470417737960815, 201131358742713928, 199564293026924133, 199452444911003112, 199381500482559204]","[[0.0, 0.0, 1.0, 0.0, 0.0, -1.0], [1.0, 0.0, 1.0, 1.0, 1.0, -1.0], [1.0, 1.0, 0.0, 1.0, 1.0, -1.0], [1.0, 1.0, 1.0, 0.0, 1.0, -1.0], [1.0, 1.0, 1.0, 1.0, 0.0, -1.0], [0.0, 0.0, 0.0, 0.0, 0.0, 0.0]]",[6],"['$user$0, 0.777, good, good, None, 0xA41dE09A63f6Cedd633f99052b44450d3BB91D44', '$user$1, 0.702, good, good, None, 0x17725D495A0843Ea05541fD61ba5D4082750bC08', '$user$2, 0.719, good, good, None, 0x37AC7AC5D09bbC6dAC1CF036b7F9DdD0EA4E052E', '$user$3, 0.666, good, good, None, 0x536fc4cd48ad9B3649e8aB615592E83Ec9F5fcd1', '$user$4, 0.714, good, bad, 3, 0x118E560679B62a9F24c135A96d416548782f8cc2', '$user$5, 0, freerider, freerider, 1, 0xA2F37A08a8488CB8551a0D03f7A73f4156757de7']","[('slot', 'c2f3524a734d7855d6696691518e9ae01ec3d4097574a898afca269322fe3448', 50814), ('slot', '96717a371b40a7aaa28b1aa18dbfe6415206efb497a4af1250f2e23a04558468', 50814), ('slot', 'bea1515ca0ee4e47da3087a90d7cb35e15262e6ddc2038e66bb10d358d1903e1', 50814), ('slot', 'e56c00aea5009f6e3f5903a65be8dc54fba029dcaba0422a0af3f9b7184e7abd', 50814), ('slot', 'f9e4ab9006cb51d473f2edc4bd9f4da121f649fcd71eacbe38d0bb632c49a452', 50814), ('slot', 'cce7347a2f4b921d9081880ab3ab358d5ae595d8e662587b5d86f11f14658cd7', 50814), ('weights', '0699e551c914e4cc7659c1898b93cbc1b887f3f846d1c0b31545f89f741dd794', 73694), ('weights', '43e0ab76f684a14e50b07bdaa193459181b791692fb938b31ebae42270e91f52', 56594), ('weights', '4008a1e8932681608c27d877d4a16742ffbf72934e340e3a2e2169deaec458ff', 56594), ('weights', '9a53f1acc4a50933d835f2e3b69ffcea4fa3b95c3de83ada8f6fcf4f36953582', 56594), ('weights', '6f55cc1aae5978f69d4030986c9d95b586d19f063cb30e00879fafaf715176c1', 56594), ('weights', '4d3d41e803f4efb7734680f8cb13886a9fc5cbcd6a05f0ee136979aeaefe5176', 56594), ('feedback', '84cd8d650eb08492f62526f0394906bee48a48812e6f213fe28660a5b08b4faa', 280679), ('feedback', '5b50bdce82c223c2db1276f94f9875ef150f87595ff30a1691e5d8d1716bceea', 368801), ('feedback', 'b1f33ef50027ea99e6f2f1e099090ec5577313cdef6290f68c6a3e8ad25aa646', 334601), ('feedback', 'a6cf6574bfa01a6555a19690aad1fc5620ee9bbbff6a191716a24957d34fe5b9', 317501), ('feedback', '8aa6e0d6bc95d20bd806d59455649843bb1e1646b3e84036378c8511bd2a9d1a', 317501), ('feedback', 'e42db3c93f1803f728bd538a5a754b864c67a842f52bb37f585dd4e06052d67f', 218683), ('contrib', '30f3ac6a5f490850f94a6408a2f2fd38d773cc921039fda3faa7b2b0eec4c124', 75223), ('contrib', '3a6bf62b10510fa1b6174f400b6fd0119ca1c9b12f70d05a2b4d6ac8c195f2d0', 58123), ('contrib', 'f82d076264438b8b7833d7070704d60d6194e627ca1d5bc559fa81d9fec114bb', 58123), ('contrib', '29578202a2016d63fca01270bbbcc0a02aab3a5c569f6e30ada511cde345f6eb', 58123), ('contrib', '0be6557fe6d2100593a849875208aa15b7331a7fc37a916dd49945028627d2ca', 58123), ('close', '74fdd715895b3c776db4581b5ee3f3b6bc7c28f4ae87389b5af81a5a98e0ac95', 671004)]"
2,00:58:06.965,0.6851,450.57147216796875,"[1195898458883425956, 1196426508844752932, 1195238706841326422, 1195174099550029661, 1195040003658242801, 222222222222222223]","[31, 33, 35, 34, 35, 37]","[73, 73, 73, 73, 73, 73]","[('0xA41dE09A63f6Cedd633f99052b44450d3BB91D44', 4612972682024448878, 42204474241208171, 1195898458883425956), ('0x17725D495A0843Ea05541fD61ba5D4082750bC08', 4612465960595022229, 42225802773108498, 1196426508844752932), ('0x37AC7AC5D09bbC6dAC1CF036b7F9DdD0EA4E052E', 4613667377625891897, 42239417800551656, 1195238706841326422), ('0x536fc4cd48ad9B3649e8aB615592E83Ec9F5fcd1', 4613753127846820235, 42260560730183233, 1195174099550029661), ('0x118E560679B62a9F24c135A96d416548782f8cc2', 4613807518574483413, 42180855566059551, 1195040003658242801)]",800000000000000000,"[(2, 111111111111111111)]","[199915900826454162, 200016930699348449, 200081422924995422, 200181573629379272, 199804022908210754]","[[0.0, 1.0, 1.0, 1.0, 1.0, -1.0], [1.0, 0.0, 1.0, 1.0, 1.0, -1.0], [1.0, 1.0, 0.0, 1.0, 1.0, -1.0], [1.0, 1.0, 1.0, 0.0, 1.0, -1.0], [1.0, 1.0, 1.0, 1.0, 0.0, -1.0], [0.0, 0.0, 0.0, 0.0, 0.0, 0.0]]",[6],"['$user$0, 0.665, good, good, None, 0xA41dE09A63f6Cedd633f99052b44450d3BB91D44', '$user$1, 0.61, good, good, None, 0x17725D495A0843Ea05541fD61ba5D4082750bC08', '$user$2, 0.673, good, good, None, 0x37AC7AC5D09bbC6dAC1CF036b7F9DdD0EA4E052E', '$user$3, 0.618, good, good, None, 0x536fc4cd48ad9B3649e8aB615592E83Ec9F5fcd1', '$user$4, 0.632, good, bad, 3, 0x118E560679B62a9F24c135A96d416548782f8cc2', '$user$5, 0, freerider, freerider, 1, 0xA2F37A08a8488CB8551a0D03f7A73f4156757de7']","[('close', '74fdd715895b3c776db4581b5ee3f3b6bc7c28f4ae87389b5af81a5a98e0ac95', 671004), ('slot', '439b04796c31428ac01d1db2bc6d7aa610314e3788abd3aaed2d7b4ce9f8a874', 50814), ('slot', 'a3608130afe7cd9ea6d904dd532b28500d71eb3b34eef2fd227f10296e0f39d4', 50814), ('slot', '942263cf2e667d55f25156ca2477aa3d4637f7a05f1696d0629bdd196e7ce792', 50802), ('slot', '9edd03d87214b145612d17dca8c6e6526a9786cf914a70c9f8cc99113ad86291', 50814), ('slot', '017edd0e79771d41dd6001f30d113c457dd8216fc90d5fa44f9606beec9f8cec', 50802), ('slot', 'cb5caec5975c96cf880b624b651cf000b6cd5d662c3d29f0013c171f5a363f55', 50814), ('weights', '5986a6192b5ae70c5fc9190e4284e50a276cdd2d68a23b10fc7fcb58f2b81bc0', 73694), ('weights', 'd56d55d74953b0721cd3ae55e4c77cda3cea527d002fce235807ba2873a61965', 56594), ('weights', '36d747f0a16e49459000c4690eb02617caffa211096c2a7609e73c4ee5f29e9c', 56594), ('weights', '691210c68f76b4539f7d5e8e251caa793eee2a73db5b60095f3519dd4acfca77', 56594), ('weights', '534c4a6beaa3795384fbebe3e275f20c6057561eca761fe627c78027aa63a286', 56594), ('weights', '8c5a144cbf70c0981a7dc63584803fbe59d499fab11d3c105d4461e1dd1a8712', 56594), ('feedback', '65150a92dcfe4f08b6a1c3a22d6c56a616276647b4883370ed19b61df670c0d4', 383101), ('feedback', 'fda96b7bebd84f94bf8dd66f2d4a3504f2444a2449ce58dcaa28d0674a50e5f7', 255001), ('feedback', '5e08cd85d5e2dcb291a469cfb41be2d7b58a1bd4570754bff529bf04271146b8', 237901), ('feedback', '4184794392d72ad1a74b2ba47dbf9dcff69c7c504ea8bf75378ac8e3d1283591', 237901), ('feedback', '8907a5ffcf34055527d7172eb16b54ff39615589d9c0fd5e61bebb5869f6718c', 237901), ('feedback', '3f59c3a64d2a98584e3f1658dc2b603da8740fb154bd0e3f4ca10b2171169b1d', 218683), ('contrib', 'b6fd7296bcc925961b5c2a2ee30efef109fd5535f79577eb9dd19e906c94f73d', 75223), ('contrib', 'e2b5ac9092b7e39038315f4d2501ee5e68ed7b6ec85a05ccc596d1ebf0ef3d0d', 58123), ('contrib', '7f1fe92a16a0c15bfc58e6f0c2150175dfb38bdfc8160de1ade5c93ffd4d0d91', 58123), ('contrib', '5ec41833d9a8942b1e7c2739466c26a83675c81ac933677099421d4c5af185e6', 58123), ('contrib', '56d373e193396f5b09d2d2584feae45f744c4616f4658f3285bd6bd30a6031f7', 58123), ('close', 'f522fa3384f9fa1dbafae80ac83538ca54d77ccb5912aa1ebcf0b2447d2e8c58', 643640)]"
3,00:58:33.144,0.8454,169.9427961409092,"[1376042082629913856, 1376593475510795860, 1375313160814229461, 1375357945272898947, 796693335772161868, 0]","[67, 65, 68, 66, 68, 70]","[47, 47, 46, 47, 46, 45]","[('0xA41dE09A63f6Cedd633f99052b44450d3BB91D44', 2391799311577866214, 180143623746487900, 1376042082629913856), ('0x17725D495A0843Ea05541fD61ba5D4082750bC08', 2391271261616539238, 180166966666042928, 1376593475510795860), ('0x37AC7AC5D09bbC6dAC1CF036b7F9DdD0EA4E052E', 2392459063619965748, 180074453972903039, 1375313160814229461), ('0x536fc4cd48ad9B3649e8aB615592E83Ec9F5fcd1', 2392523670911262509, 180183845722869286, 1375357945272898947)]",700000000000000000,"[(3, 398346667886080933), (3, 222222222222222223)]","[250001937150955200, 250034332275390625, 249905943870544433, 250057756900787353]","[[0.0, 1.0, 1.0, 1.0, -1.0, -1.0], [1.0, 0.0, 1.0, 1.0, -1.0, -1.0], [1.0, 1.0, 0.0, 1.0, -1.0, -1.0], [1.0, 1.0, 1.0, 0.0, -1.0, -1.0], [-1.0, -1.0, -1.0, -1.0, 0.0, -1.0], [0.0, 0.0, 0.0, 0.0, 0.0, 0.0]]","[5, 6]","['$user$0, 0.805, good, good, None, 0xA41dE09A63f6Cedd633f99052b44450d3BB91D44', '$user$1, 0.823, good, good, None, 0x17725D495A0843Ea05541fD61ba5D4082750bC08', '$user$2, 0.805, good, good, None, 0x37AC7AC5D09bbC6dAC1CF036b7F9DdD0EA4E052E', '$user$3, 0.807, good, good, None, 0x536fc4cd48ad9B3649e8aB615592E83Ec9F5fcd1', '$user$4, 0.632, bad, bad, 3, 0x118E560679B62a9F24c135A96d416548782f8cc2']","[('close', 'f522fa3384f9fa1dbafae80ac83538ca54d77ccb5912aa1ebcf0b2447d2e8c58', 643640), ('slot', '89ec16333174a8fb904ddbf319ab9689914e28a0fdc7d0a64f64482db07ad62a', 50814), ('slot', 'da55477d77c480cc0c1c28788397ebb43541411d31eab17a19c2faba2e979110', 50814), ('slot', 'ee31ffb87aaf47400a76549ddaaca872edc5b78e19145b9a8132139641c71b41', 50814), ('slot', '5e676dafc7346b643976f6a5e4a662b30ca3b993b56e4ebcedde2c251c0279ae', 50814), ('slot', '1a6a3495f540ce61856feafac7cc97a06bf2cf185c3921ed129190f06795e4f8', 50814), ('slot', 'a35186a06b16eebbe8bdc756225730ed4d2513be751f56d4c739987aeed0fb13', 50814), ('weights', '95d245d6e01532f49e0f8ba5e23a245e05bf029d42f1c98aea99d2f566bd88ac', 73694), ('weights', 'e33101e36c0d3d9e0f9d93d8ad383477787912b7300e57d8c9202eefa7f73d8a', 56594), ('weights', '0a0b35bccdf1dd5f48f5925ab8f0ccfb973fecb5d8718f14d9ca87ee8bc9a076', 56594), ('weights', 'f43b402a4639d764c1d1352b50f0d05cdfb4ecc10086f1124ac37bb8a5c2ea2b', 56594), ('weights', 'f39194ef94dbdb79f437871d1904e3c8069b75de11535d4d07f1ffe84322ca7e', 56582), ('weights', '2ae25a7938bc21a4024c4d487688b83c06d035b67f5e6e55b3a8110b34547b0b', 56594), ('feedback', 'e9739712d6199401b36ea66358fb11f15a5b620a0e608391fe40f21d5327d6eb', 321749), ('feedback', '75ef04f8b013d8ec03494c1b00cca65b443b699276f6fe8d1e518b28f0611f78', 253349), ('feedback', 'f755136086e6125cda1c0b85c07b4c7ac09d24bbd2526c97cdb70a2998e1c07e', 236249), ('feedback', 'f108d9e0f6a2c138474c6ea0d9305e3071893ad10aad03fb41f77275951e578e', 236249), ('feedback', '6be5d259d5e0b31e668a480aa2ec84c60e0616e5e1a8bb231a02ce5397cead3e', 231293), ('feedback', '036c5ecc71df69df24f8ae39b2845c82ec2121d4aba0a1446148e6d502812591', 218683), ('contrib', '7e4e3e249a3c091078443e14651626aac1695b984b9f87954b82fb939a88f973', 75223), ('contrib', '26b5542dd97e61a73c68c5b96a4ab1520c110d98eff05e135dc326357a835fc4', 58123), ('contrib', '0314ce5406710156df200628eabae9e8168d5e602eb2cf2008bb943344ba384c', 58123), ('contrib', '5e5482780206e956315e3752c3c297b89c96c197f0aa0404249e60da8a35c29a', 58123), ('close', 'd876d930606db23c87db61611a462d278e94b679a38bdc7c117a3198c3354843', 618388)]"
4,00:58:57.303,0.8827,123.33682487905025,"[1467449662600196616, 1468004138672762980, 1466656140837189210, 1466761167375076605, 531128890514774579, 0]","[83, 84, 83, 82, 85, 0]","[17, 17, 18, 19, 17, 0]","[('0xA41dE09A63f6Cedd633f99052b44450d3BB91D44', 3330571245825762400, 91407579970282760, 1467449662600196616), ('0x17725D495A0843Ea05541fD61ba5D4082750bC08', 3330019852944880396, 91410663161967120, 1468004138672762980), ('0x37AC7AC5D09bbC6dAC1CF036b7F9DdD0EA4E052E', 3331300167641446795, 91342980022959749, 1466656140837189210), ('0x536fc4cd48ad9B3649e8aB615592E83Ec9F5fcd1', 3331255383182777309, 91403222102177658, 1466761167375076605)]",600000000000000000,"[(4, 265564445257387289)]","[250045031309127807, 250053465366363525, 249868318438529968, 250033110380172729]","[[0.0, 1.0, 1.0, 1.0, -1.0, 0.0], [1.0, 0.0, 1.0, 1.0, -1.0, 0.0], [1.0, 1.0, 0.0, 1.0, -1.0, 0.0], [1.0, 1.0, 1.0, 0.0, -1.0, 0.0], [-1.0, -1.0, -1.0, -1.0, 0.0, 0.0], [0.0, 0.0, 0.0, 0.0, 0.0, 0.0]]",[5],"['$user$0, 0.84, good, good, None, 0xA41dE09A63f6Cedd633f99052b44450d3BB91D44', '$user$1, 0.864, good, good, None, 0x17725D495A0843Ea05541fD61ba5D4082750bC08', '$user$2, 0.862, good, good, None, 0x37AC7AC5D09bbC6dAC1CF036b7F9DdD0EA4E052E', '$user$3, 0.857, good, good, None, 0x536fc4cd48ad9B3649e8aB615592E83Ec9F5fcd1', '$user$4, 0.632, bad, bad, 3, 0x118E560679B62a9F24c135A96d416548782f8cc2']","[('close', 'd876d930606db23c87db61611a462d278e94b679a38bdc7c117a3198c3354843', 618388), ('slot', '9987226b62c5b80a2184c8659a9c148a3780b7e2f3e093073924c37ee9794aec', 50814), ('slot', 'c3a101e607552f414e7bb4a3ba0ff24934425cf70a38fbc170caa3a4197e6ec9', 50814), ('slot', 'a9e234f447d95b123b220e45196dabbf8e787c7d7f7e7f08317304e30991387e', 50814), ('slot', 'fb99846db1ea0affdf5d08a96c7fb5eba4f2d9650ea8c494a3a3fb2b2d5cf1c9', 50814), ('slot', '74b0497fe6106e1f97980ee7f4845a2c30ad41f44ab34c6be1749770dd6d6796', 50814), ('weights', '883932f6cb9dac5d7270d13746743f35c11a36bc9f2fba50dbdf49b84e7f775b', 73694), ('weights', '070696880a1674ae2f629cccffd6cd13cd132deb8c4f9418084170a5e1476dc5', 56594), ('weights', '0247f8eac1502b5ed3faa557f59bb2ba3cd24925ababc2c720d2b070f4621510', 56594), ('weights', 'cbcf5d2b709267f9de4181bec45e8c8da08c6d5c66381125981f408fd36a70c1', 56582), ('weights', '9b7ebe31bc8659f875c6045db77fac189b289fbc6dbdd838b1f5242410f15d3e', 56594), ('feedback', '8d34013ceca7af98df5e27aab26164970e9549ec3213692e5e9962ed7dcb80ec', 270522), ('feedback', 'c3ecf8686dc07ef78134eb43652d5302b6dd5e950452e52a3f77d8430a21e1e6', 219222), ('feedback', '7c0cf47f5f74bf755870a28f622dcc0e22335f0594956ba31ac090cd4a0ea547', 202122), ('feedback', '98886dece276ba27a52e705a484a3654637a66e7876fca2a657c18f50ed72b4b', 202122), ('feedback', 'b9e315ca241d64171035877031d23796a1feb3b9364fcbb7fa0cf9791d131d18', 203166), ('contrib', '239708ce776afb39cb1ac0b65d847a3cf69d82ee87ddbb5bbbf32affa64fb8cb', 75223), ('contrib', 'a2c41d65839ab691e0c7901f2a92fd5c3e887cf96ec26d07740da1c278acae26', 58123), ('contrib', '3a7452f7fedf8fd44f6849a59cd291f87d1819d2b42a1fae3f9951333d2db21c', 58123), ('contrib', '1e112875d136c9dfa1ec62c6e270330a683ddd7b89089a58520b749309956796', 58123), ('close', 'f5fc6c9b1397e3fea0ce78f0678732f77994a25d27315dac29e32bd6f43300b3', 543321)]"
5,00:59:21.569,0.9028,100.40344563126564,"[1536716425578680658, 1537292963083596028, 1535871610159809406, 1536033074168064177, 354085927009849720, 0]","[88, 88, 88, 86, 88, 0]","[12, 12, 13, 14, 12, 0]","[('0xA41dE09A63f6Cedd633f99052b44450d3BB91D44', 3870292556370254216, 69266762978484042, 1536716425578680658), ('0x17725D495A0843Ea05541fD61ba5D4082750bC08', 3869738080297687852, 69288824410833048, 1537292963083596028), ('0x37AC7AC5D09bbC6dAC1CF036b7F9DdD0EA4E052E', 3871086078133261622, 69215469322620196, 1535871610159809406), ('0x536fc4cd48ad9B3649e8aB615592E83Ec9F5fcd1', 3870981051595374227, 69271906792987572, 1536033074168064177)]",500000000000000000,"[(5, 177042963504924859)]","[250021725893020629, 250101357698440551, 249836578965187072, 250040292739868164]","[[0.0, 1.0, 1.0, 1.0, -1.0, 0.0], [1.0, 0.0, 1.0, 1.0, -1.0, 0.0], [1.0, 1.0, 0.0, 1.0, -1.0, 0.0], [1.0, 1.0, 1.0, 0.0, -1.0, 0.0], [-1.0, -1.0, -1.0, -1.0, 0.0, 0.0], [0.0, 0.0, 0.0, 0.0, 0.0, 0.0]]",[5],"['$user$0, 0.872, good, good, None, 0xA41dE09A63f6Cedd633f99052b44450d3BB91D44', '$user$1, 0.877, good, good, None, 0x17725D495A0843Ea05541fD61ba5D4082750bC08', '$user$2, 0.897, good, good, None, 0x37AC7AC5D09bbC6dAC1CF036b7F9DdD0EA4E052E', '$user$3, 0.883, good, good, None, 0x536fc4cd48ad9B3649e8aB615592E83Ec9F5fcd1', '$user$4, 0.632, bad, bad, 3, 0x118E560679B62a9F24c135A96d416548782f8cc2']","[('close', 'f5fc6c9b1397e3fea0ce78f0678732f77994a25d27315dac29e32bd6f43300b3', 543321), ('slot', 'fecff0c7cec5ae7ecefbdccb183b2c069ff586f69e638da8af923342483dd71a', 50814), ('slot', '33c4eaac2e0073dc4c0c43b1d8db177ae9558c2d8b6a822a960a0c35f025b42c', 50814), ('slot', '72520c159e4b0cd0a60b0d66bebbeb5527a62304aff93f75c8e6156d5759cf2e', 50814), ('slot', '4d626bd62128a28a9c57d4ff0cfd1f7bb20c3af2de943bcb31cd78cab9418fd8', 50814), ('slot', 'da185fdeb04562b2b1d8354bc801a6a37bd18efb66064a230d7964d0b2618afa', 50802), ('weights', 'a901de34ffbe483935ce779cec5d3d89d6eae29ce43e54eea5cd3df3a2788d28', 73694), ('weights', 'a7d61e16a15e86ca9a1e6a35074a31b6af712e47b3958ed1ee81a2e77a480233', 56594), ('weights', 'b786761c3b1b9ca164ba85aef1a40393dd809afb1c420d0dfdd6f5105aaa0e2a', 56594), ('weights', '5db77f14b8793e61438d271783552a3a87e3184b403f9d78f778b24c6cafea87', 56582), ('weights', '2a01cd11d3d1ff28b28f2aae4f461d799442cd6d8484f71d05f28e93949a8d4b', 56582), ('feedback', 'caa3aeaf53bfafe1294826578c7c42c445c78a579254a210c2464527c3b9b0af', 270522), ('feedback', '6c24c94415ba263cf4b1f8093bb019fead66b313fa6e3caf5454ef8c72bec694', 219222), ('feedback', 'b4bf31d71c5877294dbfbfd3ed35d7d162b73a63c33447fa9bb98303e5ac8699', 202122), ('feedback', 'c118e65f55cb378173f28fa3f37cb33400af9af60af50e5970415187eb1715d8', 202122), ('feedback', '70f168b12d15aeaf7cf433b06ef490b3ebbe799468b2278d9e87d0df42d68cc3', 203166), ('contrib', '2ad2b3af8cfb3524630b4873cafaec4bc3381c16fa8db62b637fa620fe583981', 75223), ('contrib', '4783acff1bfd42b923ace9cae163d6c75234ab5db23b098da97d3ebe0360764d', 58123), ('contrib', '6470804b62a99475e30fb426ca9fc3323cf74d6219bc204042ebda6ebfc356ff', 58111), ('contrib', '9fc111052e15af40e194a59cdc922c164800ff90e90c0082f008808ae97c5d2c', 58123), ('close', 'd97b109771c9b837594aa8dc8e79202b34ef94885a0eacab7807b15b00532782', 543321)]"
6,00:59:45.296,0.9152,86.38825586810708,"[1591235044150690691, 1591819820815513211, 1590351115464421107, 1590536734896141831, 236057284673233147, 0]","[91, 90, 91, 88, 90, 0]","[9, 10, 10, 12, 10, 0]","[('0xA41dE09A63f6Cedd633f99052b44450d3BB91D44', 4255111720401619891, 54518618572010033, 1591235044150690691), ('0x17725D495A0843Ea05541fD61ba5D4082750bC08', 4254535182896704521, 54526857731917183, 1591819820815513211), ('0x37AC7AC5D09bbC6dAC1CF036b7F9DdD0EA4E052E', 4255956535820491143, 54479505304611701, 1590351115464421107), ('0x536fc4cd48ad9B3649e8aB615592E83Ec9F5fcd1', 4255795071812236372, 54503660728077654, 1590536734896141831)]",400000000000000000,"[(6, 118028642336616573)]","[250052541494369506, 250090330839157104, 249873146414756774, 249983936548233032]","[[0.0, 1.0, 1.0, 1.0, -1.0, 0.0], [1.0, 0.0, 1.0, 1.0, -1.0, 0.0], [1.0, 1.0, 0.0, 1.0, -1.0, 0.0], [1.0, 1.0, 1.0, 0.0, -1.0, 0.0], [-1.0, -1.0, -1.0, -1.0, 0.0, 0.0], [0.0, 0.0, 0.0, 0.0, 0.0, 0.0]]",[5],"['$user$0, 0.912, good, good, None, 0xA41dE09A63f6Cedd633f99052b44450d3BB91D44', '$user$1, 0.888, good, good, None, 0x17725D495A0843Ea05541fD61ba5D4082750bC08', '$user$2, 0.914, good, good, None, 0x37AC7AC5D09bbC6dAC1CF036b7F9DdD0EA4E052E', '$user$3, 0.899, good, good, None, 0x536fc4cd48ad9B3649e8aB615592E83Ec9F5fcd1', '$user$4, 0.632, bad, bad, 3, 0x118E560679B62a9F24c135A96d416548782f8cc2']","[('close', 'd97b109771c9b837594aa8dc8e79202b34ef94885a0eacab7807b15b00532782', 543321), ('slot', '4749775284b10fdb50e713962ca19e5c752a5cae0eb45e541c849fe656a8247a', 50814), ('slot', '2e4cc14be52f99c3c81d65d347e2de9f6682f79fb725cd9df28e6caf6ffac64a', 50814), ('slot', 'f28388409bc86a11dd07867b629a29b19a7b78ec6357e4d38c7e36351b0f01b0', 50814), ('slot', 'f875f23524bc1631015dcb5cfc2892c2b7012548544b742d9e9152b0df8030d1', 50814), ('slot', '1f9abfcdae40fa060db75dbd85077e78593ab86a117648eea47c0e427feccea1', 50814), ('weights', 'ef2b9019e6468089db0e3f6fb070cd2454b02bff11939dab96ef8c23aaa03ff3', 73694), ('weights', 'a31c604d6610670589a2c96dd1159eebf4be6162fe50f5dd5aa8bb216b309391', 56594), ('weights', '5add5f2e7dea4b97c3d75d2356478198f470caa82a979b4a86b8b1983eaa6d73', 56582), ('weights', 'baadbca2fa63a1ebaf064c0c459c51a7b32dd3c1547bca4e39dd6136a09a9c26', 56594), ('weights', '4f9104007ffd525aaba3ff5eddca7e1706f90a66ff0189c7246faf61343a3f4c', 56594), ('feedback', '056b3d0d8c35883a140e622ef098eb7ed55a7b53fddf95abb228aa0d166ff5fe', 270522), ('feedback', 'ab16b5dec2ba389a12d236dcbf0c368bd95189ddc7fe2a4ae9f1e8fca0a0a0e4', 219222), ('feedback', 'dd7b87a8b3c1711a30fe7346fe1ca93b3bca0db45fff14748aeda5b95f397387', 202122), ('feedback', '2eea0273116168ed9ddf7ddf0b1ff9aac902eaecb1bb40afa7da575bb161025d', 202122), ('feedback', '1f63bdc03d8bc8e7548c9f7a603690287eef52fd98facb77051c7b077f0fff43', 203166), ('contrib', '3ea5ae733eacb4f3afa0937761165714470512e167359f3e01c552eb14a69b35', 75223), ('contrib', '19c5a6719159198dfa755d5e02b7c0add859ee7a307a7f47d50a0c4ab24fd74d', 58123), ('contrib', 'dbae7918f25fc3a84d8a07c59dcd97dd687f985c4f253bd0dd0db7f54269e99f', 58123), ('contrib', '524014ce88d6389ace67a35f10762cfdf20a5dae8dcf39e6d35edfb647ed24cf', 58123), ('close', 'c9f7927dc8064d74809e85c5eee17be125a3208e02bb35b2d3625dbc15ec1546', 543321)]"
7,01:00:09.051,0.924,76.13689931109548,"[1675259434439158187, 1675865703911999271, 1674318694031786410, 1674556167617056117, 0, 0]","[92, 91, 92, 90, 92, 0]","[8, 9, 9, 10, 9, 0]","[('0xA41dE09A63f6Cedd633f99052b44450d3BB91D44', 4536650386502843002, 84024390288467496, 1675259434439158187), ('0x17725D495A0843Ea05541fD61ba5D4082750bC08', 4536065609838020482, 84045883096486060, 1675865703911999271), ('0x37AC7AC5D09bbC6dAC1CF036b7F9DdD0EA4E052E', 4537534315189112586, 83967578567365303, 1674318694031786410), ('0x536fc4cd48ad9B3649e8aB615592E83Ec9F5fcd1', 4537348695757391862, 84019432720914286, 1674556167617056117)]",300000000000000000,"[(7, 236057284673233147)]","[250029951333999633, 250093907117843627, 249860897660255432, 250015199184417724]","[[0.0, 1.0, 1.0, 1.0, -1.0, 0.0], [1.0, 0.0, 1.0, 1.0, -1.0, 0.0], [1.0, 1.0, 0.0, 1.0, -1.0, 0.0], [1.0, 1.0, 1.0, 0.0, -1.0, 0.0], [-1.0, -1.0, -1.0, -1.0, 0.0, 0.0], [0.0, 0.0, 0.0, 0.0, 0.0, 0.0]]",[5],"['$user$0, 0.913, good, good, None, 0xA41dE09A63f6Cedd633f99052b44450d3BB91D44', '$user$1, 0.912, good, good, None, 0x17725D495A0843Ea05541fD61ba5D4082750bC08', '$user$2, 0.926, good, good, None, 0x37AC7AC5D09bbC6dAC1CF036b7F9DdD0EA4E052E', '$user$3, 0.911, good, good, None, 0x536fc4cd48ad9B3649e8aB615592E83Ec9F5fcd1']","[('close', 'c9f7927dc8064d74809e85c5eee17be125a3208e02bb35b2d3625dbc15ec1546', 543321), ('slot', '1e07487ae08601c9c8073521d6b317cf589ebb826dcf667e76f9982ce750ef57', 50814), ('slot', '0f9f9b2518dca1d9b47514ca9ce00172261c1e79548408144ca21dc08b9b08f4', 50814), ('slot', '9dac89f87a9638b106c7560895fbf9c4b5123c9cb8bfa9ec85558a019fb28147', 50814), ('slot', '91c577542169d63370318b7474e42cb2c8dabe2c08712f9dac3a69a6e09ced2c', 50814), ('slot', '2e0096416dd8250b3007d77080d5a2e0b5209e7242c9833b25a09bec44ff84ab', 50814), ('weights', 'e7e66268838660f0276d30d8cef10221817770a9869777ad221a63d56154ed9e', 73694), ('weights', '67fcfb6492e2d4030cd751ab9dbd09963e92bbac6565e987d6bd923f61833eea', 56594), ('weights', 'c211394c99ffa81b92bcfff11f6b150a3c932968e083d31eaea20edff839f210', 56594), ('weights', 'a6e4910ada9323c0160a9304b95626b177f0cba0ad8785b8bc89e3f8873c9650', 56594), ('weights', 'c1fa889c91579284be9d0d59af47736808d24c4604247ffffe57106c0c0e61b2', 56594), ('feedback', '38009ec72d0fcbbedcfc71638a08124175b1c2530a2fe94edd220e1771e44bd0', 270522), ('feedback', '48e83406ac1f50b80860dbdf0f0b6f547eb3b768d419c1b48c47df5e185574f7', 219222), ('feedback', '52806846203737f76f3394846e2d812d2b8044bffd61d88ac210dcaf7760d8ba', 202122), ('feedback', 'f0e24c442faf6928846fa95047aa0db947175ab7d753d6f41b1b26b4d46398a8', 202122), ('feedback', '8f6bd848986e8b76711edce1bef405415d71f66060c020cbb260d6c14428f356', 203166), ('contrib', '7f08c3786abf2bc86759ee3377eadfe702a67dc54b07ed50be0df05bf61cc84a', 75223), ('contrib', '76cc397805816a42f0f6e63567289be931e0c26edd5765c4c02af87b8c984f2b', 58123), ('contrib', 'd69d5eebc9d84dec2c0813756bc69d12badbb131d817638178f741d12bf96416', 58123), ('contrib', 'acb2d7da30f176c3e3137cb3d5a62455fe951f4dfff9fee119780c6cbf0edb9c', 58123), ('close', 'a7a65fbba80f3bf79d109623b24ac0341e08f5864a33983d690e924388d20d16', 502181)]"
8,01:00:30.933,0.9345,66.03702726960182,"[1700259963057875169, 1700878537910180226, 1699304474970610569, 1699557024061334019, 0, 0]","[92, 92, 94, 90, 0, 0]","[7, 8, 8, 9, 0, 0]","[('0xA41dE09A63f6Cedd633f99052b44450d3BB91D44', 5024740565560841798, 25000528618716982, 1700259963057875169), ('0x17725D495A0843Ea05541fD61ba5D4082750bC08', 5024134296088000714, 25012833998180955, 1700878537910180226), ('0x37AC7AC5D09bbC6dAC1CF036b7F9DdD0EA4E052E', 5025681305968213575, 24985780938824159, 1699304474970610569), ('0x536fc4cd48ad9B3649e8aB615592E83Ec9F5fcd1', 5025443832382943868, 25000856444277902, 1699557024061334019)]",200000000000000000,[],"[250005275011062622, 250128328800201416, 249857798218727111, 250008553266525268]","[[0.0, 1.0, 1.0, 1.0, 0.0, 0.0], [1.0, 0.0, 1.0, 1.0, 0.0, 0.0], [1.0, 1.0, 0.0, 1.0, 0.0, 0.0], [1.0, 1.0, 1.0, 0.0, 0.0, 0.0], [0.0, 0.0, 0.0, 0.0, 0.0, 0.0], [0.0, 0.0, 0.0, 0.0, 0.0, 0.0]]",[],"['$user$0, 0.919, good, good, None, 0xA41dE09A63f6Cedd633f99052b44450d3BB91D44', '$user$1, 0.92, good, good, None, 0x17725D495A0843Ea05541fD61ba5D4082750bC08', '$user$2, 0.932, good, good, None, 0x37AC7AC5D09bbC6dAC1CF036b7F9DdD0EA4E052E', '$user$3, 0.908, good, good, None, 0x536fc4cd48ad9B3649e8aB615592E83Ec9F5fcd1']","[('close', 'a7a65fbba80f3bf79d109623b24ac0341e08f5864a33983d690e924388d20d16', 502181), ('slot', 'eab281fddc9679c2d0a74ac77878caa41efc25bba08b9a385e5beef11b4ee448', 50814), ('slot', 'fc6bc9bba1e2909ffd148152f5e4e9dd90fff5fc812d6649fb68a0376108ac28', 50814), ('slot', 'a8df930d5a309de41281845077815fcbd2564f4c775fd5dbde2315f98524b3ad', 50814), ('slot', '9e0bae1606113c9d79fd3dfdbef62fc6c84e8ef97e47bc57eddbd67ff2b1a043', 50814), ('weights', '302c1ad1dab84de0e85d022e07092f0de6fca29c83f0905edf9a304a23b453d7', 73694), ('weights', '2af4a78d9ba95b549e5a5291a8593dc7fa07d7885f58fbfc17d6c3c04641ebc7', 56594), ('weights', 'aeeb9b73eeca5f9378ae374febd264eb35e183c66c7eebf601ac8f4e99f8e09b', 56594), ('weights', 'a981bb45c3607a686b555f44b39f6e31a3d0f373e34792271a874ee6a352380f', 56594), ('feedback', '2779576793ab5df227ab5de6d43a14148b38e0a4e1e7fff824969e737fcea9bd', 217307), ('feedback', 'a5637fc217e8edf1a76d135057abeb68cf613d493f674c4ab7d930f1dda8f998', 183107), ('feedback', '0636008094b12bff1984f2ab73dc3fe3e36b35ef62d681a24c3228f282585373', 166007), ('feedback', '0ef53a98987cfa83158dd189e85ada9ffee8c3bde54b4857579d598fd9cabdc6', 166007), ('contrib', '784eab63222c469d9f49025d18d592422455981d508b5fb205452f75ebb9ddba', 75223), ('contrib', 'e0d7c23ce5bc31c5436206f3ddcebbbfab2303523e90eb4478a54657f0c69717', 58123), ('contrib', 'cc45be9cca1b76177b31b97c8c18849076f8fd00851bb9a9a2eeda9bc52350ce', 58123), ('contrib', '45ac084de059cf3e9dac428ff1efd01773bc31c16160072d68532859f4e04b73', 58123), ('close', 'a81f89da4f05e89ecc395eccbb5192a70216bc96d06c312528f23e595623cedf', 410442)]"
9,01:00:52.713,0.9409,59.44395122304559,"[1725263849280714524, 1725882442014413014, 1724293215653212497, 1724560493051659946, 0, 0]","[93, 93, 94, 92, 0, 0]","[6, 7, 7, 8, 0, 0]","[('0xA41dE09A63f6Cedd633f99052b44450d3BB91D44', 5099740036942124814, 25003886222839355, 1725263849280714524), ('0x17725D495A0843Ea05541fD61ba5D4082750bC08', 5099121462089819757, 25003904104232788, 1725882442014413014), ('0x37AC7AC5D09bbC6dAC1CF036b7F9DdD0EA4E052E', 5100695525029389414, 24988740682601928, 1724293215653212497), ('0x536fc4cd48ad9B3649e8aB615592E83Ec9F5fcd1', 5100442975938665964, 25003468990325927, 1724560493051659946)]",100000000000000000,[],"[250038862228393554, 250039041042327880, 249887406826019287, 250034689903259277]","[[0.0, 1.0, 1.0, 1.0, 0.0, 0.0], [1.0, 0.0, 1.0, 1.0, 0.0, 0.0], [1.0, 1.0, 0.0, 1.0, 0.0, 0.0], [1.0, 1.0, 1.0, 0.0, 0.0, 0.0], [0.0, 0.0, 0.0, 0.0, 0.0, 0.0], [0.0, 0.0, 0.0, 0.0, 0.0, 0.0]]",[],"['$user$0, 0.924, good, good, None, 0xA41dE09A63f6Cedd633f99052b44450d3BB91D44', '$user$1, 0.934, good, good, None, 0x17725D495A0843Ea05541fD61ba5D4082750bC08', '$user$2, 0.939, good, good, None, 0x37AC7AC5D09bbC6dAC1CF036b7F9DdD0EA4E052E', '$user$3, 0.923, good, good, None, 0x536fc4cd48ad9B3649e8aB615592E83Ec9F5fcd1']","[('close', 'a81f89da4f05e89ecc395eccbb5192a70216bc96d06c312528f23e595623cedf', 410442), ('slot', '064ce76f09b102bab3c4f67d825292519b8e24500b88d2484272f4be6657fd28', 50814), ('slot', '1a2d20096c958d11384428150b9c931ebcb424df161983d7e88e30df766827fc', 50814), ('slot', 'b2b0fcb30abbc2d8a2ce5af026a21bcf9e3f90dd7b9b5901ae1adf79f35252ff', 50802), ('slot', '0b7ccc278c57f18ac7a289e9a41a26bc5fc91e94b973b2e02ad9586520f426ef', 50814), ('weights', '518c9a9dc68ad54408c8355011653e607c86a9ac4fa711042e23cedbb971c32d', 73694), ('weights', '5c9bba21bb238ad6fb883cdb966c8088255c3896fc4c312d3a6b7b424e3f40cd', 56594), ('weights', '8be0ebd6241389ad8e01c6f4254c6f4d7a9b4efcc4b86e8f28d93a87adaf4208', 56594), ('weights', '080e04b3f28fa6ccf9e3e8ea693a02a0412517df32113638c7ceccb9192eb822', 56594), ('feedback', '8852dc47eb230e0233a20d1cf63ebe13281629c9cceebfb027f3d83814521a7b', 217307), ('feedback', 'b2ec18b4a1e10b00eea03ca189f7b5846946ae99a16c076d03cbbee6be876b97', 183107), ('feedback', '17a50e4fe863efca66dfe7fc7a1274476cf9f6d85ff8eca69fc1942d20caa151', 166007), ('feedback', 'dab47170aeb3b7b56f667a42368e616de6c96ea3d497188389cbdfc6bece25d1', 166007), ('contrib', '8e8cd42e5d951aa11696c9c9959b7e1474964b3f269d51b275deeff65aa38a73', 75223), ('contrib', 'e9830a49eeee61e595f9d11453fa52b017a54489332e5b218eb52c64584841dc', 58123), ('contrib', '339bf643e1857566549f77db0a1b22d11527469535ee97f6b7e41531cb075cb7', 58123), ('contrib', 'fa8e581ed7951025e176e43d491ce0f391c4b589ab9576ce35917173c5beeaf3', 58123), ('close', '2ada598bd3d481efcf2210f47867bf7447a65e09c3d235786ce8e4584e730474', 410442)]"
10,01:01:14.247,0.9485,53.36614936962724,"[1750268422819409492, 1750890013666606158, 1749281236982793281, 1749560326531191048, 0, 0]","[94, 94, 95, 92, 0, 0]","[6, 6, 6, 7, 0, 0]","[('0xA41dE09A63f6Cedd633f99052b44450d3BB91D44', 5174736150719285457, 25004573538694968, 1750268422819409492), ('0x17725D495A0843Ea05541fD61ba5D4082750bC08', 5174117557985586967, 25007571652193144, 1750890013666606158), ('0x37AC7AC5D09bbC6dAC1CF036b7F9DdD0EA4E052E', 5175706784346787484, 24988021329580784, 1749281236982793281), ('0x536fc4cd48ad9B3649e8aB615592E83Ec9F5fcd1', 5175439506948340035, 24999833479531102, 1749560326531191048)]",0,[],"[250045746564865112, 250075727701187133, 249880224466323852, 249998345971107482]","[[0.0, 1.0, 1.0, 1.0, 0.0, 0.0], [1.0, 0.0, 1.0, 1.0, 0.0, 0.0], [1.0, 1.0, 0.0, 1.0, 0.0, 0.0], [1.0, 1.0, 1.0, 0.0, 0.0, 0.0], [0.0, 0.0, 0.0, 0.0, 0.0, 0.0], [0.0, 0.0, 0.0, 0.0, 0.0, 0.0]]",[],"['$user$0, 0.94, good, good, None, 0xA41dE09A63f6Cedd633f99052b44450d3BB91D44', '$user$1, 0.943, good, good, None, 0x17725D495A0843Ea05541fD61ba5D4082750bC08', '$user$2, 0.94, good, good, None, 0x37AC7AC5D09bbC6dAC1CF036b7F9DdD0EA4E052E', '$user$3, 0.933, good, good, None, 0x536fc4cd48ad9B3649e8aB615592E83Ec9F5fcd1']","[('close', '2ada598bd3d481efcf2210f47867bf7447a65e09c3d235786ce8e4584e730474', 410442), ('slot', 'f5dc3d617afbebbd7b23cdd05dbad75fd26fe63b48728371c1d35ca0f1940ce7', 50814), ('slot', '8088e5e7221c9aa2bf50a417e0694446633f50d3657499ca41f8ef8eda49c8c1', 50814), ('slot', 'b848d80193b6fd17b6ad70d0d1bde9a7d0193fc2988d582f0d2b0e15ffcc8e31', 50814), ('slot', 'dacfd6b61c4c4cd4bcbadde1321e43dad4a3f765f8d3e26d5005110f6ffe5e96', 50802), ('weights', '2278e3ce34bbc47db6cbc660eea4061ff712554c9b78b9f9d0c0e05cbe554be4', 73694), ('weights', 'bfab17f5848e3bc4838799b6400f00c2bb97d389525f24f9afcf7798312d6969', 56594), ('weights', '5b00638e5cb29f0f1469fcb0e3d27bd5d824e6a30f4ff4170da2fc55bc3ade77', 56582), ('weights', '46b6466a997110d90b189fa48c16033f0ea268f0946f2adf70160d8752affc6b', 56594), ('feedback', '775bff88f99160e02ead38e36fe73bfcc8177648733ebf05b550c2769faf6bcf', 217307), ('feedback', 'de9ac485292f49f7e39de77fe385edda9f06181ee9be504977e75406dadda530', 183107), ('feedback', '060f2ccf30ca7e203b6d02f3f544327eff210cc5e24a78466ae56ef29d594604', 166007), ('feedback', '74bce2b89c4fd6367d5c530c9002ff59a3b5c7003744e63922d4feac2d717e42', 166007), ('contrib', '3e0f94ba5dd9511f4146609e696ffe7f7753762b9622b7313ca70b5f3893cecf', 75223), ('contrib', '92af6915e6aff96ed2b48370b38d2973d97fdd0a465826130e3f3ac4c40c9cc3', 58123), ('contrib', '57a60d133b50a8e5321e400d7624f7dad84d3f9d094f485bb54e9c8383e2a3d6', 58123), ('contrib', '6386b9028decb8f6e38b1c9f50e8269867d6b452ba85f599c7294ae47d66e313', 58123), ('close', 'c6739d82333094900e8f640355afd3eb228add35c083d195b53cc581250c61bf', 410442)]"
# $gasCosts$[280679, 368801, 334601, 317501, 317501, 218683, 75223, 58123, 58123, 58123, 58123, 383101, 255001, 237901, 237901, 237901, 218683, 75223, 58123, 58123, 58123, 58123, 321749, 253349, 236249, 236249, 231293, 218683, 75223, 58123, 58123, 58123, 270522, 219222, 202122, 202122, 203166, 75223, 58123, 58123, 58123, 270522, 219222, 202122, 202122, 203166, 75223, 58123, 58111, 58123, 270522, 219222, 202122, 202122, 203166, 75223, 58123, 58123, 58123, 270522, 219222, 202122, 202122, 203166, 75223, 58123, 58123, 58123, 217307, 183107, 166007, 166007, 75223, 58123, 58123, 58123, 217307, 183107, 166007, 166007, 75223, 58123, 58123, 58123, 217307, 183107, 166007, 166007, 75223, 58123, 58123, 58123],[126674, 126674, 126674, 126674, 126674],[50814, 50814, 50814, 50814, 50814, 50814, 50814, 50814, 50802, 50814, 50802, 50814, 50814, 50814, 50814, 50814, 50814, 50814, 50814, 50814, 50814, 50814, 50814, 50814, 50814, 50814, 50814, 50802, 50814, 50814, 50814, 50814, 50814, 50814, 50814, 50814, 50814, 50814, 50814, 50814, 50814, 50814, 50814, 50814, 50802, 50814, 50814, 50814, 50814, 50802],[73694, 56594, 56594, 56594, 56594, 56594, 73694, 56594, 56594, 56594, 56594, 56594, 73694, 56594, 56594, 56594, 56582, 56594, 73694, 56594, 56594, 56582, 56594, 73694, 56594, 56594, 56582, 56582, 73694, 56594, 56582, 56594, 56594, 73694, 56594, 56594, 56594, 56594, 73694, 56594, 56594, 56594, 73694, 56594, 56594, 56594, 73694, 56594, 56582, 56594],[671004, 643640, 618388, 543321, 543321, 543321, 502181, 410442, 410442, 410442],[],[]
# TOTAL EXPERIMENT TIME: 247.52 seconds
