# Author Nykjaer
# ------Specs--------# cpu_name:  (processor model)
# cpu_cores: 6 (physical cores)
# ram_gb: 13.5 (system memory in GB)
# gpu_name: NVIDIA GeForce RTX 3060 Laptop GPU (graphics processor)
# os_name: Linux (operating system)
# ------Config--------# good_contributors: 4 (honest participants)
# bad_contributors: 1 (malicious participants)
# freeriders: 1 (contribute 0)
# inactive: 0 (never join)
# reward: 1000000000000000000 (total reward pool)
# minimum_rounds: 10 (rounds to simulate)
# min_buy_in: 1000000000000000000 (lower buy-in bound)
# max_buy_in: 1000000000000000000 (upper buy-in bound)
# standard_buy_in: 1000000000000000000 (default buy-in)
# epochs: 1 (local epochs per round)
# batch_size: 32 (training batch size)
# punish_factor: 3 (penalty multiplier)
# first_round_fee: 50 (fee for first round)
# fork: True (True=local fork, False=real net)
# contribution_score_strategy: accuracy (scoring method)
# use_outlier_detection: False (Whether to use outlier detection)
# freerider_start_round: 3 (When freeriders should start freeriding)
# freerider_noise_scale: 1.0 (How much noise a freeder should add)
round,time,globalAcc,globalLoss,GRS,accAvgPerUser,lossAvgPerUser,rewards,conctractBalanceRewards,punishments,contributionScores,feedbackMatrix,disqualifiedUsers,userStatuses,GasTransactions
# $startingUserConfig$['$user$0, 0, good, good, None, 0xA41dE09A63f6Cedd633f99052b44450d3BB91D44', '$user$1, 0, good, good, None, 0x17725D495A0843Ea05541fD61ba5D4082750bC08', '$user$2, 0, good, good, None, 0x37AC7AC5D09bbC6dAC1CF036b7F9DdD0EA4E052E', '$user$3, 0, good, good, None, 0x536fc4cd48ad9B3649e8aB615592E83Ec9F5fcd1', '$user$4, 0, good, bad, 3, 0x118E560679B62a9F24c135A96d416548782f8cc2', '$user$5, 0, good, freerider, 3, 0xA2F37A08a8488CB8551a0D03f7A73f4156757de7']
0,23:08:40.165,0,720.2744140625,"[1000000000000000000, 1000000000000000000, 1000000000000000000, 1000000000000000000, 1000000000000000000, 1000000000000000000]",[],[],[],1000000000000000000,[],[],,[],"['$user$0, 0, good, good, None, 0xA41dE09A63f6Cedd633f99052b44450d3BB91D44', '$user$1, 0, good, good, None, 0x17725D495A0843Ea05541fD61ba5D4082750bC08', '$user$2, 0, good, good, None, 0x37AC7AC5D09bbC6dAC1CF036b7F9DdD0EA4E052E', '$user$3, 0, good, good, None, 0x536fc4cd48ad9B3649e8aB615592E83Ec9F5fcd1', '$user$4, 0, good, bad, 3, 0x118E560679B62a9F24c135A96d416548782f8cc2', '$user$5, 0, good, freerider, 3, 0xA2F37A08a8488CB8551a0D03f7A73f4156757de7']","[('register', '830a1006bc1182539ba95132572d57b55d979c571c301925d2579e52016c9b59', 126674), ('register', 'b7e59c28462862cde139f65429a322cac9d6c96e039fde028002090f9843696e', 126674), ('register', '69e1a069740154ed7f828db1b30dc67a1b115d175db063c283f4f17396d555e2', 126674), ('register', '01307027bf9c69b901e56bdd078b1793e5d760169cd6608742e1437a0b1d6ee6', 126674), ('register', 'dbc0c3ed2099b001278cdf6b4973f98faedec2196d59d9ffa7fc1189f3ad9842', 126674)]"
1,23:09:10.075,0.2906,716.8507080078125,"[1162590263219194030, 333333333333333334, 1129955741905427446, 1159690193337992093, 1189669228977405078, 1124761239226648017]","[10, 9, 9, 11, 10, 10]","[74, 74, 74, 74, 74, 74]","[('0xA41dE09A63f6Cedd633f99052b44450d3BB91D44', 5000000000000000000, 162590263219194030, 1162590263219194030), ('0x37AC7AC5D09bbC6dAC1CF036b7F9DdD0EA4E052E', 5000000000000000000, 129955741905427446, 1129955741905427446), ('0x536fc4cd48ad9B3649e8aB615592E83Ec9F5fcd1', 5000000000000000000, 159690193337992093, 1159690193337992093), ('0x118E560679B62a9F24c135A96d416548782f8cc2', 5000000000000000000, 189669228977405078, 1189669228977405078), ('0xA2F37A08a8488CB8551a0D03f7A73f4156757de7', 5000000000000000000, 124761239226648017, 1124761239226648017)]",900000000000000000,"[(1, 166666666666666666)]","[212074256372861785, 169507489441861891, 208291556527815779, 247394646492267500, 162732051165193070]","[[0.0, 0.0, 1.0, 1.0, 1.0, 1.0], [1.0, 0.0, 1.0, 1.0, 1.0, 1.0], [1.0, 0.0, 0.0, 1.0, 1.0, 1.0], [1.0, 0.0, 1.0, 0.0, 1.0, 1.0], [1.0, 0.0, 1.0, 1.0, 0.0, 1.0], [1.0, -1.0, 1.0, 1.0, 1.0, 0.0]]",[2],"['$user$0, 0.721, good, good, None, 0xA41dE09A63f6Cedd633f99052b44450d3BB91D44', '$user$1, 0.585, good, good, None, 0x17725D495A0843Ea05541fD61ba5D4082750bC08', '$user$2, 0.712, good, good, None, 0x37AC7AC5D09bbC6dAC1CF036b7F9DdD0EA4E052E', '$user$3, 0.712, good, good, None, 0x536fc4cd48ad9B3649e8aB615592E83Ec9F5fcd1', '$user$4, 0.713, good, bad, 3, 0x118E560679B62a9F24c135A96d416548782f8cc2', '$user$5, 0.764, good, freerider, 3, 0xA2F37A08a8488CB8551a0D03f7A73f4156757de7']","[('slot', 'e1992738344776bdd3ea3df25e283b6e9d3291da078fc58e0f2138880b14e2a7', 50802), ('slot', '5756e1b6b4c2693b1dbf853918aa34a305d1fc963b3f167fffa9200ed8c1ad80', 50814), ('slot', '36013d4f6c23a4bfc929828cd74e7f400687f3b8a6847c508c19af5a1320d09b', 50802), ('slot', 'f25411473788b32354d5253d13e87ff717ce71a9b921db5fe651dc9966ed3593', 50814), ('slot', 'c3e83f1a8647669699fa3ad5e9d61c7bb36ef73f20921d93e5dcecdd645fad4a', 50814), ('slot', '84e2a9090725c5fd50b262f4ae80af00730c21d7c7a70b68eff0141b5297af5a', 50802), ('weights', '78ab3a2c02ce4d21a36c47fa9507e137194a0fe012fdbf4d5c77760a0027ce94', 73694), ('weights', '5e5dd9bcf942195fb02c1fe9ba33bbac953e8d4bae8a58ec86edb2d533d4195b', 56594), ('weights', 'ec3dc75616e4578cd1fa5cbe535921fa21b9994e4d205cb274b5b0791d9b35b1', 56594), ('weights', '58168fb21245293ffa6eaed08d973d42afcb2ce2e83aaa34358f210611323e54', 56594), ('weights', 'b3c4b16588bba239b4f8e03f4ff72af5abf50f232b383382d094ab897f1277b5', 56594), ('weights', '1f17ddf89e6957655d86db7d07545ac94353abd67b1b9f3c5080b6faf71b5332', 56594), ('feedback', '1bcc50064b91f61a8b13e2a457d4565011f005dbe5b873d08ddb78d691893894', 775369), ('feedback', '29fe6b8da7d7f66cf0e03073732a0fcf92da856d8593014c725ab01c8a051ca4', 747743), ('feedback', '1ce9f5c7062bd2e13f039dc5876cb741e572731781f994ab59a5a7bde323c4e9', 706969), ('feedback', '22aade637388b22a0225ddc877087f08f7e69b4b29b527093339989e9d9357d6', 706969), ('feedback', 'b3d9a072ff9c37f2343cc1252add0a4d5726304c3a2223156cae77d8fd06e98a', 706969), ('feedback', '555f01e322fc773a4eac8cdb0201af81087fd805398a73998ff42ca84c4821f9', 728191), ('contrib', 'dee0e68dd61e1d54d6d9373fb0207ff0868e4e01eda950acb8614254106a20ff', 75223), ('contrib', '1dfb7673837ab507f9efa81bc95c5a40029e4f3a14928b2a99e6edc9a88dece7', 58123), ('contrib', 'dce4307b31d813af0882b3321b77d6e62ee12afc3608be651014325494e5050a', 58111), ('contrib', 'c3014aaef8741b3a2e630b6c5a7fa2da421665dd5842d2af65a01e4a3b8d397b', 58123), ('contrib', '3a3840155634fbb122fd2adc9c7e188fd94f40fbb61545587ae9eabe3987a87c', 58123), ('close', '10f2d3f38801365105834fefdb13344a05170ca45fcc50a366f77530552a67e9', 671004)]"
2,23:09:40.637,0.5733,659.6527099609375,"[1179856199713405495, 349498006437046635, 1146460281464441722, 1181303538200364191, 1203011689466428473, 1139870284718313480]","[28, 26, 28, 30, 28, 33]","[73, 73, 73, 73, 73, 73]","[('0xA41dE09A63f6Cedd633f99052b44450d3BB91D44', 3777719543442813875, 17265936494211465, 1179856199713405495), ('0x17725D495A0843Ea05541fD61ba5D4082750bC08', 4606976473328674571, 16164673103713301, 349498006437046635), ('0x37AC7AC5D09bbC6dAC1CF036b7F9DdD0EA4E052E', 3810354064756580459, 16504539559014276, 1146460281464441722), ('0x536fc4cd48ad9B3649e8aB615592E83Ec9F5fcd1', 4940309806662007905, 21613344862372098, 1181303538200364191), ('0x118E560679B62a9F24c135A96d416548782f8cc2', 1095026787794083370, 13342460489023395, 1203011689466428473), ('0xA2F37A08a8488CB8551a0D03f7A73f4156757de7', 3815548567435359888, 15109045491665463, 1139870284718313480)]",800000000000000000,[],"[172659364942114645, 161646731037133006, 165045395590142751, 216133448623720969, 133424604890233944, 151090454916654626]","[[0.0, 1.0, 1.0, 1.0, 0.0, 1.0], [1.0, 0.0, 1.0, 1.0, 0.0, 1.0], [1.0, 1.0, 0.0, 1.0, 1.0, 1.0], [0.0, 0.0, 0.0, 0.0, -1.0, 0.0], [1.0, 1.0, 1.0, 1.0, 0.0, 1.0], [1.0, 1.0, 1.0, 1.0, 1.0, 0.0]]",[],"['$user$0, 0.505, good, good, None, 0xA41dE09A63f6Cedd633f99052b44450d3BB91D44', '$user$1, 0.477, good, good, None, 0x17725D495A0843Ea05541fD61ba5D4082750bC08', '$user$2, 0.446, good, good, None, 0x37AC7AC5D09bbC6dAC1CF036b7F9DdD0EA4E052E', '$user$3, 0.581, good, good, None, 0x536fc4cd48ad9B3649e8aB615592E83Ec9F5fcd1', '$user$4, 0.436, good, bad, 3, 0x118E560679B62a9F24c135A96d416548782f8cc2', '$user$5, 0.516, good, freerider, 3, 0xA2F37A08a8488CB8551a0D03f7A73f4156757de7']","[('close', '10f2d3f38801365105834fefdb13344a05170ca45fcc50a366f77530552a67e9', 671004), ('slot', 'a7180cdf9d5e63837debb18b877d4a9f8a2dc3e64d0ec325aca8b7aba0b1855a', 50814), ('slot', '3a221c52400baf078d1eec82184ecd3d1364e380792e9757f367794e1383eea2', 50814), ('slot', 'ac0910a17f179dc4968ae0b5b2a3b1eb1e1ac6d8779f22bd3ac5661c9a2a678d', 50814), ('slot', '03c6ff408f79f13c890c974fb81601f6897102795ec6bb0b56de3741bbf934a7', 50802), ('slot', '0ae111dbd3e5707365853cdd61bf730288fe4b18cd21e1f1330f6ef1d6169edf', 50814), ('slot', 'b21763385dc23efbca7b7c301690dfd68c75cea2469e6fbad057003b6b056924', 50814), ('weights', 'f7ebf814bc716a0673c85bbef60b72a0c796ffad6279117d46d0500585fc579a', 73694), ('weights', 'd658fadc6890ab1dd7a90aaa0c82d929123f735f0e4d0c5846a05625a654f976', 56594), ('weights', '09aae389011a843df375a65e1977001fdaa80ac855950577e968adba6c2647fd', 56594), ('weights', 'd202308ab15fb7fcea8d40d09411d1f3a44bb8c431c8b521fa0a7d4c8880c03e', 56594), ('weights', '2064d0b42a374bdc002c6e16dff642ee0aa7aebb7b6160e3a1dcccaa8fbd452d', 56594), ('weights', '2a99ca435652951e9655ca42758925b7a1e365faa2751435b3bdb6e10405a37d', 56582), ('feedback', '8fd1adf97e9b3ba1114f9e5d4a755f8f191f863a3667fadb0c5cc72973aa4c94', 713669), ('feedback', '3c66a06b610d6ec9ca471dfab00905be1a2404a5e1b2688eb43dea5c3113c094', 642469), ('feedback', '1b8187e6d422a5953fad20d00ea99d96379c3a4a4b4e4c9befc51866f0f10002', 668143), ('feedback', '611a5b90f2b7636330b22b804d94ec31f088b62f00454291e5a04b3a8a8d7594', 608395), ('feedback', 'efcaa964a5772eab054facfc98f8a78095e0b1ff55430c12b1eafd02fd37feb7', 651043), ('feedback', '03a04a888db4a16372468c839936f0e896cefa0bd697feb6e045c7b1bf33cd2f', 651043), ('contrib', 'ac16f479baf9c40ba0ea5798ede8ed381738dbc1afa54ec042916267198116fa', 75223), ('contrib', '16094adbed0c1def14917a0fd4bd3673145d0f9175b94905f155859edb370010', 58123), ('contrib', '92b98c450b1f822df1e02ece9426f22be69308b699015106af8e20b0a9454bcc', 58123), ('contrib', 'e8f4fb0be7ff41b5131df599edef1f915a0b59223fed6d63cd3fe825b3bacc39', 58123), ('contrib', '2e5b1b3b6d77ac04303387318b9be40b9d85b4b20a49654c862892590821013d', 58123), ('contrib', '2c6e6f6a8a5d29473f59813553d11112121199ae5a4e3c8c502e65e7069fd7a5', 58123), ('close', '5b77e7786d708aac3b3fccf4add54f2c0547bf154cfe8c55622e32b4f114fd7e', 611186)]"
3,23:10:06.586,0.8125,205.3454991877079,"[1383888497114228039, 576742506549381741, 1374952601205759209, 1402495079007469703, 802007792977618982, 759913523145542320]","[54, 54, 56, 54, 59, 61]","[67, 68, 68, 68, 68, 67]","[('0xA41dE09A63f6Cedd633f99052b44450d3BB91D44', 1474250136635424075, 204032297400822544, 1383888497114228039), ('0x17725D495A0843Ea05541fD61ba5D4082750bC08', 2304608329911782935, 227244500112335106, 576742506549381741), ('0x37AC7AC5D09bbC6dAC1CF036b7F9DdD0EA4E052E', 1507646054884387848, 228492319741317487, 1374952601205759209), ('0x536fc4cd48ad9B3649e8aB615592E83Ec9F5fcd1', 1472802798148465379, 221191540807105512, 1402495079007469703)]",700000000000000000,"[(3, 401003896488809491), (3, 379956761572771160)]","[231602053433083432, 257950792731598155, 259367223326498974, 251079930508819437]","[[0.0, 1.0, 1.0, 1.0, -1.0, -1.0], [1.0, 0.0, 1.0, 1.0, -1.0, -1.0], [1.0, 1.0, 0.0, 1.0, -1.0, -1.0], [1.0, 1.0, 1.0, 0.0, -1.0, -1.0], [-1.0, -1.0, -1.0, -1.0, 0.0, -1.0], [0.0, 0.0, 0.0, 0.0, 0.0, 0.0]]","[5, 6]","['$user$0, 0.759, good, good, None, 0xA41dE09A63f6Cedd633f99052b44450d3BB91D44', '$user$1, 0.774, good, good, None, 0x17725D495A0843Ea05541fD61ba5D4082750bC08', '$user$2, 0.771, good, good, None, 0x37AC7AC5D09bbC6dAC1CF036b7F9DdD0EA4E052E', '$user$3, 0.769, good, good, None, 0x536fc4cd48ad9B3649e8aB615592E83Ec9F5fcd1', '$user$4, 0.436, bad, bad, 3, 0x118E560679B62a9F24c135A96d416548782f8cc2', '$user$5, 0.516, freerider, freerider, 3, 0xA2F37A08a8488CB8551a0D03f7A73f4156757de7']","[('close', '5b77e7786d708aac3b3fccf4add54f2c0547bf154cfe8c55622e32b4f114fd7e', 611186), ('slot', '82d382633fd57783f85eb133a577ebc58e3fb8df6b709770a2363be33b5e4a53', 50814), ('slot', 'f7140d17a02f6a82b41655e95a4410a8dccec115b87618e4e95a0b1ed11d4cbe', 50814), ('slot', '251257fb16affa318e690038f7cbe8d50abd597aadc53627911918a20651f71c', 50814), ('slot', 'b53794a81dcce074eb75b7a827bcadcd1f5ea7c3e99d74f455622d997c93764e', 50814), ('slot', 'ab51c06df0302e22ee3af396841f39c088c92bc463a333cd7b64c874b9a76231', 50814), ('slot', '7819b745cf01f782c125543cbfcf27be876b7f23d342be4ea05a83a053885d75', 50802), ('weights', '4421f38c81f4162c3fdaf5bce3c47baa803d87553a58f838295b8850bcc45f81', 73694), ('weights', '64b1c4c78bd3962061723747edc67175d5a8c7c0b24b42f6ff0ec4e3528387da', 56594), ('weights', '0de89f32fbee15c76ee66e830609906ea054803a40a05f789a6df523f94f2f4a', 56582), ('weights', 'c864f5187389f10139d4e0900b388932e653760f6a3e233c465759eb58d61dda', 56594), ('weights', '29686611ecbec1d0b4a63d5c25f5fd678218a74b500edf107998d9e306b21813', 56594), ('weights', '220bfba4f2b417c508aa01bdb2ee9d2be3f11a43f7508b5623511bcb5617e00f', 56594), ('feedback', 'f2def0d81918858e44f7d5f4ce7b8ac85e8413c67399d36e0f215759ebae733f', 715387), ('feedback', 'e581bf610f043acfea29f868b7c3fccfd8a6247f56bf0c17c0780da682084662', 646987), ('feedback', '06ea0c52ac496b794517c9ecb6636741e4da956ad638c4f3f7a7bfb8418d12d9', 627887), ('feedback', '746087e145ed6db0a5178126ed00df084e64140e8f7357cec65db6916a71b629', 691587), ('feedback', '5d5052b174d4120517c1d0c107944eaedf5861b52ecccb7b5c143cac8bb80751', 603043), ('feedback', '66ce8f96093c368a6c30e6ff8c67f330d7c21c942367721d9934ade7417eeb9c', 602273), ('contrib', '58a185fc4b52c02b0c05b189991f033ff54092b8c888d97d20e638cf9918cdab', 75223), ('contrib', '370b5158669f0909cff6e31b25b95a24f3a5f53a4233899e5d2c3eac54266e0e', 58123), ('contrib', '7e1e3d4187ea45516454841780cbc9f0463f8db419c0cfb1a1268764e510a0a2', 58123), ('contrib', '7730c849e5ea7940b6b0c152aca8dd5b8db2e30845247a4140485c6f1bc9502e', 58123), ('close', '6d50cf0d2210727cfd1dcc7a656ef8244a0ff995c5a7d8d793dd974b1ca7f2bd', 658515)]"
4,23:10:32.593,0.8771,135.13855179399252,"[1476964696068954980, 750974793600172663, 1556237620514592403, 1574542012400839078, 534671861985079322, 506609015430361547]","[80, 81, 79, 80, 82, 81]","[21, 21, 22, 23, 20, 20]","[('0xA41dE09A63f6Cedd633f99052b44450d3BB91D44', 2552182393784991671, 93076198954726941, 1476964696068954980), ('0x17725D495A0843Ea05541fD61ba5D4082750bC08', 3359328384349837969, 174232287050790922, 750974793600172663), ('0x37AC7AC5D09bbC6dAC1CF036b7F9DdD0EA4E052E', 2561118289693460501, 181285019308833194, 1556237620514592403), ('0x536fc4cd48ad9B3649e8aB615592E83Ec9F5fcd1', 2533575811891750007, 172046933393369375, 1574542012400839078)]",600000000000000000,"[(4, 267335930992539660), (4, 253304507715180773)]","[149967989756722125, 280729833546734974, 292093469910371328, 277208706786171599]","[[0.0, 1.0, 1.0, 1.0, -1.0, -1.0], [1.0, 0.0, 1.0, 1.0, -1.0, -1.0], [1.0, 1.0, 0.0, 1.0, -1.0, -1.0], [1.0, 1.0, 1.0, 0.0, -1.0, -1.0], [-1.0, -1.0, -1.0, -1.0, 0.0, -1.0], [0.0, 0.0, 0.0, 0.0, 0.0, 0.0]]","[5, 6]","['$user$0, 0.836, good, good, None, 0xA41dE09A63f6Cedd633f99052b44450d3BB91D44', '$user$1, 0.848, good, good, None, 0x17725D495A0843Ea05541fD61ba5D4082750bC08', '$user$2, 0.865, good, good, None, 0x37AC7AC5D09bbC6dAC1CF036b7F9DdD0EA4E052E', '$user$3, 0.849, good, good, None, 0x536fc4cd48ad9B3649e8aB615592E83Ec9F5fcd1', '$user$4, 0.436, bad, bad, 3, 0x118E560679B62a9F24c135A96d416548782f8cc2', '$user$5, 0.516, freerider, freerider, 3, 0xA2F37A08a8488CB8551a0D03f7A73f4156757de7']","[('close', '6d50cf0d2210727cfd1dcc7a656ef8244a0ff995c5a7d8d793dd974b1ca7f2bd', 658515), ('slot', '7b347e1fd80701ca321cc28b852ac14cd3cca5cba958e3494af85fb1f8a5e533', 50814), ('slot', '168430ac1ca6b7e9d288a1d23607adf4a0eda1d3d175e4cda86a064c5b40dd96', 50814), ('slot', '0a2faf7f6bef073caa92a606d8545bced336afe21bc1184f815ef327ca8cb3e8', 50802), ('slot', 'a78e2aaaf9437bec8f4adc8175f2a6d34adea16ff25468a17d26e215e00c3205', 50814), ('slot', 'e1849a233b4baf36821f3bfb0da14c746fcab99f41b5338a08ccda17252d83b8', 50814), ('slot', '40b38be69e5f21b35c3a43257e49d924655414e625ac8d714479284c63e5e570', 50814), ('weights', '71209846c154c36f79498cb10c1c9401583bd841ccd707b1f79b31ce0c0ea572', 73682), ('weights', '410dd7df8a81d4a245611332206cf4324f75c4194b856f38edfb758f6499e776', 56594), ('weights', '8f800bc9d9febbaba3a23f44b19729f910bce57fe172d29e7961c0a927e5fa76', 56594), ('weights', 'e305b9281b3ca4f84ec0416d3a1ce71e73734e1e6174ab79041b33a626280001', 56594), ('weights', '950580773f39359406a0e2992cb585ab9fcd1914249aee1a709867443d5f2c9b', 56594), ('weights', '1cefc10c0d2f203ada201ab121a178cd95e7a2f5feb2ca535d2f2a5858a3f6be', 56594), ('feedback', '3509e1a159b74c2abd62a4e3ae5417af9544b80870a49f74d3ec461f3084623e', 717387), ('feedback', 'bc56458584ffe1c658818805f617e6cf4fe718f45fb47fcbbbcbe7abc1db86e5', 648987), ('feedback', '6274c2f0ab2361447c6eeb3770d06969a1596df20e611f91050237ef90bee8dc', 631887), ('feedback', '735180e7d1ad1a269f4c10c97ef6330089e9a1851c512444ca283f3bc9adbcc8', 631887), ('feedback', 'e3e347f9c5dcb073c66456651d164b740ad678c6e32102512fbceeb76023166b', 613043), ('feedback', 'cf6e4e72ae1fec228564b8897a7d3d1033fc240d17a34d58dc6eb030896daf30', 612273), ('contrib', '9494e84bdf057529ff0f2338390aed4ec99a1a1a91f2a65aae0a2804cec968f4', 75223), ('contrib', 'a9c0809ea5a481c044d7effedee7acae40a6b614c07b623c8d2eb3bb4a035f11', 58123), ('contrib', 'eb5923e17ce52f831d9eaefac6f9198d804c30330a60b74be0f2e508682c36d4', 58111), ('contrib', 'cde57ed7f86f30cb007ccdbdf764424608fdc69321786c79ccb8e1d5b27814de', 58123), ('close', '1456913bb726f03686d87167d7b5cb9dd065fa80a00a8d44d94a9a55b49a4696', 658515)]"
5,23:10:58.596,0.898,107.6072631701827,"[1355211521184517819, 1000469004428937474, 1608132416366975529, 1841999806409275256, 356447907990052882, 337739343620241032]","[87, 88, 87, 86, 88, 88]","[13, 13, 14, 16, 13, 14]","[('0xA41dE09A63f6Cedd633f99052b44450d3BB91D44', 3347082564530524822, 121753174884437161, 1355211521184517819), ('0x17725D495A0843Ea05541fD61ba5D4082750bC08', 4073072466999307139, 249494210828764811, 1000469004428937474), ('0x37AC7AC5D09bbC6dAC1CF036b7F9DdD0EA4E052E', 3267809640084887399, 51894795852383126, 1608132416366975529), ('0x536fc4cd48ad9B3649e8aB615592E83Ec9F5fcd1', 3249505248198640724, 267457794008436178, 1841999806409275256)]",500000000000000000,"[(5, 178223953995026440), (5, 168869671810120515)]","[-272321428571428159, 558035714285713746, 116071428571428561, 598214285714285809]","[[0.0, 1.0, 1.0, 1.0, -1.0, -1.0], [1.0, 0.0, 1.0, 1.0, -1.0, -1.0], [1.0, 1.0, 0.0, 1.0, -1.0, -1.0], [1.0, 1.0, 1.0, 0.0, -1.0, -1.0], [-1.0, -1.0, -1.0, -1.0, 0.0, -1.0], [0.0, 0.0, 0.0, 0.0, 0.0, 0.0]]","[5, 6]","['$user$0, 0.862, good, good, None, 0xA41dE09A63f6Cedd633f99052b44450d3BB91D44', '$user$1, 0.89, good, good, None, 0x17725D495A0843Ea05541fD61ba5D4082750bC08', '$user$2, 0.87, good, good, None, 0x37AC7AC5D09bbC6dAC1CF036b7F9DdD0EA4E052E', '$user$3, 0.878, good, good, None, 0x536fc4cd48ad9B3649e8aB615592E83Ec9F5fcd1', '$user$4, 0.436, bad, bad, 3, 0x118E560679B62a9F24c135A96d416548782f8cc2', '$user$5, 0.516, freerider, freerider, 3, 0xA2F37A08a8488CB8551a0D03f7A73f4156757de7']","[('close', '1456913bb726f03686d87167d7b5cb9dd065fa80a00a8d44d94a9a55b49a4696', 658515), ('slot', '0c04c2030e194192d12cb47eb7cc9f0e4db46a6a89edb344c02846c6529efb6c', 50814), ('slot', 'bdcedad6b0549fdcaab79c006abf370225b93b45168ec91153834438e86646d6', 50814), ('slot', '3f34d5e42da815a160d2c58e811aa091524113d61f21778d3ab75c824235b98d', 50814), ('slot', '4864c3491c17f8af6338ff2d1370177b6019be1e581f27bd19dd9383f1770914', 50814), ('slot', '7208eac1b0b8b3898c6a76499a9f23206ac817491569ede10e6f0d80b4ec4a3d', 50814), ('slot', 'aa3fedf6e816364ab0fc5615c4879eb8d46aa796797c97466fffd3ca6dc191f1', 50814), ('weights', '86a1992c167d94e5838e146c2a2af1e23531249def33e426c46dd9c9ed456cad', 73694), ('weights', '707aa4c58a9cc0286c49a4edc9393fdbbc6941f5de116528ae149c628f40cab8', 56594), ('weights', 'acf128155275fb44e17d2c188ab0a18ce1f32dc98ed93a9a946130c6f076f16d', 56582), ('weights', '7f293661b034a963d5a13500c124eb7eabaa460a4fa5421352ccfcbef12fd0a4', 56594), ('weights', '69e8890fb726d36249db6b6b3491885eb585ff885ff80bd3e79a320b22dab17d', 56594), ('weights', 'e30640736ebb3f2ca8f74b793a47fc7d76517fb7cc1842adfce609986c66e102', 56594), ('feedback', 'd98bb2a60e9b11d5aa39f7b8f1ddaf316eb12d17e28ca3e077eb181b353105d0', 717387), ('feedback', 'f4ebd429cb1b267123c5a6e98bf9506d658930bbf82778e81869af80f640009d', 648987), ('feedback', '504a34ed5565b048c36fecc958876259f7b4169a31f5c4b2f9e368282770cc6e', 631887), ('feedback', '175ff330f26dc75b8fb8174ef37159512d999ff63963995d06af7c02f9f3b788', 631887), ('feedback', '6c9c13d6986179433df3bafb8946257fce70e893ffdb80f4d8652dee59d8b878', 613043), ('feedback', 'b92fd0c2bda739e81d0898929d67623e2270557fb4b3fb9f452340dc9bcaf2d1', 612273), ('contrib', '33a5a1d7ba54ca849d497955e35b646a3c53119f8f9334f2f43ced4a067d1581', 95135), ('contrib', '93d247723279c936919b24bf24da1ef84f3dbec876f8576e7a2ce12ef671241a', 58123), ('contrib', '4b9850a4ccc33365e3dd9fd2cbcbbcf79422815b9e759f33a8b77c659358a715', 58123), ('contrib', 'c67e88767e422db731786053d6e1cce8dad1ae516364ee5a4a72354b48fdd5b4', 58123), ('close', 'c5456b9ea38d318895816337e87fedb5ef067cb20f744be5b365f3372c6916f7', 658526)]"
6,23:11:24.791,0.9117,90.71633889898658,"[1455117593037513022, 1071134274763982866, 1649556885184071111, 1961399745940903715, 237631938660035255, 225159562413494022]","[90, 90, 90, 87, 89, 89]","[10, 11, 11, 13, 11, 11]","[('0xA41dE09A63f6Cedd633f99052b44450d3BB91D44', 4094153319215135377, 99906071852995203, 1455117593037513022), ('0x17725D495A0843Ea05541fD61ba5D4082750bC08', 4448895835970715722, 70665270335045392, 1071134274763982866), ('0x37AC7AC5D09bbC6dAC1CF036b7F9DdD0EA4E052E', 3841232424032677667, 41424468817095582, 1649556885184071111), ('0x536fc4cd48ad9B3649e8aB615592E83Ec9F5fcd1', 3607365033990377940, 119399939531628459, 1961399745940903715)]",400000000000000000,"[(6, 118815969330017627), (6, 112579781206747010)]","[301470588235294045, 213235294117647022, 125000000000000000, 360294117647058875]","[[0.0, 1.0, 1.0, 1.0, -1.0, -1.0], [1.0, 0.0, 1.0, 1.0, -1.0, -1.0], [1.0, 1.0, 0.0, 1.0, -1.0, -1.0], [1.0, 1.0, 1.0, 0.0, -1.0, -1.0], [-1.0, -1.0, -1.0, -1.0, 0.0, -1.0], [0.0, 0.0, 0.0, 0.0, 0.0, 0.0]]","[5, 6]","['$user$0, 0.903, good, good, None, 0xA41dE09A63f6Cedd633f99052b44450d3BB91D44', '$user$1, 0.896, good, good, None, 0x17725D495A0843Ea05541fD61ba5D4082750bC08', '$user$2, 0.9, good, good, None, 0x37AC7AC5D09bbC6dAC1CF036b7F9DdD0EA4E052E', '$user$3, 0.895, good, good, None, 0x536fc4cd48ad9B3649e8aB615592E83Ec9F5fcd1', '$user$4, 0.436, bad, bad, 3, 0x118E560679B62a9F24c135A96d416548782f8cc2', '$user$5, 0.516, freerider, freerider, 3, 0xA2F37A08a8488CB8551a0D03f7A73f4156757de7']","[('close', 'c5456b9ea38d318895816337e87fedb5ef067cb20f744be5b365f3372c6916f7', 658526), ('slot', '68c198df0ae4997f080f0bc3137d32024eb8547e18fda60774213a133a72af38', 50790), ('slot', 'ca708d61ef1ebbaf11a15c3753fbd4b9f34fc2ea78214d1418f3abf53fd0458a', 50814), ('slot', 'd03da44e1ad200a7a9fe14e9e1727c404b1c0067f5367327e04f5c3dac278692', 50814), ('slot', 'bf0d84ae8b7ac8b20acc68469c8775d7f1914388bf4a26c084184f5105d0205b', 50814), ('slot', '0b520760909598efb5a51ffc6aafad6c2fa03927a32ff19a8efff666967a7571', 50802), ('slot', 'dc23ed67fd81f02d3114daeded698f6fc033b576c8534a3327c95617eaa363f2', 50814), ('weights', '1d2324b59dbcda2ab02ae287a48418899b94f541ebdb54e540980fc835bda4df', 73694), ('weights', '8352c693a26fec8b584b2afa26bc3c8f25c6b531e44f67271dc388e7f80237f2', 56594), ('weights', '3da1d618f16ae188368bfe192bb8a6ed7bc6735d4a1bd6d84481576745632f06', 56594), ('weights', '038f05e662a8a6087028137ab4801d78c62eeb1d370d029dec9598b95360d2ed', 56594), ('weights', '28b92567a0bbf9514d16c74e09cd5e282e72790588ee5c130efaeda6114498f3', 56594), ('weights', '10c50edb06735872f6d0972a93ac04af57d0fba2dbfbd5dca2ba7f6b09df6285', 56594), ('feedback', 'b7705c5891ed0694e6ce2b6a0c0b1e47815d708e87b315b33dcbec8b4f1c2bc9', 717387), ('feedback', '59b56bfbf0e566be16bede960c658dec93f0f2ef0e28754a55310404f7003039', 648987), ('feedback', '0c93e0b36a89b53940c7bc95816365a3bd377870643b0e8ee33d029b4ac340ab', 631887), ('feedback', 'b0fdc6f4a55a9d5911bd44ee042512af2616e394d048014fdb0d8c4df653340a', 631887), ('feedback', '53c3fbe5d7ff84a0e7ac3c124a9d6e6c7d8b69c5887915808d5b3811e3718479', 613043), ('feedback', 'f07e6019ea8fd539463820b5e458083abe7b154834752b01ff4af91504d50e1d', 612273), ('contrib', '9540e6b68ff8410ca5eb2134c137497445c7a20204885ba748b33578166b34bd', 75223), ('contrib', 'f0731eba400b5aabb559e3e27494008339c1e285859d90c1e6d339153681e3b7', 58123), ('contrib', 'd8e42520ba3a549171a2e5bf4e6a875b0109b80d68c54181540b6eb0f6c43a7e', 58111), ('contrib', 'b91aba24bed362360a6ff60353a9533d41431c2e1086e72dd725b1f66573dea6', 58111), ('close', 'e9b5f5530afc818cdeba6b86c679d746db89e75c4d3e4ae458ba97b20687d8f4', 658515)]"
7,23:11:50.723,0.9223,80.18177570030093,"[1610712890393135983, 971818127515712834, 1911089406271182025, 2206379575819969147, 0, 0]","[91, 91, 92, 89, 91, 90]","[9, 9, 9, 11, 9, 10]","[('0xA41dE09A63f6Cedd633f99052b44450d3BB91D44', 4444458967228922437, 155595297355622961, 1610712890393135983), ('0x17725D495A0843Ea05541fD61ba5D4082750bC08', 4828442285502452593, 99316147248270032, 971818127515712834), ('0x37AC7AC5D09bbC6dAC1CF036b7F9DdD0EA4E052E', 4250019675082364348, 261532521087110914, 1911089406271182025), ('0x536fc4cd48ad9B3649e8aB615592E83Ec9F5fcd1', 3938176814325531744, 244979829879065432, 2206379575819969147)]",300000000000000000,"[(7, 237631938660035255), (7, 225159562413494022)]","[276470588235294412, -176470588235294406, 464705882352941634, 435294117647058387]","[[0.0, 1.0, 1.0, 1.0, -1.0, -1.0], [1.0, 0.0, 1.0, 1.0, -1.0, -1.0], [1.0, 1.0, 0.0, 1.0, -1.0, -1.0], [1.0, 1.0, 1.0, 0.0, -1.0, -1.0], [-1.0, -1.0, -1.0, -1.0, 0.0, -1.0], [0.0, 0.0, 0.0, 0.0, 0.0, 0.0]]","[5, 5]","['$user$0, 0.913, good, good, None, 0xA41dE09A63f6Cedd633f99052b44450d3BB91D44', '$user$1, 0.898, good, good, None, 0x17725D495A0843Ea05541fD61ba5D4082750bC08', '$user$2, 0.921, good, good, None, 0x37AC7AC5D09bbC6dAC1CF036b7F9DdD0EA4E052E', '$user$3, 0.908, good, good, None, 0x536fc4cd48ad9B3649e8aB615592E83Ec9F5fcd1']","[('close', 'e9b5f5530afc818cdeba6b86c679d746db89e75c4d3e4ae458ba97b20687d8f4', 658515), ('slot', '3bb195cc1ef64c57db43f5f473208b812646bba30693dbeaf0b1a364877f8b3f', 50814), ('slot', 'c57aaa750f304a9499ce693efa7e646ed78f73a4b26e0a0e96c0bc0a0531ade7', 50814), ('slot', '00980be96dc64cdc7b38e232934c9b54e51d17953a1f3fefac4f00fae4e73d84', 50814), ('slot', '979283584d36f9c8906a3cf07e53c1a6f409c98e253fcbc9497825c521b7df9a', 50814), ('slot', 'cd7e6f32de525e9a8b913197b7cc204642aa45501dd25a5e5ca9207ca97871c4', 50814), ('slot', '1c25ae30e0f743e1aeee97f39e636bb7478cc328bb7f0dd4216d3e34a64bf375', 50814), ('weights', '70f9bde0567dd65f4c8be83808924e158e763fbd0d60153938c8c0bf6c3d5175', 73694), ('weights', '0d4fb91ee530ef0a4cc722d03532427adea550bd893ce65b289cc4b1b1736687', 56594), ('weights', 'ccb06bc13db4df1267125a9585e7111d94125c4a54c490a91cb359e89d2b6eac', 56594), ('weights', '778f04a66918459880b0865dc1edd5c86868f328675a8cc314081ab3bd2cf2af', 56594), ('weights', 'f5d57c881b9460e37f4d2aeac75921a38909318bb0962bbea046a7e14f09878e', 56594), ('weights', 'e3cf9d7cf2db6635d8653083a3d0f53c3b89c61b0f45fa39a5a4ed9ecd4dd62d', 56594), ('feedback', '05c22af1028583612423efb5afab6b9f3a521be8ba1e5ad6108991f2f2b6e416', 717387), ('feedback', '6d3aa3665bef496a8e000509963618d9cdef868d9b2deb795361add5d0d45bf5', 648987), ('feedback', '07ed62723dc27976043c87acb5d4282fb4178ff397fac5185443313758225a4f', 631887), ('feedback', '5799a822c4462d94a7787c88682e4b9a543ebd1fd0dfe16e0bc97aec8c06dfc2', 631887), ('feedback', 'df9439ac5985e51ecd341dbb8216884e65432a322b6fd3a7f1a155a73670f336', 613043), ('feedback', 'eb1bb6e29b0270283c3170b65f7b5000242d0deb37ca589f19b2f4061504dfc4', 612273), ('contrib', 'efa39d06b26a21bb1db21f59b3930b81926f101e8b2ce899f847939030c0668b', 75223), ('contrib', '7ab949e4c86cae301fed3e345bb122b833c910eff584467d2b7ed0cf265e3fb2', 78035), ('contrib', 'c94ec0f2733fa86364a08a92efea1671066a22911c71ea86f9c468aa30865a0b', 58123), ('contrib', '63dee98177f925a68fae3bb7235225e94638de539e7eb91fd93f265fdcdc2d2d', 58123), ('close', '98cab83fb0c44d17a65cfc8883bc2b12597d0c32cd6ef36be855d09cbbd04594', 570912)]"
8,23:12:12.406,0.9323,69.15480716526508,"[1764660258814188734, 975765495936765459, 1938720985218550401, 2120853260030495394, 0, 0]","[92, 92, 93, 90, 0, 0]","[8, 8, 8, 10, 0, 0]","[('0xA41dE09A63f6Cedd633f99052b44450d3BB91D44', 5089287109606864006, 153947368421052751, 1764660258814188734), ('0x17725D495A0843Ea05541fD61ba5D4082750bC08', 5728181872484287155, 3947368421052625, 975765495936765459), ('0x37AC7AC5D09bbC6dAC1CF036b7F9DdD0EA4E052E', 4788910593728817964, 27631578947368376, 1938720985218550401), ('0x536fc4cd48ad9B3649e8aB615592E83Ec9F5fcd1', 4493620424180030842, 85526315789473753, 2120853260030495394)]",200000000000000000,[],"[1539473684210527659, 39473684210526258, 276315789473683792, -855263157894737613]","[[0.0, 1.0, 1.0, 1.0, 0.0, 0.0], [1.0, 0.0, 1.0, 1.0, 0.0, 0.0], [1.0, 1.0, 0.0, 1.0, 0.0, 0.0], [1.0, 1.0, 1.0, 0.0, 0.0, 0.0], [0.0, 0.0, 0.0, 0.0, 0.0, 0.0], [0.0, 0.0, 0.0, 0.0, 0.0, 0.0]]",[],"['$user$0, 0.911, good, good, None, 0xA41dE09A63f6Cedd633f99052b44450d3BB91D44', '$user$1, 0.92, good, good, None, 0x17725D495A0843Ea05541fD61ba5D4082750bC08', '$user$2, 0.931, good, good, None, 0x37AC7AC5D09bbC6dAC1CF036b7F9DdD0EA4E052E', '$user$3, 0.916, good, good, None, 0x536fc4cd48ad9B3649e8aB615592E83Ec9F5fcd1']","[('close', '98cab83fb0c44d17a65cfc8883bc2b12597d0c32cd6ef36be855d09cbbd04594', 570912), ('slot', 'c14480d03b5d23742c329ca9531ed6548c46ff1f113eb263ef851e17b6b0d41b', 50814), ('slot', '2f9d5e986060e1aa8d566ee29331a7de1fd0661851d7fb3eca18ce8ab3e3465b', 50814), ('slot', '350deb6de4b95ebc20df9a142c3a1309f98141edcae10289b2dc14df3bcddd28', 50814), ('slot', '7b26dfcdf0a2f1d472056d00e638e9929ba13cb15c9d819cb717d412139b15d9', 50814), ('weights', '02555dd8396cfecd3fc58e6dabda8856c2ae1ec690e6255b6e12bd9170801973', 73694), ('weights', '3a11257b7fdcad4bdfca3cb2efee8e116b56c155cfecf3a20d65ca0f87c0453b', 56594), ('weights', 'ab62742adae46cdd5c486559155b6c6f4bd37442b6a663697ca692dce64392cc', 56582), ('weights', '57fac62e312377f0dd7720d0ff453b721672cbf7f3f994abeb25a0e60ddb032b', 56594), ('feedback', '7a837612001afe87a5bda5570687f863992596c752ee17ebe1a8d2f25806b911', 521426), ('feedback', '93d1d81d1cea1bf62536dacdcf167b81c45474ddef2e9335f418c5008f52451a', 487226), ('feedback', 'c61a57a062bfe2846105e9137d7bc6a9d88b678e84a0bfc4c46da59700cea832', 470126), ('feedback', 'f879b01315236a09ae48680de82386a324ffeb1d5d95365487b6b3981c8115f3', 470126), ('contrib', '76701818476ad3812dd830500f7ef5d51c2e6ede2e2a3f2aa6160560e73ff480', 75223), ('contrib', '89c98ee0dc8cbc0282d98288fcbb26aa741d425542b3a6667ba74492b0811972', 58111), ('contrib', 'c4ed0064e86c60f22a01133394847f82c57ef4c8905f0f98f456a01acd598d2e', 58123), ('contrib', '53b498df9e8490e53c3ffd084fc53753d2f8744f6a71a448bcbcfe76d3f61731', 78035), ('close', '7cea796e7c47dd3bfe9dc70e6fa1d87f2f6510c6aa3299fb009eeca1af2094be', 410453)]"
9,23:12:34.102,0.9395,62.05133567377925,"[1914660258814188867, 945765495936765289, 1958720985218550229, 2080853260030495603, 0, 0]","[93, 93, 94, 92, 0, 0]","[7, 7, 7, 8, 0, 0]","[('0xA41dE09A63f6Cedd633f99052b44450d3BB91D44', 5035339741185811254, 150000000000000133, 1914660258814188867), ('0x17725D495A0843Ea05541fD61ba5D4082750bC08', 5824234504063234529, 30000000000000170, 945765495936765289), ('0x37AC7AC5D09bbC6dAC1CF036b7F9DdD0EA4E052E', 4861279014781449587, 19999999999999828, 1958720985218550229), ('0x536fc4cd48ad9B3649e8aB615592E83Ec9F5fcd1', 4679146739969504594, 39999999999999791, 2080853260030495603)]",100000000000000000,[],"[1500000000000001332, -300000000000001709, 199999999999998290, -399999999999997912]","[[0.0, 1.0, 1.0, 1.0, 0.0, 0.0], [1.0, 0.0, 1.0, 1.0, 0.0, 0.0], [1.0, 1.0, 0.0, 1.0, 0.0, 0.0], [1.0, 1.0, 1.0, 0.0, 0.0, 0.0], [0.0, 0.0, 0.0, 0.0, 0.0, 0.0], [0.0, 0.0, 0.0, 0.0, 0.0, 0.0]]",[],"['$user$0, 0.924, good, good, None, 0xA41dE09A63f6Cedd633f99052b44450d3BB91D44', '$user$1, 0.929, good, good, None, 0x17725D495A0843Ea05541fD61ba5D4082750bC08', '$user$2, 0.938, good, good, None, 0x37AC7AC5D09bbC6dAC1CF036b7F9DdD0EA4E052E', '$user$3, 0.928, good, good, None, 0x536fc4cd48ad9B3649e8aB615592E83Ec9F5fcd1']","[('close', '7cea796e7c47dd3bfe9dc70e6fa1d87f2f6510c6aa3299fb009eeca1af2094be', 410453), ('slot', '7dbd7c387602409011e09a6959f74999ef9bc75698787a8381e8325e867a9058', 50814), ('slot', '145c2d1e6d3307b8501ea51587823fc717b7334f04941ec369204ffca65782d8', 50814), ('slot', '014323a617f4ef0a6acef8fa8d021dc387c49e959835e0d6fc82195d97513e1f', 50814), ('slot', '5006cf8fd7582f37ca5ff78434d5c36c6d03bdce4ddb6dc47487f3ade428b034', 50814), ('weights', '8cfa16fe6f62082b238709487d885a79a575589f05c055e627295a42155f237a', 73694), ('weights', '401d0a4fb80a5182c5b7d1352932a03f3657405f582bc4e58bb6b924e29ced15', 56594), ('weights', '9e462f89be49d8cba985efb38e0c70f3c4ad13bddec2ea621a9f86ed3a40315d', 56594), ('weights', '3f68514b0790b3d98c61b8646ede234929f37210597e08e249896fe6e52672a8', 56594), ('feedback', '3ba6b79e2d5ca06c2d5bd28a38f8898e841ba19d334fa798956eddc7513264de', 521426), ('feedback', '7ff5c93ef06b9cc7448a61397317951b797a3c7224f80fc26008e29280e3b593', 487226), ('feedback', 'c284f5fe7cf7144475ec3451fb8279013730f63a0db3dc7e8e07b59bbf51551f', 470126), ('feedback', '9551db6a73bf060e4e9b23f1017dedaa3e73c1cb6ba6ec76f2ef75d9dbdd6017', 470126), ('contrib', 'bafe0f615f8719da092492b29f9edaa155274160371d325d26be7ae573fb2cc5', 75223), ('contrib', '51938dba392050034bca6e8e24f3dbe8ba2cde4c2f5906edcf01b52258c995f9', 78035), ('contrib', '30de381f3b0645c035dc09289c4e1783ac331cd52c63f98ecd34fd5f1a1a9c2c', 58123), ('contrib', '2237b51c54e70ef0083a06ff2a9591da6212285eb5d56db02cf75dfcb7e923ee', 78035), ('close', '666d3686edf46834949c5d7bd2599c2105c1cb329a62f165161a3ed5c156c674', 410464)]"
10,23:12:55.778,0.9463,54.63390454649925,"[1946478440632370702, 966220041391310798, 1990539167036732064, 2096762350939586423, 0, 0]","[94, 94, 95, 92, 0, 0]","[6, 6, 6, 8, 0, 0]","[('0xA41dE09A63f6Cedd633f99052b44450d3BB91D44', 4985339741185811121, 31818181818181835, 1946478440632370702), ('0x17725D495A0843Ea05541fD61ba5D4082750bC08', 5954234504063234699, 20454545454545509, 966220041391310798), ('0x37AC7AC5D09bbC6dAC1CF036b7F9DdD0EA4E052E', 4941279014781449759, 31818181818181835, 1990539167036732064), ('0x536fc4cd48ad9B3649e8aB615592E83Ec9F5fcd1', 4819146739969504385, 15909090909090820, 2096762350939586423)]",0,[],"[318181818181818343, 204545454545455085, 318181818181818343, 159090909090908200]","[[0.0, 1.0, 1.0, 1.0, 0.0, 0.0], [1.0, 0.0, 1.0, 1.0, 0.0, 0.0], [1.0, 1.0, 0.0, 1.0, 0.0, 0.0], [1.0, 1.0, 1.0, 0.0, 0.0, 0.0], [0.0, 0.0, 0.0, 0.0, 0.0, 0.0], [0.0, 0.0, 0.0, 0.0, 0.0, 0.0]]",[],"['$user$0, 0.935, good, good, None, 0xA41dE09A63f6Cedd633f99052b44450d3BB91D44', '$user$1, 0.939, good, good, None, 0x17725D495A0843Ea05541fD61ba5D4082750bC08', '$user$2, 0.939, good, good, None, 0x37AC7AC5D09bbC6dAC1CF036b7F9DdD0EA4E052E', '$user$3, 0.93, good, good, None, 0x536fc4cd48ad9B3649e8aB615592E83Ec9F5fcd1']","[('close', '666d3686edf46834949c5d7bd2599c2105c1cb329a62f165161a3ed5c156c674', 410464), ('slot', '727233c6379ea775e13ffd510059ce5c60a8fa19d626636a1a3e8da2af33c875', 50814), ('slot', 'd0df28419926972ca9eeca8144a31fab64e54ff5b4abe3e0bd8cce758819d7b9', 50814), ('slot', 'c6dc1606299e5d0f3a6df33b19847661123102cdd35318195f04b2f94c65887c', 50814), ('slot', 'fb1e23080722da916f35a29e7d592b6936ce2631c557d7b72e3da90f2dcf986d', 50814), ('weights', '6f26176ebc785ec2219eaf7cf33b73ac01aae839df3cad2650ffe77704d404c0', 73694), ('weights', '1aaf3dbf589044befccd764d209180221d04c5bfcbbad1fd401b425bf66937b3', 56594), ('weights', '57f8de73888681f55a0522b7f008eb00aca4ac1fc747874725bffca3abf59bb0', 56594), ('weights', '91b6f33342cbae2274cb0972d458d0c7073440232867bfae7921fdc741a58cec', 56594), ('feedback', '4d15baca88f324216857e4b69875b6fd34ec892c2813244b672aab1bbbb42e03', 521426), ('feedback', 'c496e956fbc8d901fec87ad83e160b7fc9529ee0a0e0c65d84bb329a8bf0c7bf', 487226), ('feedback', '3c4351e9c995287369dd5fd5293a39d9f81c34c48132f751b7678a3d0f14c0dd', 470126), ('feedback', 'ea7a75e62493770000645e71e81beb86fcabf1edabb49bd3d057cc15c0384bed', 470126), ('contrib', '711c28d0b2b45228ebdd30dd65037fd50d849145014301d98d75f001af674b16', 75223), ('contrib', 'c3397a1fcc8e1877181caffc24e7ba6a05100d719685a136b1b3c887adadefe9', 58123), ('contrib', '8f12bc498c9c5b095d83013d84c0f9cea4060883443de0f241603c28d5ddf033', 58123), ('contrib', '47800ddd12d9163790aa087803718945c3f3c61d0d8d3a18b41e27735f7c64b1', 58123), ('close', '58368b26d4ec529ebed3bc362831155b321e4beed59748de01adfdef38e7374f', 410442)]"
# $gasCosts$[775369, 747743, 706969, 706969, 706969, 728191, 75223, 58123, 58111, 58123, 58123, 713669, 642469, 668143, 608395, 651043, 651043, 75223, 58123, 58123, 58123, 58123, 58123, 715387, 646987, 627887, 691587, 603043, 602273, 75223, 58123, 58123, 58123, 717387, 648987, 631887, 631887, 613043, 612273, 75223, 58123, 58111, 58123, 717387, 648987, 631887, 631887, 613043, 612273, 95135, 58123, 58123, 58123, 717387, 648987, 631887, 631887, 613043, 612273, 75223, 58123, 58111, 58111, 717387, 648987, 631887, 631887, 613043, 612273, 75223, 78035, 58123, 58123, 521426, 487226, 470126, 470126, 75223, 58111, 58123, 78035, 521426, 487226, 470126, 470126, 75223, 78035, 58123, 78035, 521426, 487226, 470126, 470126, 75223, 58123, 58123, 58123],[126674, 126674, 126674, 126674, 126674],[50802, 50814, 50802, 50814, 50814, 50802, 50814, 50814, 50814, 50802, 50814, 50814, 50814, 50814, 50814, 50814, 50814, 50802, 50814, 50814, 50802, 50814, 50814, 50814, 50814, 50814, 50814, 50814, 50814, 50814, 50790, 50814, 50814, 50814, 50802, 50814, 50814, 50814, 50814, 50814, 50814, 50814, 50814, 50814, 50814, 50814, 50814, 50814, 50814, 50814, 50814, 50814, 50814, 50814],[73694, 56594, 56594, 56594, 56594, 56594, 73694, 56594, 56594, 56594, 56594, 56582, 73694, 56594, 56582, 56594, 56594, 56594, 73682, 56594, 56594, 56594, 56594, 56594, 73694, 56594, 56582, 56594, 56594, 56594, 73694, 56594, 56594, 56594, 56594, 56594, 73694, 56594, 56594, 56594, 56594, 56594, 73694, 56594, 56582, 56594, 73694, 56594, 56594, 56594, 73694, 56594, 56594, 56594],[671004, 611186, 658515, 658515, 658526, 658515, 570912, 410453, 410464, 410442],[],[]
# TOTAL EXPERIMENT TIME: 257.94 seconds
