# Author Nykjaer
# ------Specs--------# cpu_name:  (processor model)
# cpu_cores: 6 (physical cores)
# ram_gb: 13.5 (system memory in GB)
# gpu_name: NVIDIA GeForce RTX 3060 Laptop GPU (graphics processor)
# os_name: Linux (operating system)
# ------Config--------# good_contributors: 4 (honest participants)
# bad_contributors: 1 (malicious participants)
# freeriders: 1 (contribute 0)
# inactive: 0 (never join)
# reward: 1000000000000000000 (total reward pool)
# minimum_rounds: 10 (rounds to simulate)
# min_buy_in: 1000000000000000000 (lower buy-in bound)
# max_buy_in: 1000000000000000000 (upper buy-in bound)
# standard_buy_in: 1000000000000000000 (default buy-in)
# epochs: 1 (local epochs per round)
# batch_size: 32 (training batch size)
# punish_factor: 3 (penalty multiplier)
# first_round_fee: 50 (fee for first round)
# fork: True (True=local fork, False=real net)
# contribution_score_strategy: dotproduct (scoring method)
# use_outlier_detection: True (Whether to use outlier detection)
# freerider_start_round: 5 (When freeriders should start freeriding)
# freerider_noise_scale: 0.5 (How much noise a freeder should add)
round,time,globalAcc,globalLoss,GRS,accAvgPerUser,lossAvgPerUser,rewards,conctractBalanceRewards,punishments,contributionScores,feedbackMatrix,disqualifiedUsers,userStatuses,GasTransactions
# $startingUserConfig$['$user$0, 0, good, good, None, 0xA41dE09A63f6Cedd633f99052b44450d3BB91D44', '$user$1, 0, good, good, None, 0x17725D495A0843Ea05541fD61ba5D4082750bC08', '$user$2, 0, good, good, None, 0x37AC7AC5D09bbC6dAC1CF036b7F9DdD0EA4E052E', '$user$3, 0, good, good, None, 0x536fc4cd48ad9B3649e8aB615592E83Ec9F5fcd1', '$user$4, 0, good, bad, 3, 0x118E560679B62a9F24c135A96d416548782f8cc2', '$user$5, 0, good, freerider, 5, 0xA2F37A08a8488CB8551a0D03f7A73f4156757de7']
0,01:36:24.406,0,721.314697265625,"[1000000000000000000, 1000000000000000000, 1000000000000000000, 1000000000000000000, 1000000000000000000, 1000000000000000000]",[],[],[],1000000000000000000,[],[],,[],"['$user$0, 0, good, good, None, 0xA41dE09A63f6Cedd633f99052b44450d3BB91D44', '$user$1, 0, good, good, None, 0x17725D495A0843Ea05541fD61ba5D4082750bC08', '$user$2, 0, good, good, None, 0x37AC7AC5D09bbC6dAC1CF036b7F9DdD0EA4E052E', '$user$3, 0, good, good, None, 0x536fc4cd48ad9B3649e8aB615592E83Ec9F5fcd1', '$user$4, 0, good, bad, 3, 0x118E560679B62a9F24c135A96d416548782f8cc2', '$user$5, 0, good, freerider, 5, 0xA2F37A08a8488CB8551a0D03f7A73f4156757de7']","[('register', '762a5805f7c3593dde2fff1aeef3e5c56866d7d84a361efd3ba531e180fa08e9', 126674), ('register', '8206bc0167884411484024b477fcb6db508d1749c2e6d3c2e99d35982c05daf3', 126674), ('register', '08b1e26140bf9797aea3b124b841e3b3c2858161d228ae36063cd565f49360ea', 126674), ('register', '5199c6a6fcce2f1f1783d24e8dd9e97e90d3a3be519ee04f7318193cfbd467b3', 126674), ('register', '6b03b526534d80c1922dc9d9d87c956bdba1add8acd87b02246fb0971621d518', 126674)]"
1,01:36:54.809,0.1929,715.9483642578125,"[1016653839746346458, 1016694287460701910, 1016771882282011644, 1016562245283260660, 1016612950957593378, 1016704794270085946]","[10, 10, 12, 10, 10, 10]","[74, 74, 74, 74, 74, 74]","[('0xA41dE09A63f6Cedd633f99052b44450d3BB91D44', 5000000000000000000, 16653839746346458, 1016653839746346458), ('0x17725D495A0843Ea05541fD61ba5D4082750bC08', 5000000000000000000, 16694287460701910, 1016694287460701910), ('0x37AC7AC5D09bbC6dAC1CF036b7F9DdD0EA4E052E', 5000000000000000000, 16771882282011644, 1016771882282011644), ('0x536fc4cd48ad9B3649e8aB615592E83Ec9F5fcd1', 2000000000000000000, 16562245283260660, 1016562245283260660), ('0x118E560679B62a9F24c135A96d416548782f8cc2', 1000000000000000000, 16612950957593378, 1016612950957593378), ('0xA2F37A08a8488CB8551a0D03f7A73f4156757de7', 5000000000000000000, 16704794270085946, 1016704794270085946)]",900000000000000000,[],"[166538387537002563, 166942864656448364, 167718812823295593, 165622442960739135, 166129499673843383, 167047932744026184]","[[0.0, 1.0, 1.0, 0.0, -1.0, 1.0], [1.0, 0.0, 1.0, 1.0, 1.0, 1.0], [1.0, 1.0, 0.0, 0.0, 0.0, 1.0], [1.0, 1.0, 1.0, 0.0, 1.0, 1.0], [1.0, 1.0, 1.0, 1.0, 0.0, 1.0], [1.0, 1.0, 1.0, 0.0, 0.0, 0.0]]",[],"['$user$0, 0.748, good, good, None, 0xA41dE09A63f6Cedd633f99052b44450d3BB91D44', '$user$1, 0.665, good, good, None, 0x17725D495A0843Ea05541fD61ba5D4082750bC08', '$user$2, 0.737, good, good, None, 0x37AC7AC5D09bbC6dAC1CF036b7F9DdD0EA4E052E', '$user$3, 0.64, good, good, None, 0x536fc4cd48ad9B3649e8aB615592E83Ec9F5fcd1', '$user$4, 0.626, good, bad, 3, 0x118E560679B62a9F24c135A96d416548782f8cc2', '$user$5, 0.779, good, freerider, 5, 0xA2F37A08a8488CB8551a0D03f7A73f4156757de7']","[('slot', 'f47ae4d604ff403ac50ac65e9fe2d87f659612adbd3ef27a191166cd5afc8757', 50802), ('slot', '6a79f1457979529778768da43ccdc2a1a4f8dead4653681c9f039dc37581a02b', 50802), ('slot', '36a376f570f9e25cae5681661195a95162b4d06569f2736dff0de0b297341495', 50814), ('slot', '4561bd03088064e29919ebe1303ffc257315d1bc9349ad96e45a70c0105917ad', 50814), ('slot', '47e0542e4d10c1854224f6fc0afb9bb5fe8629bdd83082f4197ee8201fdef3f8', 50814), ('slot', 'fc58d3433fcaad08a73db871df899882dbb8efaf1c9fc05fdb7eb61040155d40', 50814), ('weights', '41c815d38973c7a0ca71fa82f1afa44d8a390beb840d69f99a04d4e1d0f5201d', 73682), ('weights', '129fb00de0393cdf1f72722ffcf1513cb750c10937957c685fc8d14b81f9272b', 56594), ('weights', 'd69338a30a8536af49ea7444364e95fde26ccb74eea08c33363e0c5efde35416', 56594), ('weights', '68e460ebca4b3b723e9d249ec40cdc882597112be726ddd4ce27d7053384be24', 56582), ('weights', '3afb45b31918befab8850856669ebda3bef9d6c2b223e2c6e5936faddc3b4761', 56594), ('weights', 'c7fd4a513693e3d3d2cfc7d53a0f63260990732826106cf426d447096cc63ab4', 56594), ('feedback', '79ed6970393f29140c23d5f853a8921fde501aa8c152a3f422e333cd992eca99', 362227), ('feedback', '4a0d062883eae11311238d1ad76153be694eeeeb4dd4a6a5764de0b1d233b6d1', 366453), ('feedback', '1b1c4c86298268d64c61f1a741867a18a739ace5023a44676e07bf253d17e432', 289705), ('feedback', '872b872838ddc2835b96205d5f88523a448ac845aae6e99b37f78f61862bccbb', 354153), ('feedback', 'd325137603893c13dfbf7fd557e79cad93e1233bb6b1f452aaf35037a654d951', 337053), ('feedback', 'f97b15dc78aed7236c59f076ef12c2fb729a8bfc5d8845428aacff830cc7be92', 289705), ('contrib', 'b7aea7f912342c06201b693d92e1151c781d72e24960f5849e278275cda21a2b', 75211), ('contrib', '6832e3c7394e203ecf4246d1e7c03ce64c2fcd583a14684dd41f4f3e04b9f20c', 58123), ('contrib', '9abab51b374be7381dcc92bdced75eacb610d1b555f2994b8bcf882c846edc88', 58123), ('contrib', '441d50b4d8583081c52287e0c0bfc07b9df2abb38a4ad5dcafa826212040f60d', 58123), ('contrib', '356acc5fb63e31cbe70729045dede5fbd8dc82b54e64c5a5a9dcba6c59a0ead7', 58123), ('contrib', '09ca7739f4f4b8ef6b75e40bf49e22aa2d8431a18e568b2ea01d12c8cf0a07db', 58123), ('close', '371a1a24daeee9729e29753022c5f2febae1e93b65f801af1490f7abb9dde2a6', 641581)]"
2,01:37:24.218,0.6333,598.7444458007812,"[1033320137112540688, 1033363642545400936, 1033442201471911743, 1033236496889892803, 1033269330110158019, 1033368191870095804]","[17, 17, 19, 19, 18, 22]","[73, 73, 73, 73, 73, 73]","[('0xA41dE09A63f6Cedd633f99052b44450d3BB91D44', 5083346160253653538, 16666297366194230, 1033320137112540688), ('0x17725D495A0843Ea05541fD61ba5D4082750bC08', 4066600918269212140, 16669355084699026, 1033363642545400936), ('0x37AC7AC5D09bbC6dAC1CF036b7F9DdD0EA4E052E', 5083228117717988352, 16670319189900099, 1033442201471911743), ('0x536fc4cd48ad9B3649e8aB615592E83Ec9F5fcd1', 5083437754716739336, 16674251606632143, 1033236496889892803), ('0x118E560679B62a9F24c135A96d416548782f8cc2', 1016694287460701910, 16656379152564641, 1033269330110158019), ('0xA2F37A08a8488CB8551a0D03f7A73f4156757de7', 5083295205729914050, 16663397600009858, 1033368191870095804)]",800000000000000000,[],"[166662961244583129, 166693538427352905, 166703179478645324, 166742503643035888, 166563779115676879, 166633963584899902]","[[0.0, 1.0, 1.0, 1.0, 0.0, 1.0], [1.0, 0.0, 1.0, 1.0, 1.0, 1.0], [1.0, 1.0, 0.0, 1.0, 0.0, 1.0], [1.0, 1.0, 1.0, 0.0, 0.0, 1.0], [1.0, 1.0, 1.0, 1.0, 0.0, 1.0], [1.0, 0.0, 1.0, 1.0, 0.0, 0.0]]",[],"['$user$0, 0.585, good, good, None, 0xA41dE09A63f6Cedd633f99052b44450d3BB91D44', '$user$1, 0.539, good, good, None, 0x17725D495A0843Ea05541fD61ba5D4082750bC08', '$user$2, 0.57, good, good, None, 0x37AC7AC5D09bbC6dAC1CF036b7F9DdD0EA4E052E', '$user$3, 0.596, good, good, None, 0x536fc4cd48ad9B3649e8aB615592E83Ec9F5fcd1', '$user$4, 0.496, good, bad, 3, 0x118E560679B62a9F24c135A96d416548782f8cc2', '$user$5, 0.669, good, freerider, 5, 0xA2F37A08a8488CB8551a0D03f7A73f4156757de7']","[('close', '371a1a24daeee9729e29753022c5f2febae1e93b65f801af1490f7abb9dde2a6', 641581), ('slot', 'e88eac223146aa03ebb2124eef31264d74783630e66814c9f565964aec90fb17', 50814), ('slot', 'ed90568ba686130097590351242abc361b8e8e3a872aa4fda3147afdca7f54c4', 50814), ('slot', '3ab85bc3d00c62a649795764e3fb4e00fddadd47f3d35e4b98af233ee486aec0', 50814), ('slot', '79992509c8a1c96300e6313f5455e86d8617e105d3dd9dc83cc1c6e1f0305d04', 50814), ('slot', '7feeff0777e77e97280e2ce60148fe35d6daec9e3120067222884a582245c410', 50814), ('slot', 'f41cd3a6960fb23fb53bfac3475a1bb3022c4ef1bf74f7250cced3bd177f00de', 50802), ('weights', 'e9a6fcbc020dab57de0f58883ed461bf4ae1ca9469b267f7ecec7a15f6d45d67', 73694), ('weights', 'f7664b7d447f6a48ec7edf04b288fdce852a92da88657647e9c6052933237e88', 56594), ('weights', '9db8ed563c719aa88e85082bcfc2e02bbbf1146cfda06a5ccb8de62c7da843a0', 56594), ('weights', '78531d20353ddda9c2299308b544b2140991ae52032682455559897bfa20c321', 56582), ('weights', 'c43877d188dc8b8e41f617e41d047366ad953f7d34272ab1a3acce166ccedb79', 56594), ('weights', '0f2732c3c793feca80cd024ebc772efa1d9b9ca6558aa75935b11e9575adf01c', 56594), ('feedback', '9350398c858d9bc956c436dc2c9267271d0c79b1d0d62b34142f0bbb3f5077bc', 322079), ('feedback', '0a3a0770abc2232597475e571876846af3e62c169ced3405608e6ad5e0cdd99a', 271753), ('feedback', 'c7ad77a1715b36c9b745e91d509d11dff61ec66c55f2770d7a2263557ab37f20', 253679), ('feedback', 'ee9bbbf076c5943cfe3d92177d76be1f8a332381f83fe790ada18efed0f896ab', 231779), ('feedback', '8dea548474bcc71754506c56f245436957b0d5c71ca2425de7cf3a5de7ca970e', 237553), ('feedback', 'ac0f269c20990c56e9bae4f4656973d76be57f58d7a28ccc12639e5ea5e66b02', 247905), ('contrib', '56f84d073d95a274c544758c1ff6d37516da50a833c88f52f3c8a6b81e568761', 75223), ('contrib', '56cb15fa05d4c4c0ba9988cedae8ad8b449aa1e0237d297b8186ffdb5d1c4c39', 58123), ('contrib', 'c95fc1982716fa66628792b06be17d939a7745055d7591259a8b2146fbf69461', 58123), ('contrib', '1fe328d05140ea932462e2b04a005a54d3b15e573b5fb0e25bb620370e17e6d0', 58123), ('contrib', 'd4eaca06ac584cd737edd8d03057b879b894b63ee44b63412ed28d26e129034c', 58123), ('contrib', 'e7b715e9bfb918110a40c2c4ff7f6e3b7b49c063b3d9e6ee0075f46aa38b2ecc', 58111), ('close', 'cc79b31925d10d14b6884e081bbde23016f7e27226ac09f9c64eb3a764bdbacd', 611186)]"
3,01:37:52.075,0.8209,191.40076386928558,"[1122212566953420904, 1122282111742909585, 1122296559018474344, 1122149807221986002, 688846220073438680, 1122212734989770475]","[61, 60, 64, 62, 63, 67]","[61, 61, 62, 62, 61, 61]","[('0xA41dE09A63f6Cedd633f99052b44450d3BB91D44', 3100141202667143267, 88892429840880216, 1122212566953420904), ('0x17725D495A0843Ea05541fD61ba5D4082750bC08', 3100097697234283019, 88918469197508649, 1122282111742909585), ('0x37AC7AC5D09bbC6dAC1CF036b7F9DdD0EA4E052E', 3100019138307772212, 88854357546562601, 1122296559018474344), ('0x536fc4cd48ad9B3649e8aB615592E83Ec9F5fcd1', 3100224842889791152, 88913310332093199, 1122149807221986002), ('0xA2F37A08a8488CB8551a0D03f7A73f4156757de7', 3100093147909588151, 88844543119674671, 1122212734989770475)]",700000000000000000,"[(3, 344423110036719339)]","[200017571449279785, 200076162815093994, 199931904673576354, 200064554810523986, 199909821152687072]","[[0.0, 1.0, 1.0, 1.0, -1.0, 1.0], [1.0, 0.0, 1.0, 1.0, -1.0, 1.0], [1.0, 1.0, 0.0, 1.0, -1.0, 1.0], [1.0, 1.0, 1.0, 0.0, -1.0, 1.0], [-1.0, -1.0, -1.0, -1.0, 0.0, -1.0], [1.0, 1.0, 1.0, 1.0, -1.0, 0.0]]",[5],"['$user$0, 0.774, good, good, None, 0xA41dE09A63f6Cedd633f99052b44450d3BB91D44', '$user$1, 0.815, good, good, None, 0x17725D495A0843Ea05541fD61ba5D4082750bC08', '$user$2, 0.793, good, good, None, 0x37AC7AC5D09bbC6dAC1CF036b7F9DdD0EA4E052E', '$user$3, 0.763, good, good, None, 0x536fc4cd48ad9B3649e8aB615592E83Ec9F5fcd1', '$user$4, 0.496, bad, bad, 3, 0x118E560679B62a9F24c135A96d416548782f8cc2', '$user$5, 0.791, good, freerider, 5, 0xA2F37A08a8488CB8551a0D03f7A73f4156757de7']","[('close', 'cc79b31925d10d14b6884e081bbde23016f7e27226ac09f9c64eb3a764bdbacd', 611186), ('slot', 'ce3bd0bd46b8f6a1f3a5fb70545865bb2b9accadc5d95a55cdf5fcfbef0ae1a1', 50802), ('slot', '3647ab74e4637aca2c74b0173e76a4a423cb6646ebf2d76c0d57c3a130aee13d', 50814), ('slot', '0bcbd7b9c11b9b14f0b2461d8f547d90256fe4addd95db48c919d20ebaf1ecdb', 50814), ('slot', '4eae65903102aced00f26bc86ff29c10305a228265976f9e049b8aad30221b99', 50814), ('slot', '78033a145d813c8c4d7fbfe02abafbfe5968cba9c7f8239f103397646e338261', 50814), ('slot', 'b2075c1eb50c8eabcef933d9c7f2862abdd25c07e988ce4f4d4a641f08e84fa6', 50802), ('weights', 'fdae5b5a0e3c8fda561d4d68c7d3aa2ad2e84f802753df6c2f1c77626fc720a7', 73682), ('weights', '5a55381de1ef6df3055a82d9ca0ae1e9ac64dbc7c7c50f6aada4325352904605', 56594), ('weights', '3624b7c59ef85c43ea3d1cd196ddfc5ec62efbbfad2f288c9b84f13d8f73d66b', 56594), ('weights', 'c15d65aff94b8791154aca370a79c712bd7a7627030191e7c304000e70cf335d', 56594), ('weights', 'c0c1ba43cd12a9d42f89634f767cc2d78625d4c170831f4f4a2df3bcd0102f1e', 56594), ('weights', '9e6d17663addfcb73ce6b6d54ffa4984da03261d54b613a8f83188e8cd38863d', 56594), ('feedback', '05c0e0d6bce1bf913ac8fc0f568bdb6a46e42c6b2a01825bb975d6f313648d6f', 323401), ('feedback', '469b09cdb8411b2b116dbd5fdd793a542d0caa189c518c3349fed67ba506db3d', 253001), ('feedback', 'a27ddc04693cca18110cdf159c7d6f56d50d69e64268f5539963547bc8c5af5c', 237901), ('feedback', '030616a6ee28b85e87c2f7b23470e6adb85768c988e156d8c6349e02e5064a2a', 237901), ('feedback', '0655ea83be2d69b2e75d05590eee7907a3edb55634a1279d091621fd81038f63', 229293), ('feedback', 'cf4348a46e5cc2cf022d8f814329fc78f33e955ddd5f86166b4856005a384d3a', 257801), ('contrib', '8a009da0a41c9c5b2a45139f353af22c90cfe824046c98ae9a16e0d8144376a1', 75223), ('contrib', '6353d78f00677ef8b36eb2212a20abcccb77dedc17dfdd0ca67b0ecf1542c72d', 58123), ('contrib', '942a760a58eed5840befdcf48c221572dacfaf43ca0aee809ddce19062b9c648', 58123), ('contrib', '6d159835d0d3597e24f2e46ebf71f23b3593c5e76a66e760be995491c65f4d7d', 58123), ('contrib', 'aec4bd16059eed4388aa90fe645a38e2793ba7479c673860ec7d2d6b09eaf9ef', 58123), ('close', 'c60b81e01c3509a938d159da21d6724b58cf49f1ec4aa123c2d559039e6298d6', 643640)]"
4,01:38:19.787,0.8707,136.53366941958666,"[1188157745815050425, 1188185241949764764, 1188227901755760994, 1188088453586144447, 459230813382292454, 1188109843510986904]","[81, 82, 81, 80, 83, 83]","[19, 20, 20, 21, 19, 19]","[('0xA41dE09A63f6Cedd633f99052b44450d3BB91D44', 3800094992899701726, 65945178861629521, 1188157745815050425), ('0x17725D495A0843Ea05541fD61ba5D4082750bC08', 3800025448110213045, 65903130206855179, 1188185241949764764), ('0x37AC7AC5D09bbC6dAC1CF036b7F9DdD0EA4E052E', 3800011000834648286, 65931342737286650, 1188227901755760994), ('0x536fc4cd48ad9B3649e8aB615592E83Ec9F5fcd1', 3800157752631136628, 65938646364158445, 1188088453586144447), ('0xA2F37A08a8488CB8551a0D03f7A73f4156757de7', 3800094824863352155, 65897108521216429, 1188109843510986904)]",600000000000000000,"[(4, 229615406691146226)]","[200067043304443359, 199939474463462829, 200025066733360290, 200047224760055541, 199921205639839172]","[[0.0, 1.0, 1.0, 1.0, -1.0, 1.0], [1.0, 0.0, 1.0, 1.0, -1.0, 1.0], [1.0, 1.0, 0.0, 1.0, -1.0, 1.0], [1.0, 1.0, 1.0, 0.0, -1.0, 1.0], [-1.0, -1.0, -1.0, -1.0, 0.0, -1.0], [1.0, 1.0, 1.0, 1.0, -1.0, 0.0]]",[5],"['$user$0, 0.836, good, good, None, 0xA41dE09A63f6Cedd633f99052b44450d3BB91D44', '$user$1, 0.848, good, good, None, 0x17725D495A0843Ea05541fD61ba5D4082750bC08', '$user$2, 0.857, good, good, None, 0x37AC7AC5D09bbC6dAC1CF036b7F9DdD0EA4E052E', '$user$3, 0.842, good, good, None, 0x536fc4cd48ad9B3649e8aB615592E83Ec9F5fcd1', '$user$4, 0.496, bad, bad, 3, 0x118E560679B62a9F24c135A96d416548782f8cc2', '$user$5, 0.857, good, freerider, 5, 0xA2F37A08a8488CB8551a0D03f7A73f4156757de7']","[('close', 'c60b81e01c3509a938d159da21d6724b58cf49f1ec4aa123c2d559039e6298d6', 643640), ('slot', '99629ecc39708ccac9b75b7cd1cedec155e5d9c071495145969533b2e8369fe8', 50814), ('slot', '7824d387cfcf7f98a4965939fd2535c4bd1d754b02b2e470503aa5cd5bea286d', 50814), ('slot', '08a2475f8e164d6c14d32844b2fcd5c385c758d97c056ada49aaa012f9d3307a', 50802), ('slot', '016c88f20bfc33be33b037ddce64f76ff241a2edfb7e64e3a5305ddfa283c83d', 50802), ('slot', '505c3189d9e687ae0f1615298b5cab847f3ba67e88e12d7a431b5702688de63d', 50814), ('slot', 'b2e349924de12d7c2e333e5b1992de9c3887c9d1f8137561623c85190794569c', 50814), ('weights', 'd26f26bf507a1dc52b133fbf0ebd844ce583e93ec49887c03c3ada6ebd18d2f7', 73694), ('weights', 'ae4d1b0aa9db853d458ee36a503c46d3ceafdbdf78a997bc05f202177f90c620', 56594), ('weights', '3c563744a3ed176c311fd39fc0f6ca8a963d0d2d20b4c43cbb8be2ef1376c2b4', 56594), ('weights', 'd6b8d9d718ddce568d575959a9db0eee20e2d4c907a160a629145fe80436275e', 56594), ('weights', 'a2bbfa55e9160f7a931b2840f36300f3bb821e980045f42ff552a8cc014bde74', 56594), ('weights', 'b8c9fb33446eb82044b46807218aea081e467cf3856366099f1f2f753b220f77', 56594), ('feedback', '8edcc26b21460e153e257da2152dcf66cbb234d42e0407599fb76627ef0d8030', 323401), ('feedback', 'fca8ed1cfa61f450e097395c44952e496b5b857ef52915c6d9a72d081b40bd9b', 255001), ('feedback', '65a4bd9e5886d504c3d097a5564eac814ca895ba129d489acd03ac7db6df9ad5', 237901), ('feedback', 'd5f5a6de3cf31dc537c8cf2d6f10e75b16420ccf3f3d2ca8f980a6b573868e0c', 237901), ('feedback', 'af69c705c2f7bb5d3451870ea59024eb3f02b00879c13f9c7d5e9ebdd6a25887', 239293), ('feedback', 'd0c8d6958ca32c283e6c7238415c29272577fa49612a34c37ea20e630ec3f150', 237901), ('contrib', 'cc2f320d47cabfe6487b3740c03cc95c08be56c483bfd4add85c4c55d7b3179f', 75223), ('contrib', 'fda652eefa957d52190ec2563d4a49c069f16685e4ada078d3fa844c25722b5c', 58123), ('contrib', '3241a331ea4fc47fb91403bc4cf43fc641a0295f53c56cc42e16063e50f1e9ff', 58123), ('contrib', '2b9866b7448930ac97fadc7e6ea6895de4d2ba9bee0310405231595ab905aa7b', 58123), ('contrib', '23b2bcf32bf4d7d497e38f290fc11da71b2350a0c970101b2f3748c906fab04e', 58123), ('close', '34733e0278a4fc07990d6141d85dcb9541557bc42813056c67c8a3debb34edfd', 643640)]"
5,01:38:46.005,0.8983,108.04309507831931,"[1350383278258918754, 1350519725957867459, 1350458367198365076, 1350411523989329124, 306153875588194970, 792073229007324603]","[87, 87, 87, 85, 87, 87]","[13, 14, 14, 16, 13, 14]","[('0xA41dE09A63f6Cedd633f99052b44450d3BB91D44', 3105270783909377751, 162225532443868329, 1350383278258918754), ('0x17725D495A0843Ea05541fD61ba5D4082750bC08', 3105243287774663412, 162334484008102695, 1350519725957867459), ('0x37AC7AC5D09bbC6dAC1CF036b7F9DdD0EA4E052E', 3105200627968667182, 162230465442604082, 1350458367198365076), ('0x536fc4cd48ad9B3649e8aB615592E83Ec9F5fcd1', 3105340076138283729, 162323070403184677, 1350411523989329124)]",500000000000000000,"[(5, 153076937794097484), (5, 396036614503662301)]","[249918550252914428, 250086396932601928, 249926149845123291, 250068813562393188]","[[0.0, 1.0, 1.0, 1.0, -1.0, -1.0], [1.0, 0.0, 1.0, 1.0, -1.0, -1.0], [1.0, 1.0, 0.0, 1.0, -1.0, -1.0], [1.0, 1.0, 1.0, 0.0, -1.0, -1.0], [-1.0, -1.0, -1.0, -1.0, 0.0, -1.0], [0.0, 0.0, 0.0, 0.0, 0.0, 0.0]]","[5, 6]","['$user$0, 0.858, good, good, None, 0xA41dE09A63f6Cedd633f99052b44450d3BB91D44', '$user$1, 0.872, good, good, None, 0x17725D495A0843Ea05541fD61ba5D4082750bC08', '$user$2, 0.874, good, good, None, 0x37AC7AC5D09bbC6dAC1CF036b7F9DdD0EA4E052E', '$user$3, 0.857, good, good, None, 0x536fc4cd48ad9B3649e8aB615592E83Ec9F5fcd1', '$user$4, 0.496, bad, bad, 3, 0x118E560679B62a9F24c135A96d416548782f8cc2', '$user$5, 0.857, freerider, freerider, 5, 0xA2F37A08a8488CB8551a0D03f7A73f4156757de7']","[('close', '34733e0278a4fc07990d6141d85dcb9541557bc42813056c67c8a3debb34edfd', 643640), ('slot', '309b4fb9b4d20211a8b84113b02da5b635abcb9854eed71665127e7b5128dc87', 50814), ('slot', '7c9a233ba534a6bbef13a980c342fd82779b0004f6de210e09e81b79512bbc54', 50802), ('slot', 'dc1b7bc305d13c184ac7599b5f12b2376c74da8212b47492abe3ce9866d70e48', 50814), ('slot', 'a5da531786268cc627ce3efa6a9b8ae4be38b62c73c8424a39392fcecd7aeec7', 50802), ('slot', 'baa51bad021372623bc5de9040f00e7de0f1e4cbfc24997996c8cfdd237c4f46', 50802), ('slot', '5697c894d7688a7d478051003e252b2403fdcd27ba189c3a68e2c028ce930d08', 50814), ('weights', 'e04b02c5b145977c1c8d4b6a0907ad0eeefc83729f0e822449fe2fa07ba4bc76', 73694), ('weights', 'efc0aaffa75bb5c4a52e3a1b9ccaf6209b339eb66e8f6117f89d8598daee86ce', 56594), ('weights', 'bfc59bdd7a8e93b4ca61cfb94ac24b96b7efa2b044194492042c5c74a930d81c', 56594), ('weights', '299b3363d276661106543b86537885a932e3521858ce1eb40af8635df62dc3ea', 56582), ('weights', '98e8ba2a5a2cc36abf57d5b933e08a43d9592bef066615ef968793cc0369e143', 56594), ('weights', 'fd0e9f14cb33d1ceaf8d937d815e10ce80922a20314d55303fb4ea0d1a19a764', 56594), ('feedback', '92d4eef42516e028bfad82acb22ad39c2d7c4dda81f59d59cf651d577f463df6', 321749), ('feedback', '1836c3175bb092d4d9acf86a149d7abb5c97b3999c4738ef88beae25cdaff918', 253349), ('feedback', '4f62e3ffb4fb1b1934d05e9568b983587d35a725a603d805cd50613782ea6a4d', 236249), ('feedback', '4780ac6640381bd284162c6d8e4806cbe72482a0b65250dee5105245a6fe0632', 236249), ('feedback', '867424f242900473b29033547b7c322b2a277dfc2f38c1a63a0e2efbd68ac8e1', 239293), ('feedback', 'ab5838f29b5e2e9850a5a8cc7facbb602c6508c4ab6b176ca071a0b283421699', 210683), ('contrib', '353ce18bd7d2ecb743ce48f211c01123fd9faa14e0e57e5f2dcfb65b795423b5', 75223), ('contrib', '0f4ded7214e1e017dfe2d816ab37773b95f75bf1388fa3e4b5b8435acaa9bb9d', 58123), ('contrib', '80d3ac6e50c0f8a71be934fd824807906fd5ee18f7042b3832db172e9217f3e0', 58123), ('contrib', '8045eb2f4beaaaad9a951800439377cfcb97c87b6fde972ffdb73141d87afb4e', 58123), ('close', 'b29bcc288e2fcb020dd7d49644953df45b1552a8277981e9341d3d592ebe4f86', 658515)]"
6,01:39:12.092,0.9085,92.49961802363396,"[1517976510980696817, 1518117572413213414, 1517877386538991867, 1517979710728881484, 528048819338216402, 0]","[90, 89, 90, 87, 90, 89]","[10, 11, 11, 13, 11, 11]","[('0xA41dE09A63f6Cedd633f99052b44450d3BB91D44', 3745235741557366689, 167593232721778063, 1517976510980696817), ('0x17725D495A0843Ea05541fD61ba5D4082750bC08', 3745099293858417984, 167597846455345955, 1518117572413213414), ('0x37AC7AC5D09bbC6dAC1CF036b7F9DdD0EA4E052E', 3745160652617920367, 167419019340626791, 1517877386538991867), ('0x536fc4cd48ad9B3649e8aB615592E83Ec9F5fcd1', 3745207495826956319, 167568186739552360, 1517979710728881484)]",400000000000000000,"[(6, 264024409669108201), (6, 306153875588194970)]","[250072568655014038, 250079452991485595, 249812617897987365, 250035196542739868]","[[0.0, 1.0, 1.0, 1.0, -1.0, -1.0], [1.0, 0.0, 1.0, 1.0, -1.0, -1.0], [1.0, 1.0, 0.0, 1.0, -1.0, -1.0], [1.0, 1.0, 1.0, 0.0, -1.0, -1.0], [-1.0, -1.0, -1.0, -1.0, 0.0, -1.0], [0.0, 0.0, 0.0, 0.0, 0.0, 0.0]]","[6, 5]","['$user$0, 0.875, good, good, None, 0xA41dE09A63f6Cedd633f99052b44450d3BB91D44', '$user$1, 0.876, good, good, None, 0x17725D495A0843Ea05541fD61ba5D4082750bC08', '$user$2, 0.902, good, good, None, 0x37AC7AC5D09bbC6dAC1CF036b7F9DdD0EA4E052E', '$user$3, 0.883, good, good, None, 0x536fc4cd48ad9B3649e8aB615592E83Ec9F5fcd1', '$user$5, 0.857, freerider, freerider, 5, 0xA2F37A08a8488CB8551a0D03f7A73f4156757de7']","[('close', 'b29bcc288e2fcb020dd7d49644953df45b1552a8277981e9341d3d592ebe4f86', 658515), ('slot', '82fe1936495d3731c25031fa89555acebaf939024321494c5490cedb91b4cca8', 50814), ('slot', '3c9af42c16e3ee49aad01a945a65ee987a8eff3bde1c5026555f6ff058f2827c', 50814), ('slot', '1dc030755cc0f91dd5ac16043b1c2c73c7348c467402dd0f3df84d934d4037b4', 50814), ('slot', '2fed179311f10218b5128058e8a009e68478d28c335213cfc343b35e068c2b47', 50814), ('slot', 'caea7dca74996fe3db14d11c25425cc929e05fad0a650869124dfa41ddc2d2d9', 50814), ('slot', '18a4f7c62cf384f324dedc2ecf4f98029b88d7d5b7db3851e0c0096f1e120066', 50802), ('weights', '8e7754ac433ecfa2dcc826f10398594ac71da909e691cda5b75405a3ec57b467', 73694), ('weights', '06375fb1eede02e307439a3a1d65f69917c798a542c2d2f6c163a757cb4506bb', 56594), ('weights', '4257c96f6b0758a7eb1f5e32f79bffbc4467706df6a904239d198fca150641da', 56594), ('weights', '5308b3de316f3d22685aeeb2c2b9ff4d2b5e179f92a4620a03db505fc4dc899f', 56594), ('weights', 'e738745fae901405d21f06a66fb335f3033586650edcd81d6305c8b6a2dbf9aa', 56594), ('weights', 'ca262a97fbfeb887801429ff9bf4b84bacba90f8a7dd3a2c55ba31c4eedf1de2', 56594), ('feedback', '719169f4573e4e6a2733fee78b8523336ab40c87961131a6e13bdc61ccaf5ee1', 323749), ('feedback', '937bb06eb37f84fe4e33e290c67dec6aa165640fc3571359097144266345bff8', 255349), ('feedback', 'c80f8c382de459cee931ce7069aad097414663d0f5d1f0a138f5bcc889b14a6c', 238249), ('feedback', '68960607082f3646e828c1e5db996f77a73dcfea579f455e9538fa24bc3c92b8', 238249), ('feedback', 'd517e16aa4ede595678a0db2caad4017c39f3c412b86839ec02d218dbe4d6d2f', 239293), ('feedback', '3d20535b04f71d96ed11bb458eccf4a209db16c45332bcee8d65764efe7bb574', 218683), ('contrib', '0277f4e8cfa8df7cc6756780351aeb179725d5e4a131d03659e68a3716de8afa', 75223), ('contrib', '65c6d2528ee8dae0bbc218ce0306bd034ca2432f6eb3c9db4af7a6a3f2eca85e', 58123), ('contrib', 'e0258be5426a54f23a99a12736072e5d53ea55912851cc1992b86681e64e78e1', 58123), ('contrib', '220f9ce9ccd1041c3a80d8e0c05626c4dff2890a34f5c91c0e91211f243df61b', 58123), ('close', 'e6500d4c1ce99e0e47594f7d55e946f2d9820abb7e13cda99dfa9caf49ba559b', 618388)]"
7,01:39:35.930,0.9192,80.37484670802951,"[1586977917143792493, 1587157097514347054, 1586840291258521144, 1586992147857861689, 352032546225477602, 0]","[91, 91, 91, 89, 0, 90]","[9, 9, 10, 11, 0, 10]","[('0xA41dE09A63f6Cedd633f99052b44450d3BB91D44', 4553974669681086765, 69001406163095676, 1586977917143792493), ('0x17725D495A0843Ea05541fD61ba5D4082750bC08', 4553833608248570168, 69039525101133640, 1587157097514347054), ('0x37AC7AC5D09bbC6dAC1CF036b7F9DdD0EA4E052E', 4554073794122791715, 68962904719529277, 1586840291258521144), ('0x536fc4cd48ad9B3649e8aB615592E83Ec9F5fcd1', 4553971469932902098, 69012437128980205, 1586992147857861689)]",300000000000000000,"[(7, 176016273112738800)]","[249990373849868774, 250128477811813354, 249850884079933166, 250030338764190673]","[[0.0, 1.0, 1.0, 1.0, 0.0, -1.0], [1.0, 0.0, 1.0, 1.0, 0.0, -1.0], [1.0, 1.0, 0.0, 1.0, 0.0, -1.0], [1.0, 1.0, 1.0, 0.0, 0.0, -1.0], [0.0, 0.0, 0.0, 0.0, 0.0, 0.0], [0.0, 0.0, 0.0, 0.0, 0.0, 0.0]]",[5],"['$user$0, 0.906, good, good, None, 0xA41dE09A63f6Cedd633f99052b44450d3BB91D44', '$user$1, 0.903, good, good, None, 0x17725D495A0843Ea05541fD61ba5D4082750bC08', '$user$2, 0.911, good, good, None, 0x37AC7AC5D09bbC6dAC1CF036b7F9DdD0EA4E052E', '$user$3, 0.901, good, good, None, 0x536fc4cd48ad9B3649e8aB615592E83Ec9F5fcd1', '$user$5, 0.857, freerider, freerider, 5, 0xA2F37A08a8488CB8551a0D03f7A73f4156757de7']","[('close', 'e6500d4c1ce99e0e47594f7d55e946f2d9820abb7e13cda99dfa9caf49ba559b', 618388), ('slot', '9adfc727ecaa7e4bcc4b3d6011c6e46915555df21f669624a0c895ad18e53e70', 50814), ('slot', 'd30875784e3c194d72d70c63b14b95d68c678bd56b4476ed28d5f5fac510a1b3', 50814), ('slot', 'c1f8cc2a58a9a7a7e481fe8021df79820bcc468e0e670d975154228c0e9f4e64', 50814), ('slot', '7d3c75e872d0a4c944d85617c5912dbba80a33eecfd243393da29fd10da7ba3e', 50814), ('slot', '16ae2c21c6d354642bf02c9574e443f2d8eeaf0479a9015f3a43f487caf685a8', 50814), ('weights', '50c6b88451d93449e49a201f77df5d71720cf6ae1bbed85ef5975085b1630e5e', 73694), ('weights', '2029286565261d0cdff4de447ed1ae1722c5acb130e888bc2c519cc9b431676b', 56594), ('weights', 'bc8996c58dc38c789c316f3ec9e972d6217800cdb4b245d51aab1e8f5a78f022', 56594), ('weights', 'aa7fd5491d670c065795ca15cb2b6b8747ca5d68e9a747fee547e9a647ad05e3', 56594), ('weights', 'a2eb4d06c3d484412498d29ee5908cda50c720f12eecd6a07947e0a76ee599ff', 56594), ('feedback', 'a423491df86084645c0e0eb3d4a4162b698727934d31115024c0719d2dcf9a44', 270522), ('feedback', '89c7c6f3f941ca2f795b9444113ca5d512fd945c1957079500e214d93b988515', 219222), ('feedback', 'a9401df9c9f313757d65be7c546ce232db1a0a7e0173e069749ae602d98eb632', 202122), ('feedback', 'b9873f1da0cfdbd9719b8098458161f701a048ac5a0519d54e18203bd289f425', 202122), ('feedback', '3b1d321fbd6cfd6c49bdce7995a1a771950a43027258cb5fad5b3d01de256cc8', 186678), ('contrib', 'd66549f462bce3361ab487e98799fcbe880f23705d8cdc1a1e608e2632fcc461', 75223), ('contrib', '2d9a9c2f91cdb7b8f6f963fc2eed71399b75f8fc250ea34c5235fd4f1ca4845e', 58123), ('contrib', '630fa5420a4335215f39f095df3b7d821253db1d39205a0d154a9cec72a1c2fd', 58123), ('contrib', '5fa0131536ba2239a2634fc8dae40d11417a796e5f90ea53b1765e9409cd4f50', 58123), ('close', '1b828b0ee4355451875c6a2ba9e3401f7ab3da425e96760b5088b622f2a8dc71', 543321)]"
8,01:39:59.777,0.9302,70.8889081068337,"[1641309413125270561, 1641515775746515538, 1641153874094691373, 1641332572883204106, 234688364150318402, 0]","[92, 92, 93, 90, 0, 91]","[8, 8, 8, 10, 0, 9]","[('0xA41dE09A63f6Cedd633f99052b44450d3BB91D44', 4760989536630729887, 54331495981478068, 1641309413125270561), ('0x17725D495A0843Ea05541fD61ba5D4082750bC08', 4760810356260175326, 54358678232168484, 1641515775746515538), ('0x37AC7AC5D09bbC6dAC1CF036b7F9DdD0EA4E052E', 4761127162516001236, 54313582836170229, 1641153874094691373), ('0x536fc4cd48ad9B3649e8aB615592E83Ec9F5fcd1', 4760975305916660691, 54340425025342417, 1641332572883204106)]",200000000000000000,"[(8, 117344182075159200)]","[249979034066200256, 250104099512100219, 249896615743637084, 250020116567611694]","[[0.0, 1.0, 1.0, 1.0, 0.0, -1.0], [1.0, 0.0, 1.0, 1.0, 0.0, -1.0], [1.0, 1.0, 0.0, 1.0, 0.0, -1.0], [1.0, 1.0, 1.0, 0.0, 0.0, -1.0], [0.0, 0.0, 0.0, 0.0, 0.0, 0.0], [0.0, 0.0, 0.0, 0.0, 0.0, 0.0]]",[5],"['$user$0, 0.91, good, good, None, 0xA41dE09A63f6Cedd633f99052b44450d3BB91D44', '$user$1, 0.919, good, good, None, 0x17725D495A0843Ea05541fD61ba5D4082750bC08', '$user$2, 0.927, good, good, None, 0x37AC7AC5D09bbC6dAC1CF036b7F9DdD0EA4E052E', '$user$3, 0.905, good, good, None, 0x536fc4cd48ad9B3649e8aB615592E83Ec9F5fcd1', '$user$5, 0.857, freerider, freerider, 5, 0xA2F37A08a8488CB8551a0D03f7A73f4156757de7']","[('close', '1b828b0ee4355451875c6a2ba9e3401f7ab3da425e96760b5088b622f2a8dc71', 543321), ('slot', 'cd39d67fbcca171b01af3171e0d910f3c00a24de5916acd2cbca7dcd4e31d54c', 50814), ('slot', '72ecda49ded66cc9a6cffa1ef3a30d763e9a22ca4886181173c7ad2fbaf0151d', 50814), ('slot', '78bdb5bf7aadae1db457f2298a1a5fcbb15aa1428bc9be19f2c4b5a8540a649c', 50814), ('slot', '1acf1900a2bb5f6055868dd6174cb35ce3e6b2b1457baabac641eac73272c7c4', 50814), ('slot', '6e40a00e909e253d23ffa46e88d669ba7e1cd4df683313d45ee28d40186183ac', 50814), ('weights', '938f4d243384dce9549d08036b6e5b4e631b9f8829aa35de8b3fd3820c6aa3ca', 73694), ('weights', '6847c2879e4d87f26915e2ef26d8c0e2a004d734b0cc5257c69aa06c91f4d4f6', 56594), ('weights', 'd7bd03f2a976b69f7ef9b8beb33381c4330fc5a60dc824557604a4cc3dd0408c', 56594), ('weights', '1b19ddefef94302634fe58efe9f53d42cb68240d5fcd1653866b22b9a99b7264', 56594), ('weights', '631d667f2acf017a4e30239932718805ae540e6b48fb11f3ef73668f5c528441', 56594), ('feedback', 'f49095b1c99730c96931772b11c8b583507737d9b624915a3be804caeec7ccce', 270522), ('feedback', 'f5098f0851d1deffc89e1387b06e4d725991707d8794e043901368a56a9abfd0', 219222), ('feedback', 'a9f2378b68bb585080aafc64769dddcf5f361057b3159ab5d0d27deebb49a187', 202122), ('feedback', 'cbaec3784f17dcf075ebd33c6c1a53326b8ae62b6b9049fcba44aad79991c1df', 202122), ('feedback', '009aa338ad762f8591c5be7ac877ec7e829a55f380b118be5fb4294f18b71f9d', 186678), ('contrib', '12f57e3a2864b2598f3937dafe747b032f7443db61378bb4b5061365f3fa6a15', 75223), ('contrib', '2ea052e536fcc7d5c5ff52cb9de16dd442deb9770f364a9460c4a090ab8f77e4', 58123), ('contrib', '9ebcfa2a084f8fd18341173b8e72a2633f70b55ac28f52edf229427c1e86c62a', 58123), ('contrib', '61c429b9c4acf841163d5211b9072c8bcca3adb15450e684216ad32b5b09134b', 58123), ('close', '9d15bdc07edfc0c411f7f539dc9c6d85f9b8ad36fb46bad705f4cce3b70efaa6', 543321)]"
9,01:40:23.598,0.9376,63.40179572254419,"[1724991348986174712, 1725232123603842891, 1724757011471032249, 1725019515938950126, 0, 0]","[93, 93, 94, 91, 0, 92]","[7, 7, 7, 8, 0, 8]","[('0xA41dE09A63f6Cedd633f99052b44450d3BB91D44', 4924002222724411017, 83681935860904151, 1724991348986174712), ('0x17725D495A0843Ea05541fD61ba5D4082750bC08', 4923795860103166040, 83716347857327353, 1725232123603842891), ('0x37AC7AC5D09bbC6dAC1CF036b7F9DdD0EA4E052E', 4924157761754990205, 83603137376340876, 1724757011471032249), ('0x536fc4cd48ad9B3649e8aB615592E83Ec9F5fcd1', 4923979062966477472, 83686943055746020, 1725019515938950126)]",100000000000000000,"[(9, 234688364150318402)]","[250029385089874267, 250132203102111816, 249793946743011474, 250044345855712890]","[[0.0, 1.0, 1.0, 1.0, 0.0, -1.0], [1.0, 0.0, 1.0, 1.0, 0.0, -1.0], [1.0, 1.0, 0.0, 1.0, 0.0, -1.0], [1.0, 1.0, 1.0, 0.0, 0.0, -1.0], [0.0, 0.0, 0.0, 0.0, 0.0, 0.0], [0.0, 0.0, 0.0, 0.0, 0.0, 0.0]]",[5],"['$user$0, 0.921, good, good, None, 0xA41dE09A63f6Cedd633f99052b44450d3BB91D44', '$user$1, 0.93, good, good, None, 0x17725D495A0843Ea05541fD61ba5D4082750bC08', '$user$2, 0.934, good, good, None, 0x37AC7AC5D09bbC6dAC1CF036b7F9DdD0EA4E052E', '$user$3, 0.917, good, good, None, 0x536fc4cd48ad9B3649e8aB615592E83Ec9F5fcd1']","[('close', '9d15bdc07edfc0c411f7f539dc9c6d85f9b8ad36fb46bad705f4cce3b70efaa6', 543321), ('slot', 'd72aa15403b78765435650e236c5e6d6781ab5e736bedf185294a5ad3b9da7a6', 50814), ('slot', '8b4d45892ba43134e3fd22172f79bf56cb89f75a982befac90743cd3c6fb5152', 50814), ('slot', '7cdb95a072eea8b2247baeeed590e7eb529b4d05c7db34411b81efc658d59241', 50814), ('slot', '6f528935f7b01e3064395cc0d4138bcb80a033f4434f565023e4c8d874f08581', 50802), ('slot', 'c8212f58ec4d46f1a2b3a29e6d01bb04507dd12dc397f052dde81e9de2326b65', 50814), ('weights', '7caf19f18ba99a2276e3c75c94a5855f8578b1d1800223a0b3a31607bdbbc24b', 73694), ('weights', '7d16fa2b5ce370ec00ea9bdb38809e78704b5e9738cfc37abaf8cce80bf8d178', 56594), ('weights', 'fd7da91fdd684f9cf8d2b5ba8dc7761e5f8514174249e01300db539b097bf599', 56594), ('weights', 'a1b227ba0fd96ae27da95b04f64260feb26be3f07225875b701e86855de23867', 56594), ('weights', '25f53b776bd39e881cd877d2cbbaff5df59ce7571c98c75bbe3e9261bb9d7589', 56594), ('feedback', '0b8f6d2c6fb4904b9b92ccb08783b72eb81289bec449d94188ced1d4cc8e7ec9', 270522), ('feedback', '7c893d8f300ea697593c53c8fb074fb9fb5deee6e1f9619e754017d41922578c', 219222), ('feedback', '40cef37fa713e8f966a82f80499dbcdabd6b3276d7d503fe2bf109ea801001a4', 202122), ('feedback', '81ddf9815dfb617754d9f675cabac69f4b9882ea32697be0cd9163e54672a58c', 202122), ('feedback', 'd6524476ee0fda3580471a23d0d39a35cf33b0269324bfbc0eb4389760190f70', 186678), ('contrib', '70b8be174badbc16ba96fc3e440a86453f4be20065b402413058a6f917912b14', 75223), ('contrib', 'b680bc9d257464a0195bc5078bbb048c8686fbae26f8944efc0f3d5f57c4c00e', 58123), ('contrib', '07fbc1dd4c09b94a62f3c08f383482ad98501592eeac25c5cb77eba1e8243c01', 58123), ('contrib', 'd30ec3eef9cd12b0ea9e7c7cbe883887c38a0a4fcf336958f07a3d30858263d7', 58123), ('close', '95d5f6261ffb5431f0cc2a0e8cf5997bc641ee7b2be193f80d405953b6c8d8a3', 502181)]"
10,01:40:45.579,0.9424,57.70718979090452,"[1749994957302680410, 1750246594867830127, 1749740021910578098, 1750018425918911340, 0, 0]","[93, 94, 95, 92, 0, 0]","[6, 6, 6, 8, 0, 0]","[('0xA41dE09A63f6Cedd633f99052b44450d3BB91D44', 5175008651013825266, 25003608316505698, 1749994957302680410), ('0x17725D495A0843Ea05541fD61ba5D4082750bC08', 5174767876396157087, 25014471263987236, 1750246594867830127), ('0x37AC7AC5D09bbC6dAC1CF036b7F9DdD0EA4E052E', 5175242988528967729, 24983010439545849, 1749740021910578098), ('0x536fc4cd48ad9B3649e8aB615592E83Ec9F5fcd1', 5174980484061049852, 24998909979961214, 1750018425918911340)]",0,[],"[250036060810089111, 250144690275192260, 249830082058906555, 249989077448844909]","[[0.0, 1.0, 1.0, 1.0, 0.0, 0.0], [1.0, 0.0, 1.0, 1.0, 0.0, 0.0], [1.0, 1.0, 0.0, 1.0, 0.0, 0.0], [1.0, 1.0, 1.0, 0.0, 0.0, 0.0], [0.0, 0.0, 0.0, 0.0, 0.0, 0.0], [0.0, 0.0, 0.0, 0.0, 0.0, 0.0]]",[],"['$user$0, 0.929, good, good, None, 0xA41dE09A63f6Cedd633f99052b44450d3BB91D44', '$user$1, 0.942, good, good, None, 0x17725D495A0843Ea05541fD61ba5D4082750bC08', '$user$2, 0.943, good, good, None, 0x37AC7AC5D09bbC6dAC1CF036b7F9DdD0EA4E052E', '$user$3, 0.923, good, good, None, 0x536fc4cd48ad9B3649e8aB615592E83Ec9F5fcd1']","[('close', '95d5f6261ffb5431f0cc2a0e8cf5997bc641ee7b2be193f80d405953b6c8d8a3', 502181), ('slot', 'f6164fc5fb6f59b67b7dbb5f8526d1d3a507e7b74d4552151897f7a96d3be3d7', 50814), ('slot', '0238453862cf01c457cb4bbbdced83ed03664595a8eb5d4f9a9436ea2434368a', 50814), ('slot', '97c441e50b91be1a0c4ae8813c99b22bbb48d8959d546d296914c90983de6a8f', 50814), ('slot', '4dabe9596dde416fa5e4260077b3a7689b31136f9f440ef371163c62155d5b35', 50814), ('weights', '6b3dd511460e028321102ee5a42df7d28331b10e23629e21e1da5be451a95635', 73694), ('weights', '11eb3ae119de8bcc187cd1a1832b4a06e867eea2f67abe6222e3378b05402f60', 56594), ('weights', '224c74c779cb03450d2584f3f15e50e2cdad90f7722c03d311548d8b06a146a0', 56594), ('weights', '1cc22a7f0912634bd8261f1b0b3baada8fd4e0aaae6ac398f0a7df486f60c143', 56594), ('feedback', 'c39424fc5518ac0cfc174e4887a9c3fe331790476349ffa776f91a9b8e9cac37', 217307), ('feedback', 'd0d9ebd40a201199bf243dec46009d48da1fb40324d3f5fd6a5091141ff773b8', 183107), ('feedback', 'f6cc3e8c9b815acf3d191823938dea57bee3b0e1de343b81c82330c49e7d4680', 166007), ('feedback', '177af9b890d0c6a994ae4f8ab04ac100f4e01ede3436dfa311081c1cc1fb890b', 166007), ('contrib', '90eeef8bd0deb2d4c914ca1047a13f563ece650a31f6cd6dcec9e8b6dc85ba4d', 75223), ('contrib', '546cfa10312b34ce2434d34c462437920e99e35b5d31933b07e441ec0191974e', 58123), ('contrib', '7fc2a6703bf405f78e82ee560c512c99b53ab05d740cf463e5cea5a8116d1bfe', 58123), ('contrib', '65ba0528ceec54cf03c301d608eadf5da7aaa2a0754de67fc212b5e879b80854', 58123), ('close', '8a2e0c4397e1568667e173aad026618c65125da10910ffad56b2fe175a0e7100', 410442)]"
# $gasCosts$[362227, 366453, 289705, 354153, 337053, 289705, 75211, 58123, 58123, 58123, 58123, 58123, 322079, 271753, 253679, 231779, 237553, 247905, 75223, 58123, 58123, 58123, 58123, 58111, 323401, 253001, 237901, 237901, 229293, 257801, 75223, 58123, 58123, 58123, 58123, 323401, 255001, 237901, 237901, 239293, 237901, 75223, 58123, 58123, 58123, 58123, 321749, 253349, 236249, 236249, 239293, 210683, 75223, 58123, 58123, 58123, 323749, 255349, 238249, 238249, 239293, 218683, 75223, 58123, 58123, 58123, 270522, 219222, 202122, 202122, 186678, 75223, 58123, 58123, 58123, 270522, 219222, 202122, 202122, 186678, 75223, 58123, 58123, 58123, 270522, 219222, 202122, 202122, 186678, 75223, 58123, 58123, 58123, 217307, 183107, 166007, 166007, 75223, 58123, 58123, 58123],[126674, 126674, 126674, 126674, 126674],[50802, 50802, 50814, 50814, 50814, 50814, 50814, 50814, 50814, 50814, 50814, 50802, 50802, 50814, 50814, 50814, 50814, 50802, 50814, 50814, 50802, 50802, 50814, 50814, 50814, 50802, 50814, 50802, 50802, 50814, 50814, 50814, 50814, 50814, 50814, 50802, 50814, 50814, 50814, 50814, 50814, 50814, 50814, 50814, 50814, 50814, 50814, 50814, 50814, 50802, 50814, 50814, 50814, 50814, 50814],[73682, 56594, 56594, 56582, 56594, 56594, 73694, 56594, 56594, 56582, 56594, 56594, 73682, 56594, 56594, 56594, 56594, 56594, 73694, 56594, 56594, 56594, 56594, 56594, 73694, 56594, 56594, 56582, 56594, 56594, 73694, 56594, 56594, 56594, 56594, 56594, 73694, 56594, 56594, 56594, 56594, 73694, 56594, 56594, 56594, 56594, 73694, 56594, 56594, 56594, 56594, 73694, 56594, 56594, 56594],[641581, 611186, 643640, 643640, 658515, 618388, 543321, 543321, 502181, 410442],[],[]
# TOTAL EXPERIMENT TIME: 263.56 seconds
