# Author Nykjaer
# ------Specs--------# cpu_name:  (processor model)
# cpu_cores: 6 (physical cores)
# ram_gb: 13.5 (system memory in GB)
# gpu_name: NVIDIA GeForce RTX 3060 Laptop GPU (graphics processor)
# os_name: Linux (operating system)
# ------Config--------# good_contributors: 4 (honest participants)
# bad_contributors: 1 (malicious participants)
# freeriders: 1 (contribute 0)
# inactive: 0 (never join)
# reward: 1000000000000000000 (total reward pool)
# minimum_rounds: 10 (rounds to simulate)
# min_buy_in: 1000000000000000000 (lower buy-in bound)
# max_buy_in: 1000000000000000000 (upper buy-in bound)
# standard_buy_in: 1000000000000000000 (default buy-in)
# epochs: 1 (local epochs per round)
# batch_size: 32 (training batch size)
# punish_factor: 3 (penalty multiplier)
# first_round_fee: 50 (fee for first round)
# fork: True (True=local fork, False=real net)
# contribution_score_strategy: dotproduct (scoring method)
# use_outlier_detection: False (Whether to use outlier detection)
# freerider_start_round: 5 (When freeriders should start freeriding)
# freerider_noise_scale: 0.01 (How much noise a freeder should add)
round,time,globalAcc,globalLoss,GRS,accAvgPerUser,lossAvgPerUser,rewards,conctractBalanceRewards,punishments,contributionScores,feedbackMatrix,disqualifiedUsers,userStatuses,GasTransactions
# $startingUserConfig$['$user$0, 0, good, good, None, 0xA41dE09A63f6Cedd633f99052b44450d3BB91D44', '$user$1, 0, good, good, None, 0x17725D495A0843Ea05541fD61ba5D4082750bC08', '$user$2, 0, good, good, None, 0x37AC7AC5D09bbC6dAC1CF036b7F9DdD0EA4E052E', '$user$3, 0, good, good, None, 0x536fc4cd48ad9B3649e8aB615592E83Ec9F5fcd1', '$user$4, 0, good, bad, 3, 0x118E560679B62a9F24c135A96d416548782f8cc2', '$user$5, 0, good, freerider, 5, 0xA2F37A08a8488CB8551a0D03f7A73f4156757de7']
0,11:08:13.649,0,720.7503051757812,"[1000000000000000000, 1000000000000000000, 1000000000000000000, 1000000000000000000, 1000000000000000000, 1000000000000000000]",[],[],[],1000000000000000000,[],[],,[],"['$user$0, 0, good, good, None, 0xA41dE09A63f6Cedd633f99052b44450d3BB91D44', '$user$1, 0, good, good, None, 0x17725D495A0843Ea05541fD61ba5D4082750bC08', '$user$2, 0, good, good, None, 0x37AC7AC5D09bbC6dAC1CF036b7F9DdD0EA4E052E', '$user$3, 0, good, good, None, 0x536fc4cd48ad9B3649e8aB615592E83Ec9F5fcd1', '$user$4, 0, good, bad, 3, 0x118E560679B62a9F24c135A96d416548782f8cc2', '$user$5, 0, good, freerider, 5, 0xA2F37A08a8488CB8551a0D03f7A73f4156757de7']","[('register', '0985aed2393e648b8b91b44261f1f7e0856ee1f291ddd15dcf360cb2dc5962e7', 126674), ('register', '7351fe232a826850dd51346ac18cd4a0d0e5c36d5acdc23ea3f1c2e270768a80', 126674), ('register', '3f3ccb517c5f39522aab5a231beea5af68ccc4242d2c6194295c38e9cd9b3052', 126674), ('register', '85574e49ac6ff2ccd13895a78cd72d13970c4a1760e2f4f6ea4921379636d8e1', 126674), ('register', '5852991a7bf5aa057573faf995c186a9825a27bbdf3c174baf287be9fbfa039b', 126674)]"
1,11:08:48.336,0.2769,712.728515625,"[1152891263862450917, 1153376279274622599, 1153636808693408965, 1153640852868556975, 333333333333333334, 1153121461967627207]","[11, 11, 11, 13, 13, 11]","[74, 74, 74, 74, 74, 74]","[('0xA41dE09A63f6Cedd633f99052b44450d3BB91D44', 5000000000000000000, 152891263862450917, 1152891263862450917), ('0x17725D495A0843Ea05541fD61ba5D4082750bC08', 5000000000000000000, 153376279274622599, 1153376279274622599), ('0x37AC7AC5D09bbC6dAC1CF036b7F9DdD0EA4E052E', 5000000000000000000, 153636808693408965, 1153636808693408965), ('0x536fc4cd48ad9B3649e8aB615592E83Ec9F5fcd1', 4000000000000000000, 153640852868556975, 1153640852868556975), ('0xA2F37A08a8488CB8551a0D03f7A73f4156757de7', 5000000000000000000, 153121461967627207, 1153121461967627207)]",900000000000000000,"[(1, 166666666666666666)]","[199423387646675109, 200056016445159912, 200395837426185607, 200401112437248229, 199723646044731140]","[[0.0, 1.0, 1.0, 1.0, -1.0, 1.0], [1.0, 0.0, 1.0, 1.0, 0.0, 1.0], [1.0, 1.0, 0.0, 0.0, 0.0, 1.0], [1.0, 1.0, 1.0, 0.0, 0.0, 1.0], [1.0, 1.0, 1.0, 1.0, 0.0, 1.0], [1.0, 1.0, 1.0, 1.0, 0.0, 0.0]]",[5],"['$user$0, 0.745, good, good, None, 0xA41dE09A63f6Cedd633f99052b44450d3BB91D44', '$user$1, 0.69, good, good, None, 0x17725D495A0843Ea05541fD61ba5D4082750bC08', '$user$2, 0.761, good, good, None, 0x37AC7AC5D09bbC6dAC1CF036b7F9DdD0EA4E052E', '$user$3, 0.685, good, good, None, 0x536fc4cd48ad9B3649e8aB615592E83Ec9F5fcd1', '$user$4, 0.621, good, bad, 3, 0x118E560679B62a9F24c135A96d416548782f8cc2', '$user$5, 0.763, good, freerider, 5, 0xA2F37A08a8488CB8551a0D03f7A73f4156757de7']","[('slot', 'f5090d1dbafeb58490e38c5da9ac62fa1d329ebfaf1f316ee99476ce149b83de', 50814), ('slot', 'd4da2df4141445f5ec2472fa9e9208941df07a6ab2ca2c956a11e592a3feaf0a', 50814), ('slot', 'a7233c0f7de925a07ec7e7ad34b569ad9739f5ae211e101c5b5e32b1e2f55913', 50814), ('slot', '3b2b8f30bdc6a79a5596a1ebf5c518b6e1586200635d455f8326679dbc95e776', 50814), ('slot', '2c5f6ed6b7db07585c36b5692d8701d9e80d065ca69210ce22388375f9d32ccc', 50814), ('slot', '9dd8debb274f9d4bce52f331752f070f21c286e4e3683357a51dc3f647b044c1', 50814), ('weights', 'e24bae34e31b4cf7dc72277c4836ab02f49dd56e608b45c54ca0cbe850ff47a1', 73694), ('weights', '3c9fcf3e08dd83746f3c8be593bd5d641571fc2cfb77405da613ed33a95c757c', 56594), ('weights', '7f87d52c5e9be920f275f643dfba5f8b5380a7293d238c8ace494490675a8ff5', 56594), ('weights', 'c94aab55f3a132413e3ae36ca24f5f57c28c84a7adc7da777f1f02779638c1df', 56594), ('weights', '318125393a29829c578997770bfb58e3ba93c8b2326571b42a2a5a64de4bd935', 56594), ('weights', 'c026a4682c523399f5864944fd33c74f6025ed3b45572e6a0befcb664f6bf0ec', 56594), ('feedback', 'ba91f2d41755958d50a4f0594acb4695189838505d836c8cb876a0312acfbd2d', 403001), ('feedback', '0ba53b68f6b2a91eabe98fdbf070c542a47def9d4366120cf58c5a4419c26144', 330479), ('feedback', 'dedd9bc92affe04f14223c1ae64f50b9db94066342f03a0c0e384364158813d4', 289705), ('feedback', '8d6be564b1082679d38bd10bbafd96a183e494c39aadc401c3f7cd4b81722f50', 313379), ('feedback', 'f82cdf56da36a1a9f5ba3ff5fe986a08605b26796e1ada7dd49054620ab57937', 337053), ('feedback', '2e9ed4033adad7b35ed60626c026376a6843aa4bb39e9cb3c79ff0c59423da8b', 313379), ('contrib', 'd94d58fd99f7d2c0afe7158f8bf896965b1f628fc536149eecb25ff638402246', 75223), ('contrib', 'd81da7ec97d9f876de8d83f699b443a732f7f0b8ffe1c0743189feb5c722e074', 58123), ('contrib', 'c3ea121ae1a5d0d70ff7b45152a0b43125d4f74931f7abf4cc90e208f227c736', 58123), ('contrib', '6ea319614cf226e707110dbc3645cbfcb0ab30f5711d6932546060cd68aaa984', 58123), ('contrib', 'c18f6b042fb75e873c82c25cfd1a8cafb5af469ec8ed5339d1617f8a13af3f36', 58123), ('close', 'e420d61669390ac93209fe361d5aa047ea6b340b9ed391fdb67d0e68c717d97d', 671004)]"
2,11:09:22.068,0.6924,388.86980628967285,"[1169552361716079920, 1170048687111114519, 1170309644193284503, 1170319756122084396, 349985170114038354, 1169784380743398303]","[26, 26, 26, 28, 28, 30]","[73, 73, 73, 73, 73, 73]","[('0xA41dE09A63f6Cedd633f99052b44450d3BB91D44', 4947108736137549080, 16661097853629003, 1169552361716079920), ('0x17725D495A0843Ea05541fD61ba5D4082750bC08', 4946623720725377398, 16672407836491920, 1170048687111114519), ('0x37AC7AC5D09bbC6dAC1CF036b7F9DdD0EA4E052E', 4946363191306591032, 16672835499875538, 1170309644193284503), ('0x536fc4cd48ad9B3649e8aB615592E83Ec9F5fcd1', 4946359147131443022, 16678903253527421, 1170319756122084396), ('0x118E560679B62a9F24c135A96d416548782f8cc2', 5766666666666666663, 16651836780705020, 349985170114038354), ('0xA2F37A08a8488CB8551a0D03f7A73f4156757de7', 4946878538032372790, 16662918775771096, 1169784380743398303)]",800000000000000000,[],"[166610956192016601, 166724056005477905, 166728332638740539, 166789010167121887, 166518345475196838, 166629165410995483]","[[0.0, 1.0, 1.0, 1.0, 1.0, 1.0], [1.0, 0.0, 1.0, 1.0, 1.0, 1.0], [1.0, 1.0, 0.0, 1.0, 1.0, 1.0], [1.0, 1.0, 1.0, 0.0, 1.0, 1.0], [1.0, 1.0, 1.0, 1.0, 0.0, 1.0], [1.0, 1.0, 1.0, 1.0, 1.0, 0.0]]",[],"['$user$0, 0.679, good, good, None, 0xA41dE09A63f6Cedd633f99052b44450d3BB91D44', '$user$1, 0.606, good, good, None, 0x17725D495A0843Ea05541fD61ba5D4082750bC08', '$user$2, 0.666, good, good, None, 0x37AC7AC5D09bbC6dAC1CF036b7F9DdD0EA4E052E', '$user$3, 0.622, good, good, None, 0x536fc4cd48ad9B3649e8aB615592E83Ec9F5fcd1', '$user$4, 0.65, good, bad, 3, 0x118E560679B62a9F24c135A96d416548782f8cc2', '$user$5, 0.701, good, freerider, 5, 0xA2F37A08a8488CB8551a0D03f7A73f4156757de7']","[('close', 'e420d61669390ac93209fe361d5aa047ea6b340b9ed391fdb67d0e68c717d97d', 671004), ('slot', '1eec087b179b5b5eda2509ff91f5d1a1112fedd17397d2b963399f5611f655cb', 50802), ('slot', '9e9beeabebbfc0a7a846c4a55a24a7395fac3dc26a652d3ab1a1ecca7e10bcc9', 50814), ('slot', '15ff6502b732e40222be06e9af9b1df0619969d20bb6ed90be4ba7dac083cb63', 50802), ('slot', '15f7ba808cbc630a469a52b7bac57cc8afc5102d1e4750f410e92cc1bdf9a564', 50814), ('slot', 'e365920d4f326862345dfaeb7cec0c34d7bd20395b41f28e7a0d624e4cbd4ebc', 50814), ('slot', 'dc3e909df3453143a001867b8d71ae1e95d14e7d8415510f9974d2e358f99e3e', 50814), ('weights', 'dace3090d50aa335d07eb6fc73595977ae0a7225e3dea77cae0f14d6d7b13d24', 73694), ('weights', '5707a07f01f35c1127f57f027553d304f9b21cb83530babef7f89b7e0f859595', 56594), ('weights', 'bfa720ae36a04bbbd43faa1f9ce93789ae95b227ff8a9e7ea9ff9fb2afea5c58', 56594), ('weights', 'bdf0abee36aace54ac51b090c926ff6160e0fc0d15fd58da57f86ebf6ea8263e', 56594), ('weights', '8c425ba90f109e8e4c3112b53f7b7d149ff9d8e070bf576446294211cf1ed4ca', 56594), ('weights', '4dd00cce642ae2d67feefc3b1668b829566a8416a690cffcea52d81ae32adba2', 56594), ('feedback', '31e130d3cdf3235b727342a71b434bc09db59853c51fc71e736f5f258d238891', 342953), ('feedback', 'a00b9c735d9362256c3c130fff107188434a5e5f7938e1c0b96844df59d893d2', 274553), ('feedback', '39a73fcad66b97e2b5aa2e012967024ce6a40d6d0c8d4ebe6ce5e25981506b31', 277353), ('feedback', 'c0356597e0a6ce896206008a78a3b08a528b3ab1f238bc5d32a59aecc57485f0', 257453), ('feedback', 'ca6811584f8e012c58bab05451f25c396d67d38075e8b9fe265050635babeaae', 237553), ('feedback', '87c58f533ee2a10ea57f81417ecfed3e6926112c819c4d572aaf11c42ebb28cd', 257453), ('contrib', '55d8f98a7d1adae8ca2b57f85f157bbc801572eeaaf5549b163cd5f83bf3122f', 75223), ('contrib', 'a4ebd6510eedf18174d1b8657008e6c44a69ada6f2afbc48acebd3a359c87e76', 58123), ('contrib', '5e344b5dd0320bdcd5a0fb6de1e25b8ba8034aad8cc452926c323717cb9ea25d', 58111), ('contrib', '0baa6ff5f1d2454a6e6a8d46d6b6f7b6c76c3e518066efaa2dbb54481db4cfd2', 58123), ('contrib', 'f74b572b786acdf17706ed33c25832128c9e9f3f720ec1c5fd84886327f262dd', 58123), ('contrib', '997954889e3755ed75ddfb0ca8883e972c88859a4d4cb4bc157f5f8d0ee13e32', 58123), ('close', 'bf5e6c686b9e1f8e397576a9bd097b62b40e4a82cea8b393f11ebbf8a48765b6', 611186)]"
3,11:09:54.302,0.8434,168.72942477464676,"[1212884761275048000, 1213377099458136223, 1213621633101301175, 1213678603648878154, 233323446742692236, 1213114455773944204]","[67, 67, 69, 67, 69, 70]","[40, 41, 40, 41, 40, 39]","[('0xA41dE09A63f6Cedd633f99052b44450d3BB91D44', 4330477298055843367, 43332399558968080, 1212884761275048000), ('0x17725D495A0843Ea05541fD61ba5D4082750bC08', 4329980972660808768, 43328412347021704, 1213377099458136223), ('0x37AC7AC5D09bbC6dAC1CF036b7F9DdD0EA4E052E', 4329720015578638784, 43311988908016672, 1213621633101301175), ('0x536fc4cd48ad9B3649e8aB615592E83Ec9F5fcd1', 4329709903649838891, 43358847526793758, 1213678603648878154), ('0xA2F37A08a8488CB8551a0D03f7A73f4156757de7', 4330245279028524984, 43330075030545901, 1213114455773944204)]",700000000000000000,"[(3, 116661723371346118)]","[200000226497650146, 199981823563575744, 199906021356582641, 200122296810150146, 199989497661590576]","[[0.0, 1.0, 1.0, 1.0, -1.0, 1.0], [1.0, 0.0, 1.0, 1.0, -1.0, 1.0], [1.0, 1.0, 0.0, 1.0, -1.0, 1.0], [1.0, 1.0, 1.0, 0.0, -1.0, 1.0], [-1.0, -1.0, -1.0, -1.0, 0.0, -1.0], [1.0, 1.0, 1.0, 1.0, -1.0, 0.0]]",[5],"['$user$0, 0.793, good, good, None, 0xA41dE09A63f6Cedd633f99052b44450d3BB91D44', '$user$1, 0.821, good, good, None, 0x17725D495A0843Ea05541fD61ba5D4082750bC08', '$user$2, 0.814, good, good, None, 0x37AC7AC5D09bbC6dAC1CF036b7F9DdD0EA4E052E', '$user$3, 0.793, good, good, None, 0x536fc4cd48ad9B3649e8aB615592E83Ec9F5fcd1', '$user$4, 0.65, bad, bad, 3, 0x118E560679B62a9F24c135A96d416548782f8cc2', '$user$5, 0.826, good, freerider, 5, 0xA2F37A08a8488CB8551a0D03f7A73f4156757de7']","[('close', 'bf5e6c686b9e1f8e397576a9bd097b62b40e4a82cea8b393f11ebbf8a48765b6', 611186), ('slot', '151e716eed662c2ade918c65b9c7ae2731c4068f7980106a3ecff06fbf49d4d8', 50814), ('slot', '116ba46dd74c3757e46c10c326232f06c8dac3996b866fa8f1551893781621c3', 50814), ('slot', 'a80b645037ce435703cd22cd08eca9993b7a6c5a726fc454f7f0d3d365f0dd18', 50802), ('slot', 'af5f20f26de23a309d3d2e39de3089072126a67e50bf2e64b9fffd07611c4d78', 50814), ('slot', 'e9074b5019702b8561b5c6aa31d4a9dda7624d180e7840c9ee94724c8e307e4c', 50814), ('slot', '130af12eee4a3acabaa41250b2ea9f7355e908afa3161c71457a7d7a60338e93', 50814), ('weights', '11582e57ff6663e8bb449465f5ceb76478b3f159997e1f10dc372e1118621d41', 73682), ('weights', 'a7fe166c6509b8add1d9cbdf49644270ae7088b61af240c662dca4f0c5d5c54d', 56594), ('weights', '05e66941df8df6b0e8a151ebf851558816ea44385a178add0ad2357f33027269', 56594), ('weights', '44e3f3b50fcf8010a4abe44d9d40385f11c65a327f3d1c049a82fa37e7c150cf', 56582), ('weights', '5685f3d5c8e28bc674d4342dd97d93cc927a4e878c2c97d0d272ff9af6bc3527', 56594), ('weights', 'ee0592d65fc5c5798726582c0ccb13fc1a8edeec416a639367e130b74d8a36ab', 56594), ('feedback', '21325ccfd6cd9bdca0f6b3e0b3076e6139d46d8e9d1f29cd591c8bd363833a95', 321401), ('feedback', '7515ee68cd11154403aab061498a11cb76d17b36c86eb91dcf22bc8d4dbb1396', 253001), ('feedback', 'd6e58b3bf03ad1ff3199e047628aad24cdfb6023ef18f1f3d7908bd412ec83d1', 235901), ('feedback', 'abddaae561ec884b28824f149e7eb292cd28db4706d0589d1affcc424adebd6b', 235901), ('feedback', 'ac2fc046846eebd4c556c173f669e389c6b594319d6d017d7e9e9041e9197413', 229293), ('feedback', '344575b4ea132eee68cc1a419e74b28e1c2c8c7c816c4b6127556291b2d95199', 235901), ('contrib', '5eb78d0137f0e0d4b9ae4be0636444d9d7c26a1ddbe54e13e212091f8cef6774', 75223), ('contrib', '9963555e8abaf73b7676714b55ca18a162787398fcc5a06c3bc7a7c12a4b0ff1', 58123), ('contrib', '0be810adcf3f16fb26bf49ec4906e2fbe43dc306b6d1e54788ac9570ced110df', 58123), ('contrib', 'd1f3de0e96182e1acb61c4e3a67cbe69c89d4054dd205db285f483e09d6b13e2', 58123), ('contrib', '3f544108d874a4e73324f286ce7a9b3b358fda3b0e4fecade72a6e192826d756', 58123), ('close', 'f6409e536bb25c4ee815fcc9ddcf196dbb66de76d817be6436d13956d3148c10', 643640)]"
4,11:10:26.506,0.8813,124.86261235922575,"[1279563930149151718, 1280036127526749006, 1280246702430791511, 1280378231210483021, 1279775008682824734, 0]","[83, 85, 83, 83, 84, 85]","[17, 17, 18, 19, 16, 17]","[('0xA41dE09A63f6Cedd633f99052b44450d3BB91D44', 4620468345239567520, 66679168874103718, 1279563930149151718), ('0x17725D495A0843Ea05541fD61ba5D4082750bC08', 4619976007056479297, 66659028068612783, 1280036127526749006), ('0x37AC7AC5D09bbC6dAC1CF036b7F9DdD0EA4E052E', 4619731473413314345, 66625069329490336, 1280246702430791511), ('0x536fc4cd48ad9B3649e8aB615592E83Ec9F5fcd1', 4619674502865737366, 66699627561604867, 1280378231210483021), ('0xA2F37A08a8488CB8551a0D03f7A73f4156757de7', 4620238650740671316, 66660552908880530, 1279775008682824734)]",600000000000000000,"[(4, 233323446742692236)]","[200043439865112304, 199983015656471252, 199881136417388916, 200104817748069763, 199987590312957763]","[[0.0, 1.0, 1.0, 1.0, -1.0, 1.0], [1.0, 0.0, 1.0, 1.0, -1.0, 1.0], [1.0, 1.0, 0.0, 1.0, -1.0, 1.0], [1.0, 1.0, 1.0, 0.0, -1.0, 1.0], [-1.0, -1.0, -1.0, -1.0, 0.0, -1.0], [1.0, 1.0, 1.0, 1.0, -1.0, 0.0]]",[5],"['$user$0, 0.84, good, good, None, 0xA41dE09A63f6Cedd633f99052b44450d3BB91D44', '$user$1, 0.859, good, good, None, 0x17725D495A0843Ea05541fD61ba5D4082750bC08', '$user$2, 0.858, good, good, None, 0x37AC7AC5D09bbC6dAC1CF036b7F9DdD0EA4E052E', '$user$3, 0.852, good, good, None, 0x536fc4cd48ad9B3649e8aB615592E83Ec9F5fcd1', '$user$5, 0.875, good, freerider, 5, 0xA2F37A08a8488CB8551a0D03f7A73f4156757de7']","[('close', 'f6409e536bb25c4ee815fcc9ddcf196dbb66de76d817be6436d13956d3148c10', 643640), ('slot', '4dbe5f1574a8d48440688af2663f62953dc17261b5b30055ed5d97380400d442', 50814), ('slot', 'a28f576ba8232bf1885e1d068047a9cefb0a3b87559596eb463b5eebf53587cd', 50814), ('slot', '8458894b9701967c57668763d7d253d81ae6697b49d62f07f3a5d6a9027c13fb', 50814), ('slot', '29f1b1b4dd3ec33fdd3a7554806007f2d1f1e9d180cdd6223cee02e948cce01f', 50814), ('slot', '6be38495ad56cf5067c45ced1f2ce0c0be3f53b4ee5c0690f3b5bae166c81616', 50814), ('slot', 'b0435c86477eca38c9122d1f6b7b3358f046d7d6adb817b806e4ba9f8b444349', 50802), ('weights', 'a40cd95af8f128ebf99c468de7cf4edd4c94fa37319fe7bac07673fae29abc8f', 73694), ('weights', 'a476b39aefb4894f151cb2bd18ead06a55313424df726375f256ba045aa5d617', 56594), ('weights', 'cc26f12a37dcb66f215763484827675b719dfe0c7a12b396837dfe5cba082a93', 56594), ('weights', 'afc14c4dd4de4a83f3253ee0368a3473d687a85e6335d4d3e4bd3cb9f0b443b6', 56594), ('weights', 'c0d576414c862bc324264b8e5f30350c3807e0002c7ef5c778010bab6c25223d', 56594), ('weights', '8ca89c7af2f4d7ca817e227e5df09415739067b0215e37c9454e2c6548cc4c43', 56594), ('feedback', '32b8b3ec372b551025dbf09bd699e6473eded59cd5bfd3675b43ffe2a658a67f', 323401), ('feedback', 'e4c0c5002a9245ebe332e37fd8e64e227e8c55f04cb140c09157c807d809f97c', 255001), ('feedback', 'ace2304836adb6680371869d085d61e9bc831e1f42af334017cfe6420915ba3b', 237901), ('feedback', '4bb0d723cfab4ccd236d685b8a69a302a395eae4a5ff286592ac3a88808b7358', 237901), ('feedback', 'c855ca357722bac3e4ec76844e91bb8c35b107bae016d41e44e2195048cefc59', 239293), ('feedback', 'c54e0846a9051cf75901dedfeaf783e1f279b450c911a9829c7469da5b9fcb86', 237901), ('contrib', 'f268547173f77a8706aa1629fb73bc4607d9d28acfd920d7857993e5a87c1483', 75223), ('contrib', 'e50819442d1327626a97eecfa9b35b35549b8863418b4c95bfcac9a2403ba082', 58123), ('contrib', '11517f95e5e8759e30cb3da46013f52c770764725e9d5aa09d29bf7ab444b08d', 58123), ('contrib', '952b147fa8566e44928fab0134706f0b46d80f63e424fc83a05dc570a8c6c6cf', 58123), ('contrib', '347d2a2aaff404b3a8a3615d087a5f7f0c9100823c6b76fbf5305142c6e0c862', 58123), ('close', '08d2616431dc00afcc2ba74d8351af11605c4ee723a3f173013bf64c76dbb673', 606020)]"
5,11:10:53.681,0.8998,105.30292683467269,"[1298698333058978820, 1299177460966337548, 1299382537342145326, 1299522731146683702, 1303218937485854592, 0]","[88, 89, 88, 86, 0, 88]","[12, 12, 13, 14, 0, 13]","[('0xA41dE09A63f6Cedd633f99052b44450d3BB91D44', 3840661061168023538, 19134402909827102, 1298698333058978820), ('0x17725D495A0843Ea05541fD61ba5D4082750bC08', 3840188863790426250, 19141333439588542, 1299177460966337548), ('0x37AC7AC5D09bbC6dAC1CF036b7F9DdD0EA4E052E', 3839978288886383745, 19135834911353815, 1299382537342145326), ('0x536fc4cd48ad9B3649e8aB615592E83Ec9F5fcd1', 3839846760106692235, 19144499936200681, 1299522731146683702), ('0xA2F37A08a8488CB8551a0D03f7A73f4156757de7', 5120224991317175256, 23443928803029858, 1303218937485854592)]",500000000000000000,[],"[191344037652015686, 191413342952728271, 191358357667922973, 191445007920265197, 234439298510551452]","[[0.0, 1.0, 1.0, 1.0, 0.0, 1.0], [1.0, 0.0, 1.0, 1.0, 0.0, 1.0], [1.0, 1.0, 0.0, 1.0, 0.0, 1.0], [1.0, 1.0, 1.0, 0.0, 0.0, 1.0], [0.0, 0.0, 0.0, 0.0, 0.0, 0.0], [0.0, 0.0, 0.0, 0.0, 0.0, 0.0]]",[],"['$user$0, 0.858, good, good, None, 0xA41dE09A63f6Cedd633f99052b44450d3BB91D44', '$user$1, 0.856, good, good, None, 0x17725D495A0843Ea05541fD61ba5D4082750bC08', '$user$2, 0.884, good, good, None, 0x37AC7AC5D09bbC6dAC1CF036b7F9DdD0EA4E052E', '$user$3, 0.88, good, good, None, 0x536fc4cd48ad9B3649e8aB615592E83Ec9F5fcd1', '$user$5, 0.875, freerider, freerider, 5, 0xA2F37A08a8488CB8551a0D03f7A73f4156757de7']","[('close', '08d2616431dc00afcc2ba74d8351af11605c4ee723a3f173013bf64c76dbb673', 606020), ('slot', '33f2c76071df08ccd1707b1e058ea6d39b2f89695747e2994669b5138ee420b8', 50814), ('slot', 'b1f4869790f0557ba2e0803706c2a2da62d7f8ad63589a66154b8158c941a70d', 50814), ('slot', '17971f250041fd8474764d920381beac19452152a0b9d9a97a2ef5a62e8d4eb7', 50802), ('slot', '5d3c8b089af748c79b55f38e0613e070f74778f4477afecf94be0755c170cd5f', 50802), ('slot', '041e0412c1a99ead63ca27a6ef1f1b88c2ace3a07dfe2c06b4f216f9e26f317b', 50814), ('weights', '725cafbbf4aedefc476e0273ada8adb541cafec20f0cc44b01782bc98401967b', 73694), ('weights', 'c5e7207afa175fd9d320d3da378a4705f3c55a05554a434e909bb75711069468', 56594), ('weights', 'd5849a7d42537b8f31c6d3af5fb0566279f8e430e4be9f98a4f08f59dd00db5e', 56594), ('weights', '7ba31dc800a0d9fd338d11c952c1c341d0866e3ec5041d9edf45a80b5e859fe6', 56594), ('weights', '168457b1ba5f3c988289c1ef686301cf28fe39b62465b4da48db5b8defa46651', 56594), ('feedback', 'a4abad6fb6d1ab4490e9e3e38104cc148ad2bd08470c412076b18889faaecd58', 270174), ('feedback', '8216f00145fb30e8e9fe2ce029a22fa5a12f11e1e95e328692f2ce207c110d2d', 218874), ('feedback', 'f07e028a16505efc8bf16de3fe04ec2a500959575e25bb03bff43789c4a77de9', 201774), ('feedback', '3e6f9a554fb5fd4559bb7cbead70e1d13618568253fca854f5a88b6c367bd221', 201774), ('feedback', '709beb125c3f3924b45bf2ef6bb2719c2a400f25e97a1d3491f11dc1afcc54bf', 178678), ('contrib', 'feb1542619d41f0758433f7b12421d89fdd05f2a837a825fcaccd16436347503', 75223), ('contrib', '2d0ddc18d41bc14dc45d27005c98351becdf4f87f8e14636c3ad8ea1b8e68b55', 58123), ('contrib', '8771d90099ca74eb58c76a0f1bb4d061107c067e0871f5514cfbf1da8e0841bc', 58123), ('contrib', 'b8a016e3df6af119f44e5ee82c201811365f262849d43ddaabcdecdce24b2b8b', 58123), ('contrib', 'f6733c20ff2b9443b66852975cf999e27ad25185f699da5823724daabe24016a', 58123), ('close', '54e673413e826957931e84a6b4f1a4e08c72e03da935997b3c3adea260cb2ca4', 513374)]"
6,11:11:20.823,0.9104,92.28240789100528,"[1317885588548615114, 1318371483073372799, 1318563179696345247, 1318715582022431663, 1326464166659235163, 0]","[90, 91, 91, 87, 0, 90]","[10, 10, 11, 12, 0, 11]","[('0xA41dE09A63f6Cedd633f99052b44450d3BB91D44', 3898082729455166576, 19187255489636294, 1317885588548615114), ('0x17725D495A0843Ea05541fD61ba5D4082750bC08', 3897603601547807848, 19194022107035251, 1318371483073372799), ('0x37AC7AC5D09bbC6dAC1CF036b7F9DdD0EA4E052E', 3897398525172000070, 19180642354199921, 1318563179696345247), ('0x536fc4cd48ad9B3649e8aB615592E83Ec9F5fcd1', 3897258331367461694, 19192850875747961, 1318715582022431663), ('0xA2F37A08a8488CB8551a0D03f7A73f4156757de7', 5196781062514145396, 23245229173380571, 1326464166659235163)]",400000000000000000,[],"[191872552037239074, 191940218210220336, 191806420683860778, 191928505897521972, 232452288269996643]","[[0.0, 1.0, 1.0, 1.0, 0.0, 1.0], [1.0, 0.0, 1.0, 1.0, 0.0, 1.0], [1.0, 1.0, 0.0, 1.0, 0.0, 1.0], [1.0, 1.0, 1.0, 0.0, 0.0, 1.0], [0.0, 0.0, 0.0, 0.0, 0.0, 0.0], [0.0, 0.0, 0.0, 0.0, 0.0, 0.0]]",[],"['$user$0, 0.886, good, good, None, 0xA41dE09A63f6Cedd633f99052b44450d3BB91D44', '$user$1, 0.891, good, good, None, 0x17725D495A0843Ea05541fD61ba5D4082750bC08', '$user$2, 0.896, good, good, None, 0x37AC7AC5D09bbC6dAC1CF036b7F9DdD0EA4E052E', '$user$3, 0.89, good, good, None, 0x536fc4cd48ad9B3649e8aB615592E83Ec9F5fcd1', '$user$5, 0.875, freerider, freerider, 5, 0xA2F37A08a8488CB8551a0D03f7A73f4156757de7']","[('close', '54e673413e826957931e84a6b4f1a4e08c72e03da935997b3c3adea260cb2ca4', 513374), ('slot', '9d885afe0a9074b26789f90b9af43258c06a897cefc6dd611b70ee28146f69ee', 50814), ('slot', 'ea28c5f561723254dd5e8c7c6d307676fb180a080ca7e27810e1393717dffb5e', 50814), ('slot', '1fc2c90e23d11feb772f2dda6cf0e6876366790581f4a38d4b12080c0999dd37', 50814), ('slot', '4e9d297a237c8ca2a68dacb6894e596496cd88c7169a8654fa695655317753f8', 50814), ('slot', '53973f559eca18cb99aaf4d6ebde3481bfacf0d336856359e1fb4c87cda2b1ef', 50814), ('weights', 'f7aacefd36f4fbfefe2115ae043aa5f1206ec43c7709b235720a198ba25e64ea', 73682), ('weights', '1dfb8d273ee28e3b6a5110ce1d7964bd6182bc0f87a1d65d360582eb74fab5d2', 56582), ('weights', '581a735bd91ffe3af5feea014c66f431fcce4cbd7fbee9bddad435203dfdd650', 56594), ('weights', '193ac76efeb7a70f8a415f8452258403143911b744061bfe90aef00d8ab6f9b2', 56594), ('weights', 'b43de758811ad977c2674ac59469e0811c0897d92f73d1477ec6396585d782f2', 56582), ('feedback', 'f96ccb3cc380f08a303021deb457da7f61357453c09785470bbcca49cbeef409', 270174), ('feedback', 'b738b5824a5ace45d69773a6d950b14f40996a0e391dae5014ed845d17e74a1a', 218874), ('feedback', '2058f71119ce22f70fcc7df84d1b566acbd4b5e995b8fd998270438b918205d8', 201774), ('feedback', 'fe14024b6d34d112bc7b60677a8cb91fab76497503e416fcbe9b888589cfd6be', 201774), ('feedback', 'c12f6732a31c792885e3f875f073db46312899b2372fc6fd48cff83177816c93', 186678), ('contrib', '9aee30ec50b550607b44cc7429046cbc58d14ac228391f8c5c3977908699a043', 75223), ('contrib', '11d32dfa32fffacf453ac1a63b0d85f25bf4ec864f611e9ff9815976db4f0776', 58123), ('contrib', '756a352f1243ac6affd62fbee81f2548de36922f231d4572bb4c065305a9ba03', 58123), ('contrib', '643e8aa8c00615aa03b690283d84862bdfef27858eee0e9df8241cea9f46d8e4', 58123), ('contrib', '478ccae401f3159a68086494f6313a0af51eb10e75fd61b216f08e222994012f', 58123), ('close', '2347585f0130e91aaff51a663f4b445c81ce148f8376eb5b4b044828b3c25cbf', 513374)]"
7,11:11:47.995,0.9189,82.28389644250274,"[1337110625131334558, 1337607100969552277, 1337786395357356739, 1337947093159014485, 1349548785382741925, 0]","[91, 91, 92, 88, 0, 90]","[9, 9, 10, 11, 0, 10]","[('0xA41dE09A63f6Cedd633f99052b44450d3BB91D44', 3955650244792149709, 19225036582719444, 1337110625131334558), ('0x17725D495A0843Ea05541fD61ba5D4082750bC08', 3955164350267392024, 19235617896179478, 1337607100969552277), ('0x37AC7AC5D09bbC6dAC1CF036b7F9DdD0EA4E052E', 3954972653644419576, 19223215661011492, 1337786395357356739), ('0x536fc4cd48ad9B3649e8aB615592E83Ec9F5fcd1', 3954820251318333160, 19231511136582822, 1337947093159014485), ('0xA2F37A08a8488CB8551a0D03f7A73f4156757de7', 5273535833340764823, 23084618723506762, 1349548785382741925)]",300000000000000000,[],"[192250385880470275, 192356199026107788, 192232176661491394, 192315131425857543, 230846211314201354]","[[0.0, 1.0, 1.0, 1.0, 0.0, 1.0], [1.0, 0.0, 1.0, 1.0, 0.0, 1.0], [1.0, 1.0, 0.0, 1.0, 0.0, 1.0], [1.0, 1.0, 1.0, 0.0, 0.0, 1.0], [0.0, 0.0, 0.0, 0.0, 0.0, 0.0], [0.0, 0.0, 0.0, 0.0, 0.0, 0.0]]",[],"['$user$0, 0.905, good, good, None, 0xA41dE09A63f6Cedd633f99052b44450d3BB91D44', '$user$1, 0.906, good, good, None, 0x17725D495A0843Ea05541fD61ba5D4082750bC08', '$user$2, 0.92, good, good, None, 0x37AC7AC5D09bbC6dAC1CF036b7F9DdD0EA4E052E', '$user$3, 0.906, good, good, None, 0x536fc4cd48ad9B3649e8aB615592E83Ec9F5fcd1', '$user$5, 0.875, freerider, freerider, 5, 0xA2F37A08a8488CB8551a0D03f7A73f4156757de7']","[('close', '2347585f0130e91aaff51a663f4b445c81ce148f8376eb5b4b044828b3c25cbf', 513374), ('slot', '0369b76c9e82281b3b52512b1073000ac71334d93c56f6ef92b193fe3d9bf2cc', 50814), ('slot', 'f3e49bd833a152e360ca2ed314d224e4ce1fd250f965e69e5b5e722fe5ca9603', 50814), ('slot', 'b2e373c582962fde397618a176c1c3e4ed92e802b22c0fb908ba38fd17c9b8d3', 50814), ('slot', 'aad4d13cd54e52d5e39440bb56b12894ccd72a2a58b1f26082caa1b0a808d8f2', 50814), ('slot', '44cec75cad96e3c08e0737ab2b10fc58c47ec0df27e4e6ad07bfc94c10af9505', 50802), ('weights', '3064533b5d0ec5c49286a8016e8b7b1683ae68c73c751f9e9d45dd08b12e4488', 73694), ('weights', 'd751f937ec4da4bdabd00caa8c9b26e5bbba3cac4854aaafc1cc35ce41a6625b', 56594), ('weights', '7a3506ce19d01e1d324df6e7d07cad13250815a032b3436ff4905931974e8205', 56594), ('weights', '1bdee49997c9ad5238ff2c0006e4aba5383af83c4fa3576c6892d18c30a057be', 56594), ('weights', '6c40aae29b5444d90dc721db06fd110e6075450c23911ea04b7a9da4cb09a599', 56582), ('feedback', '6f4a50090ef427b4c479eb7578428137d78e39a096adc602a7b933a2aff02087', 270174), ('feedback', '00d54cc877fe8094e57ec24a8bcba73fb4a3799ee97b381d11005d1035fc316a', 218874), ('feedback', 'a95fb96b9de6aecdae9a95126f3c348b3838b6507dbd6b12cbec40dd0d2748d3', 201774), ('feedback', '6c1753397262623bc0c26be7f850678d0e42e48a33a206035d7e9ae777526635', 201774), ('feedback', '5984038e5587b32c745bba6c39894276531032faf74886eb8cb408974c8b936a', 186678), ('contrib', '721ecdf4084f5155c0f7e0de33cf538d910f02a1cc5b32d74592ae2b37b23608', 75223), ('contrib', '9a4fcb1addbcb9fed467389764066da52a06017b95db41d37e4f54c5908ffbbe', 58123), ('contrib', 'a657525269e4697211aa229cdc640e9cfdff07110ae2cbb148e88fd102764c23', 58123), ('contrib', '06885bc43899bef2fc405c6103db4fc457b496c9a21b3d2460a9af7b5f3e448c', 58123), ('contrib', '41c1b27bf29e6df3efbea55177fefb06599398cb685f7d5c860ec54ca71a0382', 58123), ('close', 'b6abb3ff7a5ad6179ccc11661ab702cb7e2a50aa6aa2f53dbd0afaeee3870fe2', 513374)]"
8,11:12:15.436,0.9256,74.72050259634852,"[1356365376977245593, 1356873562147231507, 1357041008622476931, 1357208662285765363, 1372511389967280588, 0]","[92, 92, 93, 90, 0, 91]","[8, 8, 8, 10, 0, 9]","[('0xA41dE09A63f6Cedd633f99052b44450d3BB91D44', 4013340589485923501, 19254751845911035, 1356365376977245593), ('0x17725D495A0843Ea05541fD61ba5D4082750bC08', 4012844113647705782, 19266461177679230, 1356873562147231507), ('0x37AC7AC5D09bbC6dAC1CF036b7F9DdD0EA4E052E', 4012664819259901320, 19254613265120192, 1357041008622476931), ('0x536fc4cd48ad9B3649e8aB615592E83Ec9F5fcd1', 4012504121458243574, 19261569126750878, 1357208662285765363), ('0xA2F37A08a8488CB8551a0D03f7A73f4156757de7', 5350451214617258059, 22962604584538663, 1372511389967280588)]",200000000000000000,[],"[192547529935836791, 192664623260498046, 192546144127845764, 192615702748298645, 229626059532165527]","[[0.0, 1.0, 1.0, 1.0, 0.0, 1.0], [1.0, 0.0, 1.0, 1.0, 0.0, 1.0], [1.0, 1.0, 0.0, 1.0, 0.0, 1.0], [1.0, 1.0, 1.0, 0.0, 0.0, 1.0], [0.0, 0.0, 0.0, 0.0, 0.0, 0.0], [0.0, 0.0, 0.0, 0.0, 0.0, 0.0]]",[],"['$user$0, 0.897, good, good, None, 0xA41dE09A63f6Cedd633f99052b44450d3BB91D44', '$user$1, 0.914, good, good, None, 0x17725D495A0843Ea05541fD61ba5D4082750bC08', '$user$2, 0.93, good, good, None, 0x37AC7AC5D09bbC6dAC1CF036b7F9DdD0EA4E052E', '$user$3, 0.909, good, good, None, 0x536fc4cd48ad9B3649e8aB615592E83Ec9F5fcd1', '$user$5, 0.875, freerider, freerider, 5, 0xA2F37A08a8488CB8551a0D03f7A73f4156757de7']","[('close', 'b6abb3ff7a5ad6179ccc11661ab702cb7e2a50aa6aa2f53dbd0afaeee3870fe2', 513374), ('slot', '26fbb8a83a236d02a09c7bdd1dee6abe5af2ca55abc1a98027106297f77702ca', 50814), ('slot', 'd6405d6b43d0b9743f728ea9c890c58f26373b7245ceeadd521d0841283a42dc', 50814), ('slot', '217baddf863e691a0d9bca8751f931b260ffa494d021dc5437d6bc99c143df50', 50814), ('slot', 'd15d2708f1726f046ae9d86945752c34ef3dfca61f7bffc3b089b51bc13e8663', 50814), ('slot', '27ff74bf48ee20975b4e26ae708a2b6540f49905ee4b3e80b2d45a1c5fdacdf5', 50814), ('weights', '359db03b60e94877059c1cb0ab469d01f46327419122000109250677b5d8db01', 73694), ('weights', '958707258b4e79e73c98673e0ff625b7d9bfc187c7465ae431d64d6288ab6ff6', 56594), ('weights', '32853f7b3d839c182c7fbc90e61b7c97085b1e9bf646b49d2bce6d96e8b0b402', 56594), ('weights', '804dabbf214459d3f7ddf124aa5807f8a612e5d6c00f8d70e05352f59b0f0669', 56594), ('weights', '7e54af77819421c599184eb08d381eba7a35544764a8c4b4171a65fd5d9efd23', 56594), ('feedback', 'a8bfc7cc030e613eb8801c2b7639027844bdbe9005957a26f4825128a9ffcd7a', 270174), ('feedback', 'f2c61af64f19d633de7a796341ab209b2c6df9e9c2800f0b9dc84f46761f5f98', 218874), ('feedback', '300a629bb644a73fc4d904e471b89ff292787f9c9c768087c5d80aed3027666c', 201774), ('feedback', 'b5309c28f549b68d30e261f01a66232ab3e8323860ba1c1871fc91bae68637de', 201774), ('feedback', '2ebafa392c13a3bd4536380e2eea57a5b72a87f10369027a2e004288ec786d7b', 186678), ('contrib', '5fc20b59019d1bb529164a545fd4a7deec3766fa9622654a492045f2fbba9db3', 75223), ('contrib', '7400fdeebb218b946a9161b7b1514374f1bcfc3b778b7fcd8d0654f6de1f8a14', 58123), ('contrib', '6a348ce0e8606275c10b41d7939a197ed5dc0188e6142e542cad2d3ff573446c', 58123), ('contrib', '7f268b5790279201be9762606b736f6b309139d44683d1b7b9f82efe00133e70', 58123), ('contrib', 'f72a95c8a5ecc24649362f7600ac4c1ae156ca92a1a06e1841e66130a48e8285', 58123), ('close', 'cbebc5bd47be5f77bb6a365ee355e4bc2c59377c6002d37e476c809134fda57e', 513374)]"
9,11:12:42.582,0.9341,66.51030021160841,"[1375662716862063486, 1376173618513856474, 1376328065215495250, 1376507387978636234, 1395328211429948535, 0]","[92, 93, 94, 90, 0, 92]","[7, 7, 8, 9, 0, 8]","[('0xA41dE09A63f6Cedd633f99052b44450d3BB91D44', 4071123233055473801, 19297339884817893, 1375662716862063486), ('0x17725D495A0843Ea05541fD61ba5D4082750bC08', 4070615047885487887, 19300056366624967, 1376173618513856474), ('0x37AC7AC5D09bbC6dAC1CF036b7F9DdD0EA4E052E', 4070447601410242463, 19287056593018319, 1376328065215495250), ('0x536fc4cd48ad9B3649e8aB615592E83Ec9F5fcd1', 4070279947746954031, 19298725692870871, 1376507387978636234), ('0xA2F37A08a8488CB8551a0D03f7A73f4156757de7', 5427488610032719394, 22816821462667947, 1395328211429948535)]",100000000000000000,[],"[192973390221595764, 193000555038452148, 192870557308197021, 192987248301506042, 228168204426765441]","[[0.0, 1.0, 1.0, 1.0, 0.0, 1.0], [1.0, 0.0, 1.0, 1.0, 0.0, 1.0], [1.0, 1.0, 0.0, 1.0, 0.0, 1.0], [1.0, 1.0, 1.0, 0.0, 0.0, 1.0], [0.0, 0.0, 0.0, 0.0, 0.0, 0.0], [0.0, 0.0, 0.0, 0.0, 0.0, 0.0]]",[],"['$user$0, 0.916, good, good, None, 0xA41dE09A63f6Cedd633f99052b44450d3BB91D44', '$user$1, 0.928, good, good, None, 0x17725D495A0843Ea05541fD61ba5D4082750bC08', '$user$2, 0.934, good, good, None, 0x37AC7AC5D09bbC6dAC1CF036b7F9DdD0EA4E052E', '$user$3, 0.921, good, good, None, 0x536fc4cd48ad9B3649e8aB615592E83Ec9F5fcd1', '$user$5, 0.875, freerider, freerider, 5, 0xA2F37A08a8488CB8551a0D03f7A73f4156757de7']","[('close', 'cbebc5bd47be5f77bb6a365ee355e4bc2c59377c6002d37e476c809134fda57e', 513374), ('slot', '99bfa05fddaf163a582a04b14c05b8570bb78d29179c55784c0bf717e0274356', 50814), ('slot', 'dc68aaae540d7371e9c2b7f5dabf21af777de465145b7cf043c229afb28a4d47', 50814), ('slot', '2df8c0f6698db15849cb05809ef3451cdd808128559900f63250c3773c9abf66', 50814), ('slot', '1bb02e7732bab1947cc3fa9a5a70adbe5cfc23984664650b47adeef53f85965c', 50814), ('slot', '6135e4728ffa6aa498e847a1405c1832f6f2000988e2b5c5e624bdb129e19f09', 50814), ('weights', '129d1fe0c11426588906ad5935ddaf0df4386a7f3e51c49e6856f443a99890c0', 73694), ('weights', '6f44d8fd6ce176884a13d2015213b44ec66c9c43d3b66c48aa82bac5c70facd9', 56594), ('weights', '2ba864651d24c24a83eeab90e38913149017533d81462298f96fce40a77c801c', 56594), ('weights', '74fbe0ffc22ba3034af84b9f80e873e7cc48f0bad76eb91d7d8ed86b13ed976a', 56594), ('weights', 'd7cad9f6d629c2c407bd9f8b6142c6298c2b9edac164045ec5e913180260c689', 56594), ('feedback', 'd222293ba95a31648905816d02ab02dc5c6714aa7f05bbc4de32bfc07f0fa3e6', 270174), ('feedback', '7429b8001d590cad4fd11ad2668b9efbf1d774dc05955cf18b05a1c0f5b9750e', 218874), ('feedback', 'f4df597017b5e9201ecb023b58c9e8c037d5fe83c8d624d80696886fc99b0b45', 201774), ('feedback', 'f454ce7acf6ea2958ca02ed3f39c8e8d72c62349560e1919ac1abc0fa8cf6662', 201774), ('feedback', '0a761e8b8afa5e793c55939de57a470e15385289e9d567e0201d87abac16e0e2', 186678), ('contrib', '23fe4e389b439270ddbfa08991b782fa20635c609b1e7692f59cc889e4ff80e3', 75223), ('contrib', 'cd96697dfac97d05403a38a4c533253455d7806c27466b049beee8c0b8285064', 58123), ('contrib', '851c8d2de13a4626953cfd33be0349543da74619269536df8307fc22e307239d', 58123), ('contrib', 'd57897975a5129e762953157ccf9640a8c071a0f9a4e4546746235d3136714fb', 58123), ('contrib', '0d667a144d3ec2bd5b7db116dea927bc49a21884048be371d944377912f477d8', 58123), ('close', 'eb28a2c865a73575c6a7d43f0c9afcd87a27beed2060d2650e35f9946c25e3da', 513374)]"
10,11:13:10.136,0.9402,60.40564114972949,"[1394989889736917056, 1395504182893300987, 1395648666677674803, 1395833689135482026, 1418023571556625105, 0]","[93, 94, 94, 92, 0, 92]","[6, 7, 7, 8, 0, 8]","[('0xA41dE09A63f6Cedd633f99052b44450d3BB91D44', 4129009071707987958, 19327172874853570, 1394989889736917056), ('0x17725D495A0843Ea05541fD61ba5D4082750bC08', 4128498170056194970, 19330564379444513, 1395504182893300987), ('0x37AC7AC5D09bbC6dAC1CF036b7F9DdD0EA4E052E', 4128343723354556194, 19320601462179553, 1395648666677674803), ('0x536fc4cd48ad9B3649e8aB615592E83Ec9F5fcd1', 4128164400591415210, 19326301156845792, 1395833689135482026), ('0xA2F37A08a8488CB8551a0D03f7A73f4156757de7', 5504671788570051444, 22695360126676570, 1418023571556625105)]",0,[],"[193271711468696594, 193305626511573791, 193205997347831726, 193262994289398193, 226953580975532531]","[[0.0, 1.0, 1.0, 1.0, 0.0, 1.0], [1.0, 0.0, 1.0, 1.0, 0.0, 1.0], [1.0, 1.0, 0.0, 1.0, 0.0, 1.0], [1.0, 1.0, 1.0, 0.0, 0.0, 1.0], [0.0, 0.0, 0.0, 0.0, 0.0, 0.0], [0.0, 0.0, 0.0, 0.0, 0.0, 0.0]]",[],"['$user$0, 0.92, good, good, None, 0xA41dE09A63f6Cedd633f99052b44450d3BB91D44', '$user$1, 0.93, good, good, None, 0x17725D495A0843Ea05541fD61ba5D4082750bC08', '$user$2, 0.939, good, good, None, 0x37AC7AC5D09bbC6dAC1CF036b7F9DdD0EA4E052E', '$user$3, 0.918, good, good, None, 0x536fc4cd48ad9B3649e8aB615592E83Ec9F5fcd1', '$user$5, 0.875, freerider, freerider, 5, 0xA2F37A08a8488CB8551a0D03f7A73f4156757de7']","[('close', 'eb28a2c865a73575c6a7d43f0c9afcd87a27beed2060d2650e35f9946c25e3da', 513374), ('slot', 'e3229fd856e7ba3606b21a1503cca5f9f9eff353e93d8bada1993c07cc87d804', 50814), ('slot', '6139bbb2174ffd5386736f0db9bd9f2beb819edfa8451ececd862b1fa41e69bd', 50814), ('slot', '0356be394a52bdf3f5f524da6e68c7d99084d6d88a4432ba83abb03db9b3cc03', 50814), ('slot', 'd076c11e9f825f0a81e387bc6b7e4b58549c3e922d8a6d0d3346be9e6732c2ca', 50814), ('slot', 'bc413560cf6d4cc509ac234d04870c6b3f597df2d9b8f756fefe6cc6ec95c461', 50814), ('weights', 'e5481f041533ef8e2a3ba8aa9aedc31234b72abf39769524f1a42f9bab3b64df', 73694), ('weights', 'bb2428d0808318bba71b0607512b7a8ddabff66eb1b2515d4d29736a32496daa', 56594), ('weights', '40499105c3a1418e8cc63b76bcc736b49be1b571566b26f4733ddd2fb7a8f4e2', 56594), ('weights', 'cab3ec90ba95672e104f7900094254f4f4d9973955de9465727ff0327bbca576', 56594), ('weights', 'f7e6e9303767b779be3907b8c5e80dab6930ea41e5d51ebe0db3a20fd0f2913e', 56594), ('feedback', 'f6d88b4f543a8c7002e9a708dd48d0a287d4606e28986d8ec3682c4c070042bf', 270174), ('feedback', 'c8fa8ee2317091b5b88827b0fbeda48f3e9fef306da7142476a19ffa18d58929', 218874), ('feedback', '8fa56fd3608768e46ec52fcaf23922acb66a11b27e3c717dab053dcf8245a6d8', 201774), ('feedback', 'e90e78543f1eb5cb5e3d5906fb07e3c979578ea96b8b002dc55d7b434f0b6ae0', 201774), ('feedback', '62c32f63a4146656c395701b24f2c56e178d72ea4bab4920a0b0387763a7488a', 186678), ('contrib', '74d3ee340eb8366bebe4f4c77510802d9796cee6ea4fec87aba73be12ad87b64', 75223), ('contrib', '6b50bb0fb7c590a4639260b2a46339a52236b8ea65ec914a2587d8f055ffab5b', 58123), ('contrib', 'eaf3e9b53ddb875080afbe24b51bf254349ff6bc3208033bcb3cd7460a80abec', 58123), ('contrib', '72ac75a241a081ffc743b9e1d1ab0e7e7e2e30970f0df5367ae733cd93f44bfc', 58123), ('contrib', '72278b7bf31f861b2f41e2d25b36f3f17f6dba354e8377a3576b2947f912bd20', 58123), ('close', '8db3ad0f03214440d3cc6af1113114dda56538bff635dbc2eabaa9bf01cadb9a', 513374)]"
# $gasCosts$[403001, 330479, 289705, 313379, 337053, 313379, 75223, 58123, 58123, 58123, 58123, 342953, 274553, 277353, 257453, 237553, 257453, 75223, 58123, 58111, 58123, 58123, 58123, 321401, 253001, 235901, 235901, 229293, 235901, 75223, 58123, 58123, 58123, 58123, 323401, 255001, 237901, 237901, 239293, 237901, 75223, 58123, 58123, 58123, 58123, 270174, 218874, 201774, 201774, 178678, 75223, 58123, 58123, 58123, 58123, 270174, 218874, 201774, 201774, 186678, 75223, 58123, 58123, 58123, 58123, 270174, 218874, 201774, 201774, 186678, 75223, 58123, 58123, 58123, 58123, 270174, 218874, 201774, 201774, 186678, 75223, 58123, 58123, 58123, 58123, 270174, 218874, 201774, 201774, 186678, 75223, 58123, 58123, 58123, 58123, 270174, 218874, 201774, 201774, 186678, 75223, 58123, 58123, 58123, 58123],[126674, 126674, 126674, 126674, 126674],[50814, 50814, 50814, 50814, 50814, 50814, 50802, 50814, 50802, 50814, 50814, 50814, 50814, 50814, 50802, 50814, 50814, 50814, 50814, 50814, 50814, 50814, 50814, 50802, 50814, 50814, 50802, 50802, 50814, 50814, 50814, 50814, 50814, 50814, 50814, 50814, 50814, 50814, 50802, 50814, 50814, 50814, 50814, 50814, 50814, 50814, 50814, 50814, 50814, 50814, 50814, 50814, 50814, 50814],[73694, 56594, 56594, 56594, 56594, 56594, 73694, 56594, 56594, 56594, 56594, 56594, 73682, 56594, 56594, 56582, 56594, 56594, 73694, 56594, 56594, 56594, 56594, 56594, 73694, 56594, 56594, 56594, 56594, 73682, 56582, 56594, 56594, 56582, 73694, 56594, 56594, 56594, 56582, 73694, 56594, 56594, 56594, 56594, 73694, 56594, 56594, 56594, 56594, 73694, 56594, 56594, 56594, 56594],[671004, 611186, 643640, 606020, 513374, 513374, 513374, 513374, 513374, 513374],[],[]
# TOTAL EXPERIMENT TIME: 299.09 seconds
