# Author Nykjaer
# ------Specs--------# cpu_name:  (processor model)
# cpu_cores: 6 (physical cores)
# ram_gb: 13.5 (system memory in GB)
# gpu_name: NVIDIA GeForce RTX 3060 Laptop GPU (graphics processor)
# os_name: Linux (operating system)
# ------Config--------# good_contributors: 4 (honest participants)
# bad_contributors: 1 (malicious participants)
# freeriders: 1 (contribute 0)
# inactive: 0 (never join)
# reward: 1000000000000000000 (total reward pool)
# minimum_rounds: 10 (rounds to simulate)
# min_buy_in: 1000000000000000000 (lower buy-in bound)
# max_buy_in: 1000000000000000000 (upper buy-in bound)
# standard_buy_in: 1000000000000000000 (default buy-in)
# epochs: 1 (local epochs per round)
# batch_size: 32 (training batch size)
# punish_factor: 3 (penalty multiplier)
# first_round_fee: 50 (fee for first round)
# fork: True (True=local fork, False=real net)
# contribution_score_strategy: dotproduct (scoring method)
# use_outlier_detection: True (Whether to use outlier detection)
# freerider_start_round: 5 (When freeriders should start freeriding)
# freerider_noise_scale: 1.0 (How much noise a freeder should add)
round,time,globalAcc,globalLoss,GRS,accAvgPerUser,lossAvgPerUser,rewards,conctractBalanceRewards,punishments,contributionScores,feedbackMatrix,disqualifiedUsers,userStatuses,GasTransactions
# $startingUserConfig$['$user$0, 0, good, good, None, 0xA41dE09A63f6Cedd633f99052b44450d3BB91D44', '$user$1, 0, good, good, None, 0x17725D495A0843Ea05541fD61ba5D4082750bC08', '$user$2, 0, good, good, None, 0x37AC7AC5D09bbC6dAC1CF036b7F9DdD0EA4E052E', '$user$3, 0, good, good, None, 0x536fc4cd48ad9B3649e8aB615592E83Ec9F5fcd1', '$user$4, 0, good, bad, 3, 0x118E560679B62a9F24c135A96d416548782f8cc2', '$user$5, 0, good, freerider, 5, 0xA2F37A08a8488CB8551a0D03f7A73f4156757de7']
0,01:40:47.975,0,720.39111328125,"[1000000000000000000, 1000000000000000000, 1000000000000000000, 1000000000000000000, 1000000000000000000, 1000000000000000000]",[],[],[],1000000000000000000,[],[],,[],"['$user$0, 0, good, good, None, 0xA41dE09A63f6Cedd633f99052b44450d3BB91D44', '$user$1, 0, good, good, None, 0x17725D495A0843Ea05541fD61ba5D4082750bC08', '$user$2, 0, good, good, None, 0x37AC7AC5D09bbC6dAC1CF036b7F9DdD0EA4E052E', '$user$3, 0, good, good, None, 0x536fc4cd48ad9B3649e8aB615592E83Ec9F5fcd1', '$user$4, 0, good, bad, 3, 0x118E560679B62a9F24c135A96d416548782f8cc2', '$user$5, 0, good, freerider, 5, 0xA2F37A08a8488CB8551a0D03f7A73f4156757de7']","[('register', '574a7ef1660ba2580d6215c4bd3c2aa3bbff165bf69777658d0ddcad82c71fab', 126674), ('register', '71142ab00d4e5c342ae676b85853f6a71942d8afc372ef153e23335b901c8676', 126674), ('register', '854b97289aebf2eb3c29377fd54a2e5d0a9f0b666d54a242bb669a2e7a7151ff', 126674), ('register', 'f6d6312976663044df701edbe9ce6a1f22f9d7e3f890c7ab656a91da58131565', 126674), ('register', '916c46093ab7a435e4efd0d9a99e9c36b9961d59caaaefb0c22c4b53aa272aa3', 126674)]"
1,01:41:18.679,0.1431,717.3788452148438,"[1016653695702552795, 1016637019813060760, 1016684576869010925, 1016786050796508789, 1016636636853218078, 1016602019965648651]","[7, 9, 9, 9, 10, 9]","[74, 74, 74, 74, 74, 74]","[('0xA41dE09A63f6Cedd633f99052b44450d3BB91D44', 5000000000000000000, 16653695702552795, 1016653695702552795), ('0x17725D495A0843Ea05541fD61ba5D4082750bC08', 5000000000000000000, 16637019813060760, 1016637019813060760), ('0x37AC7AC5D09bbC6dAC1CF036b7F9DdD0EA4E052E', 5000000000000000000, 16684576869010925, 1016684576869010925), ('0x536fc4cd48ad9B3649e8aB615592E83Ec9F5fcd1', 5000000000000000000, 16786050796508789, 1016786050796508789), ('0x118E560679B62a9F24c135A96d416548782f8cc2', 1000000000000000000, 16636636853218078, 1016636636853218078), ('0xA2F37A08a8488CB8551a0D03f7A73f4156757de7', 5000000000000000000, 16602019965648651, 1016602019965648651)]",900000000000000000,[],"[166536957025527954, 166370198130607604, 166845768690109252, 167860507965087890, 166366368532180786, 166020199656486511]","[[0.0, 1.0, 1.0, 1.0, 0.0, 1.0], [1.0, 0.0, 1.0, 1.0, 1.0, 1.0], [1.0, 1.0, 0.0, 1.0, 0.0, 1.0], [1.0, 1.0, 1.0, 0.0, 0.0, 1.0], [1.0, 1.0, 1.0, 1.0, 0.0, 1.0], [1.0, 1.0, 1.0, 1.0, 0.0, 0.0]]",[],"['$user$0, 0.723, good, good, None, 0xA41dE09A63f6Cedd633f99052b44450d3BB91D44', '$user$1, 0.68, good, good, None, 0x17725D495A0843Ea05541fD61ba5D4082750bC08', '$user$2, 0.718, good, good, None, 0x37AC7AC5D09bbC6dAC1CF036b7F9DdD0EA4E052E', '$user$3, 0.731, good, good, None, 0x536fc4cd48ad9B3649e8aB615592E83Ec9F5fcd1', '$user$4, 0.632, good, bad, 3, 0x118E560679B62a9F24c135A96d416548782f8cc2', '$user$5, 0.757, good, freerider, 5, 0xA2F37A08a8488CB8551a0D03f7A73f4156757de7']","[('slot', '5ac9c4d4e56be0bf8ec151cf6753acd219ed88a4c1b9b287d1737fff9c309cb0', 50814), ('slot', 'f8f07ef670b17963779ccc4b1ef7a94fbd5f381e6790b8b8b7d19bac4608847e', 50814), ('slot', '945d4cd69ac4f74d616cc9b3387e2d53b08e91846de9c89ff9333e4a2a76dc05', 50814), ('slot', 'ae5e4766c28e9995de04fcad7098aa740098ec1bc4b9fd2ecfb15aeb6c217c43', 50802), ('slot', '76198bc34170cae9102274db219bd92a661978f50aa5ebb4ee66a5a658e5a55e', 50814), ('slot', '983ebf4ff72b8843610aed6f40e2f4431e5ce034a7037131b4203c2349d8e821', 50814), ('weights', 'ffed790dc2c10012c33e071b461502d611751c9982db6d6f4b23826299fc4c01', 73694), ('weights', '3c8a3d687acd8e92092354388e026fc632e85f99307dda63662cb8f718c02dcf', 56594), ('weights', 'e17cc7a3a3c8da1d59488cddfa981c1166d19c9bf9556cd478a3e3647831ed96', 56594), ('weights', '6bc2983c3b7f0ceb1362ef93d44702c3c632c4dd7ec265aee689ea5f8935d894', 56594), ('weights', 'b5ded907584c71bd55a45a61916c2120412d4679d522767dedc3e3e0c57181bf', 56582), ('weights', 'd645e0643052534aeba12b4b8363216aa98f41e0d79bb9375d2c3991a469c129', 56594), ('feedback', '32952591a25e24a8eb12954999b7f226044867c68f402518b503e1ff5b953ec4', 381779), ('feedback', 'e5269268e6717b517fcdea1843754842e61c9df72bad315fb94013a649126043', 371253), ('feedback', '20e857410034b340e9eb77d00f1fa894535d13e8256748827c6fa11043eb5a18', 313379), ('feedback', '9f0335cdbda7141fe81d94342b5b4ba6851d714021b16c6bc17e572fdef4a74f', 313379), ('feedback', '6955e9f10ac6d81a12cdf4d683b04b693fa953a5dc1becda5c37a11bcf9b8f9e', 337053), ('feedback', '70ad1f100942e46c8ba99aa2116096591705e799a4bd36df9022deea414411c7', 313379), ('contrib', '80c795b8524af3db90e662cc8cc0bec2bd666a9b63adf50e339870e49f655e4f', 75223), ('contrib', '21d721ecab2351bcd05bf01cca4e8d371269e64785c75fffdcce729b8783a6f9', 58123), ('contrib', 'd81faa6814cfe0939a42ccd7f8ac6e2653420c775cc7d1390dc267c5313a2d52', 58123), ('contrib', '88dc97473bc76dcfcec0e56b5dbf657781948f3ba3663bcc7667a64b3939a381', 58123), ('contrib', 'cfd606c842460e2fe6aea66a784610745d8f8bcc135725a482fa146ca464a305', 58123), ('contrib', '47dec7fbc81e424b8e2eb1306feb302fefa6b5012b6b8250b621440dd1718308', 58123), ('close', '1942fd24a8b45eadc754ae5f67c56f76ef25d0efbb25210b5835fb04b9e314ce', 641581)]"
2,01:41:48.691,0.5132,670.4455261230469,"[1104422885909311202, 1104416869901679637, 1104462661210327761, 1104571191587228967, 677757757902145386, 1104368633489307043]","[12, 12, 14, 14, 14, 16]","[73, 73, 73, 73, 73, 73]","[('0xA41dE09A63f6Cedd633f99052b44450d3BB91D44', 5083346304297447203, 87769190206758407, 1104422885909311202), ('0x17725D495A0843Ea05541fD61ba5D4082750bC08', 3049974909424781798, 87779850088618877, 1104416869901679637), ('0x37AC7AC5D09bbC6dAC1CF036b7F9DdD0EA4E052E', 3049927352368831633, 87778084341316836, 1104462661210327761), ('0x536fc4cd48ad9B3649e8aB615592E83Ec9F5fcd1', 5083213949203491209, 87785140790720178, 1104571191587228967), ('0xA2F37A08a8488CB8551a0D03f7A73f4156757de7', 5083397980034351347, 87766613523658392, 1104368633489307043)]",800000000000000000,"[(2, 338878878951072692)]","[199984997510910034, 200009286403656005, 200005263090133666, 200021341443061828, 199979126453399658]","[[0.0, 1.0, 1.0, 1.0, -1.0, 1.0], [1.0, 0.0, 1.0, 1.0, 0.0, 1.0], [1.0, 1.0, 0.0, 1.0, 0.0, 1.0], [1.0, 0.0, 0.0, 0.0, -1.0, 1.0], [1.0, 1.0, 1.0, 1.0, 0.0, 1.0], [1.0, 0.0, 0.0, 1.0, -1.0, 0.0]]",[5],"['$user$0, 0.418, good, good, None, 0xA41dE09A63f6Cedd633f99052b44450d3BB91D44', '$user$1, 0.395, good, good, None, 0x17725D495A0843Ea05541fD61ba5D4082750bC08', '$user$2, 0.359, good, good, None, 0x37AC7AC5D09bbC6dAC1CF036b7F9DdD0EA4E052E', '$user$3, 0.475, good, good, None, 0x536fc4cd48ad9B3649e8aB615592E83Ec9F5fcd1', '$user$4, 0.289, good, bad, 3, 0x118E560679B62a9F24c135A96d416548782f8cc2', '$user$5, 0.505, good, freerider, 5, 0xA2F37A08a8488CB8551a0D03f7A73f4156757de7']","[('close', '1942fd24a8b45eadc754ae5f67c56f76ef25d0efbb25210b5835fb04b9e314ce', 641581), ('slot', 'ea7b9beba4a213c69e658fb14554326b0847a9ff9b3916c65d708e4550ebf9d5', 50814), ('slot', '612d978cbe80dc70fe4a7bf7b71ecc14f300aaac458b6f1172acc558db3bcd55', 50814), ('slot', 'f399ab97485e226c09f668b388f8263267a33c59986b0240441e6b8357e4a7bb', 50814), ('slot', '8406b6feb9cb212127561019ace0338c54de7d080db85a7304fe300b0c3ae52c', 50814), ('slot', '860e4fc128d292b42e588c812dbfa268935e0b05a5ff8741bff557639595b938', 50814), ('slot', 'a139834f1910c0c086b57dcf737ebe9e9fd2f5633ebfd5e7c8aa2d60582f00c6', 50814), ('weights', '4f969c4b099d743a57c83cf41beae8419c1c4cadda6dc1b5320d35ff49d1043d', 73694), ('weights', '10fcfba4eec932db627207869f6a093f47fbe781a2fa8c7bed2401895ab9885f', 56582), ('weights', '970d85bbaa332f9e6c8454f7dcbd0996f9597e0adabdf364579d29fefcfdd9e4', 56594), ('weights', '07c8cc47f1375a8db2f6a1f57dbfdc73c246b59062219277eaef261d70587270', 56594), ('weights', '637ac183baab54fd1c2257c7e48efcdb5df1f271620edbe19554d40af52f0026', 56582), ('weights', 'e23446444e9da9f4e2582e1eed5aa2627493bb9618f9803520f73cfd78bd2464', 56594), ('feedback', '540212d001dbccaae9aabdf4b0f8722142a6ed74df3e6f1f77da547e6a034b7f', 323401), ('feedback', 'e03e1c982ccaa45be1cda0880964d9c4ef7dfa865311018257259767241c4dec', 248879), ('feedback', 'fc6e6e4ef3a01df252ab3df631d9e9b9a2c2fb898542fd661d28c96f0637b52c', 233779), ('feedback', '8edbc1772b4e38594312207441134bf28a0432d7c47ea9aa60352146214bedfd', 226353), ('feedback', '0085c62cf2a9a5757223b715cd0e839d8c5ffe9e23cb8b2cd5d2c028427dd327', 237553), ('feedback', '8c8263864bd44450285757b9fb4d591004bb9b4593ddc466abebdce1b5357972', 226353), ('contrib', 'b87b8f45e41cec546e034949956a6a578fadf5051070115ffc7787ec4fdc8e32', 75223), ('contrib', '47200a358568d38358ed6181401e628ca47b0893908ccf7e2c8d9113328b94e8', 58123), ('contrib', '9015a10837b76f4db4dc1dda2fd06da9f28f396017959c0e8a430dcb711ee911', 58123), ('contrib', '50045861268c91da442f56c6e550669d3f07b242884ed0436f41f93dc4791ef7', 58123), ('contrib', 'b4c221594f6fed36805672ee1725d77516e76ceb6000da750ecf3650b7859d3f', 58123), ('close', 'afb1f187059ad90038173d65e2d7988218e8f641ebbb52d40ba4e5d4b6d1426d', 643640)]"
3,01:42:17.315,0.7916,220.3455774784088,"[1169602007103074591, 1169624465196542300, 1169612968342719499, 1169786406848768205, 451838505268096924, 1169535647240798474]","[50, 48, 51, 48, 52, 54]","[69, 69, 69, 69, 69, 68]","[('0xA41dE09A63f6Cedd633f99052b44450d3BB91D44', 3740061598286398022, 65179121193763389, 1169602007103074591), ('0x17725D495A0843Ea05541fD61ba5D4082750bC08', 3740067614294029587, 65207595294862663, 1169624465196542300), ('0x37AC7AC5D09bbC6dAC1CF036b7F9DdD0EA4E052E', 3740021822985381463, 65150307132391738, 1169612968342719499), ('0x536fc4cd48ad9B3649e8aB615592E83Ec9F5fcd1', 3739913292608480257, 65215215261539238, 1169786406848768205), ('0xA2F37A08a8488CB8551a0D03f7A73f4156757de7', 3740115850706402181, 65167013751491431, 1169535647240798474)]",700000000000000000,"[(3, 225919252634048462)]","[199985489249229431, 200072854757308959, 199897080659866333, 200096234679222106, 199948340654373168]","[[0.0, 1.0, 1.0, 1.0, -1.0, 1.0], [1.0, 0.0, 1.0, 1.0, -1.0, 1.0], [1.0, 1.0, 0.0, 1.0, -1.0, 1.0], [1.0, 1.0, 1.0, 0.0, -1.0, 1.0], [-1.0, -1.0, -1.0, -1.0, 0.0, -1.0], [1.0, 1.0, 1.0, 1.0, -1.0, 0.0]]",[5],"['$user$0, 0.735, good, good, None, 0xA41dE09A63f6Cedd633f99052b44450d3BB91D44', '$user$1, 0.755, good, good, None, 0x17725D495A0843Ea05541fD61ba5D4082750bC08', '$user$2, 0.761, good, good, None, 0x37AC7AC5D09bbC6dAC1CF036b7F9DdD0EA4E052E', '$user$3, 0.764, good, good, None, 0x536fc4cd48ad9B3649e8aB615592E83Ec9F5fcd1', '$user$4, 0.289, bad, bad, 3, 0x118E560679B62a9F24c135A96d416548782f8cc2', '$user$5, 0.765, good, freerider, 5, 0xA2F37A08a8488CB8551a0D03f7A73f4156757de7']","[('close', 'afb1f187059ad90038173d65e2d7988218e8f641ebbb52d40ba4e5d4b6d1426d', 643640), ('slot', '53f080f88846bc6717a2618d9aeb1062b23a62a447ebbdb323143140cdd7f0cf', 50814), ('slot', 'c639892eebb3be3ba0fa1df4b0e7556a3315b99f0116b164ba24ea98f660f945', 50814), ('slot', '957abd9749ed05ccdb6709cce4e5b287200e3634abd6bf3fa29b51fcf674cecb', 50814), ('slot', '178e465264075d129775df174f9e46816fae8b1172fe76e036368146f4398756', 50802), ('slot', '8eb8074f8fc308b3ba0e7992ada55d9226859803eecb985609a050e65f3f70ce', 50814), ('slot', '288612814d9dca3cf3b7474c1647e3db36c72cde8d94cc72a5d9914a829f76f4', 50814), ('weights', '0c4a537fc26cf1d70998d06a7759eab1d23fcbe4c37e8e14815b887c3a9f49c4', 73694), ('weights', 'd519e94f62318302c501ad684c01b4f8a8dbd8517bae80ff07a581c203818e18', 56594), ('weights', '43f7afdcb5a3628ad0876b73543813766237064b351a7ec8cafcc391b0dde74d', 56594), ('weights', '47e37fb18d744fe5e5eed0be2948b7e76c5c544028b7abda1ac533e8a758377c', 56594), ('weights', 'fa9d5ca168320d8c5b3824f2a5dd05ed22ae8457b65565196e8af03fc64ae643', 56582), ('weights', '1baa9f219cff8d51ec23661c507bad5dc4d5fd4b3d8b72bd50577ea4a97eba23', 56594), ('feedback', '1524d5ab3fdb26e37f007fd244bc0ac25f8dd93493254b2365865bd01c9fa4e5', 323401), ('feedback', '3719a0cc645257390b12163d4ed99d2a20cfe064036ba983c5f90bd5944e4c9b', 255001), ('feedback', '7533b23384fb6d93eab0c5b60961520ba4b11ddc4eba2f84184e8736d56ccfb5', 237901), ('feedback', '32187ae014561505844fad22c73f7daf4c0f970ad75cf540ebd8f5e01dd3641f', 277701), ('feedback', '9d62fce2683bbf11bf89be9336fc9b5f120988276693da4db94ad4cc31a6648f', 229293), ('feedback', '60255143ae2a5fafde0ea152657918c5838bce3c18d19d8fb695be1b2c0d2595', 277701), ('contrib', 'c7f069047fc8212f717566fbb09a0c57a19fd8cc224a80adf964a92521ecbcd0', 75223), ('contrib', '0762504cd65e2f4b0d0b3321463cef2f1070f1f5a7f87d7d0b823f9cb91730a3', 58123), ('contrib', 'ccd47a77bd91a0665c1a61181c9e5dbbc7e3d0ab33ba1b120017e89b28765117', 58123), ('contrib', '125789868d7ebe267cc91678f8311275ea1756908ea5b16b74387d4762f39367', 58123), ('contrib', '21ade03f4aa9222f6d05d3b561b7ed54c6bcdd1635b935a6299c8eb1615e9dbb', 58123), ('close', '665695a883dedf869ad2373b614e2b22c0671431f11b897bf2f983b8a9d4eeb4', 643640)]"
4,01:42:45.277,0.8627,145.87188847362995,"[1219734832578723610, 1219770727123257084, 1219701186145222169, 1219934352999893956, 301225670178731283, 1219633230974171888]","[78, 78, 78, 78, 80, 80]","[22, 23, 23, 24, 22, 22]","[('0xA41dE09A63f6Cedd633f99052b44450d3BB91D44', 4226720982360731554, 50132825475649019, 1219734832578723610), ('0x17725D495A0843Ea05541fD61ba5D4082750bC08', 4226698524267263845, 50146261926714784, 1219770727123257084), ('0x37AC7AC5D09bbC6dAC1CF036b7F9DdD0EA4E052E', 4226710021121086646, 50088217802502670, 1219701186145222169), ('0x536fc4cd48ad9B3649e8aB615592E83Ec9F5fcd1', 4226536582615037940, 50147946151125751, 1219934352999893956), ('0xA2F37A08a8488CB8551a0D03f7A73f4156757de7', 4226787342223007671, 50097583733373414, 1219633230974171888)]",600000000000000000,"[(4, 150612835089365641)]","[200040936470031738, 200094550848007202, 199862942099571228, 200101271271705627, 199900314211845397]","[[0.0, 1.0, 1.0, 1.0, -1.0, 1.0], [1.0, 0.0, 1.0, 1.0, -1.0, 1.0], [1.0, 1.0, 0.0, 1.0, -1.0, 1.0], [1.0, 1.0, 1.0, 0.0, -1.0, 1.0], [-1.0, -1.0, -1.0, -1.0, 0.0, -1.0], [1.0, 1.0, 1.0, 1.0, -1.0, 0.0]]",[5],"['$user$0, 0.823, good, good, None, 0xA41dE09A63f6Cedd633f99052b44450d3BB91D44', '$user$1, 0.842, good, good, None, 0x17725D495A0843Ea05541fD61ba5D4082750bC08', '$user$2, 0.829, good, good, None, 0x37AC7AC5D09bbC6dAC1CF036b7F9DdD0EA4E052E', '$user$3, 0.825, good, good, None, 0x536fc4cd48ad9B3649e8aB615592E83Ec9F5fcd1', '$user$4, 0.289, bad, bad, 3, 0x118E560679B62a9F24c135A96d416548782f8cc2', '$user$5, 0.833, good, freerider, 5, 0xA2F37A08a8488CB8551a0D03f7A73f4156757de7']","[('close', '665695a883dedf869ad2373b614e2b22c0671431f11b897bf2f983b8a9d4eeb4', 643640), ('slot', '44757b39fdacd37460cb2f3605962b3b920150a410a4a3f3cdb0c9c9f2b12f8d', 50814), ('slot', '2eeadde9f620dcf8e6d48f1da3a299368a027e869033513cfc3461b295b8be8a', 50814), ('slot', '66471a0c0a4efa4175661754f9ef2d01ba2f0e4b83558c1b334ba5422b63504c', 50814), ('slot', '63afdc50b124fcc8539ee4436b9dcc6f2da9e5e6e31977309dd63bd215604cd2', 50814), ('slot', 'b926451e4998bf33de9d138fc2b7f8d8928cbdb308340119954b5e9a9c1c7ace', 50814), ('slot', '091d0877d7ef4ef5779296dc3b91e4a4eed36d48ddad8e2f5ce8ce0f855fe180', 50814), ('weights', '036b977eed7d48ee51b8681470e0562015974521bcb9e800e8adcd28718ca2d0', 73682), ('weights', 'add7534dd2a98215c6dfcd39b713c85ed3509d0f2625e961a297fafe3cebf761', 56594), ('weights', '8cbf5d081fc47f95f327726f831f37a41053c9ff71a7145a858bbc5f4787d924', 56594), ('weights', 'cd9e940fcd9377566c6bf3f461a231e2c2c16205c91164855f680b5cfb342319', 56594), ('weights', 'a11b46e6a54eccadf9ea13d42f49242a57a2d8d780d5037434047d07ad53955c', 56582), ('weights', '96a5ab1b30138b50baa7e04620563f4f0b4dadb04c3ebf434b02e4989701b6b6', 56594), ('feedback', '947dfc288d9db947aa551b9d0a4f9bb56715bb1f04e7ccb6cb670a94bfa1def1', 323401), ('feedback', '4738584c6a008f63430d486ac875ec88a3ca7a6785d5485f21e63f475dfbdae7', 255001), ('feedback', 'bb1b602c9900712eb6f6c472ae9e8faa3d47eed30b011c6906647b29bbd26c4c', 237901), ('feedback', '152ee7141f01250b1a9b1a43ec5f2415db6d4da12102b5393625a5d276e015ef', 237901), ('feedback', '1995e4e06328b73a562adb40f9ae9ffe64ebe2a1dc5534d1262824512cafb875', 239293), ('feedback', 'daeedee6a3fb89dbed3fd8034a9ef6170524645a5d3e6f58a46dea9bbe29c460', 237901), ('contrib', '317a0aea274f45a7a50d88420a7bd4083666d3a49e59b4d2709c403f022700ba', 75223), ('contrib', 'f7cb2f98efb17429296adaaec7d3e6e122d9e278c19bd45af21e3d52f0dfbd6b', 58123), ('contrib', '758cf80ad03309b82f62d7b22fc1a9bb2ca42b4151063d0551de3e3d891baab0', 58123), ('contrib', '5cb45a79c48e9371107a9c217011d264b386dcca79a7ab7ab1a0033bc8412a2b', 58123), ('contrib', '4fb1bc08886399ca35d40ed6bd6a530174e3e2780dea9748777a50b483cef06c', 58123), ('close', '9d7531d1e892da0841b665c663c802b39ed4cc4db16897278d059447d725c4ae', 643640)]"
5,01:43:11.358,0.8903,114.25611497089267,"[1421664115330962358, 1421773975468517894, 1421547138742783660, 1421925949808288150, 813088820649447926, 0]","[86, 86, 86, 85, 87, 87]","[14, 15, 15, 17, 14, 14]","[('0xA41dE09A63f6Cedd633f99052b44450d3BB91D44', 3358180596089641926, 201929282752238748, 1421664115330962358), ('0x17725D495A0843Ea05541fD61ba5D4082750bC08', 3358144701545108452, 202003248345260810, 1421773975468517894), ('0x37AC7AC5D09bbC6dAC1CF036b7F9DdD0EA4E052E', 3358214242523143367, 201845952597561491, 1421547138742783660), ('0x536fc4cd48ad9B3649e8aB615592E83Ec9F5fcd1', 3357981075668471580, 201991596808394194, 1421925949808288150)]",500000000000000000,"[(5, 406544410324723962), (5, 301225670178731283)]","[249983623623847961, 250075191259384155, 249880462884902954, 250060766935348510]","[[0.0, 1.0, 1.0, 1.0, -1.0, -1.0], [1.0, 0.0, 1.0, 1.0, -1.0, -1.0], [1.0, 1.0, 0.0, 1.0, -1.0, -1.0], [1.0, 1.0, 1.0, 0.0, -1.0, -1.0], [-1.0, -1.0, -1.0, -1.0, 0.0, -1.0], [0.0, 0.0, 0.0, 0.0, 0.0, 0.0]]","[6, 5]","['$user$0, 0.856, good, good, None, 0xA41dE09A63f6Cedd633f99052b44450d3BB91D44', '$user$1, 0.868, good, good, None, 0x17725D495A0843Ea05541fD61ba5D4082750bC08', '$user$2, 0.871, good, good, None, 0x37AC7AC5D09bbC6dAC1CF036b7F9DdD0EA4E052E', '$user$3, 0.862, good, good, None, 0x536fc4cd48ad9B3649e8aB615592E83Ec9F5fcd1', '$user$5, 0.833, freerider, freerider, 5, 0xA2F37A08a8488CB8551a0D03f7A73f4156757de7']","[('close', '9d7531d1e892da0841b665c663c802b39ed4cc4db16897278d059447d725c4ae', 643640), ('slot', '455986812bcbb913e392e7f2ae367472118e22859155c6e327224a759cb662f0', 50814), ('slot', '46888649c5ae024f10619e6f771373d02e45fd1917d682beb5086b4e530f0a49', 50814), ('slot', '516710d6ba37368399258ef7ed406d0514a433c3f031df9509087b30625babcc', 50814), ('slot', '7e109ee9bab4e427ab23c1da01116781ff096e10105d49dc5587513b7c741157', 50814), ('slot', 'ef696059b620c614d2a00be696a0b727ca57aef29aac4a91999666a0ab881746', 50802), ('slot', '7bb5714c9b9d1511554e1da3a935aacab308b779cfd1724fad4882547f77625f', 50802), ('weights', 'aad7a42923e70dee8dcf9ca63e3c1967aed06bf5b8c710d9d196f8a220f8d3c0', 73694), ('weights', '9522efab0f274812b7c60bbb6377c749b8349a8d345deb6c3dc9c62e9a23a494', 56594), ('weights', 'd33d4d0eea4318a9c5a2be15928e4a1ab5356f4f9dddefd6cb78aa61d30a9735', 56594), ('weights', '8e0c78b3cdfb0e62f7f3912b11a73c98ff1412dff19b59e520e3f30ef43f4d53', 56594), ('weights', 'de0ccb7f350e9832586c286b40f86e3a5fe4078f14cd963d659c8cbf807e794a', 56582), ('weights', 'dbd888c4b578473b496d13304c8441de4d88e7d095f34572f58c0121e5d44341', 56594), ('feedback', 'be7a5850a8e590da95c022c2e6057ad85002a30c8a9b2309904abaca9d5ae310', 321749), ('feedback', '6881d9a17f33b39ca39382ac34a2556100b0406268e9bab9cba2ebab48617199', 253349), ('feedback', 'd82467018e9c919343d121e2cd8b6857ab98ffa1f5f717262834e3b927493ff0', 236249), ('feedback', '2344d86d84c2631be097d04dbfaf336d945533dd5d757b3bc9ab8bd7c449293a', 236249), ('feedback', '4b8c6025f0ba1bd0679b3eac639804c0de6a6ce4cb1ff12749f867020b426a43', 239293), ('feedback', '1097cc580da9408d144c930554071189b51e07c1937bd34809b1b5e43b00c050', 210683), ('contrib', '9a419557d69ecbf71dadc54596a6d966d2002b1aa86c451ff9222727d66f9f59', 75223), ('contrib', '658be79bc04ebc8abd3467954c12d745a3f33913068dc9dff57ca2d4d2e93cd9', 58123), ('contrib', '3ea09f552884206b969eac5518095453b6501cc9dec26f6a5afb107e3d79f500', 58123), ('contrib', 'd617a2945e327d06fde77b227066e89fa13b5f3fe8f3230629579c05cdc7520f', 58123), ('close', 'e368d1084c56a4bcb69475a23fd107909853cd6b78fcb048fa769b64deed7abd', 618388)]"
6,01:43:35.555,0.9082,94.49035346135497,"[1514424727886603282, 1514570845716745811, 1514233129450780998, 1514712083179571276, 542059213766298618, 0]","[89, 89, 89, 86, 0, 89]","[11, 11, 12, 13, 0, 12]","[('0xA41dE09A63f6Cedd633f99052b44450d3BB91D44', 4265247064019589704, 92760612555640924, 1514424727886603282), ('0x17725D495A0843Ea05541fD61ba5D4082750bC08', 4265137203882034168, 92796870248227917, 1514570845716745811), ('0x37AC7AC5D09bbC6dAC1CF036b7F9DdD0EA4E052E', 4265364040607768402, 92685990707997338, 1514233129450780998), ('0x536fc4cd48ad9B3649e8aB615592E83Ec9F5fcd1', 4264985229542263912, 92786133371283126, 1514712083179571276)]",400000000000000000,"[(6, 271029606883149308)]","[250008612871170043, 250106334686279296, 249807491898536682, 250077396631240844]","[[0.0, 1.0, 1.0, 1.0, 0.0, -1.0], [1.0, 0.0, 1.0, 1.0, 0.0, -1.0], [1.0, 1.0, 0.0, 1.0, 0.0, -1.0], [1.0, 1.0, 1.0, 0.0, 0.0, -1.0], [0.0, 0.0, 0.0, 0.0, 0.0, 0.0], [0.0, 0.0, 0.0, 0.0, 0.0, 0.0]]",[5],"['$user$0, 0.882, good, good, None, 0xA41dE09A63f6Cedd633f99052b44450d3BB91D44', '$user$1, 0.893, good, good, None, 0x17725D495A0843Ea05541fD61ba5D4082750bC08', '$user$2, 0.893, good, good, None, 0x37AC7AC5D09bbC6dAC1CF036b7F9DdD0EA4E052E', '$user$3, 0.89, good, good, None, 0x536fc4cd48ad9B3649e8aB615592E83Ec9F5fcd1', '$user$5, 0.833, freerider, freerider, 5, 0xA2F37A08a8488CB8551a0D03f7A73f4156757de7']","[('close', 'e368d1084c56a4bcb69475a23fd107909853cd6b78fcb048fa769b64deed7abd', 618388), ('slot', '9c8806063ed788cc04baa2586d4e2347be856a11e340abd8418e2ea79c4522a2', 50814), ('slot', '9f844180fb445dda00a6f4a3521f6e99fb64f0ad21318a877b55e10cdf9021e3', 50814), ('slot', '4fabf8c36385a918d7d6522b9b647fdeb71204f48c88c6226a3f25dfe924b926', 50814), ('slot', 'a7c52d507aff60ab9678a3606bf2d88450dcc384937f382e655e53f54e62d286', 50814), ('slot', 'aa0287b25e2f70cf9b798d4cb3bb1bc1e75aab68e46e427ddce63a10fe6c2080', 50814), ('weights', '6653106cc1896f6c6bb03e3816fac76c66867f8579ed1d461ab597ac8db6feed', 73694), ('weights', 'e631a7ba3adf37964389707b02729097290c5b7f6df0178aab360bf37518f799', 56594), ('weights', '7f26f010e3f1f9a748929493604cb7f52c144faafc23a7607dc4d9479804c36e', 56594), ('weights', '0538973115a05df41b78bd820841724947830029e5027e37359407c2960ddb59', 56594), ('weights', '8dc1dc91c4b9dcb0f36da4dd8c7a64cd67efb59f7c1bf009d99a45d7605bb30a', 56594), ('feedback', 'e74055e3155d4b85bb5bc588b8ce737802abaeae684d4cba40056d5432d76f24', 270522), ('feedback', 'cd692cc928f76d016f13485ace8cb95c29e4f2880c22d86f1bfaf9df3f6417b5', 219222), ('feedback', 'af67b89174d8a763855e203f14a65375087421d0a5933751c97593fc82ca58a0', 202122), ('feedback', 'c8b8d2f47c749f43e0234d02c0bf162653cefd9bcb05a8a11878db319d2bdaf6', 202122), ('feedback', '10608dbca4249621ca433a6b6c27bcf9f7ca139e380cb36062180832857a9c46', 186678), ('contrib', '33d7e01d4896b9d5a1842c0bb64b436afa229487016b9543c8f24ba804f2740c', 75223), ('contrib', '5889f30a3a64bd630783f769056ea85392a9f51cd9ce57a45e764bd4db51b348', 58123), ('contrib', 'c9a3f562babd44b0c9977b827a3139ab2b7d08783e97cbece3ae13a53fb45264', 58123), ('contrib', 'ffd0118341bda56ca9e0b5f94d067cdd84ea0f19d04b66164d8b771b8414aa0d', 58123), ('close', '000a6dae4b71194a717cec5b32ea51dc709bd10e1d6e06f0cea32b623f87acd5', 543321)]"
7,01:43:59.315,0.9179,82.11980986967683,"[1584593179570927257, 1584776020221756792, 1584368421850092834, 1584889569179690688, 361372809177532412, 0]","[91, 90, 91, 88, 0, 89]","[9, 9, 10, 11, 0, 10]","[('0xA41dE09A63f6Cedd633f99052b44450d3BB91D44', 4543516058347098085, 70168451684323975, 1584593179570927257), ('0x17725D495A0843Ea05541fD61ba5D4082750bC08', 4543369940516955556, 70205174505010981, 1584776020221756792), ('0x37AC7AC5D09bbC6dAC1CF036b7F9DdD0EA4E052E', 4543707656782920369, 70135292399311836, 1584368421850092834), ('0x536fc4cd48ad9B3649e8aB615592E83Ec9F5fcd1', 4543228703054130091, 70177486000119412, 1584889569179690688)]",300000000000000000,"[(7, 180686404588766206)]","[249988764524459838, 250119596719741821, 249870628118515014, 250020951032638549]","[[0.0, 1.0, 1.0, 1.0, 0.0, -1.0], [1.0, 0.0, 1.0, 1.0, 0.0, -1.0], [1.0, 1.0, 0.0, 1.0, 0.0, -1.0], [1.0, 1.0, 1.0, 0.0, 0.0, -1.0], [0.0, 0.0, 0.0, 0.0, 0.0, 0.0], [0.0, 0.0, 0.0, 0.0, 0.0, 0.0]]",[5],"['$user$0, 0.905, good, good, None, 0xA41dE09A63f6Cedd633f99052b44450d3BB91D44', '$user$1, 0.9, good, good, None, 0x17725D495A0843Ea05541fD61ba5D4082750bC08', '$user$2, 0.911, good, good, None, 0x37AC7AC5D09bbC6dAC1CF036b7F9DdD0EA4E052E', '$user$3, 0.898, good, good, None, 0x536fc4cd48ad9B3649e8aB615592E83Ec9F5fcd1', '$user$5, 0.833, freerider, freerider, 5, 0xA2F37A08a8488CB8551a0D03f7A73f4156757de7']","[('close', '000a6dae4b71194a717cec5b32ea51dc709bd10e1d6e06f0cea32b623f87acd5', 543321), ('slot', '8d45b2ce5601eae050420e25deb7beb83df90165e762560f5571c1764ebf885c', 50814), ('slot', '51360e2b4278fe44b003d344d7e77209ae4d70013d18844bc3d72c6a1db8d9a8', 50814), ('slot', 'e1f4b9ab60afaaeeb533df3b21adbbd073851cc8fce138513ea86264a810e2ef', 50814), ('slot', '9176e3fa626d375287d12f51a427dd355e63dc9dd7abd3863a4b96853fb943d2', 50814), ('slot', '8233d95674ba27c41c3086f9591eb9ffe67e11fcb65f146ca0cf8b1f72a8ac79', 50814), ('weights', '461781fed96c37f3c65e8a062e417484b71fc42a0a422824773ebfdeacbdf747', 73694), ('weights', '236f473d24ac0e082e3a5e164fb9dc5662acb2c951df90d72f881cd68ab8c96e', 56582), ('weights', '22405766e3c68fd89c1b5231f56ff30cdfe22fbe3e4df2b2d855ca06e5f8b839', 56594), ('weights', '9b7002f2865372703a6ab048327a8f8121c1187a5c01d8de39624174ef62b5cb', 56594), ('weights', 'b676014da354b6dd9547baf5ebff030d302067f4b1dea57e9702dedde24cd506', 56594), ('feedback', '065976f2545902668b0d24d5cdb51db7be8f07e31124eade3cf38ccdb74e7d24', 270522), ('feedback', '1cc1d44ca7f764c36cbe17b1e97182efedcd610053e89a9703b954ce06ad0a97', 219222), ('feedback', 'ead43a0bb997642709c4d6b69ffcd5afc22b834a1e6f07093de97c6f666af3ed', 202122), ('feedback', '4466acfb5d02cfea0b3c9093d5ee87b5c51c335672d6f1b2ce7340e81202ee29', 202122), ('feedback', 'e217911e018620f3267fff85cd21d3466eebae91b32be342c2e4b6412c2ed3dd', 186678), ('contrib', 'dfa5fb02463827b7d5b9cc018efda62fc88a8cda495caadff63a5a7732b96269', 75223), ('contrib', '9bece90d05f7cda44b05161fa8a09152240b56e745a2bdf089567712e3437068', 58123), ('contrib', 'c6ecf12d08b9d3a45096496ca8fbd3c6ddc511f933ce1e1ef5e5b4a270328721', 58123), ('contrib', '6f265a4af9b19e4a793ca4142bce8dec652c1f12063540122bc5243c42128e38', 58123), ('close', 'f71576d78e400579f552fa4c8a4d686d2cf46487bf429be0a7eed20254130d33', 543321)]"
8,01:44:23.088,0.93,71.69174612313509,"[1639713605983308759, 1639911538265603632, 1639459230032328169, 1640000419600404479, 240915206118354942, 0]","[92, 92, 92, 90, 0, 90]","[8, 8, 9, 10, 0, 9]","[('0xA41dE09A63f6Cedd633f99052b44450d3BB91D44', 4754034011251540314, 55120426412381502, 1639713605983308759), ('0x17725D495A0843Ea05541fD61ba5D4082750bC08', 4753851170600710779, 55135518043846840, 1639911538265603632), ('0x37AC7AC5D09bbC6dAC1CF036b7F9DdD0EA4E052E', 4754258768972374737, 55090808182235335, 1639459230032328169), ('0x536fc4cd48ad9B3649e8aB615592E83Ec9F5fcd1', 4753737621642776883, 55110850420713791, 1640000419600404479)]",200000000000000000,"[(8, 120457603059177470)]","[250027328729629516, 250095784664154052, 249892979860305786, 249983891844749450]","[[0.0, 1.0, 1.0, 1.0, 0.0, -1.0], [1.0, 0.0, 1.0, 1.0, 0.0, -1.0], [1.0, 1.0, 0.0, 1.0, 0.0, -1.0], [1.0, 1.0, 1.0, 0.0, 0.0, -1.0], [0.0, 0.0, 0.0, 0.0, 0.0, 0.0], [0.0, 0.0, 0.0, 0.0, 0.0, 0.0]]",[5],"['$user$0, 0.911, good, good, None, 0xA41dE09A63f6Cedd633f99052b44450d3BB91D44', '$user$1, 0.922, good, good, None, 0x17725D495A0843Ea05541fD61ba5D4082750bC08', '$user$2, 0.93, good, good, None, 0x37AC7AC5D09bbC6dAC1CF036b7F9DdD0EA4E052E', '$user$3, 0.914, good, good, None, 0x536fc4cd48ad9B3649e8aB615592E83Ec9F5fcd1', '$user$5, 0.833, freerider, freerider, 5, 0xA2F37A08a8488CB8551a0D03f7A73f4156757de7']","[('close', 'f71576d78e400579f552fa4c8a4d686d2cf46487bf429be0a7eed20254130d33', 543321), ('slot', '40c9d150fcad3a94123d8357a9250d9c506c9748547722b67eaf676b9b35e988', 50814), ('slot', 'a532db3558c542c46a21fc28bec9dde7c46d5ac11296339d1ee80df404e734e7', 50814), ('slot', '1ed7ac50c6f1f6fc6b6cf20a9a662121ae7d856faf0865deba0ae73cec1a3ec3', 50814), ('slot', 'de46bdd4629088105b42fafd88b712bbea1bde7a120682683c9098bf63372033', 50814), ('slot', '0042d23dc484ad2fe4ca128c06e5d5cab2319cb305790e8e8e7257eba9e20142', 50814), ('weights', '2bf5849127a2078c9afb17f983a7ce496b34a55fa8e582186834703b30d62e3f', 73694), ('weights', 'ad690746857945077a7b1fff82644e657dd2d5cf2f0b8b62971346f0ce122cb3', 56594), ('weights', '8e7e7039c640d8ccae0a6530dbcdcddeb127f25cb6f18eaf45bea4183e6b35b2', 56594), ('weights', '883fe0931287e651f4cd340252086714bb160eafbe2ac44f8ebf4a225b75f7f6', 56594), ('weights', '2c779c149eeeb8082bc6879fc8a3155ca3702e1650e0390651bce9a8f861b634', 56594), ('feedback', 'f528a56227c39b6e268dfb1a866fff34e54afbfcb2e92b4c01fcc9fbc7e44833', 270522), ('feedback', 'a761282c25506e388c2ceb64c384c7bc704ea47481e902f79dd7fae86c339c26', 219222), ('feedback', '6ff91a1a53ff35be5eade613360350fbc12e1a76a3354f773e9e244df35e56be', 202122), ('feedback', '8df737e87b64a1c666b464a59c3daafbb7356e2b9e1bce0983d9982c64fc9a4a', 202122), ('feedback', '8458318a212215e653a40be55cc609ae38dbf16a3d1ba25bbf5c25eb0933f15a', 186678), ('contrib', '299372b6e3c3a23939221846780a36c0274cb54f572ddac51e1e0c98f68824b3', 75223), ('contrib', '60eccfc6b019fc915a043280e4502ade7534dcfbfcac0b5f230c0472bf7d7071', 58123), ('contrib', 'd43f242c87331af91c4c6313833b9bc028e4daedb9d5d8a3d9ac5d103769fb65', 58123), ('contrib', '3b8561ea3caa51b64491f71531d8dfe99db0d1b07602cc51a624da0d5558b393', 58123), ('close', '88831ad1feab03de2552debbbb4bdf85d515f6d4d446602018d5d26a74654bd5', 543321)]"
9,01:44:46.888,0.9371,63.632149502635,"[1724968254717951214, 1725195011104309531, 1724599618677334566, 1725237115500404669, 0, 0]","[93, 93, 94, 91, 0, 92]","[7, 7, 7, 9, 0, 8]","[('0xA41dE09A63f6Cedd633f99052b44450d3BB91D44', 4919371187898336280, 85254648734642455, 1724968254717951214), ('0x17725D495A0843Ea05541fD61ba5D4082750bC08', 4919173255616041407, 85283472838705899, 1725195011104309531), ('0x37AC7AC5D09bbC6dAC1CF036b7F9DdD0EA4E052E', 4919625563849316870, 85140388645006397, 1724599618677334566), ('0x536fc4cd48ad9B3649e8aB615592E83Ec9F5fcd1', 4919084374281240560, 85236695900000190, 1725237115500404669)]",100000000000000000,"[(9, 240915206118354942)]","[250075817108154296, 250160366296768188, 249740660190582275, 250023156404495239]","[[0.0, 1.0, 1.0, 1.0, 0.0, -1.0], [1.0, 0.0, 1.0, 1.0, 0.0, -1.0], [1.0, 1.0, 0.0, 1.0, 0.0, -1.0], [1.0, 1.0, 1.0, 0.0, 0.0, -1.0], [0.0, 0.0, 0.0, 0.0, 0.0, 0.0], [0.0, 0.0, 0.0, 0.0, 0.0, 0.0]]",[5],"['$user$0, 0.921, good, good, None, 0xA41dE09A63f6Cedd633f99052b44450d3BB91D44', '$user$1, 0.926, good, good, None, 0x17725D495A0843Ea05541fD61ba5D4082750bC08', '$user$2, 0.933, good, good, None, 0x37AC7AC5D09bbC6dAC1CF036b7F9DdD0EA4E052E', '$user$3, 0.914, good, good, None, 0x536fc4cd48ad9B3649e8aB615592E83Ec9F5fcd1']","[('close', '88831ad1feab03de2552debbbb4bdf85d515f6d4d446602018d5d26a74654bd5', 543321), ('slot', '67642d5ad24372ba52a0f0d945162b0608b7568603f7d38c24af0eb198bfecc0', 50814), ('slot', 'bd3dc8ece8a42319b9a714cf1265d8bfe2e996e4e27638aef01e32e7e7b649b0', 50814), ('slot', '986b60aecf5548e25e6b6322f00a1e32ba0ade52d538e0c6641d4d334d479e22', 50802), ('slot', '939f84c3d7e0034fb2464c3919a98de793e181c90f3718f3894b399b1b077c60', 50814), ('slot', '214281cb7a284e3574d6a06d1c1a89c5d552fd1e704ca7a6171cef9c80477427', 50814), ('weights', '5a3d62ef2cd0ee31c50def7afd30021e8b16fe0daf2a70c97604e8f84d71dd43', 73682), ('weights', '0a025d25ab46f4c94513414565c775e1d72f66356ad2c44c9dbc40766bae972d', 56582), ('weights', '12ee104e53894d593da81b72aaabefa72d9872c2f2fb0c4342dcc7df15252556', 56594), ('weights', 'abbfc4333f24bb400c9104c2a3c6b7d794ea8b9c73aef69cf1cedb4ffd755cda', 56582), ('weights', 'd0c9639af751352b17a671b07c998a3173add8f292f1c208a7728ef812a7a2c7', 56594), ('feedback', 'd4b88dac4670429f3d2606ba99d43522d12b6e6687074916b2c8dd6c5102b338', 270522), ('feedback', '17b9ba14c9b5d66204f3e8e0a12e1ce3620f6dc9c195da6595805f8028ab1f1b', 219222), ('feedback', 'f3e3e0f26002ff0abae366a6ac3d94ad7318d94d5a85e74e68ad59fd359e368c', 202122), ('feedback', 'e8e7ff762264c74df41f6162ab6471231048d38a6e18d0aa0e9bd19a995d8a68', 202122), ('feedback', '904d001bce19fca815d0d1b237e1721336bb10c70b8fe1d25d649e91b6c36bb4', 186678), ('contrib', 'e5637c24eae2cb2802f848d72542579f1b0896ed137ee3384626f9a1487447c5', 75223), ('contrib', '71f820a0f0e4f2114ad3fdd7db5e608f4d45a6d4436cbb8873d0ce5f88fb8d67', 58111), ('contrib', 'e6825958e88d8fbdc29617dde32b75c7e79ce89e471e2f9481678c2a13a80dd3', 58123), ('contrib', 'c7dca8a98112c20af9d7061eaa9b8895f6eff97a2a9cc0735a1bf714d843d428', 58123), ('close', 'f439451ea732daba0822e93d016430ffda4bee79c754069b1aeb9b48173bae87', 502181)]"
10,01:45:08.846,0.9412,58.63090815022588,"[1749976716341578612, 1750203296894250562, 1749584391927130010, 1750235594837040794, 0, 0]","[93, 94, 95, 92, 0, 0]","[6, 6, 7, 8, 0, 0]","[('0xA41dE09A63f6Cedd633f99052b44450d3BB91D44', 5175031745282048766, 25008461623627398, 1749976716341578612), ('0x17725D495A0843Ea05541fD61ba5D4082750bC08', 5174804988895690449, 25008285789941031, 1750203296894250562), ('0x37AC7AC5D09bbC6dAC1CF036b7F9DdD0EA4E052E', 5175400381322665414, 24984773249795444, 1749584391927130010), ('0x536fc4cd48ad9B3649e8aB615592E83Ec9F5fcd1', 5174762884499595311, 24998479336636125, 1750235594837040794)]",0,[],"[250084638595581054, 250082880258560180, 249847754836082458, 249984815716743469]","[[0.0, 1.0, 1.0, 1.0, 0.0, 0.0], [1.0, 0.0, 1.0, 1.0, 0.0, 0.0], [1.0, 1.0, 0.0, 1.0, 0.0, 0.0], [1.0, 1.0, 1.0, 0.0, 0.0, 0.0], [0.0, 0.0, 0.0, 0.0, 0.0, 0.0], [0.0, 0.0, 0.0, 0.0, 0.0, 0.0]]",[],"['$user$0, 0.925, good, good, None, 0xA41dE09A63f6Cedd633f99052b44450d3BB91D44', '$user$1, 0.937, good, good, None, 0x17725D495A0843Ea05541fD61ba5D4082750bC08', '$user$2, 0.945, good, good, None, 0x37AC7AC5D09bbC6dAC1CF036b7F9DdD0EA4E052E', '$user$3, 0.921, good, good, None, 0x536fc4cd48ad9B3649e8aB615592E83Ec9F5fcd1']","[('close', 'f439451ea732daba0822e93d016430ffda4bee79c754069b1aeb9b48173bae87', 502181), ('slot', 'c8c9617c9734fddc3e260becf7625bd4dcdd710e00c5e6ee31f6199ad9ab34ae', 50802), ('slot', '63a69f698e70a3966edc42ee0e97389717f16adf7cf6c3f8a1897bd03c5ead1f', 50814), ('slot', '8cff678dff6c6f006d42df13763fc2fde4d4542c3a45e254018d0bbfd0650173', 50814), ('slot', '4c09499d2e7518507d098b61a90ed5fcc75bed5aac86065b664bf5f57d6c6f9d', 50814), ('weights', '6bc2ff61536631fba599c2512d1c6c03b4587de76f11fedbba957e0fb57b86bb', 73694), ('weights', '286912998a4c2699749e6f23257c9c740d18e7bfeddf5ca3292c656c44960de5', 56594), ('weights', '2211e3506c576f26fcda011037b766d9baa0b42cf6fe2763225f355ead9898b2', 56594), ('weights', 'e359dcfb0e3d0632e6ea3736217712074f7081a4a601540e46ee0b48b74b673b', 56594), ('feedback', '62c8eb5392d508505660a4f81b91681e4c412077cb638695b1d3876fb5737a21', 217307), ('feedback', 'b7b6f862c44a47caa771aaff14b98a47be436658d3a5c1504a0ddcdcbbda6488', 183107), ('feedback', '904698e57331c641b6a6b1ae763605904808992574f8f3906e374ee09a3cac69', 166007), ('feedback', 'b7e9e8dd007be7746733621e77a1344cecb114e3b7860df67bf90a6dae791b95', 166007), ('contrib', 'd2fa3c7eb5b66c7a96978b6a50095c1042acdb49eb52a8c5a83b23427e0d299c', 75223), ('contrib', '7848e42b2fb327a97a2c1d0a09b1966b11803d3004cea0b5c10e65ef5ded9fbb', 58123), ('contrib', '301afb453b0d0ca4953d1f9a26e50bafd2ddf48d4bbad9bfeed19b9128ad130c', 58123), ('contrib', '343a8f46e32f056d25a6d3d0259b92d858511d2b316818a6e1ff249c8fd390e2', 58123), ('close', '0221b6b58be3e22b339d454c38e4aa3c86b200d9f4f68253bfcf264fcdc0fc31', 410442)]"
# $gasCosts$[381779, 371253, 313379, 313379, 337053, 313379, 75223, 58123, 58123, 58123, 58123, 58123, 323401, 248879, 233779, 226353, 237553, 226353, 75223, 58123, 58123, 58123, 58123, 323401, 255001, 237901, 277701, 229293, 277701, 75223, 58123, 58123, 58123, 58123, 323401, 255001, 237901, 237901, 239293, 237901, 75223, 58123, 58123, 58123, 58123, 321749, 253349, 236249, 236249, 239293, 210683, 75223, 58123, 58123, 58123, 270522, 219222, 202122, 202122, 186678, 75223, 58123, 58123, 58123, 270522, 219222, 202122, 202122, 186678, 75223, 58123, 58123, 58123, 270522, 219222, 202122, 202122, 186678, 75223, 58123, 58123, 58123, 270522, 219222, 202122, 202122, 186678, 75223, 58111, 58123, 58123, 217307, 183107, 166007, 166007, 75223, 58123, 58123, 58123],[126674, 126674, 126674, 126674, 126674],[50814, 50814, 50814, 50802, 50814, 50814, 50814, 50814, 50814, 50814, 50814, 50814, 50814, 50814, 50814, 50802, 50814, 50814, 50814, 50814, 50814, 50814, 50814, 50814, 50814, 50814, 50814, 50814, 50802, 50802, 50814, 50814, 50814, 50814, 50814, 50814, 50814, 50814, 50814, 50814, 50814, 50814, 50814, 50814, 50814, 50814, 50814, 50802, 50814, 50814, 50802, 50814, 50814, 50814],[73694, 56594, 56594, 56594, 56582, 56594, 73694, 56582, 56594, 56594, 56582, 56594, 73694, 56594, 56594, 56594, 56582, 56594, 73682, 56594, 56594, 56594, 56582, 56594, 73694, 56594, 56594, 56594, 56582, 56594, 73694, 56594, 56594, 56594, 56594, 73694, 56582, 56594, 56594, 56594, 73694, 56594, 56594, 56594, 56594, 73682, 56582, 56594, 56582, 56594, 73694, 56594, 56594, 56594],[641581, 643640, 643640, 643640, 618388, 543321, 543321, 543321, 502181, 410442],[],[]
# TOTAL EXPERIMENT TIME: 263.24 seconds
