# Author Nykjaer
# ------Specs--------# cpu_name:  (processor model)
# cpu_cores: 6 (physical cores)
# ram_gb: 13.5 (system memory in GB)
# gpu_name: NVIDIA GeForce RTX 3060 Laptop GPU (graphics processor)
# os_name: Linux (operating system)
# ------Config--------# good_contributors: 4 (honest participants)
# bad_contributors: 1 (malicious participants)
# freeriders: 1 (contribute 0)
# inactive: 0 (never join)
# reward: 1000000000000000000 (total reward pool)
# minimum_rounds: 10 (rounds to simulate)
# min_buy_in: 1000000000000000000 (lower buy-in bound)
# max_buy_in: 1000000000000000000 (upper buy-in bound)
# standard_buy_in: 1000000000000000000 (default buy-in)
# epochs: 1 (local epochs per round)
# batch_size: 32 (training batch size)
# punish_factor: 3 (penalty multiplier)
# first_round_fee: 50 (fee for first round)
# fork: True (True=local fork, False=real net)
# contribution_score_strategy: naive (scoring method)
# use_outlier_detection: False (Whether to use outlier detection)
# freerider_start_round: 1 (When freeriders should start freeriding)
# freerider_noise_scale: 0.01 (How much noise a freeder should add)
round,time,globalAcc,globalLoss,GRS,accAvgPerUser,lossAvgPerUser,rewards,conctractBalanceRewards,punishments,contributionScores,feedbackMatrix,disqualifiedUsers,userStatuses,GasTransactions
# $startingUserConfig$['$user$0, 0, good, good, None, 0xA41dE09A63f6Cedd633f99052b44450d3BB91D44', '$user$1, 0, good, good, None, 0x17725D495A0843Ea05541fD61ba5D4082750bC08', '$user$2, 0, good, good, None, 0x37AC7AC5D09bbC6dAC1CF036b7F9DdD0EA4E052E', '$user$3, 0, good, good, None, 0x536fc4cd48ad9B3649e8aB615592E83Ec9F5fcd1', '$user$4, 0, good, bad, 3, 0x118E560679B62a9F24c135A96d416548782f8cc2', '$user$5, 0, good, freerider, 1, 0xA2F37A08a8488CB8551a0D03f7A73f4156757de7']
0,23:37:38.724,0,720.578125,"[1000000000000000000, 1000000000000000000, 1000000000000000000, 1000000000000000000, 1000000000000000000, 1000000000000000000]",[],[],[],1000000000000000000,[],[],,[],"['$user$0, 0, good, good, None, 0xA41dE09A63f6Cedd633f99052b44450d3BB91D44', '$user$1, 0, good, good, None, 0x17725D495A0843Ea05541fD61ba5D4082750bC08', '$user$2, 0, good, good, None, 0x37AC7AC5D09bbC6dAC1CF036b7F9DdD0EA4E052E', '$user$3, 0, good, good, None, 0x536fc4cd48ad9B3649e8aB615592E83Ec9F5fcd1', '$user$4, 0, good, bad, 3, 0x118E560679B62a9F24c135A96d416548782f8cc2', '$user$5, 0, good, freerider, 1, 0xA2F37A08a8488CB8551a0D03f7A73f4156757de7']","[('register', 'f8aa2845271b13b4fa2bc7694fc09a0b109302b2db9757ed80bd1881e177c8ce', 126674), ('register', 'bb4608b2e68a4a7d93ca7e4d6c19e89907db923e6cf2932b26e0ad5e0da6aa81', 126674), ('register', '220bef2a0b85c5e72c7ebf55fcb8e69d37c5421b07c09f86ec5d4227ff5b5155', 126674), ('register', '0a2de3059140b1a73d7795913ca042dc29a001b8058e88a80949f45e0c92d263', 126674), ('register', '55814d702726c019bf8d53f2ab1a745f4305dfecfcff797e34fefbbd5b686cec', 126674)]"
1,23:38:08.580,0.3085,714.0821533203125,"[1153333333333333333, 1153333333333333333, 1153333333333333333, 1153333333333333333, 1153333333333333333, 333333333333333334]","[13, 10, 11, 10, 10, 10]","[74, 74, 74, 74, 74, 74]","[('0xA41dE09A63f6Cedd633f99052b44450d3BB91D44', 4000000000000000000, 153333333333333333, 1153333333333333333), ('0x17725D495A0843Ea05541fD61ba5D4082750bC08', 4000000000000000000, 153333333333333333, 1153333333333333333), ('0x37AC7AC5D09bbC6dAC1CF036b7F9DdD0EA4E052E', 4000000000000000000, 153333333333333333, 1153333333333333333), ('0x536fc4cd48ad9B3649e8aB615592E83Ec9F5fcd1', 4000000000000000000, 153333333333333333, 1153333333333333333), ('0x118E560679B62a9F24c135A96d416548782f8cc2', 1000000000000000000, 153333333333333333, 1153333333333333333)]",900000000000000000,"[(1, 166666666666666666)]","[200000000000000000, 200000000000000000, 200000000000000000, 200000000000000000, 200000000000000000]","[[0.0, 1.0, 1.0, 1.0, 1.0, -1.0], [1.0, 0.0, 1.0, 1.0, 0.0, -1.0], [1.0, 1.0, 0.0, 1.0, 0.0, -1.0], [1.0, 1.0, 1.0, 0.0, 0.0, -1.0], [1.0, 1.0, 1.0, 1.0, 0.0, -1.0], [0.0, 0.0, 0.0, 0.0, 0.0, 0.0]]",[6],"['$user$0, 0.679, good, good, None, 0xA41dE09A63f6Cedd633f99052b44450d3BB91D44', '$user$1, 0.715, good, good, None, 0x17725D495A0843Ea05541fD61ba5D4082750bC08', '$user$2, 0.741, good, good, None, 0x37AC7AC5D09bbC6dAC1CF036b7F9DdD0EA4E052E', '$user$3, 0.692, good, good, None, 0x536fc4cd48ad9B3649e8aB615592E83Ec9F5fcd1', '$user$4, 0.61, good, bad, 3, 0x118E560679B62a9F24c135A96d416548782f8cc2', '$user$5, 0, freerider, freerider, 1, 0xA2F37A08a8488CB8551a0D03f7A73f4156757de7']","[('slot', 'f51c6c07ec0e69f6c1b15097fb83a628bfc1a92c07721e967b3f29cb8c3f7863', 50814), ('slot', '9010db349695c6af64ab77e19d027676cbbbce0c1d594344c56f3e85f0e02aca', 50814), ('slot', 'cef7376a5db39435ac45a3305050b636a2a2123455d666edfb50d3ce7eccdfed', 50814), ('slot', '587c749327bab3f044116fad72447467370500fb3e90921f5f8de3e12a72007f', 50814), ('slot', '94a21b7e36d4ba80037ba623f5336a3184fa889e22120aace1f342a1bdeb28bf', 50814), ('slot', 'eefca7a631d12d00b680f5a47312a6f2ede678a28a7159a82890a1ca4fb28940', 50814), ('weights', '5843ed576b40b33d0b2c57b54cd5f7548ad862f51dff88b77d99c7ee0699ed10', 73694), ('weights', '2483ee70cb68a89b42dcfde328bbea15e5e239df4b25ae5b7896a54bb3f989df', 56582), ('weights', '560f0203da6d555260a4990407e7be0748ba503ab6eabf45423cd06bb9f58188', 56594), ('weights', '1bd07dc4f625974b2dbdf9d89c7cc45c67365800915c0579bca42afa28158210', 56594), ('weights', 'cd9e0729939e4c24afe3fb70e2ff24bb9c3cc63c3f44bacc4c2e2802f82c411f', 56594), ('weights', '7697b107372e500caa9c384980615fe868c88948a475405e5b33d1202907a940', 56594), ('feedback', 'cbb4d0e353dc70a3a5174834b136d829ae868d901cccee9292a4833226e60a01', 403001), ('feedback', '96d3ec8c2e076fac079ee35b27d541e4c40e4d4eeba2abbe971c566a6548105a', 310927), ('feedback', 'dee876cdf14d54339266163ba37118be9d886b4235a4f1e3c354573f79cd34f2', 293827), ('feedback', '9271b0f6490993603d04057da49638174134ff43c3d7559bce00f2b756a7d80a', 293827), ('feedback', '572696c9949ac4c1e882d6648425f2334852e2e992c0179c9b9bdcac16f4c7c1', 317501), ('feedback', '8c3bda5967be70b54040247613da905e3c8b5677cf97e9d0ce4d4d021c5a72e0', 218683), ('contrib', '8cd7bd9a48fb4c40d7f5037afb0c8d9500e005191e9e8ba93448e008f51f0637', 75199), ('contrib', 'b4e0d48f119daeda0ce3b702c8d6737e6db7fc13f970305f7b5d911449ceb069', 58099), ('contrib', 'c6b240348f05dbbd7d52a34c467d847ac48f4f6652eb5f320b5ad95856567c2b', 58099), ('contrib', '18802d291910d36602ce7ed0f851365776dbeb679bb0b5907c359ad03e5cd24c', 58099), ('contrib', '3d55f725a66f9294fa41d5682b2c64c459810af965553c87132faa9f12aadca9', 58099), ('close', 'f0ef47988b717e72b7aa43c70777fd7593844267c22ef595e2a188fb18b1e153', 671004)]"
2,23:38:35.411,0.6714,477.7426528930664,"[1195555555555555555, 1195555555555555555, 1195555555555555555, 1195555555555555555, 1195555555555555555, 222222222222222223]","[27, 28, 32, 30, 29, 32]","[73, 73, 73, 73, 73, 73]","[('0xA41dE09A63f6Cedd633f99052b44450d3BB91D44', 4613333333333333332, 42222222222222222, 1195555555555555555), ('0x17725D495A0843Ea05541fD61ba5D4082750bC08', 4613333333333333332, 42222222222222222, 1195555555555555555), ('0x37AC7AC5D09bbC6dAC1CF036b7F9DdD0EA4E052E', 4613333333333333332, 42222222222222222, 1195555555555555555), ('0x536fc4cd48ad9B3649e8aB615592E83Ec9F5fcd1', 4613333333333333332, 42222222222222222, 1195555555555555555), ('0x118E560679B62a9F24c135A96d416548782f8cc2', 4613333333333333332, 42222222222222222, 1195555555555555555)]",800000000000000000,"[(2, 111111111111111111)]","[200000000000000000, 200000000000000000, 200000000000000000, 200000000000000000, 200000000000000000]","[[0.0, 1.0, 1.0, 1.0, 1.0, -1.0], [1.0, 0.0, 1.0, 1.0, 1.0, -1.0], [1.0, 1.0, 0.0, 1.0, 1.0, -1.0], [1.0, 1.0, 1.0, 0.0, 1.0, -1.0], [1.0, 1.0, 1.0, 1.0, 0.0, -1.0], [0.0, 0.0, 0.0, 0.0, 0.0, 0.0]]",[6],"['$user$0, 0.651, good, good, None, 0xA41dE09A63f6Cedd633f99052b44450d3BB91D44', '$user$1, 0.602, good, good, None, 0x17725D495A0843Ea05541fD61ba5D4082750bC08', '$user$2, 0.683, good, good, None, 0x37AC7AC5D09bbC6dAC1CF036b7F9DdD0EA4E052E', '$user$3, 0.609, good, good, None, 0x536fc4cd48ad9B3649e8aB615592E83Ec9F5fcd1', '$user$4, 0.628, good, bad, 3, 0x118E560679B62a9F24c135A96d416548782f8cc2', '$user$5, 0, freerider, freerider, 1, 0xA2F37A08a8488CB8551a0D03f7A73f4156757de7']","[('close', 'f0ef47988b717e72b7aa43c70777fd7593844267c22ef595e2a188fb18b1e153', 671004), ('slot', 'ca117780f8c0829f3d34345a5636cf624ebe87e1fdd9c8c91fd648b14262621a', 50814), ('slot', '937e3e010f8aed38c17239c0a35975676d564dfc53351bb7b9f017c3acd3c109', 50814), ('slot', 'b70e6c83f2b30376d81381ff336b17a8d59eeb9d77493bc33843fea23709d159', 50814), ('slot', '6fe80ee2cf52d6a2d7e6906778d870def2ca2f58e4392106b7e2073c3708f012', 50814), ('slot', 'f4082e86fe85dc136503df3eeaeecaa943905c78615933a2138d794c7509307d', 50802), ('slot', '49b6664ea4a123524a0fc63912e233d36230a2435af2700722930792192575c9', 50814), ('weights', 'ea69517f999b2fc4d06bacb63c0abbec093e1ad4d3905ccf74af75b33536249a', 73694), ('weights', '945106f5924e30a16c3ba3e3b86f9dfb12cb209767d21cb21ea76818cae1509a', 56582), ('weights', '3faec944163620e50b6e9323bda9d683c13ebb6dae4dade3e964aaa69344c35b', 56582), ('weights', '1e9ee6f5d0977ca9aa6824227baef5ee482d6d873a954f7091af060bbac118a3', 56594), ('weights', '01867dcd0d7fd7da32f430ece48fe8dc3bad1e5e8ab754d23aacb3280f484baa', 56594), ('weights', '30170ce45fc760c149e5cb33653b5725932bd0ffd47239e3602f8bf7e67af72d', 56594), ('feedback', 'ca708f2349b2914210dd9b384652566b6a724b90d1c4490118b1546e533abed0', 323401), ('feedback', 'f11b07228a4525bb57dab1507ef38a7deb8829906be7d79eacf917cb7af1d89b', 274901), ('feedback', 'e338eb0fe6497297a7aa5c0e47c0873036e802776e4e554020e928beec838cce', 257801), ('feedback', 'acdb4641695b81eefdcb1d77e75f3cf3539389ce3e796ddab2ef5d11e7cdb22f', 257801), ('feedback', 'c550672e748833c1e3b3274897238bf8fddd319ed3ca6178828243938b8df2f9', 237901), ('feedback', '3fff8cfbd5ae5a151217dceb5d3b9f36ebbe3e727c5a45626593fccd73b66c2e', 218683), ('contrib', '09dd367efad3ed4d573a103a179cfa8a423af3d918152fa2ecc56c023243c269', 75199), ('contrib', 'd70aeb8e66bccbba023890a0fce6b93c87c5e1499f3f39406bd5198e38ba3207', 58099), ('contrib', '6caa38ebb8d66dc2598cb05d9f85b006da415cc20344361df7cd2276b7b87b78', 58099), ('contrib', '297410ae576839c7418d16981b20682884984210c83a0cfaf24ec7c82ada464b', 58099), ('contrib', '38ea2242355cbd92566b7595ad365fa19ee83241638d00756b8414a8bfcb5814', 58099), ('close', '4fa40bf01463b8fffe912936aeb29d0d14acf51bd7ecfce0b28e17748b6e02a7', 643640)]"
3,23:39:00.745,0.837,176.88702556490898,"[1375740740740740740, 1375740740740740740, 1375740740740740740, 1375740740740740740, 797037037037037037, 0]","[66, 65, 67, 66, 67, 70]","[49, 49, 49, 50, 49, 48]","[('0xA41dE09A63f6Cedd633f99052b44450d3BB91D44', 2391111111111111110, 180185185185185185, 1375740740740740740), ('0x17725D495A0843Ea05541fD61ba5D4082750bC08', 2391111111111111110, 180185185185185185, 1375740740740740740), ('0x37AC7AC5D09bbC6dAC1CF036b7F9DdD0EA4E052E', 2391111111111111110, 180185185185185185, 1375740740740740740), ('0x536fc4cd48ad9B3649e8aB615592E83Ec9F5fcd1', 2391111111111111110, 180185185185185185, 1375740740740740740)]",700000000000000000,"[(3, 398518518518518518), (3, 222222222222222223)]","[250000000000000000, 250000000000000000, 250000000000000000, 250000000000000000]","[[0.0, 1.0, 1.0, 1.0, -1.0, 0.0], [1.0, 0.0, 1.0, 1.0, -1.0, -1.0], [1.0, 1.0, 0.0, 1.0, -1.0, -1.0], [1.0, 1.0, 1.0, 0.0, -1.0, -1.0], [-1.0, -1.0, -1.0, -1.0, 0.0, -1.0], [0.0, 0.0, 0.0, 0.0, 0.0, 0.0]]","[5, 6]","['$user$0, 0.774, good, good, None, 0xA41dE09A63f6Cedd633f99052b44450d3BB91D44', '$user$1, 0.803, good, good, None, 0x17725D495A0843Ea05541fD61ba5D4082750bC08', '$user$2, 0.823, good, good, None, 0x37AC7AC5D09bbC6dAC1CF036b7F9DdD0EA4E052E', '$user$3, 0.797, good, good, None, 0x536fc4cd48ad9B3649e8aB615592E83Ec9F5fcd1', '$user$4, 0.628, bad, bad, 3, 0x118E560679B62a9F24c135A96d416548782f8cc2']","[('close', '4fa40bf01463b8fffe912936aeb29d0d14acf51bd7ecfce0b28e17748b6e02a7', 643640), ('slot', 'a48ebf71a9300c1190b509bf1fa832156c727b5c945ba689c0bdc14d080d1085', 50814), ('slot', 'd79eb59cb406c265770fb7208a2601e8d7c32a14fcc6a508752fcaa45a233c23', 50814), ('slot', 'caa25253eb860c9f4335764ce737259f44eb7516ac0dd9390e63ff1bf3cbe486', 50814), ('slot', 'ea84a4edc209b4668444c7b9086f7a8c0e499957b90ac595db12b63e2f00d212', 50814), ('slot', 'fd85a623ae90d141e2c5abe761a7d2865fa31fda17883fd54b46e775dc40db37', 50814), ('slot', '8d391aeb71faa925ce0f02c9084dc47aff5749b24745c6b05ac8e5b389b367a8', 50814), ('weights', '0779de26cfdfc37dfe0da84308b245d818272f84e1bdbf58033d4f611ddb751e', 73694), ('weights', '640431dea02c6032b56bf346843b9e5788d54410e0894e21d16adc22f0e689e3', 56582), ('weights', '475bd28305f0f548ea0dfbcbea644919fea99cc829b691fe69e7e558c9da0668', 56594), ('weights', 'd7640e95065906e45bca873f6861b59e4ff7f09194a6378f0a5677b505beed9f', 56594), ('weights', '09278c62328532621998a7bf73ec33ebce17a65a1fb045dc62ca50321d0cda95', 56594), ('weights', '94efe4e4e659500052dc52a8897f01d525ec4f0cc4bf95c44d7e63495fe8c6f7', 56594), ('feedback', 'dd8fc7245597f8283e96e3cac3a88de7f123a55f36b8bef04df7ad2dcdf5e7c4', 300527), ('feedback', '323afb17a5768003cbf3c3b7ee29f197270a441bedaa69651ec3fe5a0c62718f', 270449), ('feedback', 'c39f946be296e0c22ad02d4d5b29a667e230c6957b1b1e74eed054ee01ae82bb', 236249), ('feedback', '8779368f1bb537d4a05d0a905bda6b057719e04054662bd5b584149c3214bf57', 236249), ('feedback', '6c95cb01e1b80c1b31d44390546b64b932f9d7c64bedf14b17529c019e486b97', 231293), ('feedback', 'd4e59d813e903a9ff087aa821892671172cb178c35e05c7498abb2d46d5207ee', 218683), ('contrib', 'e783a5d94e51e6232584939e24b6d3f0a280256d0a52a3ff49b22575e4acf648', 75199), ('contrib', '7ff2dc1c945b288369be899d58faff4b69e7b23041e291d6428df4bd9e809d9f', 58099), ('contrib', '06d8697b3114b077652193284538be44a9fa48412757cd438085540f57d10aa9', 58099), ('contrib', '3c4a637defe5eab0d8b39e588d427bf38159354d0c010aeb24d1b2228ad775d8', 58099), ('close', 'a2f65b29601119fbc02ca5f7e20b898193436320c4463ed24da11473c1a643ea', 618388)]"
4,23:39:24.053,0.878,129.40324463695288,"[1467160493827160493, 1467160493827160493, 1467160493827160493, 1467160493827160493, 531358024691358025, 0]","[82, 83, 82, 82, 84, 0]","[17, 18, 19, 20, 17, 0]","[('0xA41dE09A63f6Cedd633f99052b44450d3BB91D44', 3330185185185185183, 91419753086419753, 1467160493827160493), ('0x17725D495A0843Ea05541fD61ba5D4082750bC08', 3330185185185185183, 91419753086419753, 1467160493827160493), ('0x37AC7AC5D09bbC6dAC1CF036b7F9DdD0EA4E052E', 3330185185185185183, 91419753086419753, 1467160493827160493), ('0x536fc4cd48ad9B3649e8aB615592E83Ec9F5fcd1', 3330185185185185183, 91419753086419753, 1467160493827160493)]",600000000000000000,"[(4, 265679012345679012)]","[250000000000000000, 250000000000000000, 250000000000000000, 250000000000000000]","[[0.0, 1.0, 1.0, 1.0, -1.0, 0.0], [1.0, 0.0, 1.0, 1.0, -1.0, 0.0], [1.0, 1.0, 0.0, 1.0, -1.0, 0.0], [1.0, 1.0, 1.0, 0.0, -1.0, 0.0], [-1.0, -1.0, -1.0, -1.0, 0.0, 0.0], [0.0, 0.0, 0.0, 0.0, 0.0, 0.0]]",[5],"['$user$0, 0.853, good, good, None, 0xA41dE09A63f6Cedd633f99052b44450d3BB91D44', '$user$1, 0.837, good, good, None, 0x17725D495A0843Ea05541fD61ba5D4082750bC08', '$user$2, 0.864, good, good, None, 0x37AC7AC5D09bbC6dAC1CF036b7F9DdD0EA4E052E', '$user$3, 0.846, good, good, None, 0x536fc4cd48ad9B3649e8aB615592E83Ec9F5fcd1', '$user$4, 0.628, bad, bad, 3, 0x118E560679B62a9F24c135A96d416548782f8cc2']","[('close', 'a2f65b29601119fbc02ca5f7e20b898193436320c4463ed24da11473c1a643ea', 618388), ('slot', '31a74de16a837b0201092e2ca704d20c45a8204b13604f2b712c79ab5d0378d3', 50814), ('slot', '85d567737149f2b1371fc21d478d72f69ae2300844d0be480cfe1eac58d206fd', 50802), ('slot', '14639e139c202f7cfb4c7a79013668e4d0a2b87401356cb2685577482cf69b52', 50814), ('slot', 'd76784009526611bab5f0070c00e5b182620de6e7e496ff80da6ce7b18661f70', 50814), ('slot', '1ec0d7e0bd7b7f974a07f02b9ab6b3b994ac118319853e299799cb6eecdbaf76', 50814), ('weights', '4c5fbc56c4a95181a0a2f897799b5c8d53e865ada390effd6c19d8cd3be8adc1', 73694), ('weights', 'a067f64de69c87a731f57e95045fd2a7da986f8e3b3f963acd1351975d26191a', 56582), ('weights', 'a05772f96b7d2d95ae3ced84d803ab77fa5bb81011c2a6555224d9431564ae25', 56594), ('weights', '19ac2fa8f87f6736faa1bc6ecf4df892ef5a33f209324f62401bf4988af29cde', 56594), ('weights', '37ab2aeea0225782e0f0fe937aee5790741edff995b96537aa5573081fcfcbd5', 56594), ('feedback', 'ef465f24094d065ec34c811d8250b19c84e600ea712e23753d161965209b04a5', 270522), ('feedback', 'c43568b0d475a22150c03eeb191f8edce1dfb456bf41db09c3ea9a63b3bc39eb', 219222), ('feedback', 'fa6596a9ea9a70a6988c8caebe181ba8ea52af3a9283612bd5e565baaed8d8e9', 202122), ('feedback', 'b83e25f1785101c0290264b60c251252ba1417d9e3e2e5f1023a0466bb8768b0', 202122), ('feedback', '529c5e14313192b4dc57177612470a0234a6113154f11bf0b624319ccc169af2', 203166), ('contrib', '8e080b04017106d257eba97550f3826b80784c369deaf9ea095268eeff993765', 75199), ('contrib', '54eea09fc12e16b3a9e16c871bd57b0013033d658ac98dbfa8f5c689e1d510c7', 58099), ('contrib', '03232acda10ba41a763b2f2486cf8a7cfc895c9996d5b4d03da8f4bf74159b3f', 58099), ('contrib', '34eb467dbfe03037d47936fd3c295365748d56e2b7ce4bb6385da36a31ecd3d6', 58099), ('close', 'e89a4dba2dcb409e610dae4aecad67c1669a442e9f85428ad76f619b39d245ab', 543321)]"
5,23:39:47.269,0.8969,105.00413418188691,"[1536440329218106995, 1536440329218106995, 1536440329218106995, 1536440329218106995, 354238683127572017, 0]","[88, 88, 88, 86, 88, 0]","[12, 13, 14, 15, 13, 0]","[('0xA41dE09A63f6Cedd633f99052b44450d3BB91D44', 3870123456790123454, 69279835390946502, 1536440329218106995), ('0x17725D495A0843Ea05541fD61ba5D4082750bC08', 3870123456790123454, 69279835390946502, 1536440329218106995), ('0x37AC7AC5D09bbC6dAC1CF036b7F9DdD0EA4E052E', 3870123456790123454, 69279835390946502, 1536440329218106995), ('0x536fc4cd48ad9B3649e8aB615592E83Ec9F5fcd1', 3870123456790123454, 69279835390946502, 1536440329218106995)]",500000000000000000,"[(5, 177119341563786008)]","[250000000000000000, 250000000000000000, 250000000000000000, 250000000000000000]","[[0.0, 1.0, 1.0, 1.0, -1.0, 0.0], [1.0, 0.0, 1.0, 1.0, -1.0, 0.0], [1.0, 1.0, 0.0, 1.0, -1.0, 0.0], [1.0, 1.0, 1.0, 0.0, -1.0, 0.0], [-1.0, -1.0, -1.0, -1.0, 0.0, 0.0], [0.0, 0.0, 0.0, 0.0, 0.0, 0.0]]",[5],"['$user$0, 0.875, good, good, None, 0xA41dE09A63f6Cedd633f99052b44450d3BB91D44', '$user$1, 0.879, good, good, None, 0x17725D495A0843Ea05541fD61ba5D4082750bC08', '$user$2, 0.886, good, good, None, 0x37AC7AC5D09bbC6dAC1CF036b7F9DdD0EA4E052E', '$user$3, 0.882, good, good, None, 0x536fc4cd48ad9B3649e8aB615592E83Ec9F5fcd1', '$user$4, 0.628, bad, bad, 3, 0x118E560679B62a9F24c135A96d416548782f8cc2']","[('close', 'e89a4dba2dcb409e610dae4aecad67c1669a442e9f85428ad76f619b39d245ab', 543321), ('slot', 'e18ebafbeb3f5d74bec855ea226d3bd596c1f3e3bf2d7d22cb7adb6282140c84', 50814), ('slot', '79ba998f669e74cecb04ddade879647e9860ad7419734f9ed3170e2cd4d3c6d1', 50814), ('slot', '9028e9eb883549bf0657ccbed1c1ee01695ef08f5e417b4d736f46b16aa19b7f', 50814), ('slot', 'b858881ad2ed36977cda1dcbf849dc8d8be9b816276d935af74866fe69109769', 50814), ('slot', '13551cee7c4fa1c185ae9d6dbff855558a5e1c939e6066800261751b33b6d9fb', 50814), ('weights', '20933acf553e7f81475fc1d0e9fa9501fe03ede73fb754c1fb122adc2a226862', 73694), ('weights', '4ae0e23f468892f5003feb071396c9451167319fa34e6dc04152744fedd2d6ae', 56582), ('weights', '9095aea712bc643a89c6ccf22f724c9bf680c3b7b70c8ef18081a58094e739a8', 56594), ('weights', 'd70d6fd25f9ca26af9c40ea6dfa299fb3223bcb3daf02ccbd9c394928be0bd73', 56594), ('weights', 'af38fcde1c49e0f64f06a4a20ec200037b1a730377728b06b67528d652b08bb3', 56582), ('feedback', '9a60dc08c0fc95299327d75e2631a8a20eaf856a3da25728c773a88ad10d48c8', 270522), ('feedback', '5c1d2c69ca3f5f4c5d8ab49dc20e017409a13d4110cee468356d1d8352203c61', 219222), ('feedback', 'c84ac117075eea01013d49f4e5dff48de5effb6e70830b55935ba5a1d274da98', 202122), ('feedback', '8dfe423a6a1ac6635bb553b06f2915f285e20181d387d05072b90034ae077eeb', 202122), ('feedback', 'd75e13f26ed49645092d1733db537b55a986b385db8e234b6ab58d696183ff89', 203166), ('contrib', 'b1efedfed8599994b108b093c40959e2a79941157742f66335c93ba059d7f6be', 75199), ('contrib', 'aea9b2d565eb677a9d0363c9d9ff2a31f7fd679036b9532be9e626c11308d3ee', 58099), ('contrib', '01c916ceb052ca61c45668442378327a3fd5c4db06b665cbc924e0e2329fdf0b', 58099), ('contrib', '6ec566cb219d9e07c2390f27d3e9acc1e8197df32a6af811586806e090021416', 58099), ('close', '29e95727eaa74b7c294f9bc00f069d53ca0784046f6397b791f240f3ff170f1b', 543321)]"
6,23:40:10.430,0.9133,89.06095110625029,"[1590960219478737996, 1590960219478737996, 1590960219478737996, 1590960219478737996, 236159122085048012, 0]","[90, 90, 91, 88, 89, 0]","[10, 10, 11, 12, 10, 0]","[('0xA41dE09A63f6Cedd633f99052b44450d3BB91D44', 4255082304526748968, 54519890260631001, 1590960219478737996), ('0x17725D495A0843Ea05541fD61ba5D4082750bC08', 4255082304526748968, 54519890260631001, 1590960219478737996), ('0x37AC7AC5D09bbC6dAC1CF036b7F9DdD0EA4E052E', 4255082304526748968, 54519890260631001, 1590960219478737996), ('0x536fc4cd48ad9B3649e8aB615592E83Ec9F5fcd1', 4255082304526748968, 54519890260631001, 1590960219478737996)]",400000000000000000,"[(6, 118079561042524005)]","[250000000000000000, 250000000000000000, 250000000000000000, 250000000000000000]","[[0.0, 1.0, 1.0, 1.0, -1.0, 0.0], [1.0, 0.0, 1.0, 1.0, -1.0, 0.0], [1.0, 1.0, 0.0, 1.0, -1.0, 0.0], [1.0, 1.0, 1.0, 0.0, -1.0, 0.0], [-1.0, -1.0, -1.0, -1.0, 0.0, 0.0], [0.0, 0.0, 0.0, 0.0, 0.0, 0.0]]",[5],"['$user$0, 0.903, good, good, None, 0xA41dE09A63f6Cedd633f99052b44450d3BB91D44', '$user$1, 0.895, good, good, None, 0x17725D495A0843Ea05541fD61ba5D4082750bC08', '$user$2, 0.905, good, good, None, 0x37AC7AC5D09bbC6dAC1CF036b7F9DdD0EA4E052E', '$user$3, 0.898, good, good, None, 0x536fc4cd48ad9B3649e8aB615592E83Ec9F5fcd1', '$user$4, 0.628, bad, bad, 3, 0x118E560679B62a9F24c135A96d416548782f8cc2']","[('close', '29e95727eaa74b7c294f9bc00f069d53ca0784046f6397b791f240f3ff170f1b', 543321), ('slot', '13309d6ebe1372cfd55e42501e3182c91a28e46284d9c7ad5b673b708b1aa99b', 50814), ('slot', '3e28dd95da72475cef1bd52f7d8f11520a0350ed3fdb3bf59a395d15de26b1c5', 50802), ('slot', '5133302774ce14050090326b75f90ba6348739799c3d9457cce37a20e7e0ad76', 50802), ('slot', '6226ea8d5c9da3db77539072f50e934a68b16b43541895c442591795866927ce', 50814), ('slot', 'dca057fded38f691d64978e2d4f8586fad12399747e525c22b752ce11e1ed306', 50814), ('weights', 'd695a5c60dce3cd5c97f92d2abe57668501171d0672bb36330a2a08b9bd2bd8d', 73694), ('weights', '4a25f4a10d5961683322ca7f7d86a556436eec3b97b45d6424fc14dec4fce1e9', 56582), ('weights', 'ad3a4d586efa5ee4837c82316bcd4d3fcc045bc264f1d5d1e33732d2c964528c', 56594), ('weights', '7eaba3995c682eeb0dae958290e7c7826f78f55e99e6ec5bedada254712e39e4', 56594), ('weights', '725a09aea86d7eb778b08a2a875ee268b053f9f337a2b3ffd3b911bfd09ff756', 56594), ('feedback', '17ab968b34597a9b15dfb8a1906f2a19c1e13da59c6c7924c6849345077d554b', 270522), ('feedback', '19c810a7b2536b72fed1ca67ff6240d05d79278b95a7020c884cc6e602ba99e9', 219222), ('feedback', '57ed4a40792a054989118ecc785fe080546b658d3613b28ce14a0e419225bf61', 202122), ('feedback', '730b2be61fbe8be2a7d8c97f0d7ca418ff98c94633ab8cd1aad3c2af59ab0e1e', 202122), ('feedback', 'f91c175bbf18d14b257ce02b25b2a71a41592fd287df64e91d07be992b3679bc', 203166), ('contrib', 'df8152ecd9ead325eb974bfda1271b347781d4ea3b59e181d6e0cb29c3e806f7', 75199), ('contrib', '59b8f5d72e696c4082246204501d1ac5758bef1abcb277b0ba6fe7c3f9cbc83d', 58099), ('contrib', '2f4af330ffffbbc6e2234bec482f765e7e16224bbd022e3f0190451f96a80ee2', 58099), ('contrib', 'ebc040194f450dddeff1d805f8bf56bfa95ab81944c751b012b5bbe6960b1a7c', 58099), ('close', '208359b9025799c2f5edd5bad9771ae365afca32f215ea6333ae07befb4e35d8', 543321)]"
7,23:40:33.682,0.9259,76.75254394859076,"[1674999999999999999, 1674999999999999999, 1674999999999999999, 1674999999999999999, 0, 0]","[92, 92, 92, 89, 92, 0]","[8, 9, 9, 11, 9, 0]","[('0xA41dE09A63f6Cedd633f99052b44450d3BB91D44', 4536721536351165976, 84039780521262003, 1674999999999999999), ('0x17725D495A0843Ea05541fD61ba5D4082750bC08', 4536721536351165976, 84039780521262003, 1674999999999999999), ('0x37AC7AC5D09bbC6dAC1CF036b7F9DdD0EA4E052E', 4536721536351165976, 84039780521262003, 1674999999999999999), ('0x536fc4cd48ad9B3649e8aB615592E83Ec9F5fcd1', 4536721536351165976, 84039780521262003, 1674999999999999999)]",300000000000000000,"[(7, 236159122085048012)]","[250000000000000000, 250000000000000000, 250000000000000000, 250000000000000000]","[[0.0, 1.0, 1.0, 1.0, -1.0, 0.0], [1.0, 0.0, 1.0, 1.0, -1.0, 0.0], [1.0, 1.0, 0.0, 1.0, -1.0, 0.0], [1.0, 1.0, 1.0, 0.0, -1.0, 0.0], [-1.0, -1.0, -1.0, -1.0, 0.0, 0.0], [0.0, 0.0, 0.0, 0.0, 0.0, 0.0]]",[5],"['$user$0, 0.915, good, good, None, 0xA41dE09A63f6Cedd633f99052b44450d3BB91D44', '$user$1, 0.908, good, good, None, 0x17725D495A0843Ea05541fD61ba5D4082750bC08', '$user$2, 0.921, good, good, None, 0x37AC7AC5D09bbC6dAC1CF036b7F9DdD0EA4E052E', '$user$3, 0.898, good, good, None, 0x536fc4cd48ad9B3649e8aB615592E83Ec9F5fcd1']","[('close', '208359b9025799c2f5edd5bad9771ae365afca32f215ea6333ae07befb4e35d8', 543321), ('slot', '618beb4addfe8ad06d8d932d2ebbc2d6a855cc9b148adad11b5f99d71e07a099', 50814), ('slot', '3ce1033abf4a0d8bb3f1a9893512ddd45ef1e8802f213d67a38e5f867c7a8174', 50814), ('slot', '28e615b5ce2796023fc9363bf09edd4cf66593c52d65b4fed355f4d0c77b3f21', 50814), ('slot', '1c5f68e9345220eee18e2ad71ed5932251eb03f8553b37a02a0d980b87a4a569', 50814), ('slot', 'e8baef1bc2095e7fb044a1bb4ddf34970cc4ce173fa12ca6a444cb88274cace2', 50814), ('weights', '45a3165e62e249004807b642693b73ea94ba150e5b056606023cb304812ec8d7', 73694), ('weights', 'b730a6415d3d5a08769f6cc1e82edcf3f26e40308d269b5ada0195f1505b2a38', 56570), ('weights', '60144e75caf03f9874648c5dd04632e4f1e7d250b247ce421d1ede534668b074', 56594), ('weights', '31114bc5ebb7395c445568e36639c0172b9a9b7c48de24a4556cd64a5295de90', 56594), ('weights', '1cf5b03b15feecb0dae8c608873b05f0e77125e002740e729f90ed78a9d98002', 56594), ('feedback', '5911684f9b38c60a1875230c7d31414edbb49bee74b90266c58ba7131a4b19b6', 270522), ('feedback', '2421829cb6fff8229b651667f3e4f4e9ebbef8c7879f472c95ab9f9141f437e5', 219222), ('feedback', '77d9473ae4a4d3b020b2dbc842f594b87f7a4643896c9397844e25b93c8e7240', 202122), ('feedback', '9ed5f4708d19954819196d2de850e0c40fba2b49eb7335b89cf34823a699d8de', 202122), ('feedback', '1f8337f9c243754517ece0fd1a5c025ea433f00fdf2ab2a095a389ae0b345afe', 203166), ('contrib', '062339ab0da6b9545f4ce11fbda7ea92fca99697fc954fffeb739882492646f4', 75199), ('contrib', '1c8737e49546326b1ba98bcf23efce97c6b47c742bec45ace9cb268c455f282f', 58099), ('contrib', '5ccffd6a63f5620bd154b6f11bfacc170bac059619d4613ab3579c9f50a61b59', 58099), ('contrib', '73d220eeb0ddf4d83dba3d1bbeae9f230fec25fac87c892c3007dba09c678d1b', 58099), ('close', '25ea415ac8754d8bccb2a2f573486d7284e41043d7ca744b03d65a9f56a8af76', 502181)]"
8,23:40:55.006,0.9325,68.94653783366084,"[1699999999999999999, 1699999999999999999, 1699999999999999999, 1699999999999999999, 0, 0]","[92, 92, 94, 90, 0, 0]","[7, 8, 8, 9, 0, 0]","[('0xA41dE09A63f6Cedd633f99052b44450d3BB91D44', 5024999999999999997, 25000000000000000, 1699999999999999999), ('0x17725D495A0843Ea05541fD61ba5D4082750bC08', 5024999999999999997, 25000000000000000, 1699999999999999999), ('0x37AC7AC5D09bbC6dAC1CF036b7F9DdD0EA4E052E', 5024999999999999997, 25000000000000000, 1699999999999999999), ('0x536fc4cd48ad9B3649e8aB615592E83Ec9F5fcd1', 5024999999999999997, 25000000000000000, 1699999999999999999)]",200000000000000000,[],"[250000000000000000, 250000000000000000, 250000000000000000, 250000000000000000]","[[0.0, 1.0, 1.0, 1.0, 0.0, 0.0], [1.0, 0.0, 1.0, 1.0, 0.0, 0.0], [1.0, 1.0, 0.0, 1.0, 0.0, 0.0], [1.0, 1.0, 1.0, 0.0, 0.0, 0.0], [0.0, 0.0, 0.0, 0.0, 0.0, 0.0], [0.0, 0.0, 0.0, 0.0, 0.0, 0.0]]",[],"['$user$0, 0.913, good, good, None, 0xA41dE09A63f6Cedd633f99052b44450d3BB91D44', '$user$1, 0.916, good, good, None, 0x17725D495A0843Ea05541fD61ba5D4082750bC08', '$user$2, 0.926, good, good, None, 0x37AC7AC5D09bbC6dAC1CF036b7F9DdD0EA4E052E', '$user$3, 0.91, good, good, None, 0x536fc4cd48ad9B3649e8aB615592E83Ec9F5fcd1']","[('close', '25ea415ac8754d8bccb2a2f573486d7284e41043d7ca744b03d65a9f56a8af76', 502181), ('slot', '5a8531b5a9ac0e0f40350a4b4477d749da44dbd259d7fcbfdee066f962b143a7', 50814), ('slot', '4a8348334d69720d0063b1c5e42e66e708c4f5e57ba3dff5ccc9b7bf5fc54932', 50814), ('slot', '112cd5008a7e57bb4734980eef6855f9c26f9d252740bc855a6437ab2920cf35', 50802), ('slot', '252c5e36f0b5bf35b8ffe20b3fdf5a74d17145a24ceda5f99c4dc8e5ffb73235', 50814), ('weights', '6549fdbb5ef7c8cdbf9963cf278d6ffe3653c720ce9e9bc3e6d7540397b0435a', 73694), ('weights', '758ea7ea6c96320941de609b06b7bae360f915019356a808fa2511f03f11b105', 56582), ('weights', 'f7311012f5cf7c7abc620765f51ef96a83c3e611a03d2390a68a65e68a2d8bf3', 56594), ('weights', '38aa814be67641a51e182f5f5231b2cac538a5975f8e67bea9ae2618ed46cb18', 56594), ('feedback', '488b0645a968313b920460ecce92f1024f049ceb9f5f90a174b0a625a58f676e', 217307), ('feedback', 'a9dac33c45d4a168e3c2ac3e09ce5d7ca44cd01dc03ddcdcdfb2194bc0617252', 183107), ('feedback', 'c728af59f609bb1612d5421903503746961374c05920f549279b0351775f1114', 166007), ('feedback', '496c4a28fdca0d9b5e0ef1171a1e6fbd4a7648cb528128737576c4d1431a03e4', 166007), ('contrib', '3e1bccc3e1f673132a39a2e22587ab058c12d29db8c34e3806299872bdd2efd6', 75199), ('contrib', 'e19714de017bc01240dcc2a55775c71e155f9cb2698d63f9134dcb0d04efbbe6', 58099), ('contrib', 'f7c4688e7bc3dcd03ae4038103e7bd0136efcf7844a664d7b0241b6e5ba7f5a3', 58099), ('contrib', '813e5719fb4f2c3df65f6488c99f2d7655088b68b75d4556db1cd8760c830b46', 58099), ('close', '7b1fb1505c4ca2150d41c7fdf12e05c26e4ccf49eae88e2a86e8754ea3acf072', 410442)]"
9,23:41:16.267,0.9397,60.721075136214495,"[1724999999999999999, 1724999999999999999, 1724999999999999999, 1724999999999999999, 0, 0]","[93, 93, 94, 91, 0, 0]","[7, 7, 7, 8, 0, 0]","[('0xA41dE09A63f6Cedd633f99052b44450d3BB91D44', 5099999999999999997, 25000000000000000, 1724999999999999999), ('0x17725D495A0843Ea05541fD61ba5D4082750bC08', 5099999999999999997, 25000000000000000, 1724999999999999999), ('0x37AC7AC5D09bbC6dAC1CF036b7F9DdD0EA4E052E', 5099999999999999997, 25000000000000000, 1724999999999999999), ('0x536fc4cd48ad9B3649e8aB615592E83Ec9F5fcd1', 5099999999999999997, 25000000000000000, 1724999999999999999)]",100000000000000000,[],"[250000000000000000, 250000000000000000, 250000000000000000, 250000000000000000]","[[0.0, 1.0, 1.0, 1.0, 0.0, 0.0], [1.0, 0.0, 1.0, 1.0, 0.0, 0.0], [1.0, 1.0, 0.0, 1.0, 0.0, 0.0], [1.0, 1.0, 1.0, 0.0, 0.0, 0.0], [0.0, 0.0, 0.0, 0.0, 0.0, 0.0], [0.0, 0.0, 0.0, 0.0, 0.0, 0.0]]",[],"['$user$0, 0.927, good, good, None, 0xA41dE09A63f6Cedd633f99052b44450d3BB91D44', '$user$1, 0.935, good, good, None, 0x17725D495A0843Ea05541fD61ba5D4082750bC08', '$user$2, 0.937, good, good, None, 0x37AC7AC5D09bbC6dAC1CF036b7F9DdD0EA4E052E', '$user$3, 0.916, good, good, None, 0x536fc4cd48ad9B3649e8aB615592E83Ec9F5fcd1']","[('close', '7b1fb1505c4ca2150d41c7fdf12e05c26e4ccf49eae88e2a86e8754ea3acf072', 410442), ('slot', '07a5f319eda7eac9256fe58dfd532469a22479bc56143030db29956421400c18', 50814), ('slot', '5502498b8568baa46331cd0d374ca5dc8a0e1ebf4d6dedd3805fc11ce20d7014', 50802), ('slot', '627c561007bf8afb775952aec2e99c001b8ac6ae54719e1d131d693315e57823', 50814), ('slot', 'da5577c27f6b188c2621fd2d967b529529fad055e6e4d93424c77481977bfba9', 50814), ('weights', '260e63e9f692582a55b59cff42c0be212e7d16c557e21fe9ec0451c4171d736d', 73694), ('weights', '72ea8a7f82a9bb26bc849e6a41d72ca0a0df0bdbf2e6efd1138ff8948d07c063', 56570), ('weights', '89ecd387568c03d01d63f809c9f76bc2d41ad08b930325feb919b43915dce771', 56594), ('weights', '83da721ecc316c7279eb5bd0845418c3c9f0bb4dfb8058f465924cd5022859f9', 56594), ('feedback', 'a200379a5bee39de8d7fed5b732e3cd550c15d6a5bfac5f8abc411911f5adaf3', 217307), ('feedback', 'eb409e154aafbf84a289489887b3d294a12ab7b0dd959c269b3087814703d0fa', 183107), ('feedback', '17cc136edbb281855b134a4754c54a86ceb3ce78e50e610f088569514d2d40f5', 166007), ('feedback', 'a528973a004361b04a1eecacc73925cdbc1bc8144fd81923abcdaa90e0aadf33', 166007), ('contrib', 'b23117f070db674c64738219cac54798bbc9680bab993241baaddeee3280c356', 75199), ('contrib', '93bf78421eef2a12f0f19e30ed7906b5d3e307e91ed62de20113cbc248391770', 58099), ('contrib', 'ce0633d36c8ad42542cb4dc5cd2a26d28f3a443ade42fcdde3d2f6bb8d4cae32', 58099), ('contrib', '53fe4714b858cde934ef285a8481389f6cb2aa7a21580c025bc1e7e9a7d6a3b2', 58099), ('close', '649589abf868d116efce288a4a21b231d367bd13a338409cd5eee2530ae91686', 410442)]"
10,23:41:37.368,0.9435,55.761553674936295,"[1749999999999999999, 1749999999999999999, 1749999999999999999, 1749999999999999999, 0, 0]","[94, 94, 95, 92, 0, 0]","[6, 6, 6, 8, 0, 0]","[('0xA41dE09A63f6Cedd633f99052b44450d3BB91D44', 5174999999999999997, 25000000000000000, 1749999999999999999), ('0x17725D495A0843Ea05541fD61ba5D4082750bC08', 5174999999999999997, 25000000000000000, 1749999999999999999), ('0x37AC7AC5D09bbC6dAC1CF036b7F9DdD0EA4E052E', 5174999999999999997, 25000000000000000, 1749999999999999999), ('0x536fc4cd48ad9B3649e8aB615592E83Ec9F5fcd1', 5174999999999999997, 25000000000000000, 1749999999999999999)]",0,[],"[250000000000000000, 250000000000000000, 250000000000000000, 250000000000000000]","[[0.0, 1.0, 1.0, 1.0, 0.0, 0.0], [1.0, 0.0, 1.0, 1.0, 0.0, 0.0], [1.0, 1.0, 0.0, 1.0, 0.0, 0.0], [1.0, 1.0, 1.0, 0.0, 0.0, 0.0], [0.0, 0.0, 0.0, 0.0, 0.0, 0.0], [0.0, 0.0, 0.0, 0.0, 0.0, 0.0]]",[],"['$user$0, 0.919, good, good, None, 0xA41dE09A63f6Cedd633f99052b44450d3BB91D44', '$user$1, 0.942, good, good, None, 0x17725D495A0843Ea05541fD61ba5D4082750bC08', '$user$2, 0.943, good, good, None, 0x37AC7AC5D09bbC6dAC1CF036b7F9DdD0EA4E052E', '$user$3, 0.922, good, good, None, 0x536fc4cd48ad9B3649e8aB615592E83Ec9F5fcd1']","[('close', '649589abf868d116efce288a4a21b231d367bd13a338409cd5eee2530ae91686', 410442), ('slot', 'cf28aff80d27b66ce736152fd5bb6a02cf3caa3e31c9a4d6b1a218545c5790d2', 50814), ('slot', 'fdc2633c4b99ca6b5b2d921e5e214807cc8b4c84a912243c769529fd330d20fa', 50814), ('slot', 'd181ffb2c0a3dccdc569e036151c11793cf477fc11448ee6eb54f1dcd9a3c9d1', 50814), ('slot', 'dbd2775e8019ed72595aa255f42516d6402cae04ce93d89f0c4c98077ec236e5', 50814), ('weights', 'f7276b6b5f324cb05ede63a3d38f1db5ff19ce00e55d9081b8be5b54da074221', 73694), ('weights', 'e77572da02ee53d1e4190bd818931693e97c59fb4ad1eb0cef0e46aaf0963ec1', 56582), ('weights', 'cb4dabb0d851d1462dad9691eb01fface11d5ddf8d1599ce48ea0c83c0815984', 56594), ('weights', '4c13d2773213deaeb0a4f9bebe7cef50b83e948771175aa8f734929fe1fb99a0', 56594), ('feedback', 'e40f17477b3ef31d1444e2e0a1e48a02cb4e05e65a45ce87d52648a611dbdff5', 217307), ('feedback', 'fbab87b69b872e9e4eb5f554d8f0ea5aac81f76cdaad3a77327cd6448462429f', 183107), ('feedback', '01b2698a7bf27f27c10f501f19730c9e03ac85d85de5aa98f4095307a60552ac', 166007), ('feedback', 'b0d0ce8efd9935ed8b2b00b4aabf116d81c32bd6fa74b59b87e5ec6ca91e339f', 166007), ('contrib', 'de71d5f6bb3eac2e08e346f7c620f3777acc9f6d3572cacf8002d18ec329de8f', 75199), ('contrib', '590de9e753c4da10d7706085e82cebcdcd978d783d610ec5d6494244bf60c05b', 58099), ('contrib', '1ba09c3864739043c4e80dbfc192ed8319885e034bf1cf1477524125e1916204', 58099), ('contrib', '16d96d1884d9cc679314dd9dbf8abff7966aecbc41e69ee8a0e7c44b6a5d8970', 58099), ('close', '313b21341354c094c2e4fe581be8ac387344573207cf177c262dc4290640da79', 410442)]"
# $gasCosts$[403001, 310927, 293827, 293827, 317501, 218683, 75199, 58099, 58099, 58099, 58099, 323401, 274901, 257801, 257801, 237901, 218683, 75199, 58099, 58099, 58099, 58099, 300527, 270449, 236249, 236249, 231293, 218683, 75199, 58099, 58099, 58099, 270522, 219222, 202122, 202122, 203166, 75199, 58099, 58099, 58099, 270522, 219222, 202122, 202122, 203166, 75199, 58099, 58099, 58099, 270522, 219222, 202122, 202122, 203166, 75199, 58099, 58099, 58099, 270522, 219222, 202122, 202122, 203166, 75199, 58099, 58099, 58099, 217307, 183107, 166007, 166007, 75199, 58099, 58099, 58099, 217307, 183107, 166007, 166007, 75199, 58099, 58099, 58099, 217307, 183107, 166007, 166007, 75199, 58099, 58099, 58099],[126674, 126674, 126674, 126674, 126674],[50814, 50814, 50814, 50814, 50814, 50814, 50814, 50814, 50814, 50814, 50802, 50814, 50814, 50814, 50814, 50814, 50814, 50814, 50814, 50802, 50814, 50814, 50814, 50814, 50814, 50814, 50814, 50814, 50814, 50802, 50802, 50814, 50814, 50814, 50814, 50814, 50814, 50814, 50814, 50814, 50802, 50814, 50814, 50802, 50814, 50814, 50814, 50814, 50814, 50814],[73694, 56582, 56594, 56594, 56594, 56594, 73694, 56582, 56582, 56594, 56594, 56594, 73694, 56582, 56594, 56594, 56594, 56594, 73694, 56582, 56594, 56594, 56594, 73694, 56582, 56594, 56594, 56582, 73694, 56582, 56594, 56594, 56594, 73694, 56570, 56594, 56594, 56594, 73694, 56582, 56594, 56594, 73694, 56570, 56594, 56594, 73694, 56582, 56594, 56594],[671004, 643640, 618388, 543321, 543321, 543321, 502181, 410442, 410442, 410442],[],[]
# TOTAL EXPERIMENT TIME: 241.13 seconds
