# Author Nykjaer
# ------Specs--------# cpu_name:  (processor model)
# cpu_cores: 6 (physical cores)
# ram_gb: 13.5 (system memory in GB)
# gpu_name: NVIDIA GeForce RTX 3060 Laptop GPU (graphics processor)
# os_name: Linux (operating system)
# ------Config--------# good_contributors: 4 (honest participants)
# bad_contributors: 1 (malicious participants)
# freeriders: 1 (contribute 0)
# inactive: 0 (never join)
# reward: 1000000000000000000 (total reward pool)
# minimum_rounds: 10 (rounds to simulate)
# min_buy_in: 1000000000000000000 (lower buy-in bound)
# max_buy_in: 1000000000000000000 (upper buy-in bound)
# standard_buy_in: 1000000000000000000 (default buy-in)
# epochs: 1 (local epochs per round)
# batch_size: 32 (training batch size)
# punish_factor: 3 (penalty multiplier)
# first_round_fee: 50 (fee for first round)
# fork: True (True=local fork, False=real net)
# contribution_score_strategy: dotproduct (scoring method)
# use_outlier_detection: True (Whether to use outlier detection)
# freerider_start_round: 5 (When freeriders should start freeriding)
# freerider_noise_scale: 0.0 (How much noise a freeder should add)
round,time,globalAcc,globalLoss,GRS,accAvgPerUser,lossAvgPerUser,rewards,conctractBalanceRewards,punishments,contributionScores,feedbackMatrix,disqualifiedUsers,userStatuses,GasTransactions
# $startingUserConfig$['$user$0, 0, good, good, None, 0xA41dE09A63f6Cedd633f99052b44450d3BB91D44', '$user$1, 0, good, good, None, 0x17725D495A0843Ea05541fD61ba5D4082750bC08', '$user$2, 0, good, good, None, 0x37AC7AC5D09bbC6dAC1CF036b7F9DdD0EA4E052E', '$user$3, 0, good, good, None, 0x536fc4cd48ad9B3649e8aB615592E83Ec9F5fcd1', '$user$4, 0, good, bad, 3, 0x118E560679B62a9F24c135A96d416548782f8cc2', '$user$5, 0, good, freerider, 5, 0xA2F37A08a8488CB8551a0D03f7A73f4156757de7']
0,01:22:59.688,0,721.1246948242188,"[1000000000000000000, 1000000000000000000, 1000000000000000000, 1000000000000000000, 1000000000000000000, 1000000000000000000]",[],[],[],1000000000000000000,[],[],,[],"['$user$0, 0, good, good, None, 0xA41dE09A63f6Cedd633f99052b44450d3BB91D44', '$user$1, 0, good, good, None, 0x17725D495A0843Ea05541fD61ba5D4082750bC08', '$user$2, 0, good, good, None, 0x37AC7AC5D09bbC6dAC1CF036b7F9DdD0EA4E052E', '$user$3, 0, good, good, None, 0x536fc4cd48ad9B3649e8aB615592E83Ec9F5fcd1', '$user$4, 0, good, bad, 3, 0x118E560679B62a9F24c135A96d416548782f8cc2', '$user$5, 0, good, freerider, 5, 0xA2F37A08a8488CB8551a0D03f7A73f4156757de7']","[('register', '7bae103f257a88ba62dc29b0e01e76a1e8b43c3651440c8aadcfa1183e46dc24', 126674), ('register', '006ebeddbf79d6da315aebd91bfb3bf20c5091923daf1a33617cd935540a1a43', 126674), ('register', '323a5e49e1f5e926c8a838b5f1907495d6214aa4bed4b5a03694134a35f6fea7', 126674), ('register', '02ebbf4f28bccc6d109d9ea86aba13153dbfdfd7058c8220f97e99eba46c8640', 126674), ('register', '921385b3177203287f459036c73e881dea8de47e7dfb58626a4aee3b5aea221f', 126674)]"
1,01:23:30.458,0.1396,716.9837036132812,"[1016574741891748478, 1016665545105833867, 1016600577527336257, 1016814237846216962, 1016780628274139309, 1016564269354725124]","[11, 10, 10, 10, 11, 12]","[74, 74, 74, 74, 74, 74]","[('0xA41dE09A63f6Cedd633f99052b44450d3BB91D44', 5000000000000000000, 16574741891748478, 1016574741891748478), ('0x17725D495A0843Ea05541fD61ba5D4082750bC08', 5000000000000000000, 16665545105833867, 1016665545105833867), ('0x37AC7AC5D09bbC6dAC1CF036b7F9DdD0EA4E052E', 5000000000000000000, 16600577527336257, 1016600577527336257), ('0x536fc4cd48ad9B3649e8aB615592E83Ec9F5fcd1', 5000000000000000000, 16814237846216962, 1016814237846216962), ('0x118E560679B62a9F24c135A96d416548782f8cc2', 5000000000000000000, 16780628274139309, 1016780628274139309), ('0xA2F37A08a8488CB8551a0D03f7A73f4156757de7', 5000000000000000000, 16564269354725124, 1016564269354725124)]",900000000000000000,[],"[165747404098510742, 166655436158180236, 166005760431289672, 168142363429069519, 167806267738342285, 165642678737640380]","[[0.0, 1.0, 1.0, 1.0, 1.0, 1.0], [1.0, 0.0, 1.0, 1.0, 1.0, 1.0], [1.0, 1.0, 0.0, 1.0, 1.0, 1.0], [1.0, 1.0, 1.0, 0.0, 1.0, 1.0], [1.0, 1.0, 1.0, 1.0, 0.0, 1.0], [1.0, 1.0, 1.0, 1.0, 1.0, 0.0]]",[],"['$user$0, 0.635, good, good, None, 0xA41dE09A63f6Cedd633f99052b44450d3BB91D44', '$user$1, 0.691, good, good, None, 0x17725D495A0843Ea05541fD61ba5D4082750bC08', '$user$2, 0.694, good, good, None, 0x37AC7AC5D09bbC6dAC1CF036b7F9DdD0EA4E052E', '$user$3, 0.711, good, good, None, 0x536fc4cd48ad9B3649e8aB615592E83Ec9F5fcd1', '$user$4, 0.722, good, bad, 3, 0x118E560679B62a9F24c135A96d416548782f8cc2', '$user$5, 0.712, good, freerider, 5, 0xA2F37A08a8488CB8551a0D03f7A73f4156757de7']","[('slot', '5e4ad93c7114a61f68ecd429da593229dfa2353696b9eda500c4945aff99ed3b', 50814), ('slot', 'b306d7934e224920e3906a64ffd093732ddeed8756acdeddb4bafd94c21a104d', 50814), ('slot', 'df7ad1963df62194072013a9a6c78893ae62f5fe37719a4032c2f806efc9faaa', 50814), ('slot', '44f37fa5e97e3e54ed12b20c617bb9b61175a741e8d033003d7a20a89cdccd7e', 50802), ('slot', 'a5fa157d59280cc4e8c6307296059d4ad5af91b293c251372976f1daf384ac8f', 50814), ('slot', '2a82e70f3899bcebb4677c800b0cb91da24d88ff201e09b3ac4cba62dcc0ffb1', 50814), ('weights', '5ff6767ed5967446a9eabd04131cdae5d709f3bf4674aa4198219b1f8c5ef2bc', 73694), ('weights', '45cf1228dda1c42070e21186b2b7b185ea3c3c3428be79d9f027695d60a2adc5', 56594), ('weights', '49b45ac40222ee2cb54b2b70b42c1b6eccb122688c09e17de72157e6a7c2d2f0', 56582), ('weights', 'f3c1a17540722049c5ff5c827bd803eeba49015d38ea4d9d8d1edcd315630f3e', 56582), ('weights', 'fe0ce5d3fe4ef0781c6ca5674aa8f54b9a5a582bf6b60ecd4fc6ba0bebe4cc72', 56594), ('weights', '1041acba165b2e2abe3fd7fc7f46873f7b506d72f1bec34c0f2e9554c53f691f', 56594), ('feedback', 'eb293cf9699308decf920f26e73497840ff1a37039f92ccd83be331fbfe5aa61', 422553), ('feedback', '1c48b7fa738dc672553c89fa45fc1d0ae9edab26e3babf814d5eec03e095c9cd', 354153), ('feedback', 'e91eb9da83c77615174f49ed09228c7932f767f73d97adf27c5669c2138cb357', 337053), ('feedback', '4f8c89d4005e0b0929b84b8cc672f3cf4f9a429152260701bcb77dcbdb8163fd', 337053), ('feedback', '9412fbaee348a92f4bbc3aa974aac076137a5880ee1594c4caa2f622ef691a18', 337053), ('feedback', 'edd9420b4bae8dd71fdf2d28329bdd598260996c819426995f795bb17ac4f072', 337053), ('contrib', '0e7f37a2b4bcdcca54ea884dd86b0d89a9db4ee30f779cb80e2d43be5969d77b', 75223), ('contrib', '99c3d67063d90517e20e943db670fffffa1ada4ded44b7eb6e723f7fb49e78c6', 58123), ('contrib', 'b9c18fa24652281affdea9290fb80bb704b202196a41f5dbbf1b9d5c02b29a86', 58123), ('contrib', '72a2878f699cbcb49e1393ea1acf0a5973c351e41aaed94fda950fee40f658ac', 58123), ('contrib', 'a451a100bc42b6ff63f80e3408d2caa742ca3e0e9ff258704e4e55c7579f18f3', 58123), ('contrib', '49b1ca01b706b1c90188b4b9c3fcc1be7d04ea0f9292bda34c9d7201f1717c14', 58123), ('close', 'f545a7ee617f7e4b299ba9cce8ba225c1a72dd489044f16f5c43f1b0cf823a78', 641581)]"
2,01:24:02.445,0.5533,653.1393432617188,"[1033241738122454769, 1033332811047577862, 1033269116028341020, 1033483697239052116, 1033442999184066417, 1033229638378507811]","[12, 12, 14, 14, 13, 16]","[73, 73, 73, 73, 73, 73]","[('0xA41dE09A63f6Cedd633f99052b44450d3BB91D44', 5083425258108251519, 16666996230706291, 1033241738122454769), ('0x17725D495A0843Ea05541fD61ba5D4082750bC08', 4066520217047949168, 16667265941743995, 1033332811047577862), ('0x37AC7AC5D09bbC6dAC1CF036b7F9DdD0EA4E052E', 4066585184626446778, 16668538501004763, 1033269116028341020), ('0x536fc4cd48ad9B3649e8aB615592E83Ec9F5fcd1', 5083185762153783035, 16669459392835154, 1033483697239052116), ('0x118E560679B62a9F24c135A96d416548782f8cc2', 1016451884786953162, 16662370909927108, 1033442999184066417), ('0xA2F37A08a8488CB8551a0D03f7A73f4156757de7', 5083435730645274873, 16665369023782687, 1033229638378507811)]",800000000000000000,[],"[166669949889183044, 166672646999359130, 166685372591018676, 166694581508636474, 166623696684837341, 166653677821159362]","[[0.0, 1.0, 1.0, 1.0, 0.0, 1.0], [1.0, 0.0, 1.0, 1.0, 1.0, 1.0], [1.0, 1.0, 0.0, 1.0, 1.0, 1.0], [1.0, 0.0, 0.0, 0.0, -1.0, 1.0], [1.0, 1.0, 1.0, 1.0, 0.0, 1.0], [1.0, 1.0, 1.0, 1.0, 0.0, 0.0]]",[],"['$user$0, 0.493, good, good, None, 0xA41dE09A63f6Cedd633f99052b44450d3BB91D44', '$user$1, 0.474, good, good, None, 0x17725D495A0843Ea05541fD61ba5D4082750bC08', '$user$2, 0.479, good, good, None, 0x37AC7AC5D09bbC6dAC1CF036b7F9DdD0EA4E052E', '$user$3, 0.566, good, good, None, 0x536fc4cd48ad9B3649e8aB615592E83Ec9F5fcd1', '$user$4, 0.431, good, bad, 3, 0x118E560679B62a9F24c135A96d416548782f8cc2', '$user$5, 0.554, good, freerider, 5, 0xA2F37A08a8488CB8551a0D03f7A73f4156757de7']","[('close', 'f545a7ee617f7e4b299ba9cce8ba225c1a72dd489044f16f5c43f1b0cf823a78', 641581), ('slot', 'd31433fbc9189ed8a08810b6425e2d02ef5438a71be281f56a59e64c8591d2d4', 50814), ('slot', 'ca5ff47c55554b7c35956108c32df1119960154be3db8193a96e854ff39a84cd', 50814), ('slot', '4320372451315cfd8e6e0e03ad98ac5b1cbfa8400d3aeb1dd572dcd523eb1ddf', 50814), ('slot', '3119f5f3bd00e2fb79b9ba8ba30e669e553683311287f6ee0e4108851106ef7f', 50814), ('slot', '3ad375e7d45e53c929913926c198eda29fc5d26fefdf15c9d59cb57c1149b3a4', 50814), ('slot', '98db56d15cb8a947b5c7b1dbca02a6548b1c1e8ce6c413f383d4a4d798b6dc7b', 50814), ('weights', '46b0f855582e42a7c2e30dbadb4d2a68491f470ba368d3659d85be0a0266daa2', 73694), ('weights', 'f6651cf6e5d12e3a33dd56c585a53b2e881ea3ef257f6883d7c6dc52bf840769', 56594), ('weights', '5678d6c24ec764ee82ea43790427ef2cfd79820d2ca50525f158843cf8eb3d55', 56594), ('weights', 'ebca599188f69adeb16afe442c61e5f43a0215a93cacd99d427665ba76697831', 56582), ('weights', '2e26637d76ee8365c8bfef192d47f882ded178874ae36f967521d05bcd0a7065', 56594), ('weights', '989a53bf0b339a6047d78db904f56e32cd0a3149b93e8433c78f8355e4ec5e5c', 56594), ('feedback', '823cd59493f0cecc607b1c82a9f13d0f417494f2f89f1cdc7da4f1b305637ce7', 300179), ('feedback', 'a35f74ddbfae1a504f9871ca1dfc0450e78ebaac66cab7c9fd2bd43f2ce60278', 271753), ('feedback', '9f0d1342bb60ef4979baa5f0ecd21b1bcd8e5e3a8ca912402b287f8656d33de0', 237553), ('feedback', 'c9f2ee5e14b78961a95079011e6b1af77a9dbeaf409025dc958f41d675ce09c7', 224353), ('feedback', '5f00afc84ef1bb89130fa6a31b0d492abac7ec6a5e9d690864205d04e5a0e835', 237553), ('feedback', 'db8c514b54aa54a6fc778a47b93c02ca944d6e50c3a324d6e6e7baa2a1952b0c', 231779), ('contrib', '1e11f69ee38d83cfcff03939c63ffb46df9adc8150d9e152d139603c52e2df2b', 75223), ('contrib', '08298ba96b839966324e2a2c87b7b28fac58a58f0d8da5a9bd5b2719b240176e', 58123), ('contrib', '72be9bc6e4d97530b3ce5d33d33c200452aa5ab6de5d2ccc75e34d486f9cb9a2', 58123), ('contrib', '6e4a677b121c8e6cedea4aa04daaacda0be5e32403350d38acbd3d21e113143c', 58123), ('contrib', '66b875decf3f60745a6033f6d4f057d5c45344b53d6aca2df6ced1fd948ff4d2', 58123), ('contrib', '28fef82c63c504dc11a112ac14fe4b5929867d23f416c4b82f7769f4708e1258', 58123), ('close', '4d9fc7fc09705dbf03a9ba5c311c357366ba61aef85f2448f9cd972a918d7076', 611186)]"
3,01:24:31.078,0.8039,207.58549177646637,"[1122141759702592149, 1122248238384948599, 1122140730345892901, 1122411231938513385, 688961999456044278, 1122096040172008680]","[52, 54, 55, 52, 56, 60]","[67, 67, 67, 67, 67, 66]","[('0xA41dE09A63f6Cedd633f99052b44450d3BB91D44', 3099872263509412392, 88900021580137380, 1122141759702592149), ('0x17725D495A0843Ea05541fD61ba5D4082750bC08', 3099781190584289299, 88915427337370737, 1122248238384948599), ('0x37AC7AC5D09bbC6dAC1CF036b7F9DdD0EA4E052E', 3099844885603526141, 88871614317551881, 1122140730345892901), ('0x536fc4cd48ad9B3649e8aB615592E83Ec9F5fcd1', 3099630304392815045, 88927534699461269, 1122411231938513385), ('0xA2F37A08a8488CB8551a0D03f7A73f4156757de7', 3099884363253359350, 88866401793500869, 1122096040172008680)]",700000000000000000,"[(3, 344480999728022139)]","[200008586049079895, 200043246150016784, 199944674968719482, 200070485472679138, 199932947754859924]","[[0.0, 1.0, 1.0, 1.0, -1.0, 1.0], [1.0, 0.0, 1.0, 1.0, -1.0, 1.0], [1.0, 1.0, 0.0, 1.0, -1.0, 1.0], [1.0, 1.0, 1.0, 0.0, -1.0, 1.0], [-1.0, -1.0, -1.0, -1.0, 0.0, -1.0], [1.0, 1.0, 1.0, 1.0, -1.0, 0.0]]",[5],"['$user$0, 0.758, good, good, None, 0xA41dE09A63f6Cedd633f99052b44450d3BB91D44', '$user$1, 0.771, good, good, None, 0x17725D495A0843Ea05541fD61ba5D4082750bC08', '$user$2, 0.764, good, good, None, 0x37AC7AC5D09bbC6dAC1CF036b7F9DdD0EA4E052E', '$user$3, 0.76, good, good, None, 0x536fc4cd48ad9B3649e8aB615592E83Ec9F5fcd1', '$user$4, 0.431, bad, bad, 3, 0x118E560679B62a9F24c135A96d416548782f8cc2', '$user$5, 0.787, good, freerider, 5, 0xA2F37A08a8488CB8551a0D03f7A73f4156757de7']","[('close', '4d9fc7fc09705dbf03a9ba5c311c357366ba61aef85f2448f9cd972a918d7076', 611186), ('slot', '098a65e3376d7060d229b283cac163415be3ee0e14883c0048d7414a82b7167f', 50814), ('slot', 'f82ddfa65efa3840924aa6b643ffea0cb26d0404ca778c034315b429683c1cf2', 50802), ('slot', '53bd113404c911998e803c74ab5c697640c66043213fe6361fb55a0c4f727dc0', 50814), ('slot', 'e5c13b79067b0cffa7801cbb1f22f3ed882b48ab51cd444324b20059542ec110', 50802), ('slot', '2a3334393d9bb6e31f981e70185206fca7271dfc303060f99fb9530727654400', 50814), ('slot', '2864766d9f9f9535483a8d2fb677e91ac6194a0c7c8ffe460345322a612b3d21', 50814), ('weights', 'ca2cf5499190526a6fd575f8d35460e4804a9c1bdb0c6c3fe8804b2e1caa9b30', 73694), ('weights', '53c5a37a3f8d3afbd961e9e048a5d348519783a0a5d3b98e6c5c6e6ecc8f863a', 56594), ('weights', '28b35bfdbd6708289190df20498b3114146f6f12bfb94bd7e06f41e44990b113', 56594), ('weights', '461ea0f0102de345bedc7dbda36e9f430ad3af89b14eae0a474552d3713f847c', 56582), ('weights', '3ca9957e06e650ddaeaca5ab1ec6bbcfee76f922b934dceafbade25cf7f4ff65', 56594), ('weights', '0eab3268fecff5b6b756f8d0cf7f721a9cded8bd9aab22b37737023036934720', 56594), ('feedback', '9229a2adb67576aac498fa523359310a2597ade433cf271355d82e69ecbd67b1', 323401), ('feedback', '47e867fbbde609d380d5e6b7a981852d329fb87be37dbddee892342fc3995f86', 253001), ('feedback', '6744fc647d3b230aad52db6d10bc8d935064b090dc455fc9faa7441f0c161492', 235901), ('feedback', 'ee343d6238af46597cd865d0bb080d5e4c1ff92bf234f459cfe15abc63b4e9d4', 277701), ('feedback', '54fb50164c5604e773554e9b7dac8a4b04c3d8d93e9bcac77a24722be88875d2', 229293), ('feedback', '25ebf1f759fc962b8c081cb0455e61516f31011dc6b7f90c64d312570581944e', 237901), ('contrib', '818115609dfe8e4293368b85580943be47ece8d2b3f8bf7fdfc9f2a4d44ef5eb', 75223), ('contrib', '9749068b0e42017978c4f846ab987c98584f952e43480078c3508e23b7ecbfd4', 58123), ('contrib', 'b320183df8d8cc8fc2042e63c58c6aaed752c55e593ed1553daad1b48a029a10', 58123), ('contrib', '13407587409c719f637a8b9ca89f60df5fb735d854022a1647dfa676cd6b5c00', 58123), ('contrib', 'beac5e969ca64cd698ac93e3c01c90171eed19cfad7c4efda9044a237c1593b4', 58123), ('close', 'ab22debeece1a455f793e6ab7f206959832a876a5400cd38bc0905c69c1b67be', 643640)]"
4,01:24:59.136,0.8637,143.8977768421173,"[1188102180397045704, 1188177731696218749, 1188012780070926275, 1188391660134826217, 459307999637362852, 1188007648063620193]","[79, 80, 79, 79, 81, 81]","[21, 21, 22, 23, 20, 21]","[('0xA41dE09A63f6Cedd633f99052b44450d3BB91D44', 3799934241385319287, 65960420694453555, 1188102180397045704), ('0x17725D495A0843Ea05541fD61ba5D4082750bC08', 3799827762702962837, 65929493311270150, 1188177731696218749), ('0x37AC7AC5D09bbC6dAC1CF036b7F9DdD0EA4E052E', 3799935270742018535, 65872049725033374, 1188012780070926275), ('0x536fc4cd48ad9B3649e8aB615592E83Ec9F5fcd1', 3799664769149398051, 65980428196312832, 1188391660134826217), ('0xA2F37A08a8488CB8551a0D03f7A73f4156757de7', 3799979960915902756, 65911607891611513, 1188007648063620193)]",600000000000000000,"[(4, 229653999818681426)]","[200089856982231140, 199996039271354675, 199821785092353820, 200150549411773681, 199941784143447875]","[[0.0, 1.0, 1.0, 1.0, -1.0, 1.0], [1.0, 0.0, 1.0, 1.0, -1.0, 1.0], [1.0, 1.0, 0.0, 1.0, -1.0, 1.0], [1.0, 1.0, 1.0, 0.0, -1.0, 1.0], [-1.0, -1.0, -1.0, -1.0, 0.0, -1.0], [1.0, 1.0, 1.0, 1.0, -1.0, 0.0]]",[5],"['$user$0, 0.83, good, good, None, 0xA41dE09A63f6Cedd633f99052b44450d3BB91D44', '$user$1, 0.845, good, good, None, 0x17725D495A0843Ea05541fD61ba5D4082750bC08', '$user$2, 0.849, good, good, None, 0x37AC7AC5D09bbC6dAC1CF036b7F9DdD0EA4E052E', '$user$3, 0.828, good, good, None, 0x536fc4cd48ad9B3649e8aB615592E83Ec9F5fcd1', '$user$4, 0.431, bad, bad, 3, 0x118E560679B62a9F24c135A96d416548782f8cc2', '$user$5, 0.838, good, freerider, 5, 0xA2F37A08a8488CB8551a0D03f7A73f4156757de7']","[('close', 'ab22debeece1a455f793e6ab7f206959832a876a5400cd38bc0905c69c1b67be', 643640), ('slot', 'fb95c27ee406a4b2ae4a92d53a9d36666ff689d1d6e1a12bb59ad7a1e9fce6fc', 50802), ('slot', '3b94665d713057b7a9adf85a9edbd80f15dac98255af3f45d8083f0461bc859b', 50814), ('slot', '8f5f9908e2f4867a67527d974567fbfd56c7792cfdb4da7490c63dd92c4161fb', 50814), ('slot', '906ff36331250233fd1157894561057ce82afe0835d2464d43a0d74ff920506f', 50802), ('slot', 'de20d75cd21d6dc8871dd0812e06b2376caa2fd81d95af34fef83a2a8dbf278f', 50814), ('slot', '4a9ef8d9a56fc97ad04c264715d4499f2967070b765fc32a32bddfae219985d4', 50814), ('weights', '49be253aa1c9b0df5496c872e310eefa49e43e3b1c9f9294a3cda46c0a546c9d', 73694), ('weights', '1d362f46ba236321d5b1720519d3246bf219e5f782c6560ace468cddc0da7fe2', 56594), ('weights', '82aed0669d4c3eeca978ea650c4906ff3ddc2ba1da1450190e1c82814da455a9', 56594), ('weights', '1907d4b18357128e085e5a97d986c4bbb324ae0f4f77cb51c2ddb2ad69fc3301', 56570), ('weights', '6e52dae4bf3f19fcd9f42f55e9ed28dc0a2bdf523d401aabb16c0470b92b0e30', 56582), ('weights', 'b41b8551a2fc546fcc79919e6204b169253ecac3c22c75edb67c17f9cd78fb84', 56594), ('feedback', '22d6ed4fcad9fd833711327f617e62193c2f9f823bba32b148b5c217040f900e', 323401), ('feedback', 'b464a622a934ca01ecedaa8d6721c4e1436f530517b4645005a82d77d304961a', 255001), ('feedback', '44c9d49ecfc02101b68a8933661aac984427ca0e0bec0fb70d0e67cdcf0f6417', 237901), ('feedback', '8b65299782758d7fddbc24f6e18c91b59e8e6f428f52c3cd32dff441bf529599', 237901), ('feedback', '10602a05c2a55fa109494f01a13f92ea9f0d96a18202f3dd08bfea0423e34d50', 239293), ('feedback', 'c49cd3c4dc922f9036e8d78431ca0e4819360849f5324d5319058b2e454986eb', 237901), ('contrib', '51df5c01032f261d8c1b990cac84b3092a8789cc78beb05775acd8993ac7c553', 75223), ('contrib', '7998be043e2a6744f731124b9d7142afce39f0c56e8b3b8c26f11b0d321e5148', 58123), ('contrib', 'a0a797022befaa92ae24c21877952e261673ccca3fec86ef875518561dbbe9c2', 58123), ('contrib', 'd77c8d81d77ce1aabaf9d2a52cbb955ff8c3d3b23ee60278cbdc9edb30e14048', 58123), ('contrib', '0f9c556552ab975162fa518b2909e132b4ac67e01869d77c7947734f56d81f23', 58123), ('close', '6901bea6de11f759a4da0d2d6ce8d58ead445e30c01bd636f3e67cafa8b93b81', 643640)]"
5,01:25:26.248,0.8848,118.50885452330112,"[1238911081722193487, 1239003220184280893, 1238797404095555699, 1239195168180536179, 306205333091575235, 1237887792725858494]","[87, 87, 86, 84, 87, 86]","[14, 14, 15, 16, 14, 14]","[('0xA41dE09A63f6Cedd633f99052b44450d3BB91D44', 3105274172264608389, 50808901325147783, 1238911081722193487), ('0x17725D495A0843Ea05541fD61ba5D4082750bC08', 3105198620965435344, 50825488488062144, 1239003220184280893), ('0x37AC7AC5D09bbC6dAC1CF036b7F9DdD0EA4E052E', 3105363572590727818, 50784624024629424, 1238797404095555699), ('0x536fc4cd48ad9B3649e8aB615592E83Ec9F5fcd1', 3104984692526827876, 50803508045709962, 1239195168180536179), ('0xA2F37A08a8488CB8551a0D03f7A73f4156757de7', 4293376352661654093, 49880144662238301, 1237887792725858494)]",500000000000000000,"[(5, 153102666545787617)]","[200744211673736572, 200809746980667114, 200648292899131774, 200722903013229370, 197074726223945617]","[[0.0, 1.0, 1.0, 1.0, -1.0, 1.0], [1.0, 0.0, 1.0, 1.0, -1.0, 1.0], [1.0, 1.0, 0.0, 1.0, -1.0, 1.0], [1.0, 1.0, 1.0, 0.0, -1.0, 1.0], [-1.0, -1.0, -1.0, -1.0, 0.0, -1.0], [0.0, 0.0, 0.0, 0.0, 0.0, 0.0]]",[5],"['$user$0, 0.861, good, good, None, 0xA41dE09A63f6Cedd633f99052b44450d3BB91D44', '$user$1, 0.857, good, good, None, 0x17725D495A0843Ea05541fD61ba5D4082750bC08', '$user$2, 0.873, good, good, None, 0x37AC7AC5D09bbC6dAC1CF036b7F9DdD0EA4E052E', '$user$3, 0.867, good, good, None, 0x536fc4cd48ad9B3649e8aB615592E83Ec9F5fcd1', '$user$4, 0.431, bad, bad, 3, 0x118E560679B62a9F24c135A96d416548782f8cc2', '$user$5, 0.838, freerider, freerider, 5, 0xA2F37A08a8488CB8551a0D03f7A73f4156757de7']","[('close', '6901bea6de11f759a4da0d2d6ce8d58ead445e30c01bd636f3e67cafa8b93b81', 643640), ('slot', '9de97a4a6340cfd6c3e9d7b408fb0506d422cfbe4a48d36ccbe9060479df5ba6', 50814), ('slot', 'd4c2033726bc2551d9dca280dc38de78c5a38a17d488a8c3d531be20c72456d9', 50814), ('slot', 'cc82635101cd713d9af92ab970f1b7b5d88bfc269d92bfaaf10c7a39cbd791e8', 50814), ('slot', '6f5ca8680d402bff2c1f802628ca2b5b52eb51960b40352c89211fb3463174e7', 50814), ('slot', '39ae5f5fee33ca5e41171de7ddae9cfcf0f36ac4fc1b3a81690e8dc1471ceb81', 50814), ('slot', '646a8d8d4fcae56695f286679af699426b55683d7c374520c189431cad90c0c0', 50802), ('weights', 'e45a3f22fe9a7b021d1f960918f6e7e501006190620342f3e84a6449c210687a', 73694), ('weights', '937d6c3f07667da4c65393f4d795c26b71a87412648c92e74c938ed2146143b4', 56594), ('weights', 'eaa383f82f53ad251d9ca705ac935f10830b6c82104aafc029c75e520c634dbd', 56594), ('weights', 'a63a8cde8590e41f9dd389131c32b7a22ab678eadaed2727e2586c229910c435', 56582), ('weights', 'ee5bb0a3ac88d2f6e0d6f909e1ddd607f1090030ac7c9de41c6c7338b4976bb9', 56594), ('weights', '68edb3bc7d3c126e66e23429e5de5eb59a5cba8318a523cdea824c711a8d57c0', 56594), ('feedback', '20ca6993cf55e7acd0873f570f3535bb8c7af29586d5f8ddc7f82ab8da3279e8', 323401), ('feedback', '6cecb4e8d2ea161d3484267dd885da13c154513542f8310cbd2c856cbd2540db', 255001), ('feedback', '48ed5bc242aa154c7af9d48420e351d28f3c95abda303d59704f7857ec8445b1', 237901), ('feedback', '8bc57a6aff6a7780de5fdd65c3c43240a6913232c0924dbe9f37a0d0814db7b4', 237901), ('feedback', '8d9d8958bc6460ee418218d61876d3ad01fbf2b4d80b948df68ede896407819b', 239293), ('feedback', 'a7bbbacde5ec68c1b5bf997f4baa78735ed1364f0e1bd571a8951731ffa47561', 210683), ('contrib', '4228606f7884a7278046592334787ebe9df0bd72745b35fee26eb2281db17a4f', 75223), ('contrib', 'f7bea596513346c1409c9cde4a15fabc07e5e3350e57a96cbd5270b4af3d893c', 58123), ('contrib', '0573e78ab9e49506883da219de6d14412717c425c3f3ead080456f0c40068462', 58123), ('contrib', '382abe672f0aae543a8fa7e2dd716505a95a6d21f4f7675faac99b78a558b109', 58123), ('contrib', '6d0354de9ef8281a28cc100fdb6d8be2756655e4adeedb059f8c105f69941fec', 58123), ('close', '408b1d97141d131cbe835cefbee5cc1f270df885d99c616932df9a9e6d9e3315', 643640)]"
6,01:25:52.491,0.9028,100.71080084145069,"[1320380532696171965, 1320505411462829157, 1320276406594882878, 1320703073426086454, 1318134575820029532, 0]","[88, 89, 89, 86, 89, 89]","[11, 12, 12, 14, 12, 12]","[('0xA41dE09A63f6Cedd633f99052b44450d3BB91D44', 3410790459368797536, 81469450973978478, 1320380532696171965), ('0x17725D495A0843Ea05541fD61ba5D4082750bC08', 3410698320906710130, 81502191278548264, 1320505411462829157), ('0x37AC7AC5D09bbC6dAC1CF036b7F9DdD0EA4E052E', 3410904136995435324, 81479002499327179, 1320276406594882878), ('0x536fc4cd48ad9B3649e8aB615592E83Ec9F5fcd1', 3410506372910454844, 81507905245550275, 1320703073426086454), ('0xA2F37A08a8488CB8551a0D03f7A73f4156757de7', 4649701541090991023, 80246783094171038, 1318134575820029532)]",400000000000000000,"[(6, 306205333091575235)]","[200562238693237304, 200642839074134826, 200585752725601196, 200656905770301818, 197552263736724853]","[[0.0, 1.0, 1.0, 1.0, -1.0, 1.0], [1.0, 0.0, 1.0, 1.0, -1.0, 1.0], [1.0, 1.0, 0.0, 1.0, -1.0, 1.0], [1.0, 1.0, 1.0, 0.0, -1.0, 1.0], [-1.0, -1.0, -1.0, -1.0, 0.0, -1.0], [0.0, 0.0, 0.0, 0.0, 0.0, 0.0]]",[5],"['$user$0, 0.87, good, good, None, 0xA41dE09A63f6Cedd633f99052b44450d3BB91D44', '$user$1, 0.879, good, good, None, 0x17725D495A0843Ea05541fD61ba5D4082750bC08', '$user$2, 0.883, good, good, None, 0x37AC7AC5D09bbC6dAC1CF036b7F9DdD0EA4E052E', '$user$3, 0.883, good, good, None, 0x536fc4cd48ad9B3649e8aB615592E83Ec9F5fcd1', '$user$5, 0.838, freerider, freerider, 5, 0xA2F37A08a8488CB8551a0D03f7A73f4156757de7']","[('close', '408b1d97141d131cbe835cefbee5cc1f270df885d99c616932df9a9e6d9e3315', 643640), ('slot', '1d4866edabf9e550456a089e2aad52df3207399dfb5fd56f1dab60799aa47962', 50814), ('slot', '39eae7a0ee397ea13fe0c5eee81da93ec9939bebf85ec689613c23040343b603', 50814), ('slot', 'b4d11211a4900facbba791e30af4e2baf9c6180a1665587104acd0db4e33653f', 50814), ('slot', '5db0af6d142babdba90db2f7884d842cb79849ee5edf1c6f6b9708a1e160c9d6', 50814), ('slot', 'f40a64f25fb48d6c7b97aee68e5887c93944ca3744ee6bb4a6f1033e3eb9eb12', 50814), ('slot', 'aacd0c1f2a58cc708e92e43b4f7e1d944d1d2846a2c03539a70d5c84cf09bb30', 50814), ('weights', '7db01018b4542228e92da54f69dfb90b79ff65f00a604c85c6febf03d641166d', 73694), ('weights', 'd6e1e582200e771070175f9aedbcc148cce511753d03107eaf947102afdfe6b0', 56594), ('weights', '6fbcea6c33f7b0ee098f3ff1ac745549c43cc1ee95c3db9e978026bd48ff75ec', 56594), ('weights', '480c2a1fbe6e3ff0d739cc59d02ad1af5c97849645cf1eb5ddab702f45480a03', 56582), ('weights', '3c52113e0f85c9b132d9e44dd3a863e2d522cc0e5f58b0cdd6aab871465050be', 56594), ('weights', 'ee120f4a9d6a837a63f364df707de6e5fb51ed8d0679526dd99071deec847b0f', 56594), ('feedback', '8c918bc6bdb305ce142c3e16048f95be386d97506d960bd78cbd9a2534381ff9', 323401), ('feedback', 'd59bf3e070fbe854fd7011a2587bcd6445fd7c952d727e34b1f848b34b0693f3', 255001), ('feedback', '2e112bd4ab6358144086af5788552a3f4faf62268cb6b0df9f1ed6a44f6b6b34', 237901), ('feedback', '11546f63fea69881aca18bd27fd309efee0704fac53b829e6928e3ef1cf8ba4a', 237901), ('feedback', '05b2a0748269d7f6987a320a11ae0c68bb6ce8312278447d234d97f249a0e9cf', 239293), ('feedback', '1e4703ab721c5522ef3fa424248cef2222e315d02098dbca88530031ed916186', 218683), ('contrib', '641ce96f3c44f9bcc11db5be0e91c4c9a1a8251b4d5ee601c08e7785491d094d', 75223), ('contrib', '553103b6f3acfeda20e0b3247f4411d95beb5f7efe56789beed6ac98087b4591', 58123), ('contrib', 'e2f793b566d05e16e1beb385f5b823ff10fc2f7c15cf31ef07b23ba49b4f06f0', 58123), ('contrib', 'b9fc8203b8f71ca4842f95dae0cc84898f2ebb9ae6f5098c8c93d95b5483dbe5', 58123), ('contrib', '709d4c52d51b50aef8085872b1d892484fc44e335890b0bcefc3d9c990208f0d', 58123), ('close', '8ea40655f9de67bf03786bd44597ea55eda23fb1dd2b10afa78a5fe4eefca133', 606020)]"
7,01:26:16.410,0.9114,89.49499123170972,"[1340430690004003054, 1340569516257329853, 1340316945203306668, 1340762222094447929, 1337920626440912480, 0]","[90, 90, 91, 88, 0, 90]","[10, 10, 10, 12, 0, 11]","[('0xA41dE09A63f6Cedd633f99052b44450d3BB91D44', 3961484891483798489, 20050157307831089, 1340430690004003054), ('0x17725D495A0843Ea05541fD61ba5D4082750bC08', 3961360012717141297, 20064104794500696, 1340569516257329853), ('0x37AC7AC5D09bbC6dAC1CF036b7F9DdD0EA4E052E', 3961589017585087576, 20040538608423790, 1340316945203306668), ('0x536fc4cd48ad9B3649e8aB615592E83Ec9F5fcd1', 3961162350753884000, 20059148668361475, 1340762222094447929), ('0xA2F37A08a8488CB8551a0D03f7A73f4156757de7', 5281865424179970454, 19786050620882948, 1337920626440912480)]",300000000000000000,[],"[200501576066017150, 200641050934791564, 200405389070510864, 200591489672660827, 197860509157180786]","[[0.0, 1.0, 1.0, 1.0, 0.0, 1.0], [1.0, 0.0, 1.0, 1.0, 0.0, 1.0], [1.0, 1.0, 0.0, 1.0, 0.0, 1.0], [1.0, 1.0, 1.0, 0.0, 0.0, 1.0], [0.0, 0.0, 0.0, 0.0, 0.0, 0.0], [0.0, 0.0, 0.0, 0.0, 0.0, 0.0]]",[],"['$user$0, 0.903, good, good, None, 0xA41dE09A63f6Cedd633f99052b44450d3BB91D44', '$user$1, 0.888, good, good, None, 0x17725D495A0843Ea05541fD61ba5D4082750bC08', '$user$2, 0.899, good, good, None, 0x37AC7AC5D09bbC6dAC1CF036b7F9DdD0EA4E052E', '$user$3, 0.899, good, good, None, 0x536fc4cd48ad9B3649e8aB615592E83Ec9F5fcd1', '$user$5, 0.838, freerider, freerider, 5, 0xA2F37A08a8488CB8551a0D03f7A73f4156757de7']","[('close', '8ea40655f9de67bf03786bd44597ea55eda23fb1dd2b10afa78a5fe4eefca133', 606020), ('slot', '0f06701223f49f18ad0a56e87ecd47ad1e0ba038663e97968b4e9869361e5962', 50814), ('slot', '3c9e0b46fa4c5d80682b124d6a891974a0e10b6fdb1165994a13911914fae4d0', 50814), ('slot', '1a86811bd1299abf25446d7879d1b8603fa44eef654856fef7d470150e437308', 50802), ('slot', 'c9f0d62e403a576564cd30b926f6650c8944575b3c78c49592e486eed3f54f9c', 50814), ('slot', 'be863eff2a2784de5048204466964e1e6b3f57aaf0b2e9acefd6e65f65b7d05a', 50814), ('weights', '448539806753f8f11fd63272db9001f4b5ff3ae70c162c8c8e9265273768ca4d', 73694), ('weights', 'd61850ea7d64d2bee032d98ffdd70e021aeb906447bbe830a8d9ed0446c1a928', 56594), ('weights', 'ce6e5ec719376fb1ad15f10c46cb5f7c74f28ceaccdf2ffdd7d9d8b17181bc37', 56594), ('weights', 'fac7897f5a1dc9fce41b28533110e0707f1f47058cc747375f829c40157e0468', 56582), ('weights', 'eb5ed9203636290f565ac10584a427ba392c3beda5b5288192c228f1d211e18d', 56594), ('feedback', '40cdb19b749edd9ff7b022b26f6df55fbf5caafc4937339ed60f1b6ecd764a22', 270174), ('feedback', '32c999ad734feed5b597052c811bdea8a59e0a6fa68f9ad7f8b2507035f06453', 218874), ('feedback', '1ffc68165452eb0cc0dc2ac300ebaa349c627180ecf2b1ffd01876d93076e8e4', 201774), ('feedback', '0159be9aa4f65bdd17ce256ddbfbb0c1228ed9dfd7b954e096e5ec05cbe79980', 201774), ('feedback', 'ac60a9866bbcaf408fd943d0e9107ad28a125a51cc42ada0c40959acad9defa7', 186678), ('contrib', '3c0255531a83fdd9af521e3120a2379929476d41eace8ce031882517b5f5f862', 75223), ('contrib', 'ec4ff8e9bf5de3a51e45be8f84b2d305211bd0a37b538b0dcba5d976c9b315ba', 58123), ('contrib', '57fd800e08d9cbab15b647b50f0b0526c262c8dc75e1a971dfaa281a167bfdfd', 58123), ('contrib', '4c11fbc94f9a3286493339dc688c0f0153e52bd56c9708188b34f8f1d056fc6f', 58123), ('contrib', 'e17697d195bfa1cd45fe439d6928d6f29bb28328ae3a4c5a59314bb79830ab2a', 58123), ('close', 'b8e2331a0d3d2ab9a9d253d27a50b0d5bbeb116ab8fe120fa5afcd24e9862025', 513374)]"
8,01:26:40.584,0.9204,80.45866513624787,"[1360478075699423897, 1360627121169706549, 1360358343611802952, 1360808867202113295, 1357727592316953288, 0]","[92, 91, 92, 89, 0, 90]","[9, 9, 9, 11, 0, 10]","[('0xA41dE09A63f6Cedd633f99052b44450d3BB91D44', 4021648683555084450, 20047385695420843, 1360478075699423897), ('0x17725D495A0843Ea05541fD61ba5D4082750bC08', 4021509857301757651, 20057604912376696, 1360627121169706549), ('0x37AC7AC5D09bbC6dAC1CF036b7F9DdD0EA4E052E', 4021762428355780836, 20041398408496284, 1360358343611802952), ('0x536fc4cd48ad9B3649e8aB615592E83Ec9F5fcd1', 4021317151464639575, 20046645107665366, 1360808867202113295), ('0xA2F37A08a8488CB8551a0D03f7A73f4156757de7', 5362079373559087504, 19806965876040808, 1357727592316953288)]",200000000000000000,[],"[200473845005035400, 200576037168502807, 200413972139358520, 200466439127922058, 198069646954536437]","[[0.0, 1.0, 1.0, 1.0, 0.0, 1.0], [1.0, 0.0, 1.0, 1.0, 0.0, 1.0], [1.0, 1.0, 0.0, 1.0, 0.0, 1.0], [1.0, 1.0, 1.0, 0.0, 0.0, 1.0], [0.0, 0.0, 0.0, 0.0, 0.0, 0.0], [0.0, 0.0, 0.0, 0.0, 0.0, 0.0]]",[],"['$user$0, 0.906, good, good, None, 0xA41dE09A63f6Cedd633f99052b44450d3BB91D44', '$user$1, 0.902, good, good, None, 0x17725D495A0843Ea05541fD61ba5D4082750bC08', '$user$2, 0.921, good, good, None, 0x37AC7AC5D09bbC6dAC1CF036b7F9DdD0EA4E052E', '$user$3, 0.905, good, good, None, 0x536fc4cd48ad9B3649e8aB615592E83Ec9F5fcd1', '$user$5, 0.838, freerider, freerider, 5, 0xA2F37A08a8488CB8551a0D03f7A73f4156757de7']","[('close', 'b8e2331a0d3d2ab9a9d253d27a50b0d5bbeb116ab8fe120fa5afcd24e9862025', 513374), ('slot', 'a5bf4a34af1fcdc5050eeb657a482331581c1d583eee427e8fb330665d1e2eae', 50814), ('slot', '637c11281b8cb73be9d2d8faaf6256b9268e45e8cce12ff480f82aad817de950', 50814), ('slot', '9b9c4db8f6e31232baa8a264c6954bae4b9063f893cb195bbbe48308b7c8f153', 50802), ('slot', '4adb19763cb36be1e413bf540b83020f2f773f7a22e9a9e820ed565080593320', 50814), ('slot', '0a459db83a4c8163bb9bcf6c7da723624685511458bba2acce6ae7bdd80c6dde', 50802), ('weights', 'bd406be542e84b8419c3f1ac9dcac63e697a44b49d9a63e21c260b52b915943e', 73694), ('weights', 'a0a05aee6a10d725d864507a41781c9ce8548dbf31dee3eceb5212620ae1a956', 56594), ('weights', '5de3d1ecde1361489ea73c9e62e0bd69d20ae564169637d99c59c3100f6a1aa8', 56594), ('weights', '581bda661890dd05fbc545c6ef368bf8e1c40b661ed7a7f0568f97e827bd12f7', 56582), ('weights', '458c64c3ae8605c3380adb7b4533aacf83d1924d62b3f549bff4df20f23a9970', 56594), ('feedback', '6844fc93b25761bce21d2a922d32495f1cb199cf0cb410fd4ddd6ff226157cae', 270174), ('feedback', '9ac4af028ac4d862c2cfd87aac2b716207a246b86e4e91f9a3c2ca83b76d3d3d', 218874), ('feedback', 'af05e07f8c72a12c2b476b293eb5f6a3975e25f15ed2a6b6d5aec8f3ed02d046', 201774), ('feedback', 'b165e12e7a53884ce3487a12d9bfb022529074cb074992f2988fb9c14a10be68', 201774), ('feedback', '8c9ea258ac6267d308b2fae7244970a4add85a52c30893ff35c16786590e52f6', 186678), ('contrib', 'bc289e12503fa26b143fb23c03b1053cd33ddc4cf1792c19623cc1a912e39066', 75223), ('contrib', '55277e3d8753730bf6a5a76fa57542431be9b273199ba93eb2e29463b498f0cd', 58123), ('contrib', '532e9c1db60fc055b247d2d09526c9f6ece0e10e6bfa43e4169251024cb8dd0a', 58123), ('contrib', '1e2361e23ab19d4deb5620205315531e19cabcca8a9d78eb0e26626ab532f007', 58123), ('contrib', 'a9ffe3ffb530a9606de10953679e0faa2e1a4dbc0cc96759f5086e5dbc4114e8', 58123), ('close', '1c9b8ea556de8f2fb7ff41dbbecdbff7f70bb026948b74c869a5a4e8607b4bda', 513374)]"
9,01:27:04.393,0.929,71.721127089113,"[1380523088834501032, 1380686005797392647, 1380385794236203403, 1380854181340682428, 1377550929791220469, 0]","[92, 92, 93, 90, 0, 91]","[8, 8, 8, 10, 0, 9]","[('0xA41dE09A63f6Cedd633f99052b44450d3BB91D44', 4081794331983622796, 20045013135077135, 1380523088834501032), ('0x17725D495A0843Ea05541fD61ba5D4082750bC08', 4081645286513340144, 20058884627686098, 1380686005797392647), ('0x37AC7AC5D09bbC6dAC1CF036b7F9DdD0EA4E052E', 4081914064071243741, 20027450624400451, 1380385794236203403), ('0x536fc4cd48ad9B3649e8aB615592E83Ec9F5fcd1', 4081463540480933398, 20045314138569133, 1380854181340682428), ('0xA2F37A08a8488CB8551a0D03f7A73f4156757de7', 5442272407683046693, 19823337474267181, 1377550929791220469)]",100000000000000000,[],"[200450107455253601, 200588822364807128, 200274482369422912, 200453117489814758, 198233351111412048]","[[0.0, 1.0, 1.0, 1.0, 0.0, 1.0], [1.0, 0.0, 1.0, 1.0, 0.0, 1.0], [1.0, 1.0, 0.0, 1.0, 0.0, 1.0], [1.0, 1.0, 1.0, 0.0, 0.0, 1.0], [0.0, 0.0, 0.0, 0.0, 0.0, 0.0], [0.0, 0.0, 0.0, 0.0, 0.0, 0.0]]",[],"['$user$0, 0.913, good, good, None, 0xA41dE09A63f6Cedd633f99052b44450d3BB91D44', '$user$1, 0.919, good, good, None, 0x17725D495A0843Ea05541fD61ba5D4082750bC08', '$user$2, 0.926, good, good, None, 0x37AC7AC5D09bbC6dAC1CF036b7F9DdD0EA4E052E', '$user$3, 0.913, good, good, None, 0x536fc4cd48ad9B3649e8aB615592E83Ec9F5fcd1', '$user$5, 0.838, freerider, freerider, 5, 0xA2F37A08a8488CB8551a0D03f7A73f4156757de7']","[('close', '1c9b8ea556de8f2fb7ff41dbbecdbff7f70bb026948b74c869a5a4e8607b4bda', 513374), ('slot', 'bf0bdf52571ea17c968bf4c97d8a5e7ca0162c5da383d1098e71f69b97170699', 50814), ('slot', 'fff68586ebe0442c1e334e0ff29da915730a449654272f5bec7dcfe0f5cf1ffe', 50814), ('slot', '1d608e23a773c98a27fcb1c08fd5f1efd359a3a1102a0d6e5978602842f85efb', 50814), ('slot', '7736b2a414aeed28759d774deeeac60fb9a9e93d5ce426c5fd562cf32eaa76b2', 50814), ('slot', '0c00ce17f2b1417373e0b5c8d0da6d10a05a41c2e1cacea05da57a55744fba17', 50802), ('weights', '381a7bc9cf492ff8c448aca33dd05b40df9a5387e331241547a3a54592e85826', 73694), ('weights', 'debc6698c1bfa8542d8813c64a882cfc036685114bd1ede959f1e4cd2191ea9d', 56594), ('weights', '6ae88a2d2a6ce08b0145f9a9df1c150154ca4851705be3114690c1caaf5df9f9', 56594), ('weights', '1b7e480628d79fee0a6ca80440abcd16fdf894a205fe70a4cf3eea77ac2cbd58', 56582), ('weights', '1541d11718aa4f53d01343add14d2b51d4afe8fe793f6c351747ecf504719998', 56594), ('feedback', '4be01acc77393629046f0bd52fcd25de2cfdb66076bf50dbbef1733809a5fca9', 270174), ('feedback', '1c6b6d22f07169f572952f3fae096432666a47c7d8f0eff51a613fe04bbc761b', 218874), ('feedback', 'd37081554095c972b88fff9da98b22b6bc19199d84d83b0d287b999d78b20b71', 201774), ('feedback', '87b7ec9c0039a6ef059940171dfd1a8920f74c1d7e43fda23d53879ed9661505', 201774), ('feedback', '72dd8ad2fa01f3f805187a373d42663d5fc1780bfce983ab204b1d82c8503943', 186678), ('contrib', '2f10586cd6dff85cecff3c9cb16a9799f7c6569218d2a7746868ffae92663b9c', 75223), ('contrib', 'e7fba6d51835aa586fc29bf846acd3a2efecd58fffe6ca47bfaad744f2ce88d5', 58123), ('contrib', 'dd208f765da77ecd229dfb69920a70c9f1ded4b1f06a22c14af889fcb7bf7322', 58123), ('contrib', '437131963579bdb83adc85a34723d58a58a9419f5275feeffcf9196daeb68465', 58123), ('contrib', '963be63ce9a473af0327a9ebe161873e4e2bf9c207b6392009329b5670fc49c5', 58123), ('close', '75136442d1d9be02c356ee4797b87fafb9486ef8a4a32dfb54f392444574e636', 513374)]"
10,01:27:28.478,0.9357,64.60286198183894,"[1400564649367021469, 1400736943631071570, 1400410178199447839, 1400896919064989803, 1397391309737469295, 0]","[93, 93, 94, 91, 0, 92]","[7, 7, 7, 9, 0, 8]","[('0xA41dE09A63f6Cedd633f99052b44450d3BB91D44', 4141925981374278478, 20041560532520437, 1400564649367021469), ('0x17725D495A0843Ea05541fD61ba5D4082750bC08', 4141763064411386863, 20050937833678923, 1400736943631071570), ('0x37AC7AC5D09bbC6dAC1CF036b7F9DdD0EA4E052E', 4142063275972576107, 20024383963244436, 1400410178199447839), ('0x536fc4cd48ad9B3649e8aB615592E83Ec9F5fcd1', 4141594888868097082, 20042737724307375, 1400896919064989803), ('0xA2F37A08a8488CB8551a0D03f7A73f4156757de7', 5522449070208779510, 19840379946248826, 1397391309737469295)]",0,[],"[200415596365928649, 200509369373321533, 200243830680847167, 200427368283271789, 198403790593147277]","[[0.0, 1.0, 1.0, 1.0, 0.0, 1.0], [1.0, 0.0, 1.0, 1.0, 0.0, 1.0], [1.0, 1.0, 0.0, 1.0, 0.0, 1.0], [1.0, 1.0, 1.0, 0.0, 0.0, 1.0], [0.0, 0.0, 0.0, 0.0, 0.0, 0.0], [0.0, 0.0, 0.0, 0.0, 0.0, 0.0]]",[],"['$user$0, 0.925, good, good, None, 0xA41dE09A63f6Cedd633f99052b44450d3BB91D44', '$user$1, 0.926, good, good, None, 0x17725D495A0843Ea05541fD61ba5D4082750bC08', '$user$2, 0.936, good, good, None, 0x37AC7AC5D09bbC6dAC1CF036b7F9DdD0EA4E052E', '$user$3, 0.913, good, good, None, 0x536fc4cd48ad9B3649e8aB615592E83Ec9F5fcd1', '$user$5, 0.838, freerider, freerider, 5, 0xA2F37A08a8488CB8551a0D03f7A73f4156757de7']","[('close', '75136442d1d9be02c356ee4797b87fafb9486ef8a4a32dfb54f392444574e636', 513374), ('slot', 'ca271b8df71139e87a9745555eb4e7b50ceb88fced83bce574a074c2e01d857f', 50814), ('slot', '3f81793d72abd149673f0d86c3a87758024d266d1d97173488f85c9a6604d8fc', 50814), ('slot', '17156400e483b23f8c0099f1c754a22e4a6df30665f989e6e7bbf2a17c47231b', 50814), ('slot', '8044d7ea4130a175f3950d62333f1b3ded10182a597cfb60c71260be810334e7', 50814), ('slot', 'b597c2c73893285df941e314e9d4a7596b2683e3b221d414a0224cedacfe327b', 50802), ('weights', '77d1d3bcf05f060922cffc1b60060f54053dbcd1f94171d27bf7fe5bd0ea45a1', 73694), ('weights', 'bb5365f5fcea52c845d9065606a80b5abca2cb1ce0fc512367449657b645bf63', 56594), ('weights', '18c789fe0539992e050406ace1f5f93a2d0c8129a86214012201b34546c5c4ac', 56594), ('weights', '6cd41824ed79476c68a8a38ae4565089b2edf3c4f7bf03e1aaf54c7f6880550f', 56582), ('weights', 'b55f6de29b03c281690157e03d0827f247d1b4e579e785ce09ac13b34c47097c', 56594), ('feedback', 'e725258127e27b66bd5cd43df59e6eeeff94b01bb67aad4897823d8a7b2d4774', 270174), ('feedback', 'c4b48331d76bef93c755637f5db3ffa4eced20fbcede32b38ec26ff701921610', 218874), ('feedback', '2cd70b7a6076fd109b19c51ce6fe669fbe8ffafcc7a8fbd5d91e7620a08cf167', 201774), ('feedback', '59d1083ccb210d08f97bfa7769523370bfde988aaf0cfcbce28df227527e6d68', 201774), ('feedback', 'e1cd3567bb80a856473f0a7f5d918ab737269848214fda309956923b061eaf22', 186678), ('contrib', 'eefc7e372d307f2f8a19bb886039e5eee00763aa96c5f8eefbbf6a0d45c34a92', 75223), ('contrib', '5ae0085686c72e4dd4422346ef9e0246398c11f1311b5b10eee63472eb93810c', 58123), ('contrib', '1352cdea50283d824cdec337de86a377514c8737d27b273655928275820b0272', 58123), ('contrib', 'e4939f31c5e476d4089576e92caccec1d284277245104f0e3c21b6a82859cac9', 58123), ('contrib', '93e172645cf7dc7eacb32516ca5add22c3c6d1929bc2122080f7a8f76175955e', 58123), ('close', 'f2b5e8addc74447cc521d4c2e2efb77b47db72db4da1b4e23c844e05c5539eb9', 513374)]"
# $gasCosts$[422553, 354153, 337053, 337053, 337053, 337053, 75223, 58123, 58123, 58123, 58123, 58123, 300179, 271753, 237553, 224353, 237553, 231779, 75223, 58123, 58123, 58123, 58123, 58123, 323401, 253001, 235901, 277701, 229293, 237901, 75223, 58123, 58123, 58123, 58123, 323401, 255001, 237901, 237901, 239293, 237901, 75223, 58123, 58123, 58123, 58123, 323401, 255001, 237901, 237901, 239293, 210683, 75223, 58123, 58123, 58123, 58123, 323401, 255001, 237901, 237901, 239293, 218683, 75223, 58123, 58123, 58123, 58123, 270174, 218874, 201774, 201774, 186678, 75223, 58123, 58123, 58123, 58123, 270174, 218874, 201774, 201774, 186678, 75223, 58123, 58123, 58123, 58123, 270174, 218874, 201774, 201774, 186678, 75223, 58123, 58123, 58123, 58123, 270174, 218874, 201774, 201774, 186678, 75223, 58123, 58123, 58123, 58123],[126674, 126674, 126674, 126674, 126674],[50814, 50814, 50814, 50802, 50814, 50814, 50814, 50814, 50814, 50814, 50814, 50814, 50814, 50802, 50814, 50802, 50814, 50814, 50802, 50814, 50814, 50802, 50814, 50814, 50814, 50814, 50814, 50814, 50814, 50802, 50814, 50814, 50814, 50814, 50814, 50814, 50814, 50814, 50802, 50814, 50814, 50814, 50814, 50802, 50814, 50802, 50814, 50814, 50814, 50814, 50802, 50814, 50814, 50814, 50814, 50802],[73694, 56594, 56582, 56582, 56594, 56594, 73694, 56594, 56594, 56582, 56594, 56594, 73694, 56594, 56594, 56582, 56594, 56594, 73694, 56594, 56594, 56570, 56582, 56594, 73694, 56594, 56594, 56582, 56594, 56594, 73694, 56594, 56594, 56582, 56594, 56594, 73694, 56594, 56594, 56582, 56594, 73694, 56594, 56594, 56582, 56594, 73694, 56594, 56594, 56582, 56594, 73694, 56594, 56594, 56582, 56594],[641581, 611186, 643640, 643640, 643640, 606020, 513374, 513374, 513374, 513374],[],[]
# TOTAL EXPERIMENT TIME: 271.27 seconds
