# Author Nykjaer
# ------Specs--------# cpu_name:  (processor model)
# cpu_cores: 6 (physical cores)
# ram_gb: 13.5 (system memory in GB)
# gpu_name: NVIDIA GeForce RTX 3060 Laptop GPU (graphics processor)
# os_name: Linux (operating system)
# ------Config--------# good_contributors: 4 (honest participants)
# bad_contributors: 1 (malicious participants)
# freeriders: 1 (contribute 0)
# inactive: 0 (never join)
# reward: 1000000000000000000 (total reward pool)
# minimum_rounds: 10 (rounds to simulate)
# min_buy_in: 1000000000000000000 (lower buy-in bound)
# max_buy_in: 1000000000000000000 (upper buy-in bound)
# standard_buy_in: 1000000000000000000 (default buy-in)
# epochs: 1 (local epochs per round)
# batch_size: 32 (training batch size)
# punish_factor: 3 (penalty multiplier)
# first_round_fee: 50 (fee for first round)
# fork: True (True=local fork, False=real net)
# contribution_score_strategy: naive (scoring method)
# use_outlier_detection: False (Whether to use outlier detection)
# freerider_start_round: 5 (When freeriders should start freeriding)
# freerider_noise_scale: 0.0 (How much noise a freeder should add)
round,time,globalAcc,globalLoss,GRS,accAvgPerUser,lossAvgPerUser,rewards,conctractBalanceRewards,punishments,contributionScores,feedbackMatrix,disqualifiedUsers,userStatuses,GasTransactions
# $startingUserConfig$['$user$0, 0, good, good, None, 0xA41dE09A63f6Cedd633f99052b44450d3BB91D44', '$user$1, 0, good, good, None, 0x17725D495A0843Ea05541fD61ba5D4082750bC08', '$user$2, 0, good, good, None, 0x37AC7AC5D09bbC6dAC1CF036b7F9DdD0EA4E052E', '$user$3, 0, good, good, None, 0x536fc4cd48ad9B3649e8aB615592E83Ec9F5fcd1', '$user$4, 0, good, bad, 3, 0x118E560679B62a9F24c135A96d416548782f8cc2', '$user$5, 0, good, freerider, 5, 0xA2F37A08a8488CB8551a0D03f7A73f4156757de7']
0,00:15:26.735,0,720.0478515625,"[1000000000000000000, 1000000000000000000, 1000000000000000000, 1000000000000000000, 1000000000000000000, 1000000000000000000]",[],[],[],1000000000000000000,[],[],,[],"['$user$0, 0, good, good, None, 0xA41dE09A63f6Cedd633f99052b44450d3BB91D44', '$user$1, 0, good, good, None, 0x17725D495A0843Ea05541fD61ba5D4082750bC08', '$user$2, 0, good, good, None, 0x37AC7AC5D09bbC6dAC1CF036b7F9DdD0EA4E052E', '$user$3, 0, good, good, None, 0x536fc4cd48ad9B3649e8aB615592E83Ec9F5fcd1', '$user$4, 0, good, bad, 3, 0x118E560679B62a9F24c135A96d416548782f8cc2', '$user$5, 0, good, freerider, 5, 0xA2F37A08a8488CB8551a0D03f7A73f4156757de7']","[('register', 'f997595852164fe3cdf3e9231e9282879661730b0186056bd56647d34d0d70dd', 126674), ('register', '5b0a336cdfe6c851ca0b2aeb3863633d905d9099375fcf355be60c31cd6bce9b', 126674), ('register', 'c1accc736e1bc6cf19f3d03a42575c721976f6c37e1d239847a874796fa41305', 126674), ('register', '7d81fe4498b64714972e9cd6a2efacad0df1a9a9e1117b78554da4464eac9eaf', 126674), ('register', 'd583d4f0323cb428451204777fdb33bfeb77c319af1041744e4d27813107df37', 126674)]"
1,00:15:59.130,0.4046,714.387451171875,"[1153333333333333333, 1153333333333333333, 1153333333333333333, 1153333333333333333, 333333333333333334, 1153333333333333333]","[11, 10, 9, 10, 7, 10]","[74, 74, 74, 74, 74, 74]","[('0xA41dE09A63f6Cedd633f99052b44450d3BB91D44', 5000000000000000000, 153333333333333333, 1153333333333333333), ('0x17725D495A0843Ea05541fD61ba5D4082750bC08', 5000000000000000000, 153333333333333333, 1153333333333333333), ('0x37AC7AC5D09bbC6dAC1CF036b7F9DdD0EA4E052E', 5000000000000000000, 153333333333333333, 1153333333333333333), ('0x536fc4cd48ad9B3649e8aB615592E83Ec9F5fcd1', 5000000000000000000, 153333333333333333, 1153333333333333333), ('0xA2F37A08a8488CB8551a0D03f7A73f4156757de7', 5000000000000000000, 153333333333333333, 1153333333333333333)]",900000000000000000,"[(1, 166666666666666666)]","[200000000000000000, 200000000000000000, 200000000000000000, 200000000000000000, 200000000000000000]","[[0.0, 1.0, 1.0, 1.0, -1.0, 1.0], [1.0, 0.0, 1.0, 1.0, 0.0, 1.0], [1.0, 1.0, 0.0, 1.0, 0.0, 1.0], [1.0, 1.0, 1.0, 0.0, 0.0, 1.0], [1.0, 1.0, 1.0, 1.0, 0.0, 1.0], [1.0, 1.0, 1.0, 1.0, 0.0, 0.0]]",[5],"['$user$0, 0.749, good, good, None, 0xA41dE09A63f6Cedd633f99052b44450d3BB91D44', '$user$1, 0.711, good, good, None, 0x17725D495A0843Ea05541fD61ba5D4082750bC08', '$user$2, 0.753, good, good, None, 0x37AC7AC5D09bbC6dAC1CF036b7F9DdD0EA4E052E', '$user$3, 0.694, good, good, None, 0x536fc4cd48ad9B3649e8aB615592E83Ec9F5fcd1', '$user$4, 0.622, good, bad, 3, 0x118E560679B62a9F24c135A96d416548782f8cc2', '$user$5, 0.78, good, freerider, 5, 0xA2F37A08a8488CB8551a0D03f7A73f4156757de7']","[('slot', '08b5deb2ad57f79ee365c5d8cb367534ebac36a09e332d9213f2c9bd9eca4992', 50814), ('slot', '451b11377dac1b1921e3c026832f41329859d02fb7b990cc3b79cc7a63b976b0', 50814), ('slot', '68a2a5814087b238551a6c64440bd469f5e8acf9101fa966e849680385bdecc7', 50814), ('slot', '8b93f89980ae5cc774f0a855a4e06fd25f10686acc9e8d797e133232410ed766', 50814), ('slot', 'cfbad8695ea3906c1972fbcecbf0e8eb7e1292b92fc51885de79c5f8f9245ba9', 50814), ('slot', 'c278510e08fe4dc1b225d07ba1e78192abefa2565cbca6461dd720cb122e49a1', 50814), ('weights', '48a104a6e176a119c50ef14da5028d51c7b007307dabdd26520383f9208a3ccf', 73694), ('weights', '13599e085fac74874b84623d7dabe72bb43ac7da6373490f71b10ea4650c1f90', 56594), ('weights', '35ae613f17b9dbe86edc3693871f7a3ce0da4a216f291e1da2f986bf7e92aa72', 56594), ('weights', '335b98fa0b4732d77b9c1f8d9803815a747ffd61c331f045a75fd4d042fd57a8', 56594), ('weights', '0013524deb1e462d57699df095cebb6b2b23f438539104f9f9a4b3299405b168', 56594), ('weights', '122c20ba89aab71bbf555f52eee81ffcae0ee490416d4c05c3734fea28a2888c', 56594), ('feedback', '7bdba56e93893847a83afc6f38cbed75119aa92e907390c04b9c7db2961f47ee', 403001), ('feedback', '21a9d14599718e3801b21b363a843fe1169f604dfe051c74be5b2b29714feae0', 330479), ('feedback', '55e9f2ceb7095c6d48ad2d4bde81d1f09bf6c7079058f4427b166d09b37d9be6', 313379), ('feedback', 'd1fc02892ac2b0270925b7d5f2a82cbb42760543a937bb37c3a77d28687d18bf', 313379), ('feedback', 'fcdbebd05733dff3bde71ab5321c2a763caa21b93a03498d4b9539257a2b02ba', 337053), ('feedback', '376d43d563366069a55213255f885b6bd399413f3a4989a313f22008e5f48910', 313379), ('contrib', '8ac827562b8594b7130b84ca4fcd464e9bbcf5eb32cc9c4ae34faa0083645579', 75199), ('contrib', 'f4455d74b97b30bda27af6a93a9cf00956b4426df1eb77dccb1face894200c7e', 58099), ('contrib', 'dd6e4ce293831b5f9c64a52f2d45703c27b3553086b56d80cf096d4bcbdb6f62', 58099), ('contrib', '0460a21d7b41ca49378bdeb35787931c32849e36871c3fdc814acf3f9bca8fd3', 58099), ('contrib', 'b96962dddeb338dea1123724b6241e9e53136954a53649dee94e3962bc9fbf37', 58099), ('close', 'baa48397e0caa751ddaecaf2ac2affa53018591938ad7a4e56dc74bac9af9511', 671004)]"
2,00:16:29.593,0.6783,506.9791831970215,"[1169999999999999999, 1169999999999999999, 1169999999999999999, 1169999999999999999, 350000000000000000, 1169999999999999999]","[39, 37, 40, 38, 40, 42]","[73, 73, 73, 73, 73, 73]","[('0xA41dE09A63f6Cedd633f99052b44450d3BB91D44', 4946666666666666666, 16666666666666666, 1169999999999999999), ('0x17725D495A0843Ea05541fD61ba5D4082750bC08', 4946666666666666666, 16666666666666666, 1169999999999999999), ('0x37AC7AC5D09bbC6dAC1CF036b7F9DdD0EA4E052E', 4946666666666666666, 16666666666666666, 1169999999999999999), ('0x536fc4cd48ad9B3649e8aB615592E83Ec9F5fcd1', 4946666666666666666, 16666666666666666, 1169999999999999999), ('0x118E560679B62a9F24c135A96d416548782f8cc2', 4613333333333333332, 16666666666666666, 350000000000000000), ('0xA2F37A08a8488CB8551a0D03f7A73f4156757de7', 4946666666666666666, 16666666666666666, 1169999999999999999)]",800000000000000000,[],"[166666666666666666, 166666666666666666, 166666666666666666, 166666666666666666, 166666666666666666, 166666666666666666]","[[0.0, 1.0, 1.0, 1.0, 1.0, 1.0], [1.0, 0.0, 1.0, 1.0, 1.0, 1.0], [1.0, 1.0, 0.0, 1.0, 0.0, 1.0], [1.0, 1.0, 1.0, 0.0, 1.0, 1.0], [1.0, 1.0, 1.0, 1.0, 0.0, 1.0], [1.0, 1.0, 1.0, 1.0, 1.0, 0.0]]",[],"['$user$0, 0.656, good, good, None, 0xA41dE09A63f6Cedd633f99052b44450d3BB91D44', '$user$1, 0.604, good, good, None, 0x17725D495A0843Ea05541fD61ba5D4082750bC08', '$user$2, 0.686, good, good, None, 0x37AC7AC5D09bbC6dAC1CF036b7F9DdD0EA4E052E', '$user$3, 0.613, good, good, None, 0x536fc4cd48ad9B3649e8aB615592E83Ec9F5fcd1', '$user$4, 0.609, good, bad, 3, 0x118E560679B62a9F24c135A96d416548782f8cc2', '$user$5, 0.7, good, freerider, 5, 0xA2F37A08a8488CB8551a0D03f7A73f4156757de7']","[('close', 'baa48397e0caa751ddaecaf2ac2affa53018591938ad7a4e56dc74bac9af9511', 671004), ('slot', '23633f912d27d8f3fce1786edce5062dce746718f4090a42a0a7871e198a89f1', 50802), ('slot', 'c7398ffe1defb2906f0a400be310d3c2ea3450722a2d59dc9105406aae2b0dd5', 50814), ('slot', '820a4343f66f4f294d132b0d9af5f4cd77e331bee812fa97ad67a749a77b2a3a', 50802), ('slot', '57e9741227781c7eb66e2f9509e590a35e1720afc7936c136ae80728c0ce2b83', 50814), ('slot', '3f01907fe7e2f6488664e3daff11fa164aacb853b775aeb08bf29af333745931', 50814), ('slot', '1a1b2715e5182bc4a752e9f147435ca0344ccc9219b8c8fc2946e214e0e55b8d', 50814), ('weights', 'ca6710fd2e714de992ae7fd958ce18ce9061776459d773f5fa3f06aa2cd42310', 73694), ('weights', '850b0acf92c1ff728134c36d741b94e03918614ac0b38fdfb225240e18afb6fb', 56594), ('weights', 'aeb8702fcbb9e23a435673d3d4b3bdd5fcf7e9d7939de268082201e3ee0c7788', 56594), ('weights', '241f8dd1aace635940750f4cac957892070f87a8daa5bcafced7e2f6708349b0', 56594), ('weights', '340d96e41c3efcf80a49b04554914af775f07852780f4f784d0e2bb5e001eb5f', 56594), ('weights', 'daca08623fd9a887c24d2a5deab74ea4ccccbb7397ba697e8888f40543136a23', 56594), ('feedback', 'a278c92e183d9fbf2e833d3918eaa3f3c3d5b69d4c013d540a92dc112f61c054', 342953), ('feedback', '506bbdc8cd9e91477ddeb5bb2bf203b1382b6632310096d7100596dd41cfbbc3', 274553), ('feedback', '121b5d468359d315a451959202754f8af223de2edea087aca25cd8739758a70d', 233779), ('feedback', 'fa8f5e1d5797def6b8795072873831c044ee58caff1b4058ea163992d519ea78', 257453), ('feedback', '8c959e5d55f0579d6a53ad3fc479e8f4a75993fffeab9f595a74d1de0b76d6aa', 237553), ('feedback', 'a034fb9e7b7677d2849a35614c40a5970630244b27e11646ecd1e0d0702d4b8f', 257453), ('contrib', 'a7bbeb2c0168c9d305828f3e74aae1608d489ded81f1da0a22f54d74aeedfc01', 75223), ('contrib', '60f732bd78e658724f2befd86f7252f37493fe113befa7f49f4e4ede38ef9a83', 58123), ('contrib', 'a5d1cb2c57aa19cccde28160b6536036918f50987f7429ef0343f623f4168e51', 58123), ('contrib', '399465346de0c2f7cc59bb7abd343acf28e6ed7168c390032b2c39347f705a58', 58123), ('contrib', 'a95706c3d705334c147b8ddbc4be4001cc11d7c39aa7c6ea05cb8c17fc2925cb', 58123), ('contrib', 'e201f583c02f888e97a3d8f72091058b8fcd58c36893d316ac43abe972eb729b', 58123), ('close', '6fe01305acfe2c57ac3c8c7fa6cbc942aa9744b3b43e4776400fd7713798ddf2', 611186)]"
3,00:16:58.071,0.8347,177.7792291045189,"[1213333333333333332, 1213333333333333332, 1213333333333333332, 1213333333333333332, 233333333333333334, 1213333333333333332]","[66, 66, 68, 65, 67, 70]","[52, 52, 52, 53, 52, 51]","[('0xA41dE09A63f6Cedd633f99052b44450d3BB91D44', 4329999999999999996, 43333333333333333, 1213333333333333332), ('0x17725D495A0843Ea05541fD61ba5D4082750bC08', 4329999999999999996, 43333333333333333, 1213333333333333332), ('0x37AC7AC5D09bbC6dAC1CF036b7F9DdD0EA4E052E', 4329999999999999996, 43333333333333333, 1213333333333333332), ('0x536fc4cd48ad9B3649e8aB615592E83Ec9F5fcd1', 4329999999999999996, 43333333333333333, 1213333333333333332), ('0xA2F37A08a8488CB8551a0D03f7A73f4156757de7', 4329999999999999996, 43333333333333333, 1213333333333333332)]",700000000000000000,"[(3, 116666666666666666)]","[200000000000000000, 200000000000000000, 200000000000000000, 200000000000000000, 200000000000000000]","[[0.0, 1.0, 1.0, 1.0, -1.0, 1.0], [1.0, 0.0, 1.0, 1.0, -1.0, 1.0], [1.0, 1.0, 0.0, 1.0, -1.0, 1.0], [1.0, 1.0, 1.0, 0.0, -1.0, 1.0], [-1.0, -1.0, -1.0, -1.0, 0.0, -1.0], [1.0, 1.0, 1.0, 1.0, -1.0, 0.0]]",[5],"['$user$0, 0.789, good, good, None, 0xA41dE09A63f6Cedd633f99052b44450d3BB91D44', '$user$1, 0.81, good, good, None, 0x17725D495A0843Ea05541fD61ba5D4082750bC08', '$user$2, 0.807, good, good, None, 0x37AC7AC5D09bbC6dAC1CF036b7F9DdD0EA4E052E', '$user$3, 0.819, good, good, None, 0x536fc4cd48ad9B3649e8aB615592E83Ec9F5fcd1', '$user$4, 0.609, bad, bad, 3, 0x118E560679B62a9F24c135A96d416548782f8cc2', '$user$5, 0.815, good, freerider, 5, 0xA2F37A08a8488CB8551a0D03f7A73f4156757de7']","[('close', '6fe01305acfe2c57ac3c8c7fa6cbc942aa9744b3b43e4776400fd7713798ddf2', 611186), ('slot', '5226c5083410758f267428599275622c39887fd9bf6007bfe4cbc6d9af341d19', 50814), ('slot', '55854bef825721c5de93ca4d0387840ea8780bd58df81af2d9c8a0cfe51c5877', 50814), ('slot', 'b6d649b6ed64771498d51076bb54cfb7e9b4be218e31cf00f532aadd8324a9f8', 50814), ('slot', '5c892cf68cc1d959a3c33c56ecc6043acfabb8e3051785d73d5aa096e29cdd4d', 50814), ('slot', '8f96c741c64b008c605ae5710051c85c4ebab500b200e2063f8368f2e6a96018', 50814), ('slot', '1476a2eaa8576ac1aad4351e8bd0c0d86e6e300f0d2801dd3131b54fb7862538', 50814), ('weights', '5519ee16625c3fab93f61ef970e230560a5a250b78c5b70c5abb0e4f598ab49c', 73694), ('weights', '37b96b55f012760860bfa6c45c175f35873ec27fdcc0336be737b8eac5182ed0', 56594), ('weights', '1c692b874ecb3576daedeb5d1e65ed4170857153fcf6cb940afea9c1f6287675', 56594), ('weights', 'a9282491e3adca5b3a268b8b2d1dc29ff61d4609b4e3e3ea200e85a7ab64fe98', 56594), ('weights', '2e67ca55ab227710718c6987117376ab809f32c4a5a30dbb63461eafd361b71d', 56594), ('weights', '569b1d351f0efc438b19dd324e62b8c9bd3708700c4eafb1e2e9f4ea24db9c54', 56582), ('feedback', 'dc2f4f107fc95462f9473ccf46c8b5cba5c89bd7d3440169d80df1d28b3beab9', 321401), ('feedback', '10c81796237bdaa32b211a8f35e6f1b5bf6e205a61fc771b1dc255422c6f5b16', 253001), ('feedback', '26778b1c07a54ebf6a610b49e4d48d75b50922b903ee5402cbe342fa2adb3368', 237901), ('feedback', 'cb5cba9c31c800785b2ebc185d115b78e5962f2b2c0140bb4c9fde68ff06fd47', 235901), ('feedback', 'd86b91ed6234ad28fa112dca5854f3a484b6e8d5b21ddb34bfb2da31a7fbfe8b', 229293), ('feedback', 'fbf5d4425364c46464c22ee44593e5c75191b2e14319aa18f8f2afd8b61ae065', 235901), ('contrib', '49dd401073c52c43d425f4d178c13dd3c7498cb38a8da5a118c4320b3c489616', 75199), ('contrib', '3dffdd57eafb4ae58ab3465515fc9a7797c3e8a37250723faac5fe3bf84c712c', 58099), ('contrib', 'ae10c00f0ae5dffbaabe542b999923741ea5440a607ac3601650ae72553a423d', 58099), ('contrib', '454b13f0bb2736501b1d79a9231e84e32bf62f11bb3057941d49ad60e1e7c058', 58099), ('contrib', 'eb0e8ec819b3db6f7167fcc1de6248b0dc796133dad5d57e34e0d6324c432773', 58099), ('close', '209b3285aebf9f8550666ccfe02cb87505c541bf0e08768c8c8e6e698fe09af8', 643640)]"
4,00:17:26.176,0.8802,127.48503301292658,"[1279999999999999998, 1279999999999999998, 1279999999999999998, 1279999999999999998, 1279999999999999998, 0]","[82, 83, 83, 81, 85, 84]","[18, 18, 19, 20, 17, 18]","[('0xA41dE09A63f6Cedd633f99052b44450d3BB91D44', 4619999999999999994, 66666666666666666, 1279999999999999998), ('0x17725D495A0843Ea05541fD61ba5D4082750bC08', 4619999999999999994, 66666666666666666, 1279999999999999998), ('0x37AC7AC5D09bbC6dAC1CF036b7F9DdD0EA4E052E', 4619999999999999994, 66666666666666666, 1279999999999999998), ('0x536fc4cd48ad9B3649e8aB615592E83Ec9F5fcd1', 4619999999999999994, 66666666666666666, 1279999999999999998), ('0xA2F37A08a8488CB8551a0D03f7A73f4156757de7', 4619999999999999994, 66666666666666666, 1279999999999999998)]",600000000000000000,"[(4, 233333333333333334)]","[200000000000000000, 200000000000000000, 200000000000000000, 200000000000000000, 200000000000000000]","[[0.0, 1.0, 1.0, 1.0, -1.0, 1.0], [1.0, 0.0, 1.0, 1.0, -1.0, 1.0], [1.0, 1.0, 0.0, 1.0, -1.0, 1.0], [1.0, 1.0, 1.0, 0.0, -1.0, 1.0], [-1.0, -1.0, -1.0, -1.0, 0.0, -1.0], [1.0, 1.0, 1.0, 1.0, -1.0, 0.0]]",[5],"['$user$0, 0.844, good, good, None, 0xA41dE09A63f6Cedd633f99052b44450d3BB91D44', '$user$1, 0.854, good, good, None, 0x17725D495A0843Ea05541fD61ba5D4082750bC08', '$user$2, 0.868, good, good, None, 0x37AC7AC5D09bbC6dAC1CF036b7F9DdD0EA4E052E', '$user$3, 0.846, good, good, None, 0x536fc4cd48ad9B3649e8aB615592E83Ec9F5fcd1', '$user$5, 0.871, good, freerider, 5, 0xA2F37A08a8488CB8551a0D03f7A73f4156757de7']","[('close', '209b3285aebf9f8550666ccfe02cb87505c541bf0e08768c8c8e6e698fe09af8', 643640), ('slot', '25628abd7fd3c86b85afc73e5a905753bfe5f5beb776d6faf318712f558cc5da', 50814), ('slot', '3ba7f50cfdef76b59c0bde0a1ed668a969387517ce3581c71652ad7bb3cc0af9', 50814), ('slot', '9b4c10ce343f21a202d3c4230fd22511255bf96574e83802f135aeea39f5e20e', 50814), ('slot', 'dba41ff75092ceb4b2f5b14fabf5370e989d0e96997ec93ce10b3a553642cf70', 50814), ('slot', '1a3ea7ed740e801a8c3ad455d2e2ddf43905bd5827d3c40e9cecad0dd55b4ce2', 50814), ('slot', 'bb849f7d19c68f0feb6bafa8ea1cd6e1fb97daf2e8497c7d1adcbb5c0a7c43ea', 50814), ('weights', 'dd02fc9df2fb6decfafab7c17fd55aefdf3e130773a94525665a16661e5d6712', 73694), ('weights', '2a5f033710c8b0386a8151ca045c3bb96f0171cd0cbf19ac62c8a7f23ee94517', 56594), ('weights', 'd388e86acf975d21910ee11d5f2c9cb17523a49816e19592553ea3d8047bae9e', 56594), ('weights', '2fd49fbd9b6b13efa56166d9dd3ed96f4da5476cf52761881a99cbc876301395', 56594), ('weights', '85066c4a53140d626e39505caa94e882a032b4c9d1756ef93e0ce0b624316975', 56594), ('weights', '013643cde5619c1556b308cf21fdce7e3f42e9402bed0f86f0c99f76060dd516', 56594), ('feedback', '6f8bd07695587284231c746aa265e3ed09393d71dea13af21eb30e694385bd43', 323401), ('feedback', '7451d07b2ec6ca7bc70da9e915889f500ac5ed424ea500070ec98950a3924836', 255001), ('feedback', '0e0a245ad07d2d77ff997f2158d0382dc7297c49196f12154ab5b649c3214759', 237901), ('feedback', 'd3cd9efcb160f10b4ad8fd10b5632b4d4413b8e6c1d37e9f5b89a135533d9b8f', 237901), ('feedback', 'f0a95bfa0d7fffe3338e5c6e11fed0df009c5c3aa205581bf472aa9c5039e7ca', 239293), ('feedback', 'e7ee4b41391545765f00d9840d9ae8aff5688edea1f56753778ca50a1d78c73c', 237901), ('contrib', '5c74d2c3f80c60972855934fda42155cc16cc91183b7ae1a03e8fb447da5dc7a', 75199), ('contrib', 'c76721b9e419dd8fdb18020cccba638ce01b87c793bdf90a9e1d2b5fca686f8f', 58099), ('contrib', 'c8d6097f125a97e7216c8a8db051fba2430c0dca3171b03aae273fb5073e550b', 58099), ('contrib', 'b18717fde0b56a96475e5b53f18dd9907d4322ef4d814f1ac0a526235cf8f4de', 58099), ('contrib', 'f9fdb3d39192bd4b32030d2805dc35ed948314b5db975c6aecfee13a7f7b29a5', 58099), ('close', '59ac92f4c2fbd3a417fad740b45d5a5cc0fb447265782b2fb5316d25a0b93a24', 606020)]"
5,00:17:50.749,0.8967,108.14611274376512,"[1299999999999999998, 1299999999999999998, 1299999999999999998, 1299999999999999998, 1299999999999999998, 0]","[88, 88, 88, 86, 0, 88]","[12, 13, 13, 15, 0, 13]","[('0xA41dE09A63f6Cedd633f99052b44450d3BB91D44', 3839999999999999994, 20000000000000000, 1299999999999999998), ('0x17725D495A0843Ea05541fD61ba5D4082750bC08', 3839999999999999994, 20000000000000000, 1299999999999999998), ('0x37AC7AC5D09bbC6dAC1CF036b7F9DdD0EA4E052E', 3839999999999999994, 20000000000000000, 1299999999999999998), ('0x536fc4cd48ad9B3649e8aB615592E83Ec9F5fcd1', 3839999999999999994, 20000000000000000, 1299999999999999998), ('0xA2F37A08a8488CB8551a0D03f7A73f4156757de7', 5119999999999999992, 20000000000000000, 1299999999999999998)]",500000000000000000,[],"[200000000000000000, 200000000000000000, 200000000000000000, 200000000000000000, 200000000000000000]","[[0.0, 1.0, 1.0, 1.0, 0.0, 1.0], [1.0, 0.0, 1.0, 1.0, 0.0, 1.0], [1.0, 1.0, 0.0, 1.0, 0.0, 1.0], [1.0, 1.0, 1.0, 0.0, 0.0, 1.0], [0.0, 0.0, 0.0, 0.0, 0.0, 0.0], [0.0, 0.0, 0.0, 0.0, 0.0, 0.0]]",[],"['$user$0, 0.87, good, good, None, 0xA41dE09A63f6Cedd633f99052b44450d3BB91D44', '$user$1, 0.889, good, good, None, 0x17725D495A0843Ea05541fD61ba5D4082750bC08', '$user$2, 0.882, good, good, None, 0x37AC7AC5D09bbC6dAC1CF036b7F9DdD0EA4E052E', '$user$3, 0.872, good, good, None, 0x536fc4cd48ad9B3649e8aB615592E83Ec9F5fcd1', '$user$5, 0.871, freerider, freerider, 5, 0xA2F37A08a8488CB8551a0D03f7A73f4156757de7']","[('close', '59ac92f4c2fbd3a417fad740b45d5a5cc0fb447265782b2fb5316d25a0b93a24', 606020), ('slot', 'f0e9c459e410b6ce274a642bedf7001efbe3e676c36117064256d243a6740d23', 50814), ('slot', '54ff6f3d371e9eeaaa616b75318d623dbaefa0a79fe3c7b910f9e9a31b9ec594', 50814), ('slot', 'df170bae0d8465a2bf30034b43b5459cba9769a5d9f8efd45338d1e986cc162f', 50814), ('slot', '4c0f3335ba2824fc5c82fa267d0181fe339f7bcc24330d3d4b6d37bc0a10a632', 50814), ('slot', '20d9148eb3e1e74beec1b614a204d5092f1bb59f1f62c622a5552d74dcf70a57', 50802), ('weights', 'b5bcb2cf9ccfa34a594f4c85d801a905619f4fd78dd3b85fdac448bf40e7aa06', 73682), ('weights', '7df8d06b343511304c257801e6b82100f64035c36ebed6fe59e9c277c2ddc469', 56594), ('weights', '6516651241fc81064f3a36a8b5577c6e7dfe05a73bdb633b1a3111f45c369395', 56594), ('weights', '63d9bda1c220dac77c42b698a9c50314992aade49722f6fdd40d85297a494222', 56594), ('weights', '3997fcc563fa697c8a364c3350f39a97492d39b0aa19d28275ad2cff8ca1cf3c', 56594), ('feedback', '705538ae2e246ecc9d4fb7b113aa5c5a0d6950f5ce7a5037d26539253bd34065', 270174), ('feedback', '9f8dc026abbaab70d791a820fb807fe9c216ad7771e30a23ad2ce2266440b781', 218874), ('feedback', '4f7728c2825120452402defb3a905ce0fa06fc51537158f4fa1ff0c63363cc93', 201774), ('feedback', 'a6b3aac120e0ff650d3fbd40d9f2c7195ba7a139a6027a3015823cc4c664474b', 201774), ('feedback', '060247eb8ed0a924bd94388fb21cd35038f097db4045d62e0ae7bc0224255cee', 178678), ('contrib', '8ab78e8895631f512cd99511cc380bfff4a6b9eed03a291827274c760a27c24f', 75199), ('contrib', '6d08713bb60e5e888238a1187b9a86818751abd24d58fb2dfef3b65e3e5de18b', 58099), ('contrib', '690594856d787de3ae4e1b1f99ee24429bdeb32363316866298f42133e20f731', 58099), ('contrib', '0e8e8c6946adfe007caaffcd6a368bde2526d6e7cd212fe419a32a8ad180d694', 58099), ('contrib', 'f86355c436def9cec374d853a4f4aec1e8feaffc5bc6e05a838abdb4ba332b64', 58099), ('close', 'a5b4f13eb3863e61149e29afa42ab8767fab01f820429f8c27a62a3b151ab191', 513374)]"
6,00:18:15.012,0.9069,94.45233480259776,"[1319999999999999998, 1319999999999999998, 1319999999999999998, 1319999999999999998, 1319999999999999998, 0]","[90, 90, 90, 87, 0, 90]","[10, 11, 11, 13, 0, 11]","[('0xA41dE09A63f6Cedd633f99052b44450d3BB91D44', 3899999999999999994, 20000000000000000, 1319999999999999998), ('0x17725D495A0843Ea05541fD61ba5D4082750bC08', 3899999999999999994, 20000000000000000, 1319999999999999998), ('0x37AC7AC5D09bbC6dAC1CF036b7F9DdD0EA4E052E', 3899999999999999994, 20000000000000000, 1319999999999999998), ('0x536fc4cd48ad9B3649e8aB615592E83Ec9F5fcd1', 3899999999999999994, 20000000000000000, 1319999999999999998), ('0xA2F37A08a8488CB8551a0D03f7A73f4156757de7', 5199999999999999992, 20000000000000000, 1319999999999999998)]",400000000000000000,[],"[200000000000000000, 200000000000000000, 200000000000000000, 200000000000000000, 200000000000000000]","[[0.0, 1.0, 1.0, 1.0, 0.0, 1.0], [1.0, 0.0, 1.0, 1.0, 0.0, 1.0], [1.0, 1.0, 0.0, 1.0, 0.0, 1.0], [1.0, 1.0, 1.0, 0.0, 0.0, 1.0], [0.0, 0.0, 0.0, 0.0, 0.0, 0.0], [0.0, 0.0, 0.0, 0.0, 0.0, 0.0]]",[],"['$user$0, 0.897, good, good, None, 0xA41dE09A63f6Cedd633f99052b44450d3BB91D44', '$user$1, 0.899, good, good, None, 0x17725D495A0843Ea05541fD61ba5D4082750bC08', '$user$2, 0.893, good, good, None, 0x37AC7AC5D09bbC6dAC1CF036b7F9DdD0EA4E052E', '$user$3, 0.885, good, good, None, 0x536fc4cd48ad9B3649e8aB615592E83Ec9F5fcd1', '$user$5, 0.871, freerider, freerider, 5, 0xA2F37A08a8488CB8551a0D03f7A73f4156757de7']","[('close', 'a5b4f13eb3863e61149e29afa42ab8767fab01f820429f8c27a62a3b151ab191', 513374), ('slot', '21649972d5ccf0fb1c8d9d74f5e400f3543ea78a26e43b8bb5cab422ae259dc3', 50802), ('slot', '0c607e5ba150fd821e8f87341bd482bb90300f39cb82e7c46a7361db5412616d', 50814), ('slot', '9c9671264366fcbdee15b4b9f67b4da8c3d386f1c50e414c03bd7e5404b91584', 50814), ('slot', '0c84e16d64c5e4a6fbd5c8874b41443e879b9d666c84842b765cdb83d15caf2d', 50814), ('slot', '204610977a98254830c14cba4b115fdb32f4134408757585420d52d77b37849e', 50814), ('weights', '0e3f498b43ca687e0aec8a422d048ca78efaff36feca53ac643b9f39034ab52d', 73694), ('weights', 'ec8aaf4625211e15cf2609b5294ee01690047ff3ac5b65c698548d942253422b', 56594), ('weights', 'b33c746d6666a40bfa19db9a6f9b07310604b34ca7e6cb11fa99c6405b9093b5', 56594), ('weights', '478936bc4d32e54be4fcd0b72187107f8ec03becb9b1585976a341d441dd7a7b', 56594), ('weights', '1eb38aad8b577a51706aa58684d25d6658a985e66032c17fd8230debb7cf498d', 56594), ('feedback', 'efa6a4f1abe4e0a7b6253289dab26f147ccd1bfd79dc8ac2463777fa714a1cd8', 270174), ('feedback', 'ab09bc3de6cf37f024c79baa450ed267c2bb142d1be4a43d7a49f73b2e95d812', 218874), ('feedback', 'eb23167dce3ca0c521bc6130e17fdcf6d4ef383a25a911e0d89b571814a5aaf3', 201774), ('feedback', '063939e77e85c7a8fcf807fe76ffe5e037077709ee5a215ecb9d61ce8f4f4668', 201774), ('feedback', '3f601f88131aa92ccfd088b3f93a1e0bbbccb323e1e0b46d83352f8f9bd51581', 186678), ('contrib', 'fcbfdf38d64064526cb74c19aac71be8abb4c81fbd0a096cc014101d30f25e69', 75199), ('contrib', 'e4bcc42d45531aeec89ee5fa20b4ad1e5c9be5a3a6153247ac1a7b66c6d9dc8a', 58099), ('contrib', 'eeca43b2fb19ecdd867e97b172aae08e6e30677bed2d594ea1aa5a8349bc3e4c', 58099), ('contrib', '0aecf03858d7748fa5d76cd438d24ae71d8190e2c615f12b680d67c5cdf8ead6', 58099), ('contrib', '10156e28bbca993959150db6d85a4bc9583fd26f0205e1b4fe779541403584ec', 58099), ('close', 'd917d2f92f3a6e5d57d7871356fc8b103c5e6b5707e579bb8b2ec3e21ec1a83b', 513374)]"
7,00:18:39.455,0.9161,84.48590489849448,"[1339999999999999998, 1339999999999999998, 1339999999999999998, 1339999999999999998, 1339999999999999998, 0]","[91, 90, 91, 88, 0, 90]","[9, 9, 10, 11, 0, 10]","[('0xA41dE09A63f6Cedd633f99052b44450d3BB91D44', 3959999999999999994, 20000000000000000, 1339999999999999998), ('0x17725D495A0843Ea05541fD61ba5D4082750bC08', 3959999999999999994, 20000000000000000, 1339999999999999998), ('0x37AC7AC5D09bbC6dAC1CF036b7F9DdD0EA4E052E', 3959999999999999994, 20000000000000000, 1339999999999999998), ('0x536fc4cd48ad9B3649e8aB615592E83Ec9F5fcd1', 3959999999999999994, 20000000000000000, 1339999999999999998), ('0xA2F37A08a8488CB8551a0D03f7A73f4156757de7', 5279999999999999992, 20000000000000000, 1339999999999999998)]",300000000000000000,[],"[200000000000000000, 200000000000000000, 200000000000000000, 200000000000000000, 200000000000000000]","[[0.0, 1.0, 1.0, 1.0, 0.0, 1.0], [1.0, 0.0, 1.0, 1.0, 0.0, 1.0], [1.0, 1.0, 0.0, 1.0, 0.0, 1.0], [1.0, 1.0, 1.0, 0.0, 0.0, 1.0], [0.0, 0.0, 0.0, 0.0, 0.0, 0.0], [0.0, 0.0, 0.0, 0.0, 0.0, 0.0]]",[],"['$user$0, 0.903, good, good, None, 0xA41dE09A63f6Cedd633f99052b44450d3BB91D44', '$user$1, 0.905, good, good, None, 0x17725D495A0843Ea05541fD61ba5D4082750bC08', '$user$2, 0.912, good, good, None, 0x37AC7AC5D09bbC6dAC1CF036b7F9DdD0EA4E052E', '$user$3, 0.9, good, good, None, 0x536fc4cd48ad9B3649e8aB615592E83Ec9F5fcd1', '$user$5, 0.871, freerider, freerider, 5, 0xA2F37A08a8488CB8551a0D03f7A73f4156757de7']","[('close', 'd917d2f92f3a6e5d57d7871356fc8b103c5e6b5707e579bb8b2ec3e21ec1a83b', 513374), ('slot', '8a04a1d2c1547676e51258729bb019fca528e4c1165274d2690b9de1176e2d79', 50814), ('slot', '327b06cde96e0eb91bbe33e32e46b5b070823a93a50e767bcc552fa03bedab46', 50814), ('slot', '7f3a6edaa4c721471cbce679d85d93d8c7bf659e0b84cf31020a0c686791c2a8', 50814), ('slot', '513ed4199e8417f082608697fddb96dff028345e82c710a6ad81bca462a075e0', 50814), ('slot', 'b60968a389e74708ee053aac5139e3eb2b4cd40fe948b2d190c4df6c7c54b18e', 50814), ('weights', '7d36d2d006c8c0d636589dc662029c7d1c2b312516243d15dc7e0058e5e2acca', 73694), ('weights', '20b2819ce98f41560d9855a2bdf69a605a6dd16a0c60ea17b60666d16c3ca37e', 56594), ('weights', '9c6c194739c789091d07ccd46ed877891777911a39c4827beb251eeb5f311b8c', 56594), ('weights', '7d9c5bff59eae94860199a4588d1ed9a30a636f6d1ad270258ba5d987b7df1fa', 56594), ('weights', 'ac93fc5c5bbb849507fcec66986f257e792adebb19fba8ae955c2698ff0b9f1a', 56594), ('feedback', '435ebdda320c988648b0c6db2b2c40fd50fe0109de96efb7e0ea428fc78e48f8', 270174), ('feedback', 'b9735205001ee94b742ed918db374b00e7c33bd2121d40cf0f50e06e7c0524b7', 218874), ('feedback', '468b890c3b514b63316e7fedd37adf58a7fb7531d778a3566233666c2b27beda', 201774), ('feedback', '2498e59a094fbe922610215a0d52b649ff1638ef202f9d484eb680e286b6dd80', 201774), ('feedback', '831ff164b6a257d67745b1a8e09ce2a1826ff4c39aa619bb3745faaf0a2a7019', 186678), ('contrib', 'd2a23950c83db7236d5c4c8a33e00da075949723fd5f0997ab53a74e2aaf52f5', 75199), ('contrib', '31cca9f7f2a2c25e5a8d99c2862ec568f9163de8efa9c9238097468fe26f12cd', 58099), ('contrib', 'ac583924b3bf2b33f9d12985fe94b00a1760f2edad6cf8243a9d7f59d3787702', 58099), ('contrib', 'f10fb7fa45cccc6c869e633f3174cd55289be8b22f70e5624ee0596a2786eb60', 58099), ('contrib', '0c81cd630d2b925bb18e5e0cdf1c603fa2554e3b87f805cd11ff58243268ce72', 58099), ('close', '9ce27de2c6e564cbc97054e053bd677868005845b18a66d34a8f9bde14836e0f', 513374)]"
8,00:19:03.617,0.9267,75.20029579848051,"[1359999999999999998, 1359999999999999998, 1359999999999999998, 1359999999999999998, 1359999999999999998, 0]","[92, 92, 92, 89, 0, 90]","[8, 8, 9, 10, 0, 9]","[('0xA41dE09A63f6Cedd633f99052b44450d3BB91D44', 4019999999999999994, 20000000000000000, 1359999999999999998), ('0x17725D495A0843Ea05541fD61ba5D4082750bC08', 4019999999999999994, 20000000000000000, 1359999999999999998), ('0x37AC7AC5D09bbC6dAC1CF036b7F9DdD0EA4E052E', 4019999999999999994, 20000000000000000, 1359999999999999998), ('0x536fc4cd48ad9B3649e8aB615592E83Ec9F5fcd1', 4019999999999999994, 20000000000000000, 1359999999999999998), ('0xA2F37A08a8488CB8551a0D03f7A73f4156757de7', 5359999999999999992, 20000000000000000, 1359999999999999998)]",200000000000000000,[],"[200000000000000000, 200000000000000000, 200000000000000000, 200000000000000000, 200000000000000000]","[[0.0, 1.0, 1.0, 1.0, 0.0, 1.0], [1.0, 0.0, 1.0, 1.0, 0.0, 1.0], [1.0, 1.0, 0.0, 1.0, 0.0, 1.0], [1.0, 1.0, 1.0, 0.0, 0.0, 1.0], [0.0, 0.0, 0.0, 0.0, 0.0, 0.0], [0.0, 0.0, 0.0, 0.0, 0.0, 0.0]]",[],"['$user$0, 0.908, good, good, None, 0xA41dE09A63f6Cedd633f99052b44450d3BB91D44', '$user$1, 0.907, good, good, None, 0x17725D495A0843Ea05541fD61ba5D4082750bC08', '$user$2, 0.921, good, good, None, 0x37AC7AC5D09bbC6dAC1CF036b7F9DdD0EA4E052E', '$user$3, 0.908, good, good, None, 0x536fc4cd48ad9B3649e8aB615592E83Ec9F5fcd1', '$user$5, 0.871, freerider, freerider, 5, 0xA2F37A08a8488CB8551a0D03f7A73f4156757de7']","[('close', '9ce27de2c6e564cbc97054e053bd677868005845b18a66d34a8f9bde14836e0f', 513374), ('slot', 'eecb7b00c41c32f807b54b802db2b342418e3d3a807db8bec227bea57f0cbb1d', 50790), ('slot', 'c5b7fb534fd32e22051b180a75434b4d20b0f4d6905bc0287f5141b45c935134', 50814), ('slot', '78360e1dd5c7ad21ee774752d7bb7f61af6cdf072a54d2e70b2099925177bfdf', 50814), ('slot', 'bf68654b9a45d1e60dfa3dd44a2525ed70568825cd9e45ae309665c653095d93', 50814), ('slot', '275de5601f3183deac2ae49a087fe86016411d7685482176ab2d9bf2985d89fe', 50814), ('weights', '716798785286b96d675382e60351e4ef45ef1896f26ae2776bef9b80917a94af', 73694), ('weights', 'cbd612147eb59c6c503c763980de72c3032d8fb2a9ccd1eae9fae2717cc73437', 56594), ('weights', 'c6efcf19ac565e0eb41c22b537a122b5e3663e743498dad5eda9939a8a4e4e9b', 56582), ('weights', '70213db0365e86b53de414167f308d133679aed02c81b2e7f3444de73a568c06', 56594), ('weights', 'f541f49a7be507ad22cf95b0c8119b312967ca7da46b38d77d991c6d8bf24eab', 56594), ('feedback', 'bce483b4b7d6e406f9be7cac0a8e12eac445b1b27e278298bd4acb5d71b18054', 270174), ('feedback', '6ab84e0c1f35b77f16220bf24dbc0cd1024314e4611e5d02b8a0aad69b60c433', 218874), ('feedback', '0962b4b15c51517ec82eaa25d238116085ec8ccb64900abd439f78a3dc6a4cd0', 201774), ('feedback', '5dd39fe7568cfc0f731b26874209d22e64a21c80274c9adfd657b93b5820fa4f', 201774), ('feedback', '449b807f5b0b0617191f5ec195c10a1a122a95b35377f73263950fa7a8bd13d4', 186678), ('contrib', '2a005cc8a0f84c11e7bb24fa9b61be539efad4ac9c38f6e591135e3c2e6431f9', 75199), ('contrib', '2873dceaded6bf2cb7f0ecb24419964deb78b712fffe06e794236d5e21042d52', 58099), ('contrib', '7ddf7017537408ef6dc6b71c63fed47c0bbeb44e001d15fa8084c753a7d80d9a', 58099), ('contrib', '8bb95b5222e9dd7d2d83877775864a6c959d8ca2e95ddfb3a92c6b0c69611b7c', 58099), ('contrib', '2baf2c8fed3f1f2a2d91e0fd3abdcf23113133eb1b7d988c5ce753b4ce805636', 58099), ('close', 'bb850fd10b554c596e2dd84973ea830c1e932a8c3fd5cb801c8786ce11b74dd5', 513374)]"
9,00:19:28.033,0.9325,68.26540870964527,"[1379999999999999998, 1379999999999999998, 1379999999999999998, 1379999999999999998, 1379999999999999998, 0]","[92, 92, 94, 91, 0, 92]","[7, 8, 8, 9, 0, 8]","[('0xA41dE09A63f6Cedd633f99052b44450d3BB91D44', 4079999999999999994, 20000000000000000, 1379999999999999998), ('0x17725D495A0843Ea05541fD61ba5D4082750bC08', 4079999999999999994, 20000000000000000, 1379999999999999998), ('0x37AC7AC5D09bbC6dAC1CF036b7F9DdD0EA4E052E', 4079999999999999994, 20000000000000000, 1379999999999999998), ('0x536fc4cd48ad9B3649e8aB615592E83Ec9F5fcd1', 4079999999999999994, 20000000000000000, 1379999999999999998), ('0xA2F37A08a8488CB8551a0D03f7A73f4156757de7', 5439999999999999992, 20000000000000000, 1379999999999999998)]",100000000000000000,[],"[200000000000000000, 200000000000000000, 200000000000000000, 200000000000000000, 200000000000000000]","[[0.0, 1.0, 1.0, 1.0, 0.0, 1.0], [1.0, 0.0, 1.0, 1.0, 0.0, 1.0], [1.0, 1.0, 0.0, 1.0, 0.0, 1.0], [1.0, 1.0, 1.0, 0.0, 0.0, 1.0], [0.0, 0.0, 0.0, 0.0, 0.0, 0.0], [0.0, 0.0, 0.0, 0.0, 0.0, 0.0]]",[],"['$user$0, 0.908, good, good, None, 0xA41dE09A63f6Cedd633f99052b44450d3BB91D44', '$user$1, 0.93, good, good, None, 0x17725D495A0843Ea05541fD61ba5D4082750bC08', '$user$2, 0.926, good, good, None, 0x37AC7AC5D09bbC6dAC1CF036b7F9DdD0EA4E052E', '$user$3, 0.916, good, good, None, 0x536fc4cd48ad9B3649e8aB615592E83Ec9F5fcd1', '$user$5, 0.871, freerider, freerider, 5, 0xA2F37A08a8488CB8551a0D03f7A73f4156757de7']","[('close', 'bb850fd10b554c596e2dd84973ea830c1e932a8c3fd5cb801c8786ce11b74dd5', 513374), ('slot', '217d0bc5224b8fdf5b82e962287e80d38aa7c16af2b22f2749c17d8dd01a9117', 50814), ('slot', 'be48b1c677903652ed0b371788b33e664f8618ac8fe891919fa266a04c8baef8', 50814), ('slot', '902dfd751aff431b4068f19b3c2678dfaafaffca33cb0d7626bf4588e9dcc759', 50814), ('slot', '7055348f678201329973e1071f5f1f9483f16c21768a9eedb5df56bc49f795e3', 50814), ('slot', '820465fa91771c599c1890c5b0417cbaa53ed1d5b06f37606258698a2c4f65b5', 50814), ('weights', 'f56dc7366ce0e0499ba005bc633da41c27d198877a038aae561a8c7871233c07', 73694), ('weights', '9fe522a24a6d0f77b2ad1f8507c0325dae7b1a601471bebfcf3071d748933e0b', 56594), ('weights', '5c73319cfc9ba04249bae6cca5bfa46642581a5e969ed2e991cc7ad04c96d168', 56594), ('weights', '52d0348e8875ed4a253e419d0714ee3242250591c34c9d7c0782ec6df8328551', 56594), ('weights', '45a9ebcf674d0d81efaee5c3237da1e8e2fd575812aaa768e15fc2b7e55d70e5', 56594), ('feedback', '29cfd4fa2632115dd78671a1449d7f20d7fc49256decfe918d7d581033df5076', 270174), ('feedback', '5c6f4804424b479099d1b3d7653bc4e3de4f941ae8875c7bed8b12f90ccc9e91', 218874), ('feedback', '7d2c1d25036af5fddbb398a13f273398cc1e67634462dab1308dda607076aeb5', 201774), ('feedback', '789eac08ed8d49ec0e2cd50e110ae72998b075788730f74d6781027b5c6d520b', 201774), ('feedback', '69cbcba57cc5f91eed6fca003d51fa8643ebe1a540fb1ed85a7cd37f31d61423', 186678), ('contrib', '3c6cf7896e2187f2e67d6396d155a0f71820b50d526ea0d475c44ee862f30172', 75199), ('contrib', 'b417ebab75178fb5ec40ebe480eb3745aa67aa283611db3a21c51aac5472cbf4', 58099), ('contrib', '6274a130d45d50b566e78672be5e99361201490e75adaab76870c41c0a81b2ba', 58099), ('contrib', 'bf0e04274147a3d04c096e6b6b77f2e51e09d10e2a70da3c96536acb3af48c65', 58099), ('contrib', 'f955ba1568b7689c53a6fe7e4ac6bff45b61edd7ce8326a72a8d79723da6b6d7', 58099), ('close', '6e09ff47310ebeebc744bc1af83167ce703b8470258267827556124c063a9624', 513374)]"
10,00:19:52.610,0.9385,62.70427832752466,"[1399999999999999998, 1399999999999999998, 1399999999999999998, 1399999999999999998, 1399999999999999998, 0]","[93, 93, 94, 92, 0, 92]","[7, 7, 7, 8, 0, 8]","[('0xA41dE09A63f6Cedd633f99052b44450d3BB91D44', 4139999999999999994, 20000000000000000, 1399999999999999998), ('0x17725D495A0843Ea05541fD61ba5D4082750bC08', 4139999999999999994, 20000000000000000, 1399999999999999998), ('0x37AC7AC5D09bbC6dAC1CF036b7F9DdD0EA4E052E', 4139999999999999994, 20000000000000000, 1399999999999999998), ('0x536fc4cd48ad9B3649e8aB615592E83Ec9F5fcd1', 4139999999999999994, 20000000000000000, 1399999999999999998), ('0xA2F37A08a8488CB8551a0D03f7A73f4156757de7', 5519999999999999992, 20000000000000000, 1399999999999999998)]",0,[],"[200000000000000000, 200000000000000000, 200000000000000000, 200000000000000000, 200000000000000000]","[[0.0, 1.0, 1.0, 1.0, 0.0, 1.0], [1.0, 0.0, 1.0, 1.0, 0.0, 1.0], [1.0, 1.0, 0.0, 1.0, 0.0, 1.0], [1.0, 1.0, 1.0, 0.0, 0.0, 1.0], [0.0, 0.0, 0.0, 0.0, 0.0, 0.0], [0.0, 0.0, 0.0, 0.0, 0.0, 0.0]]",[],"['$user$0, 0.925, good, good, None, 0xA41dE09A63f6Cedd633f99052b44450d3BB91D44', '$user$1, 0.931, good, good, None, 0x17725D495A0843Ea05541fD61ba5D4082750bC08', '$user$2, 0.937, good, good, None, 0x37AC7AC5D09bbC6dAC1CF036b7F9DdD0EA4E052E', '$user$3, 0.917, good, good, None, 0x536fc4cd48ad9B3649e8aB615592E83Ec9F5fcd1', '$user$5, 0.871, freerider, freerider, 5, 0xA2F37A08a8488CB8551a0D03f7A73f4156757de7']","[('close', '6e09ff47310ebeebc744bc1af83167ce703b8470258267827556124c063a9624', 513374), ('slot', '42b9d706edbef7a72431d0e489a83c8451e8888788dccd55c76450909e43ab52', 50814), ('slot', 'a63712f4334a2deee8312fae348610a62059719473a3cf4162c8b062b8bf262f', 50802), ('slot', '8c210135679940fd6ccc5e2d298e917713826806049e3d5c1e41df22cbed6100', 50814), ('slot', 'ddfdf583d816e77f5747a8bd1598d01c41de844aeab6d92233a5e18c684f7711', 50814), ('slot', 'fb7f1e93530bd351ff500de63400afef401096462310b76a4663f5de382609f9', 50814), ('weights', 'ac2db3a87851a9ae4ba0c6a853f9634cb5cf1844671a1e277a8a4a872c2141bf', 73694), ('weights', 'd4104542fab4c561bd23eeabc081ee950d0f271a217490908523255e872fe871', 56594), ('weights', '2840a4535770487684b1545673e763c27cbaf67e7e9f3e2f01c8ccc74d402041', 56594), ('weights', '1069980c2e2c6b10bf633f3f6a65eee732442f0f21df32ff58e7afdffd907102', 56594), ('weights', '73f7ab6b9736e5f665ae0e7d5f944897c4e6c2b1080c311b8363f9d3850a3398', 56594), ('feedback', '6d046a7dc63d885969ca99dd12be3f3a93a5c219b39063f0a6f10697c0c0b14d', 270174), ('feedback', '162a3a0b928cc9e732893e777ce48d2fe47ff4e8f1f3d8be51b89f4cf5987dff', 218874), ('feedback', '3b297e27c95391d879a206733681a86cde041f44eccad6b0df1a87474c4daece', 201774), ('feedback', '48e516b198c3115d023b5c8e109e844cd26eeb419b583d07f5d001f1de570c08', 201774), ('feedback', '285040400b903ed46e6d1bf5dc0f3005bd50892cb20d8fb40b0bf991f953c1f0', 186678), ('contrib', '01a9a01607d7d61f34a846a4324d8a57e7bedd5b75ce4bbcaa28f1b2315572b4', 75199), ('contrib', '82d48aa31e9e9dd40f5962ee740a86bbf6f484f401e724385aa51dd2783cbd62', 58099), ('contrib', '3dbfc9ba1e8ec40a6ada55241f38f72df12404f9ad1cfcc452f224c628f0185a', 58099), ('contrib', '63b5dae9897242ace67e93ca8a67ef91734a0d8864d91eae6a66ff8e2d306c1c', 58099), ('contrib', '1f598f1e367cba32fafe4aeaeaed8498eccfafd3671b05434d5babe97aa681bd', 58099), ('close', 'a5697d21b401fbb6b230e439ac051b22e880cdb010f20c2bd2ae86f255ff6675', 513374)]"
# $gasCosts$[403001, 330479, 313379, 313379, 337053, 313379, 75199, 58099, 58099, 58099, 58099, 342953, 274553, 233779, 257453, 237553, 257453, 75223, 58123, 58123, 58123, 58123, 58123, 321401, 253001, 237901, 235901, 229293, 235901, 75199, 58099, 58099, 58099, 58099, 323401, 255001, 237901, 237901, 239293, 237901, 75199, 58099, 58099, 58099, 58099, 270174, 218874, 201774, 201774, 178678, 75199, 58099, 58099, 58099, 58099, 270174, 218874, 201774, 201774, 186678, 75199, 58099, 58099, 58099, 58099, 270174, 218874, 201774, 201774, 186678, 75199, 58099, 58099, 58099, 58099, 270174, 218874, 201774, 201774, 186678, 75199, 58099, 58099, 58099, 58099, 270174, 218874, 201774, 201774, 186678, 75199, 58099, 58099, 58099, 58099, 270174, 218874, 201774, 201774, 186678, 75199, 58099, 58099, 58099, 58099],[126674, 126674, 126674, 126674, 126674],[50814, 50814, 50814, 50814, 50814, 50814, 50802, 50814, 50802, 50814, 50814, 50814, 50814, 50814, 50814, 50814, 50814, 50814, 50814, 50814, 50814, 50814, 50814, 50814, 50814, 50814, 50814, 50814, 50802, 50802, 50814, 50814, 50814, 50814, 50814, 50814, 50814, 50814, 50814, 50790, 50814, 50814, 50814, 50814, 50814, 50814, 50814, 50814, 50814, 50814, 50802, 50814, 50814, 50814],[73694, 56594, 56594, 56594, 56594, 56594, 73694, 56594, 56594, 56594, 56594, 56594, 73694, 56594, 56594, 56594, 56594, 56582, 73694, 56594, 56594, 56594, 56594, 56594, 73682, 56594, 56594, 56594, 56594, 73694, 56594, 56594, 56594, 56594, 73694, 56594, 56594, 56594, 56594, 73694, 56594, 56582, 56594, 56594, 73694, 56594, 56594, 56594, 56594, 73694, 56594, 56594, 56594, 56594],[671004, 611186, 643640, 606020, 513374, 513374, 513374, 513374, 513374, 513374],[],[]
# TOTAL EXPERIMENT TIME: 268.38 seconds
