# Author Nykjaer
# ------Specs--------# cpu_name:  (processor model)
# cpu_cores: 6 (physical cores)
# ram_gb: 13.5 (system memory in GB)
# gpu_name: NVIDIA GeForce RTX 3060 Laptop GPU (graphics processor)
# os_name: Linux (operating system)
# ------Config--------# good_contributors: 4 (honest participants)
# bad_contributors: 1 (malicious participants)
# freeriders: 1 (contribute 0)
# inactive: 0 (never join)
# reward: 1000000000000000000 (total reward pool)
# minimum_rounds: 10 (rounds to simulate)
# min_buy_in: 1000000000000000000 (lower buy-in bound)
# max_buy_in: 1000000000000000000 (upper buy-in bound)
# standard_buy_in: 1000000000000000000 (default buy-in)
# epochs: 1 (local epochs per round)
# batch_size: 32 (training batch size)
# punish_factor: 3 (penalty multiplier)
# first_round_fee: 50 (fee for first round)
# fork: True (True=local fork, False=real net)
# contribution_score_strategy: accuracy (scoring method)
# use_outlier_detection: False (Whether to use outlier detection)
# freerider_start_round: 5 (When freeriders should start freeriding)
# freerider_noise_scale: 0.5 (How much noise a freeder should add)
round,time,globalAcc,globalLoss,GRS,accAvgPerUser,lossAvgPerUser,rewards,conctractBalanceRewards,punishments,contributionScores,feedbackMatrix,disqualifiedUsers,userStatuses,GasTransactions
# $startingUserConfig$['$user$0, 0, good, good, None, 0xD69DacE7b5209939EcE09fF87009b784924B6dD8', '$user$1, 0, good, good, None, 0xF2091202B0b005Fc2f7D5a6D9e6BB02701DEAa73', '$user$2, 0, good, good, None, 0x5E81136135811d721482E67a6752Da0907332e23', '$user$3, 0, good, good, None, 0xa8c129B19CC4Ac3eC67E87e9a5329B771fd30a9F', '$user$4, 0, good, bad, 3, 0xf4Ab63a596257dE8b986773320c237878B80F423', '$user$5, 0, good, freerider, 5, 0xBEe46332A021B2800DCA9650662D09221659CC53']
0,12:46:16.896,0,720.8279418945312,"[1000000000000000000, 1000000000000000000, 1000000000000000000, 1000000000000000000, 1000000000000000000, 1000000000000000000]",[],[],[],1000000000000000000,[],[],,[],"['$user$0, 0, good, good, None, 0xD69DacE7b5209939EcE09fF87009b784924B6dD8', '$user$1, 0, good, good, None, 0xF2091202B0b005Fc2f7D5a6D9e6BB02701DEAa73', '$user$2, 0, good, good, None, 0x5E81136135811d721482E67a6752Da0907332e23', '$user$3, 0, good, good, None, 0xa8c129B19CC4Ac3eC67E87e9a5329B771fd30a9F', '$user$4, 0, good, bad, 3, 0xf4Ab63a596257dE8b986773320c237878B80F423', '$user$5, 0, good, freerider, 5, 0xBEe46332A021B2800DCA9650662D09221659CC53']","[('register', 'aa4028ad9af012033da95b0a57c153c92fbc7dd1520581b8188f372ba5cf5515', 126674), ('register', '3ec6ccea1381e992595230da2e829350b50a5f2b6993151ed3519198083e885f', 126674), ('register', '88b4d6fde31be42477e42f7d9d4893082735b35afe415d488e62e4849c5ddaa9', 126674), ('register', '574011768b892c2394efc94fec1c3c5670945d26125d8460137916dd45d0a339', 126674), ('register', 'fa000122198a915f144dcba36d29dfd030d6468d2754afc4af93bff81a602bde', 126674)]"
1,12:46:55.853,0.1754,716.8828125,"[1016299184091786346, 1016596511426708017, 1017677290332885227, 1012208322796182666, 1016636894224754096, 1020581797127683644]","[11, 12, 10, 11, 10, 14]","[74, 74, 74, 74, 74, 74]","[('0xD69DacE7b5209939EcE09fF87009b784924B6dD8', 5000000000000000000, 16299184091786346, 1016299184091786346), ('0xF2091202B0b005Fc2f7D5a6D9e6BB02701DEAa73', 3000000000000000000, 16596511426708017, 1016596511426708017), ('0x5E81136135811d721482E67a6752Da0907332e23', 5000000000000000000, 17677290332885227, 1017677290332885227), ('0xa8c129B19CC4Ac3eC67E87e9a5329B771fd30a9F', 4000000000000000000, 12208322796182666, 1012208322796182666), ('0xf4Ab63a596257dE8b986773320c237878B80F423', 5000000000000000000, 16636894224754096, 1016636894224754096), ('0xBEe46332A021B2800DCA9650662D09221659CC53', 5000000000000000000, 20581797127683644, 1020581797127683644)]",900000000000000000,[],"[162991840917863478, 165965114267080188, 176772903328852287, 122083227961826676, 166368942247540979, 205817971276836458]","[[0.0, 1.0, 1.0, 1.0, 1.0, 1.0], [1.0, 0.0, 1.0, 1.0, 1.0, 1.0], [1.0, 0.0, 0.0, 0.0, 1.0, 1.0], [1.0, 1.0, 1.0, 0.0, 1.0, 1.0], [1.0, 1.0, 1.0, 1.0, 0.0, 1.0], [1.0, 0.0, 1.0, 1.0, 1.0, 0.0]]",[],"['$user$0, 0.71, good, good, None, 0xD69DacE7b5209939EcE09fF87009b784924B6dD8', '$user$1, 0.648, good, good, None, 0xF2091202B0b005Fc2f7D5a6D9e6BB02701DEAa73', '$user$2, 0.748, good, good, None, 0x5E81136135811d721482E67a6752Da0907332e23', '$user$3, 0.684, good, good, None, 0xa8c129B19CC4Ac3eC67E87e9a5329B771fd30a9F', '$user$4, 0.695, good, bad, 3, 0xf4Ab63a596257dE8b986773320c237878B80F423', '$user$5, 0.772, good, freerider, 5, 0xBEe46332A021B2800DCA9650662D09221659CC53']","[('slot', 'de71a3a14dec4b7bbb324d59079b8c157e6923e0ba1097696b3816acd5f4de80', 50814), ('slot', 'ab5da6ce2f59fe583fe0c31bf505f8dbe09ed56e4013663e7e8f5350a9b51078', 50814), ('slot', '134edcc8f710370cccede3d7c4dba43ea608fab12e52f1f86aa29faf589a9c2e', 50814), ('slot', '9293591d4e2e043ea3245af671f8879abc370caaceb2e199872e9e24de72fa02', 50802), ('slot', '2a0af0f3e722b417243c5c656cfd682e81297b4b8c14e1cc12a9fb2bf8a9ce8b', 50814), ('slot', 'dc6977769046c765a29a221a316e81a9ee58ad5b24a320fd60d4089d74297c92', 50802), ('weights', '2a9aa86b572a4d558665fd271f3516ec73cfef2911ff7591e8c51616e3191d8b', 73694), ('weights', '1f2dd1152cdd7d2020cc6ae0d454c9c49256cc6fe4a5a40a55d3e91399f79a77', 56594), ('weights', '5d7c0d4bf76ea76671e17c0870758926e64c9f4ac45fc90916a9c0685b6b3c60', 56594), ('weights', 'a3e9b5e0514ffe73dab022aa85279ad3ece34f84d56b99236d76a38c0e56408a', 56582), ('weights', '7279e33deb5f599157388a65a3021b9c0b23bc47bfe7483e0d2cdfa73a33d549', 56594), ('weights', '3e7ec0a4cc552d23cd68ce04d71f76bd21fa27f2c060502451046318f7262790', 56594), ('feedback', 'ec014bb1223da4e2aa4e6746fac3fbef0a59183ddf7867de5231532bd46a7ba0', 816143), ('feedback', 'a3daac86ecef143a7fb8092b7c986430aa10791c445aa7a37845ca2fa2bd9852', 747743), ('feedback', 'f1298c92b5ec5e75ca89c3d1f3d58f0bf9c854edee52bbfd1a2924517b0de5e2', 683295), ('feedback', '259bb3704e62b540cdf1f0d47b15a472c05247295d9dd90a082d798e1d3d7d8f', 730643), ('feedback', '4fe3d0266cb5c312adf53f187440f6a573394009e0d3295eb5d037fee244bf79', 730643), ('feedback', 'abc1a501d69affa3085446dfb7f6c01aead63778eae1864aecd953d062662034', 706969), ('contrib', 'fec675286bc148f8e2a07cf3cae2b0edd6eaad0a60449c7f0c2f1c7679effd1a', 75223), ('contrib', '785f09f727df5bcce8f529ed7b1dce13e38fc67ab92af43e7521587d520fa737', 58123), ('contrib', '8a7d4def9481d0ad5cfc928580984c580a104543149d4f963bf8c83a0e017f62', 58123), ('contrib', '415b8965a8decba340684a8ee5a3922deb1cb4a7866bca915b289c5cbacfbea3', 58123), ('contrib', 'b6a83411d2ed030aeeef36b2d68b588501e3cd705057f80deb620e6f5441259f', 58123), ('contrib', '6cfa4cd329b0a23df43f7bcbf09cb47f2c7a8598d816bccb92bed081b82c450e', 58123), ('close', '14ba5057f57e3db5434ba5c8ec8fcfd1cbddfa059a65426459d50b0b9b482c15', 641581)]"
2,12:47:33.444,0.5975,653.9247741699219,"[1104816328399064544, 1099650565132945187, 1105314101563136032, 1108904073318088324, 677757929483169398, 1103557002103596509]","[15, 15, 17, 17, 17, 19]","[73, 73, 73, 73, 73, 73]","[('0xD69DacE7b5209939EcE09fF87009b784924B6dD8', 5083700815908213650, 88517144307278198, 1104816328399064544), ('0xF2091202B0b005Fc2f7D5a6D9e6BB02701DEAa73', 4071195165777109313, 83054053706237170, 1099650565132945187), ('0x5E81136135811d721482E67a6752Da0907332e23', 4070114386870932103, 87636811230250805, 1105314101563136032), ('0xa8c129B19CC4Ac3eC67E87e9a5329B771fd30a9F', 5087791677203817330, 96695750521905658, 1108904073318088324), ('0xBEe46332A021B2800DCA9650662D09221659CC53', 4067209880076133686, 82975204975912865, 1103557002103596509)]",800000000000000000,"[(2, 338878964741584698)]","[201689193191106286, 189241363516112093, 199683325633644881, 220324413540395724, 189061704118741041]","[[0.0, 1.0, 1.0, 1.0, -1.0, 1.0], [1.0, 0.0, 1.0, 1.0, 0.0, 1.0], [1.0, 1.0, 0.0, 1.0, 0.0, 1.0], [1.0, 0.0, 0.0, 0.0, -1.0, 0.0], [1.0, 1.0, 1.0, 1.0, 0.0, 1.0], [1.0, 1.0, 1.0, 1.0, 0.0, 0.0]]",[5],"['$user$0, 0.508, good, good, None, 0xD69DacE7b5209939EcE09fF87009b784924B6dD8', '$user$1, 0.477, good, good, None, 0xF2091202B0b005Fc2f7D5a6D9e6BB02701DEAa73', '$user$2, 0.477, good, good, None, 0x5E81136135811d721482E67a6752Da0907332e23', '$user$3, 0.572, good, good, None, 0xa8c129B19CC4Ac3eC67E87e9a5329B771fd30a9F', '$user$4, 0.375, good, bad, 3, 0xf4Ab63a596257dE8b986773320c237878B80F423', '$user$5, 0.531, good, freerider, 5, 0xBEe46332A021B2800DCA9650662D09221659CC53']","[('close', '14ba5057f57e3db5434ba5c8ec8fcfd1cbddfa059a65426459d50b0b9b482c15', 641581), ('slot', '352cf3d3a8ca6fe03ba6d5ffcc0a075812e3399d8d2858c7fe6217c4f484274e', 50814), ('slot', '089e678bac180d23778ed7fea07394a6b721b7a3400931b66043fbfccc475e0a', 50814), ('slot', 'ba612150d1ce6878ffd5fa365d2739d30f3c4bab4d1bd57fa2e9b7cfbef48f5d', 50814), ('slot', 'e4712dadb171deee203d7e273e54a3b015b0f6dd871ba04e4ceca159b0551315', 50814), ('slot', 'fdea0f75a38262747a2e8cfccd7b1ccacd98ac81cf4712bebe889d5a0ff5cd24', 50814), ('slot', '5c5325e50e94d9eb5491c796bd9ef1e84eb398f206db80c3577859a8e6a790e7', 50814), ('weights', '7206fba5bbc428af5a10eb0dd02bb0b69caa40bbde3c429298ce493c862c69d7', 73694), ('weights', 'aacc6a44a41d9bbbc1efdf651b27a7f5795954fe70248ba61ccbdf6946af0de4', 56594), ('weights', '3dffbc760a2f1b04db4c7644e8665b02b5f5933a6950025d6967545eb4802ead', 56594), ('weights', 'b1f2747eaf0b6529923452b4968d9a9758d8198272b9b0cf4bc12ba943fbe382', 56582), ('weights', '043a99de785122049f6b3300e624a71000dc98e80a015df47ad84b7525cb1108', 56594), ('weights', 'e87115f6f5bf247a60128650c327daa817b2540c817eaaac587527f3a2ddff07', 56594), ('feedback', '723e7a2c0452c14833c00fa3dad9dfcb146becec68b17c9551da4c3b50a5d37b', 714991), ('feedback', '88548f87295f75f8c6cbb475a699f76f5d14e815f208cadbd4c6333e34b7132e', 642469), ('feedback', 'aa0ecfdb531ece6ec29afcd263956fb3252c0d8a6f9e6974bbebacaf5c988ee1', 665169), ('feedback', '4e3d02663536408c66b66fb347eaf9b1e0b3bbdd50ebb29f8f80c0938d99e12c', 612169), ('feedback', 'ed8944c4e2f2a0b43c56bd6079f3dfe6933b55e7eee2a9891fa116bd120dc019', 631143), ('feedback', 'a13bd55b075398fcc1066d2fe8def9b64b2d279df9d69d845e7ece4a0bed9e2b', 645269), ('contrib', '9339793b2565b9513ec95e56a8166e26438f723d71d3581c23a1aa03121f7f92', 75223), ('contrib', '8ea9e1b8a78d41e7a7f2055f94975a6073cc02dbb1e1742ee89d340d5903cb34', 58123), ('contrib', '929353f4f1c1fef13487f26012d8ade5aefdf874abcf2e6a5b54d3e2b8bbf57a', 58123), ('contrib', 'd71c509a9f0dfefaceb51eae6504d264958ef2ee86877f69975027ada35993cd', 58123), ('contrib', '80d0a069dec79eceaf2ea071be26c185b493dcd55037893196a4462be670cbe1', 58123), ('close', '76c0a83db86786f6f47317d8d94f0de4f01e356f1a7d5a9ee3a100d6f921f35d', 643640)]"
3,12:48:08.634,0.8088,206.27873024344444,"[1166365846453429651, 1167083078817868087, 1170968873558089531, 1173842341057768991, 451838619655446266, 1169901240457397466]","[58, 57, 59, 55, 61, 62]","[67, 67, 67, 67, 67, 66]","[('0xD69DacE7b5209939EcE09fF87009b784924B6dD8', 3739667812634596654, 61549518054365107, 1166365846453429651), ('0xF2091202B0b005Fc2f7D5a6D9e6BB02701DEAa73', 3744833575900716011, 67432513684922900, 1167083078817868087), ('0x5E81136135811d721482E67a6752Da0907332e23', 3739170039470525166, 65654771994953499, 1170968873558089531), ('0xa8c129B19CC4Ac3eC67E87e9a5329B771fd30a9F', 3735580067715572874, 64938267739680667, 1173842341057768991), ('0xBEe46332A021B2800DCA9650662D09221659CC53', 3740927138930064689, 66344238353800957, 1169901240457397466)]",700000000000000000,"[(3, 225919309827723132)]","[188848945731075024, 206899412374697555, 201444866920152093, 199246456965088164, 203560318008987245]","[[0.0, 1.0, 1.0, 1.0, -1.0, 1.0], [1.0, 0.0, 1.0, 1.0, -1.0, 1.0], [1.0, 1.0, 0.0, 1.0, -1.0, 1.0], [1.0, 1.0, 1.0, 0.0, -1.0, 1.0], [-1.0, -1.0, -1.0, -1.0, 0.0, -1.0], [1.0, 1.0, 1.0, 1.0, -1.0, 0.0]]",[5],"['$user$0, 0.739, good, good, None, 0xD69DacE7b5209939EcE09fF87009b784924B6dD8', '$user$1, 0.768, good, good, None, 0xF2091202B0b005Fc2f7D5a6D9e6BB02701DEAa73', '$user$2, 0.77, good, good, None, 0x5E81136135811d721482E67a6752Da0907332e23', '$user$3, 0.774, good, good, None, 0xa8c129B19CC4Ac3eC67E87e9a5329B771fd30a9F', '$user$4, 0.375, bad, bad, 3, 0xf4Ab63a596257dE8b986773320c237878B80F423', '$user$5, 0.768, good, freerider, 5, 0xBEe46332A021B2800DCA9650662D09221659CC53']","[('close', '76c0a83db86786f6f47317d8d94f0de4f01e356f1a7d5a9ee3a100d6f921f35d', 643640), ('slot', 'e53ca04e67054c1fcc1e15b1d413e6e81e8f8dd5d470909de29aa8ea80a3ca01', 50814), ('slot', '5798cd98908fdf6099068bbeb9ff4719cf92bf6db2a1bedabbd1e2f9c1b1e319', 50802), ('slot', '21e6792a71fc69f29b8dcb10b1654be8209e2ea05b5e8c71f96bda5863d129bc', 50814), ('slot', 'd99414206032f45941d8b52c95780b099ef3d65293bfcbfd3661b554c1af6afc', 50814), ('slot', '20769ee648bdaf4fa656774f2492778288e85261e1131f0314a7478a9d3cc8ce', 50814), ('slot', 'ed40a356e5a58ec6f65dc54e37305020a9a8d39e6eac01d240fe596967d462ad', 50814), ('weights', '931625d3fd2d5d3cfe00a34d8a677e2e5559adbda7499347c93a50dcc92b6236', 73694), ('weights', '11a705db675c8dcae6482046da2147ae35dd8e6fad73e57c367d32c7e567458f', 56594), ('weights', 'eea62b730227317ab84fc4c99167e0f5134e4d27e22acb0761ee223016112b72', 56594), ('weights', '68d4eb66552f8d4ea2b0d3ab64ab82efc1bf673a92f3c7e0af7135e35ad5912a', 56570), ('weights', 'd7a48f67bf497197592cb4a03aeee8eeb4cc2abc2aa2f417cf800d8214f0291c', 56594), ('weights', '422b03b244444c95942c9bb786838ed03043539be85e3b1ec4c5340e821a5110', 56594), ('feedback', '0ff3fa5fef9ad52e892bfb84377c78c922dbb2f166e38dceb9d57e203d258811', 717015), ('feedback', '6170b65bebc8793b4be92c9b628b9d5407ddc2aadfc9dd89e1c4c0c064a57639', 648615), ('feedback', '5795ef6e1f8ae8354023ba9d252eab174c8e21cae4bce0da8d78b3558946610c', 631515), ('feedback', '41746df523cc25c114d39af57496b938eb298b4f8c0e80ee542577583f631ec4', 691215), ('feedback', 'c808e1c7123734b0738547573fffd01a51701c805c944b6762631d2c77ae589f', 603043), ('feedback', '2bdbd982f08f2ff376e5f390965a43eb895df1325a1169d1e7fc54c4bdd902fe', 631515), ('contrib', 'a317e0a0181155f2b59a55e582700bb224ed22d3d5a33c2de486fd915dc70059', 75223), ('contrib', 'd4ec9be05d18f00c92dbb3cabf9418b7aa0920966c88960e89a8b3b13daa2f21', 58123), ('contrib', 'bace9fa59413b4290e0ef23b984b3aa31937839230d28b6eea02281e1a64006d', 58123), ('contrib', '57892e7e44efa80d56a7aed26766cb06689acfd8cf7aa96d09b818ecf26b9cb4', 58123), ('contrib', '136e26b4e0952ba621212a81fad10fccdf1c4997fdf5ebd6513f921f77ed5f17', 58123), ('close', '545c568f2a1fe3c00dd2bcae4fb75e52c24e8991669063be55a08678257e40ec', 643640)]"
4,12:48:43.831,0.8666,141.75412917137146,"[1199701644347847204, 1211060171227687666, 1232196712391286885, 1225179085097365966, 301225746436964178, 1230636640498848090]","[79, 80, 79, 79, 81, 82]","[21, 21, 22, 23, 20, 20]","[('0xD69DacE7b5209939EcE09fF87009b784924B6dD8', 4229956914235677809, 33335797894417553, 1199701644347847204), ('0xF2091202B0b005Fc2f7D5a6D9e6BB02701DEAa73', 4229239681871239373, 43977092409819579, 1211060171227687666), ('0x5E81136135811d721482E67a6752Da0907332e23', 4225353887131017929, 61227838833197354, 1232196712391286885), ('0xa8c129B19CC4Ac3eC67E87e9a5329B771fd30a9F', 4222480419631338469, 51336744039596975, 1225179085097365966), ('0xBEe46332A021B2800DCA9650662D09221659CC53', 4226421520231709994, 60735400041450624, 1230636640498848090)]",600000000000000000,"[(4, 150612873218482088)]","[133017101102207546, 175478186116483886, 244312425163488972, 204844800589481512, 242347487028338082]","[[0.0, 1.0, 1.0, 1.0, -1.0, 1.0], [1.0, 0.0, 1.0, 1.0, -1.0, 1.0], [1.0, 1.0, 0.0, 1.0, -1.0, 1.0], [1.0, 1.0, 1.0, 0.0, -1.0, 1.0], [-1.0, -1.0, -1.0, -1.0, 0.0, -1.0], [1.0, 1.0, 1.0, 1.0, -1.0, 0.0]]",[5],"['$user$0, 0.83, good, good, None, 0xD69DacE7b5209939EcE09fF87009b784924B6dD8', '$user$1, 0.825, good, good, None, 0xF2091202B0b005Fc2f7D5a6D9e6BB02701DEAa73', '$user$2, 0.856, good, good, None, 0x5E81136135811d721482E67a6752Da0907332e23', '$user$3, 0.825, good, good, None, 0xa8c129B19CC4Ac3eC67E87e9a5329B771fd30a9F', '$user$4, 0.375, bad, bad, 3, 0xf4Ab63a596257dE8b986773320c237878B80F423', '$user$5, 0.843, good, freerider, 5, 0xBEe46332A021B2800DCA9650662D09221659CC53']","[('close', '545c568f2a1fe3c00dd2bcae4fb75e52c24e8991669063be55a08678257e40ec', 643640), ('slot', '43cf2f325a40bfdccd14e8745c3ca307a9eecf11105c79ce54e6a65dc8b65d17', 50814), ('slot', '7bfdbc370ab7a9ef5b8c60a318e9f632119e17c157d1cd8884c8af313db2c62a', 50802), ('slot', '8b67851a27271d17d5abfa6f09978fbb85ff7974e2d88eca039ee1771aef31d6', 50814), ('slot', '96e67b49eada3a98a6c657e9297eb4a0d658b7d7a19db38178fbd0c1f1f5812e', 50814), ('slot', 'e175a20995eec1ebfc76653353f5bcceddad506202b04123fa433dcbb5e82bbb', 50814), ('slot', 'eaa4bb57569622c1044a7db1fc382186bddc8568b93da2eb94a5947c47c1dc07', 50814), ('weights', '2bca9495ee83bc61fda5fcdd825c25354ed135f0e81b45e4f95c3a2991b692c3', 73682), ('weights', 'a3347accb55309e77e7cd0b665094951a2ba0b10ea59f06c757d8b396478b29c', 56594), ('weights', 'fda5e92129b5e9b421fc6e5ec889133b1c217a99d66ddf775aa735e89149265c', 56594), ('weights', 'ee69f95e840490842eef43c80557c755d0c170669453019020c93cc25a5b1660', 56582), ('weights', 'bd33f547538ed77fba0aab0e5a1d72fedf61e8ea9c59fb665bc384f2bfab09ef', 56594), ('weights', '6c75ab85ae749cb37df6215a383f3fe04005e42de3a3774facb209396523bb9b', 56594), ('feedback', 'dcd006d12e8da76fcf942a386aa3e0cfee8cca9e7a704b73373d12dbd940eb22', 717015), ('feedback', 'e819df2800bddb28df50d7f626b946e37048a214059e418adbf67986dcead41a', 648615), ('feedback', 'b805cfe30fc4d93cdee23853b44f9558f5ad3d7067a1bd9b2c5ad2781ac3cee1', 631515), ('feedback', '2eba69f0b0959b0a0cafa085f60ae343f2f2ca393bd964678defd85be36d9de0', 631515), ('feedback', 'b5b267473d4984e7849a5a1c17c4352756d524dc12e9ce0c00d31dd6d08ca510', 613043), ('feedback', '3dd87a964bec3c43aa665c1af3768995915c5ab23c85da47157659e5773b45e7', 631515), ('contrib', 'baebacb9a922494ada40dbd071ea42a8876cd8d843cdd52282fc797a00ec3b2a', 75223), ('contrib', 'b62d948ceebc9e6933c2104ff15db472ca96798bc9c91f04ea2d94401735482b', 58123), ('contrib', '2659059ced04895d55dd02cc657f6407effdaba7a822f9b96505ededb72cf9af', 58123), ('contrib', 'b868719efc64faf3389b96a37c0a8bd827d2bab240809fcbce78347ebae33a1b', 58123), ('contrib', '38052d5a76cb8c594b103316fc5c952435debbc3812c732ac4beb3ba3a1c7e22', 58123), ('close', 'd09384f13aca3e4ef7d40394972a761f6d19bfe8c584fc8aa8194a58599f2370', 643640)]"
5,12:49:16.250,0.889,114.1139575690031,"[1384433265014260135, 1314647995900442575, 1416928333057699816, 1563565979028365400, 820424426999232060, 0]","[86, 87, 86, 85, 88, 87]","[13, 14, 15, 16, 14, 14]","[('0xD69DacE7b5209939EcE09fF87009b784924B6dD8', 3367210222279376339, 184731620666412931, 1384433265014260135), ('0xF2091202B0b005Fc2f7D5a6D9e6BB02701DEAa73', 3355851695399535877, 103587824672754909, 1314647995900442575), ('0x5E81136135811d721482E67a6752Da0907332e23', 3334715154235936658, 184731620666412931, 1416928333057699816), ('0xa8c129B19CC4Ac3eC67E87e9a5329B771fd30a9F', 3341732781529857577, 338386893930999434, 1563565979028365400)]",500000000000000000,"[(5, 410212213499616030), (5, 301225746436964178)]","[227659574468085101, 127659574468085096, 227659574468085101, 417021276595744727]","[[0.0, 1.0, 1.0, 1.0, -1.0, -1.0], [1.0, 0.0, 1.0, 1.0, -1.0, -1.0], [1.0, 1.0, 0.0, 1.0, -1.0, -1.0], [1.0, 1.0, 1.0, 0.0, -1.0, -1.0], [-1.0, -1.0, -1.0, -1.0, 0.0, -1.0], [0.0, 0.0, 0.0, 0.0, 0.0, 0.0]]","[6, 5]","['$user$0, 0.87, good, good, None, 0xD69DacE7b5209939EcE09fF87009b784924B6dD8', '$user$1, 0.854, good, good, None, 0xF2091202B0b005Fc2f7D5a6D9e6BB02701DEAa73', '$user$2, 0.873, good, good, None, 0x5E81136135811d721482E67a6752Da0907332e23', '$user$3, 0.87, good, good, None, 0xa8c129B19CC4Ac3eC67E87e9a5329B771fd30a9F', '$user$5, 0.843, freerider, freerider, 5, 0xBEe46332A021B2800DCA9650662D09221659CC53']","[('close', 'd09384f13aca3e4ef7d40394972a761f6d19bfe8c584fc8aa8194a58599f2370', 643640), ('slot', 'b149173343dd2bc70086ad46c2ab17bfb5b28b8f2180e1a8835905bf669ee6e7', 50814), ('slot', 'e98dca1a136893e9f0a8cb56c226b2d597502f98af56181707c3aed0553931eb', 50814), ('slot', 'f0ccdcae5d0dc273e7bc24817d80284b68ff6d8021fdf3f2f705ace5f901c945', 50802), ('slot', '75e686f18b1419d7520f05d898df2e1a4aa9a94f2eb9b95fe82b1def52f1eb19', 50814), ('slot', '2f33d221ca2c87ed70860ce7389577834d87206dc783722ee4ee5c2b6fe99335', 50814), ('slot', 'aee47f948203cd8fc89c8438a08a5edcb88afb465b5f7c0d9301465a9d201fa2', 50814), ('weights', '79d4329bfe1758d899713a741d0f904f8f6b542181a28ab99b499c3263a74358', 73694), ('weights', '56897a408703688f85cca98e0bb3b906f2cd055573cbcf6f9e1ee1c4b31dc92a', 56582), ('weights', '5804cba71c393b508ea197596b58b2a78907764741330f9b6c81b2b371ee8940', 56594), ('weights', '6235a3f4aa6fa7070ac15abcc24278f1bf791e50a20f6265097878c0057fa322', 56582), ('weights', '6a757939860722f4cd3fd79e544187fb9e40bc0662099feb742f3578d5b8daf5', 56594), ('weights', 'c7a8fc579d97777a9a92247f7f7aebdd83d8904d0adf347cb5405e6a78359749', 56594), ('feedback', '97a6397188ec4e7b738424356f4b482054dc9308ff46e07ce04f81ef95c904a1', 715375), ('feedback', '485f64e133bdd195b1dae64079050943e7487fb06e6c218e48c74a72e28e4ee4', 646975), ('feedback', '03a50d230c27af2534917c2ccf2a74a37cab2380f182712f9ac6c4cf992fb50f', 629875), ('feedback', '0fd1e8d4b695ef098cbe3de7ae7b529fe9b02934ee84f41b29b8910e409505c4', 629875), ('feedback', '9b6bc6dccb82add72fee484d970415cdacf157effd07223cca3519f89e1f5b25', 613043), ('feedback', 'e8597675f10dab9f71f950d30512226677177e37e0e91c2cb6f670a836e5d250', 604273), ('contrib', '1707d7f8b6012d449e98410cc6a2357e166bd0f1ed09327db53dc54988398a13', 75223), ('contrib', '1a6de996c798d37e8c53184e718ef6c896547fa2682443f15bc38cf39628aca9', 58123), ('contrib', 'e02390909f581c2b269d82b686eac913e138ed9382f24844ce6240fe362e9c98', 58123), ('contrib', '6ecd43215fed748e2aaae8c792a4e927dd9a635f6b4ae5bb85e29566848b56dc', 58123), ('close', '8d92493aef5637279a910a7617d34bfdba6eb1d34a91acfdd5399e66c4929dfd', 618388)]"
6,12:49:45.385,0.9034,96.6202417165041,"[1309738303214311537, 1389342957700391381, 1454275813957674218, 1899693307128134809, 546949617999488040, 0]","[89, 89, 89, 87, 0, 89]","[11, 11, 12, 13, 0, 12]","[('0xD69DacE7b5209939EcE09fF87009b784924B6dD8', 4295142307986507791, 74694961799948598, 1309738303214311537), ('0xF2091202B0b005Fc2f7D5a6D9e6BB02701DEAa73', 4364927577100325351, 74694961799948806, 1389342957700391381), ('0x5E81136135811d721482E67a6752Da0907332e23', 4262647239943068110, 37347480899974402, 1454275813957674218), ('0xa8c129B19CC4Ac3eC67E87e9a5329B771fd30a9F', 4116009593972402526, 336127328099769409, 1899693307128134809)]",400000000000000000,"[(6, 273474808999744020)]","[-199999999999999455, 200000000000000011, 100000000000000005, 899999999999999467]","[[0.0, 1.0, 1.0, 1.0, 0.0, -1.0], [1.0, 0.0, 1.0, 1.0, 0.0, -1.0], [1.0, 1.0, 0.0, 1.0, 0.0, -1.0], [1.0, 1.0, 1.0, 0.0, 0.0, -1.0], [0.0, 0.0, 0.0, 0.0, 0.0, 0.0], [0.0, 0.0, 0.0, 0.0, 0.0, 0.0]]",[5],"['$user$0, 0.885, good, good, None, 0xD69DacE7b5209939EcE09fF87009b784924B6dD8', '$user$1, 0.891, good, good, None, 0xF2091202B0b005Fc2f7D5a6D9e6BB02701DEAa73', '$user$2, 0.902, good, good, None, 0x5E81136135811d721482E67a6752Da0907332e23', '$user$3, 0.89, good, good, None, 0xa8c129B19CC4Ac3eC67E87e9a5329B771fd30a9F', '$user$5, 0.843, freerider, freerider, 5, 0xBEe46332A021B2800DCA9650662D09221659CC53']","[('close', '8d92493aef5637279a910a7617d34bfdba6eb1d34a91acfdd5399e66c4929dfd', 618388), ('slot', '97764ed91e686303135a67e02a324a8e0bda52621e7bb5bb6c7a1c60951e296f', 50814), ('slot', '95ecd64eaf04c1f6c7277a854a1d639020c3e59bd249b158d224e8d2365622b4', 50814), ('slot', 'de585e5b181e6b2823eb176b98c59e758df0f3e511a79268d1e0cd3ea3c78fe8', 50814), ('slot', '9a0e5ec4aa7712faba0f7f8d4f4db8705464a47229b0f3b385aebb076f706b0e', 50814), ('slot', 'a338510eba4411beae968984734a847cb7ba593b9e8ef641912947d36c1a093e', 50814), ('weights', 'e14e9e22fb863a3752e91f8b64ccc546cef8de35035bb757425b79a048bca576', 73694), ('weights', 'd683cd5916d4636844db11b616b898d9c0d5e3d6873ed9bd09cded0497ce0a62', 56594), ('weights', '2879df02b2b06e1e01ae4ec322cb6e274a33721e54f1618ab64bb8d4a8dc7234', 56594), ('weights', '52769aea39f15e052214714f83dc96348132fefff46c43a5b84f371416627d70', 56582), ('weights', 'a391e721266f31cddc3d3d5bbd750fff745bc76f3d328484e8eca858e36a1580', 56582), ('feedback', '73a12667f5847dfade4681c223d065221875ba5da7ecdaa31b18553607509b8b', 619388), ('feedback', '7b7b057df75099f76f00568e17a1e292e2963bd81fbbcfd19cf519377fdfeb59', 568088), ('feedback', '293e8d0f0b98e4573d3ebadc1f158a89714663735602af7e7b8ac1a3c42b9249', 550988), ('feedback', '0868ea0735e7eb5e9b59c3c44b5d2528af8c95258525b997af1310fc62872344', 550988), ('feedback', '46fde05e68f41c000a4f1bc02b351bc6f455f0e6240e3b9241a23b777b852858', 396112), ('contrib', '8b90bb541c6dbc8f6d2c7689953c065b2324270ab34cd1e3ec0d79a36fadead0', 95135), ('contrib', '909270470e46121fb0c1621361fa343aedfc12744df308b618691903c205e51a', 58111), ('contrib', '36a25b8df86df2139ac5a98dc9c8c2ad79c15f776868e2e3d37a2d705182792f', 58111), ('contrib', 'e11a9e1e727ec851337e216554c9cc83f975840f3b1f3a6572e0e059a4a4329d', 58123), ('close', '58fb3101ee590e2c7736b44dc8532269415d2399997846e2403e11d697fb0828', 543332)]"
7,12:50:14.410,0.9156,82.99217621982098,"[1314219518124362033, 1484568774538958118, 1549501630796240955, 1987076997874113518, 364633078666325360, 0]","[90, 90, 91, 88, 0, 90]","[9, 10, 10, 11, 0, 10]","[('0xD69DacE7b5209939EcE09fF87009b784924B6dD8', 4743312078786200408, 4481214910050496, 1314219518124362033), ('0xF2091202B0b005Fc2f7D5a6D9e6BB02701DEAa73', 4663707424300120564, 95225816838566737, 1484568774538958118), ('0x5E81136135811d721482E67a6752Da0907332e23', 4598774568042837727, 95225816838566737, 1549501630796240955), ('0xa8c129B19CC4Ac3eC67E87e9a5329B771fd30a9F', 4153357074872377136, 87383690745978709, 1987076997874113518)]",300000000000000000,"[(7, 182316539333162680)]","[15873015873016919, 337301587301587157, 337301587301587157, 309523809523808757]","[[0.0, 1.0, 1.0, 1.0, 0.0, -1.0], [1.0, 0.0, 1.0, 1.0, 0.0, -1.0], [1.0, 1.0, 0.0, 1.0, 0.0, -1.0], [1.0, 1.0, 1.0, 0.0, 0.0, -1.0], [0.0, 0.0, 0.0, 0.0, 0.0, 0.0], [0.0, 0.0, 0.0, 0.0, 0.0, 0.0]]",[5],"['$user$0, 0.901, good, good, None, 0xD69DacE7b5209939EcE09fF87009b784924B6dD8', '$user$1, 0.903, good, good, None, 0xF2091202B0b005Fc2f7D5a6D9e6BB02701DEAa73', '$user$2, 0.921, good, good, None, 0x5E81136135811d721482E67a6752Da0907332e23', '$user$3, 0.896, good, good, None, 0xa8c129B19CC4Ac3eC67E87e9a5329B771fd30a9F', '$user$5, 0.843, freerider, freerider, 5, 0xBEe46332A021B2800DCA9650662D09221659CC53']","[('close', '58fb3101ee590e2c7736b44dc8532269415d2399997846e2403e11d697fb0828', 543332), ('slot', '8796e497c956ea0b40360a122ee8866b475df270a3898d6936efbcb8b1cffc93', 50814), ('slot', '96bc368d0cca454d9ab5c68ecd5d99abbc5956ca447b7c766cf14ba39aefc490', 50814), ('slot', 'f5cc88432a60d09b678ab4ee339672af5763deefb34faf76b242f9aab0d153aa', 50802), ('slot', '9cbb2803a8661a85614f051c0794b6577cd8cae7ada1339ecf1916267c0c24ac', 50814), ('slot', '1d099fbdc6bcfd6b177fa81f9b22a6e3582eef533c01d0eb48503ab883bb07b1', 50814), ('weights', '32339f29dad60c896554b59599d84897ae3107c80887c3579b479dc34b086db8', 73694), ('weights', '7434932aae277c93ca61032b0351c1c7e8385f6da863a34b5e89e2dd387aafe1', 56594), ('weights', 'e3efe7f5c29ba92bed19b34993dbf254393a2421f0a0e1c38da4315b674ab88d', 56594), ('weights', 'f253c5b112e91e9855b07cb9862e01908f9ad9f76ce223d3a4acd17402f505be', 56582), ('weights', '08b31022049c1f471a54dd6ceab164a2f21de44653a28a5c59409789239fc13a', 56594), ('feedback', 'fc3b314cd759caa50c6efee12e170e4f7b9645cc33c804b19268e43542e8beec', 619388), ('feedback', 'f12c1b52e97bfc138b8c04cce7b1ee29847f087197e97b89940c7f6e2a319311', 568088), ('feedback', '9d87a3b58d10485afc4bd8ac2ff6f0f7e2de6a6f3877ecae292ba7063062ba29', 550988), ('feedback', 'd286e9c093672cad3c8ed1042346fd6631e19585d43b48d9a2b7f9f272b3d895', 550988), ('feedback', '0d7dd53e69674d8a5c6af40d38f6bb6705150614cd13e092facf5d8d930781bf', 396112), ('contrib', '2d043642658c7422346ebe0749456a6fc51c99388260b65809bd2e38264a65f0', 75211), ('contrib', 'd5ef367d0467f7f947618535572cab384d9243d26948c3d654f32518efc97e89', 58123), ('contrib', '54f822e2ed63ea781f570679f5ade9daf1c81c2a6ef066fcb72e4f0a2dfdd20a', 58123), ('contrib', 'e2d4f38b0e1e30ee0beaf04032fe0d21ce3cdf3a859addcd352c6c9d84a90dca', 58123), ('close', '6a648e2fa0d41eb8d58032d98ff772c477964e41ff53a671b5fdbc36bb1c6eb5', 543321)]"
8,12:50:43.400,0.929,71.6174435429275,"[1092675158568920247, 1595340954316679011, 1549501630796240955, 2319393537207276197, 243088719110883574, 0]","[92, 92, 92, 90, 0, 91]","[8, 8, 8, 10, 0, 9]","[('0xD69DacE7b5209939EcE09fF87009b784924B6dD8', 5021147403209312591, 221544359555441786, 1092675158568920247), ('0xF2091202B0b005Fc2f7D5a6D9e6BB02701DEAa73', 4850798146794716506, 110772179777720893, 1595340954316679011), ('0x5E81136135811d721482E67a6752Da0907332e23', 4785865290537433669, 0, 1549501630796240955), ('0xa8c129B19CC4Ac3eC67E87e9a5329B771fd30a9F', 4348289923459561106, 332316539333162679, 2319393537207276197)]",200000000000000000,"[(8, 121544359555441786)]","[-1000000000000000000, 500000000000000000, 0, 1500000000000000000]","[[0.0, 1.0, 1.0, 1.0, 0.0, -1.0], [1.0, 0.0, 1.0, 1.0, 0.0, -1.0], [1.0, 1.0, 0.0, 1.0, 0.0, -1.0], [1.0, 1.0, 1.0, 0.0, 0.0, -1.0], [0.0, 0.0, 0.0, 0.0, 0.0, 0.0], [0.0, 0.0, 0.0, 0.0, 0.0, 0.0]]",[5],"['$user$0, 0.911, good, good, None, 0xD69DacE7b5209939EcE09fF87009b784924B6dD8', '$user$1, 0.915, good, good, None, 0xF2091202B0b005Fc2f7D5a6D9e6BB02701DEAa73', '$user$2, 0.927, good, good, None, 0x5E81136135811d721482E67a6752Da0907332e23', '$user$3, 0.911, good, good, None, 0xa8c129B19CC4Ac3eC67E87e9a5329B771fd30a9F', '$user$5, 0.843, freerider, freerider, 5, 0xBEe46332A021B2800DCA9650662D09221659CC53']","[('close', '6a648e2fa0d41eb8d58032d98ff772c477964e41ff53a671b5fdbc36bb1c6eb5', 543321), ('slot', '86abfb8c1a8da42e02f5d5890f1cb1c38d5c89da7af0892fb2a40d12b66a5e17', 50814), ('slot', 'ce4d967776fc8fe0e43f24a621d51646727a2fc4178cc687f6c669e4c4098d9f', 50814), ('slot', '6580bca83c0808dd23dd87d91e08901cfa06b37bc0dfafcf006be50e5380dbfc', 50814), ('slot', 'f437d3948599ab6cf8fae69745610c690dfcfaaf55ec147bd693a2646146c9f1', 50814), ('slot', '159441f6ab9c14055242344f86bebcc8a5f3c2f545605d64bb72100936929fc0', 50814), ('weights', 'e7f793920d82a9074e4138420bd3ae4d85e47456ca521d2a710c343b27618451', 73694), ('weights', '9223f80269e4bc0a2290cd3ec12446c253e8c07a9a8b5f9c0a2ba548c314c74a', 56594), ('weights', '81c384c2f124363b878e6bf4d7c030a03563ee69f11ba5edb40d297614706737', 56594), ('weights', 'b72a138ed13bff5470489af73829beca9a46bfd63f0f41fc9515842be196960c', 56570), ('weights', 'f941757d38c382e1d648bdc969e936136078e77a1939139b017e7fdca82cd503', 56582), ('feedback', '55634f3e952f6ac01890ce8cbb4683f48a48048a9065304d45aeda3e4c13c27a', 619388), ('feedback', '05d7b0e3b65655f32c82db47584ed7ed24165382097d385763d784f420674310', 568088), ('feedback', '6515869a5285b50389897c2f0f54e10e65c7d6a620b0d5f9e7920947f9cf1a1b', 550988), ('feedback', 'e97a72b4ec50bc96dc148f6b62c507cd91f573d29324da5b5e1ceab6b56289c8', 550988), ('feedback', '2f67475fed67adb3f157409facdeb590f8371862609d7040ad5e92ba8903393a', 396112), ('contrib', '87a793e4a2a85866db4fd013d7725030b111a69a29a3b2ad29c8d6d37cb01e7a', 95111), ('contrib', '705a5cd32d24b89b9e33a980bee1213bdbc713ae241af3cde68e14782b3c34da', 58099), ('contrib', '11321b3950f85f02390bcc52363754917d09cbd36e5a59361f414059c24c6c2b', 38127), ('contrib', '93912ef5b510e2f9e3c636e80f4510c85dff59247266cbbd81717a50da4cfb82', 58099), ('close', 'be8cca99401888adfc822b36fbb0cadf957935f89342fd3691825735c7b7c360', 525172)]"
9,12:51:12.493,0.9371,64.27310795336962,"[1274941040596577897, 1546021950944488762, 1680304204957265340, 2398732803501667984, 0, 0]","[93, 93, 94, 91, 0, 92]","[7, 7, 7, 8, 0, 8]","[('0xD69DacE7b5209939EcE09fF87009b784924B6dD8', 5464236122320196163, 182265882027657650, 1274941040596577897), ('0xF2091202B0b005Fc2f7D5a6D9e6BB02701DEAa73', 4961570326572437399, 49319003372190249, 1546021950944488762), ('0x5E81136135811d721482E67a6752Da0907332e23', 5007409650092875455, 130802574161024385, 1680304204957265340), ('0xa8c129B19CC4Ac3eC67E87e9a5329B771fd30a9F', 4237517743681840213, 79339266294391787, 2398732803501667984)]",100000000000000000,"[(9, 243088719110883574)]","[531250000000002220, -143750000000002153, 381250000000000088, 231249999999999900]","[[0.0, 1.0, 1.0, 1.0, 0.0, -1.0], [1.0, 0.0, 1.0, 1.0, 0.0, -1.0], [1.0, 1.0, 0.0, 1.0, 0.0, -1.0], [1.0, 1.0, 1.0, 0.0, 0.0, -1.0], [0.0, 0.0, 0.0, 0.0, 0.0, 0.0], [0.0, 0.0, 0.0, 0.0, 0.0, 0.0]]",[5],"['$user$0, 0.92, good, good, None, 0xD69DacE7b5209939EcE09fF87009b784924B6dD8', '$user$1, 0.929, good, good, None, 0xF2091202B0b005Fc2f7D5a6D9e6BB02701DEAa73', '$user$2, 0.932, good, good, None, 0x5E81136135811d721482E67a6752Da0907332e23', '$user$3, 0.911, good, good, None, 0xa8c129B19CC4Ac3eC67E87e9a5329B771fd30a9F']","[('close', 'be8cca99401888adfc822b36fbb0cadf957935f89342fd3691825735c7b7c360', 525172), ('slot', '33ee26717af7cfd5da12cb27a6452c0b25987b11e4a6d44cb77c384b08a2687e', 50814), ('slot', 'b4ad3d7d979d404def3df35f7020370c8874d6a2c5d06cb7ec3ef558c3c4e1aa', 50814), ('slot', '891501dbfcbafbd4055eae8f2e6e186d4bf2988004174c8fe903353d291cf197', 50814), ('slot', 'ead921398709021cb350216bf35ce0ce81ba819315180c595f6646395c9da450', 50814), ('slot', '1ca5a8bc1be961f2a53f6e1c8303375dfa47b25600d785cb43bb8ed4c59aa24f', 50814), ('weights', 'b18ca3ea6049ce966d3a7c26ebc002d1fc0eb2de0db9b2be90c4c4501876cdba', 73694), ('weights', '1151c3660cdb20f2f08d276ed280c5603923d3520e3e805de54022feef0bb7d4', 56594), ('weights', '3671a5ed2d74d6f1c1f709a529979b53c173ffa0838522d5ad9ae4a4eea6050a', 56594), ('weights', '8b7334704cbad47b49e25cc795cb55f0857a0c605ba215b134df5bd7af4e26af', 56582), ('weights', '9bc8b144f3b3f19a4e918aabdabb43aa165e1d375e43c1afe35e0daf581cf893', 56594), ('feedback', '23c5d27540788256319767ee51ac0934983587077329f3fc8b4e39055d500242', 619388), ('feedback', '8a2418a9c5564d3c93161686bdc44c83dee5420a93129b9cef9b9cc29790c874', 568088), ('feedback', 'afa5bf5c98c5a6c39e02f622c5e1c1a34067de0654d7af653ed60521fb4f5802', 550988), ('feedback', '4a74746ebfb3a77907d4f803d6064ae92e7b0e4056c275695c3ca2928f398430', 550988), ('feedback', '9846631c40973110d4f3dff7b241c5a0a54a868255c10ae5fc016dcdc59ac796', 396112), ('contrib', '02dbba727babe0fa81e057b1559a7f5374156d5c6cb3b6dd6653895e4ce26f25', 75223), ('contrib', 'c4ef87cd0f6fd46873431c2e55ed82d579fc499e581c6196aca75c19c5292515', 78035), ('contrib', 'a0bd82d94a2d80def361d84c045a20a12916efd495ff5c7a77dc350659e37a11', 58123), ('contrib', '123d4737ef001a8af0a3ccd365650d9175537d97736d777deb63d2dfe16c9509', 58123), ('close', 'a74d8da4190107b8fc2b4233d77a789e768c93b9275145509747b8f46d5c5429', 502192)]"
10,12:51:38.851,0.9418,57.80890392884612,"[1287441040596577897, 1529950522373060193, 1724947062100122479, 2457661374930239414, 0, 0]","[93, 94, 94, 92, 0, 0]","[6, 7, 7, 8, 0, 0]","[('0xD69DacE7b5209939EcE09fF87009b784924B6dD8', 5625058959403422086, 12500000000000000, 1287441040596577897), ('0xF2091202B0b005Fc2f7D5a6D9e6BB02701DEAa73', 5353978049055511221, 16071428571428569, 1529950522373060193), ('0x5E81136135811d721482E67a6752Da0907332e23', 5219695795042734643, 44642857142857139, 1724947062100122479), ('0xa8c129B19CC4Ac3eC67E87e9a5329B771fd30a9F', 4501267196498331999, 58928571428571430, 2457661374930239414)]",0,[],"[125000000000000000, -160714285714285698, 446428571428571396, 589285714285714301]","[[0.0, 1.0, 1.0, 1.0, 0.0, 0.0], [1.0, 0.0, 1.0, 1.0, 0.0, 0.0], [1.0, 1.0, 0.0, 1.0, 0.0, 0.0], [1.0, 1.0, 1.0, 0.0, 0.0, 0.0], [0.0, 0.0, 0.0, 0.0, 0.0, 0.0], [0.0, 0.0, 0.0, 0.0, 0.0, 0.0]]",[],"['$user$0, 0.924, good, good, None, 0xD69DacE7b5209939EcE09fF87009b784924B6dD8', '$user$1, 0.939, good, good, None, 0xF2091202B0b005Fc2f7D5a6D9e6BB02701DEAa73', '$user$2, 0.941, good, good, None, 0x5E81136135811d721482E67a6752Da0907332e23', '$user$3, 0.924, good, good, None, 0xa8c129B19CC4Ac3eC67E87e9a5329B771fd30a9F']","[('close', 'a74d8da4190107b8fc2b4233d77a789e768c93b9275145509747b8f46d5c5429', 502192), ('slot', 'f347441089cc233bf322ccccca3f88616f9bfbca7ee440d0ce67376ea0a38bfc', 50814), ('slot', '3492f7a21eeb93ed94b2b1abaf42d68e8fb92a397dab2d8b9593473d6072edb1', 50814), ('slot', 'cc0356dcdfb26651724a3742f0dedfdfd289f906658e0c2c13ca332f1f14fbd0', 50802), ('slot', 'bfbdf2fc09433fa2d98c5072e1b9e032b43f307eb390de07cf24d5a24c2cf83d', 50802), ('weights', '2c8f7281ff12fa536843c41ee328dcfce7e16bd387819885bffadca8d25e1baa', 73694), ('weights', '83102b4e606949b43b6ed676e63573280ad92ad6b2504edd682e11e37c23c20b', 56582), ('weights', '2c6b5deeed5dff46ea4f8b246394ee413b00dc8764effb9fe95ccd25d498b2a5', 56594), ('weights', '5379fc7fc684a86fa0a507d7503b7f976bc807620e8cde234625a10b718f47e5', 56582), ('feedback', 'ae5cf592c552ed39b03c5368b4a1b642bd2d7a69ee36e481a71dc2ddc9ee477a', 521426), ('feedback', 'dca506e1584141ddcf49544c4a9bdd167b699e3eb98bcc9342f28f904e10f552', 487226), ('feedback', '9346cabda9d8967484ae407ece4f7e76dbeeb5da7c3c5693a09b3e447e061818', 470126), ('feedback', '73dd0952da7f6cfbc213d997576f9d86e32d4f70fd73fb390169fa45cd709818', 470126), ('contrib', '6852348b2b29275f244bee8f6fb733b54643de8f4b0512db10006f0b867315cd', 75211), ('contrib', 'e7500c8ee7bcf05ff750c62c4542fbf41135332fcd001e380e271abe728c4766', 78035), ('contrib', '66f0cfeaa843e7c58f5a4dc033d525b6f6c853b9541570f07f72a7eae1795f37', 58123), ('contrib', 'e92901c7a1d2552e110c3c5100cde513c3831e98bc04a094c188240edcc1cee3', 58123), ('close', '710f545e5023810cd0a067e87c6fb7c7fdbaf2eb6eb395df83601cd3098f40bd', 410453)]"
# $gasCosts$[816143, 747743, 683295, 730643, 730643, 706969, 75223, 58123, 58123, 58123, 58123, 58123, 714991, 642469, 665169, 612169, 631143, 645269, 75223, 58123, 58123, 58123, 58123, 717015, 648615, 631515, 691215, 603043, 631515, 75223, 58123, 58123, 58123, 58123, 717015, 648615, 631515, 631515, 613043, 631515, 75223, 58123, 58123, 58123, 58123, 715375, 646975, 629875, 629875, 613043, 604273, 75223, 58123, 58123, 58123, 619388, 568088, 550988, 550988, 396112, 95135, 58111, 58111, 58123, 619388, 568088, 550988, 550988, 396112, 75211, 58123, 58123, 58123, 619388, 568088, 550988, 550988, 396112, 95111, 58099, 38127, 58099, 619388, 568088, 550988, 550988, 396112, 75223, 78035, 58123, 58123, 521426, 487226, 470126, 470126, 75211, 78035, 58123, 58123],[126674, 126674, 126674, 126674, 126674],[50814, 50814, 50814, 50802, 50814, 50802, 50814, 50814, 50814, 50814, 50814, 50814, 50814, 50802, 50814, 50814, 50814, 50814, 50814, 50802, 50814, 50814, 50814, 50814, 50814, 50814, 50802, 50814, 50814, 50814, 50814, 50814, 50814, 50814, 50814, 50814, 50814, 50802, 50814, 50814, 50814, 50814, 50814, 50814, 50814, 50814, 50814, 50814, 50814, 50814, 50814, 50814, 50802, 50802],[73694, 56594, 56594, 56582, 56594, 56594, 73694, 56594, 56594, 56582, 56594, 56594, 73694, 56594, 56594, 56570, 56594, 56594, 73682, 56594, 56594, 56582, 56594, 56594, 73694, 56582, 56594, 56582, 56594, 56594, 73694, 56594, 56594, 56582, 56582, 73694, 56594, 56594, 56582, 56594, 73694, 56594, 56594, 56570, 56582, 73694, 56594, 56594, 56582, 56594, 73694, 56582, 56594, 56582],[641581, 643640, 643640, 643640, 618388, 543332, 543321, 525172, 502192, 410453],[],[]
# TOTAL EXPERIMENT TIME: 334.83 seconds