# Author Nykjaer
# ------Specs--------# cpu_name:  (processor model)
# cpu_cores: 6 (physical cores)
# ram_gb: 13.5 (system memory in GB)
# gpu_name: NVIDIA GeForce RTX 3060 Laptop GPU (graphics processor)
# os_name: Linux (operating system)
# ------Config--------# good_contributors: 4 (honest participants)
# bad_contributors: 1 (malicious participants)
# freeriders: 1 (contribute 0)
# inactive: 0 (never join)
# reward: 1000000000000000000 (total reward pool)
# minimum_rounds: 10 (rounds to simulate)
# min_buy_in: 1000000000000000000 (lower buy-in bound)
# max_buy_in: 1000000000000000000 (upper buy-in bound)
# standard_buy_in: 1000000000000000000 (default buy-in)
# epochs: 1 (local epochs per round)
# batch_size: 32 (training batch size)
# punish_factor: 3 (penalty multiplier)
# first_round_fee: 50 (fee for first round)
# fork: True (True=local fork, False=real net)
# contribution_score_strategy: dotproduct (scoring method)
# use_outlier_detection: True (Whether to use outlier detection)
# freerider_start_round: 1 (When freeriders should start freeriding)
# freerider_noise_scale: 0.01 (How much noise a freeder should add)
round,time,globalAcc,globalLoss,GRS,accAvgPerUser,lossAvgPerUser,rewards,conctractBalanceRewards,punishments,contributionScores,feedbackMatrix,disqualifiedUsers,userStatuses,GasTransactions
# $startingUserConfig$['$user$0, 0, good, good, None, 0xA41dE09A63f6Cedd633f99052b44450d3BB91D44', '$user$1, 0, good, good, None, 0x17725D495A0843Ea05541fD61ba5D4082750bC08', '$user$2, 0, good, good, None, 0x37AC7AC5D09bbC6dAC1CF036b7F9DdD0EA4E052E', '$user$3, 0, good, good, None, 0x536fc4cd48ad9B3649e8aB615592E83Ec9F5fcd1', '$user$4, 0, good, bad, 3, 0x118E560679B62a9F24c135A96d416548782f8cc2', '$user$5, 0, good, freerider, 1, 0xA2F37A08a8488CB8551a0D03f7A73f4156757de7']
0,00:44:56.850,0,720.7857055664062,"[1000000000000000000, 1000000000000000000, 1000000000000000000, 1000000000000000000, 1000000000000000000, 1000000000000000000]",[],[],[],1000000000000000000,[],[],,[],"['$user$0, 0, good, good, None, 0xA41dE09A63f6Cedd633f99052b44450d3BB91D44', '$user$1, 0, good, good, None, 0x17725D495A0843Ea05541fD61ba5D4082750bC08', '$user$2, 0, good, good, None, 0x37AC7AC5D09bbC6dAC1CF036b7F9DdD0EA4E052E', '$user$3, 0, good, good, None, 0x536fc4cd48ad9B3649e8aB615592E83Ec9F5fcd1', '$user$4, 0, good, bad, 3, 0x118E560679B62a9F24c135A96d416548782f8cc2', '$user$5, 0, good, freerider, 1, 0xA2F37A08a8488CB8551a0D03f7A73f4156757de7']","[('register', '5965cb21de509c0e08ec5b788eade12128cb3896d205fd04851731dbab374eeb', 126674), ('register', 'fa6a32cc1143390af55af09b5174d13df8f13ee1c46c7c09595554610a83aa65', 126674), ('register', '504ef05fc797559c53774554e175e726f62bfbf3db688ddcaab388ded50657ba', 126674), ('register', '64a98924cd2f97890f99505ea6b918d246faf5622ca90372155b5422b17ecc76', 126674), ('register', 'c79bd0d83612bb85d7320ba4eaf4410631206a8f548e8d46e174140d672af2ea', 126674)]"
1,00:45:26.474,0.3632,713.7763061523438,"[1153544050846177810, 1153578049334544459, 1152447953747273869, 1153693239777488317, 1153403372961182207, 333333333333333334]","[11, 10, 12, 13, 12, 14]","[74, 74, 74, 74, 74, 74]","[('0xA41dE09A63f6Cedd633f99052b44450d3BB91D44', 4000000000000000000, 153544050846177810, 1153544050846177810), ('0x17725D495A0843Ea05541fD61ba5D4082750bC08', 3000000000000000000, 153578049334544459, 1153578049334544459), ('0x37AC7AC5D09bbC6dAC1CF036b7F9DdD0EA4E052E', 4000000000000000000, 152447953747273869, 1152447953747273869), ('0x536fc4cd48ad9B3649e8aB615592E83Ec9F5fcd1', 4000000000000000000, 153693239777488317, 1153693239777488317), ('0x118E560679B62a9F24c135A96d416548782f8cc2', 3000000000000000000, 153403372961182207, 1153403372961182207)]",900000000000000000,"[(1, 166666666666666666)]","[200274854898452758, 200319200754165649, 198845162987709045, 200469449162483215, 200091361999511718]","[[0.0, 0.0, 1.0, 1.0, 0.0, -1.0], [1.0, 0.0, 1.0, 1.0, 1.0, -1.0], [1.0, 1.0, 0.0, 1.0, 1.0, -1.0], [1.0, 1.0, 1.0, 0.0, 1.0, -1.0], [1.0, 1.0, 1.0, 1.0, 0.0, -1.0], [0.0, 0.0, 0.0, 0.0, 0.0, 0.0]]",[6],"['$user$0, 0.764, good, good, None, 0xA41dE09A63f6Cedd633f99052b44450d3BB91D44', '$user$1, 0.686, good, good, None, 0x17725D495A0843Ea05541fD61ba5D4082750bC08', '$user$2, 0.725, good, good, None, 0x37AC7AC5D09bbC6dAC1CF036b7F9DdD0EA4E052E', '$user$3, 0.693, good, good, None, 0x536fc4cd48ad9B3649e8aB615592E83Ec9F5fcd1', '$user$4, 0.699, good, bad, 3, 0x118E560679B62a9F24c135A96d416548782f8cc2', '$user$5, 0, freerider, freerider, 1, 0xA2F37A08a8488CB8551a0D03f7A73f4156757de7']","[('slot', '2b6f3eeb92db147888305b4e4596d7bb133ddcaba386080a3f66568f5f0c8aad', 50814), ('slot', '1805658479628731e2d9221644e42f9aab2cd144800f411911f8ecdd142dfa02', 50814), ('slot', 'b4a31235f76f0972435b1f30884385e390241d69bddacdc306d1ff33f91e5265', 50814), ('slot', '35da22adc331d2f024b236cc2516bb0932f77e9dc83f818cc2d94184d8d1d901', 50802), ('slot', '43ffb3800124efbc07ee7bd9344de9e8eb761dbfcdd498580bd8dfd169751df2', 50814), ('slot', '6721981f205f96aaa84c1cfabfec8fba540f2a5601d507d95d84dab6fd516a41', 50814), ('weights', 'c78ea6a74bd389c4f9c444671499deee9669c5e8bd2be9462d12c49fb5d593d6', 73694), ('weights', '430644d8ba1359547042ba5f6ca1449b5cb6e7ef533b1d5caab30fdb1eff8ca6', 56594), ('weights', '5a3ed933ab4189e757b276171f1a16a6501976ca52c3844da23e4a6573464c17', 56594), ('weights', 'af91365f75fac12efb443140c8efc3d8263dd183b6d8cfe34e3251cc15b9f449', 56594), ('weights', 'a13b84fa8ee0bc2aac037725d843677b2e6f7555da96c7b3449b9d93b898e8e2', 56582), ('weights', '249ff5ba0e92444d776ccfae6262326fdddc5d8cd074d1dbb7e7afa84cba00cc', 56594), ('feedback', '37d64a76c16a7a399c8db4e49d5974df54483ac3c659a8c14cbe432ed0280691', 321453), ('feedback', '9aba5f51510e81d2e0b0bdb8c21ca3de2f5e2b79a598777d86ddc72caffd5688', 351701), ('feedback', 'c3f9dfd0f6dc3f008df6a3801a356f0261305e926042418636b75ab8b18962aa', 334601), ('feedback', '838052859d0393570477690ead847b9151fb4378ba2154cbd1e2085e6fc386f4', 317501), ('feedback', '6097f41fa8fb3d53c062959f0713732036889da691ae3c5665737c2ecbe51731', 317501), ('feedback', '1a84794cda263f802d3b54e036e5481eb59961b578725806b3fd07f645650a9d', 218683), ('contrib', '8bbf16e069d79eba58562c95b77f00edb5baaef6f6407fa94bc5e994448b075a', 75223), ('contrib', '2c4778391c82fa910306d14aadcfdb273e09517dd0826af655a086fd527af27f', 58123), ('contrib', 'b28e04ff49293906c0b5071cb8112c955f708e47769a302ffe528b1abcfed646', 58123), ('contrib', 'c74b2ce88d9b190d4f336fd67b721eec55fff5af9debebaadb68fa9a8469c57d', 58123), ('contrib', '8aeadaa54419d19a6d7b0e0fc861a2f858461967629df25be0d608139c5d798e', 58123), ('close', '37bac67b669c051858bc3f2ff033d4a8bf2937e1079656acbc6b68b7c773c335', 671004)]"
2,00:45:54.998,0.6592,465.35216522216797,"[1195752672512250226, 1195809597598484244, 1194681713509333956, 1195948315487291172, 1195585478670418172, 222222222222222223]","[34, 33, 36, 33, 35, 38]","[73, 73, 73, 73, 73, 73]","[('0xA41dE09A63f6Cedd633f99052b44450d3BB91D44', 4613122615820488852, 42208621666072416, 1195752672512250226), ('0x17725D495A0843Ea05541fD61ba5D4082750bC08', 4613088617332122203, 42231548263939785, 1195809597598484244), ('0x37AC7AC5D09bbC6dAC1CF036b7F9DdD0EA4E052E', 4614218712919392793, 42233759762060087, 1194681713509333956), ('0x536fc4cd48ad9B3649e8aB615592E83Ec9F5fcd1', 4612973426889178345, 42255075709802855, 1195948315487291172), ('0x118E560679B62a9F24c135A96d416548782f8cc2', 4613263293705484455, 42182105709235965, 1195585478670418172)]",800000000000000000,"[(2, 111111111111111111)]","[199935555458068847, 200044155120849609, 200054630637168884, 200155600905418395, 199809953570365905]","[[0.0, 1.0, 1.0, 1.0, 1.0, -1.0], [1.0, 0.0, 1.0, 1.0, 1.0, -1.0], [1.0, 1.0, 0.0, 1.0, 1.0, -1.0], [1.0, 1.0, 1.0, 0.0, 1.0, -1.0], [1.0, 1.0, 1.0, 1.0, 0.0, -1.0], [0.0, 0.0, 0.0, 0.0, 0.0, 0.0]]",[6],"['$user$0, 0.632, good, good, None, 0xA41dE09A63f6Cedd633f99052b44450d3BB91D44', '$user$1, 0.594, good, good, None, 0x17725D495A0843Ea05541fD61ba5D4082750bC08', '$user$2, 0.663, good, good, None, 0x37AC7AC5D09bbC6dAC1CF036b7F9DdD0EA4E052E', '$user$3, 0.597, good, good, None, 0x536fc4cd48ad9B3649e8aB615592E83Ec9F5fcd1', '$user$4, 0.614, good, bad, 3, 0x118E560679B62a9F24c135A96d416548782f8cc2', '$user$5, 0, freerider, freerider, 1, 0xA2F37A08a8488CB8551a0D03f7A73f4156757de7']","[('close', '37bac67b669c051858bc3f2ff033d4a8bf2937e1079656acbc6b68b7c773c335', 671004), ('slot', 'b3201be01e981428894294ec48fa1a3d321343aaa57f65d098b53826250133a6', 50814), ('slot', '10614e0a6e591a4a66d9da66548e7d915fdbb92e3277be2692d741aaa06a2cc8', 50814), ('slot', 'db102575d4cb69057d860ba6fc8cd10c2b73d8f6183ced473dd263a78915afe6', 50814), ('slot', 'dc4c6d10a957985fda3d653c5c30a46b6d8feb64d8f5ce5cd73ad333787a6745', 50802), ('slot', '24608d0e3c02ec2025171c780111f569275ad5b699b3fb6e5414041a49109484', 50814), ('slot', '085f97e5ba367c99d29456c9b28cc46b981ea169d17c121b006fb69360f962d9', 50814), ('weights', '4195ca90cbe2a2bb20b6c990234acb321c62d5aa6a9997f25b8d9af79c1ddac1', 73694), ('weights', '046c1b239e9f91a0e4f27b68a3d236b729d8935f3ccb7d3b445f770cc503ebf9', 56594), ('weights', 'f105e296dea90460e6d051994c4ccd6302f85541b937facb2d0235c95410968c', 56594), ('weights', '33194e93a141a07d9aec3e3922b840c99c299cf01189e2e4bacc1bb204eaeff2', 56594), ('weights', 'd68784a1bffa11edaa5810da560248965bb54f52c65cd0906e53a35579ed23e7', 56582), ('weights', '7d0e4c697b6226c041ef23fcbc178c013e55e95219ddea29dbf72f558d7e2485', 56594), ('feedback', 'f5ac6bb00d8a23cfc6064c5e0bdb99a44870c73a714620260b5a05ae6847aac4', 363201), ('feedback', '19d891685aa4c0a1a84b82e9bb3f74df995a39aa8afeda3e5bd08e6ad7bbb336', 255001), ('feedback', '12f835b5ff053c678491969fb7f10bcb32624c36733324c88e6697ddbfb8a9d7', 237901), ('feedback', 'b3165c1808675e9b25c06b0f20243b3e8d03f80184ee61c17faffb88332e7527', 237901), ('feedback', 'd04c3a1031c47fef17ef7101fddc44934c4d98e77f7975b80da24eff7241c4e2', 237901), ('feedback', '2a3ddb917bc54e1b300ddf85e1ff47a2250ba3407459e301c351a66c94caa1c5', 218683), ('contrib', 'fc6280b81560e98ed50d3165a8894397b6536e0d875210c1374fa8ed529f0ebf', 75223), ('contrib', 'bd4dd9634a6f76b3c495dbd19c6719173db2f301dc7289db4f2e3dad9e80c576', 58123), ('contrib', '31d8c8c745b38d68b68d9e5840bde52fa937a1af9015b1dffdb890e87ecaffe0', 58123), ('contrib', 'f7cd1b3a3a6318c524744c107c38c65610994c2348c80306a9ad38fccf2418f5', 58123), ('contrib', '23ff78187b0ae01d0bb7878cd2db9bc279db79ab43b7a67ded300f7a6565dc26', 58123), ('close', 'a50bbd28ce5d6430564207b1e3fc253adf3facb462379e038d3bdd5d8a01aaad', 643640)]"
3,00:46:21.576,0.8358,174.85876010358334,"[1375920919903607407, 1376051091947155546, 1374795970804735405, 1376175031564222851, 797056985780278782, 0]","[64, 63, 66, 64, 66, 68]","[48, 48, 48, 49, 48, 47]","[('0xA41dE09A63f6Cedd633f99052b44450d3BB91D44', 2390854147924691200, 180168247391357181, 1375920919903607407), ('0x17725D495A0843Ea05541fD61ba5D4082750bC08', 2390797222838457182, 180241494348671302, 1376051091947155546), ('0x37AC7AC5D09bbC6dAC1CF036b7F9DdD0EA4E052E', 2391925106927607470, 180114257295401449, 1374795970804735405), ('0x536fc4cd48ad9B3649e8aB615592E83Ec9F5fcd1', 2390658504949650254, 180226716076931679, 1376175031564222851)]",700000000000000000,"[(3, 398528492890139390), (3, 222222222222222223)]","[249973028898239135, 250074654817581176, 249898120760917663, 250054150819778442]","[[0.0, 1.0, 1.0, 1.0, -1.0, -1.0], [1.0, 0.0, 1.0, 1.0, -1.0, -1.0], [1.0, 1.0, 0.0, 1.0, -1.0, -1.0], [1.0, 1.0, 1.0, 0.0, -1.0, -1.0], [-1.0, -1.0, -1.0, -1.0, 0.0, -1.0], [0.0, 0.0, 0.0, 0.0, 0.0, 0.0]]","[5, 6]","['$user$0, 0.804, good, good, None, 0xA41dE09A63f6Cedd633f99052b44450d3BB91D44', '$user$1, 0.813, good, good, None, 0x17725D495A0843Ea05541fD61ba5D4082750bC08', '$user$2, 0.806, good, good, None, 0x37AC7AC5D09bbC6dAC1CF036b7F9DdD0EA4E052E', '$user$3, 0.764, good, good, None, 0x536fc4cd48ad9B3649e8aB615592E83Ec9F5fcd1', '$user$4, 0.614, bad, bad, 3, 0x118E560679B62a9F24c135A96d416548782f8cc2']","[('close', 'a50bbd28ce5d6430564207b1e3fc253adf3facb462379e038d3bdd5d8a01aaad', 643640), ('slot', '5c028cf990000b51c44dbea7cd601e168bb103668edd74d2febbb721a3cd455c', 50814), ('slot', '9987e41c08a0a465397775c7f7f398fa802bf73731e31f10ae2f7c450f59eef6', 50814), ('slot', 'dd6bf559864754cbf6117943349d6759f51c35af0b49ad04f6a3728d8f1da86a', 50802), ('slot', '8da096edab0a768736176dfb9b8afe668fb3abfc36781b880ffc3d66440f2631', 50814), ('slot', '3693de415331b866e7c95da94af6d3f109036b216bc2ce0ca35edaf60c8f19a8', 50802), ('slot', '110f4f89851b3187f79ace3f1ccdaad7a80cd4e3b16a069b15449fad930ad030', 50814), ('weights', '43966f284de6874a4b296916386bd78a5f143fc7a55622e0cd833f1e5f375a05', 73694), ('weights', '012500180d380b2bff46ce6e78f9cd94d0c0611b0c395931b88ad6da052d3cef', 56594), ('weights', 'c3901028218fa54da37d50d502dd46377621132a19be7e9db4593b1a6c3c4039', 56594), ('weights', '335c27dbe70d5cf23a0f886721849bb32a1eb9f5d7c12318f4fd613315034e53', 56594), ('weights', '1ded9903dcadbbc4921b5609b984c67b9cb94ebafe73ae800fdfb1ceb5285d7a', 56582), ('weights', '6e31277c73a9b858ce3d6e3b0c82e1a8a80bd10583f598ecc94e64ace181ed79', 56582), ('feedback', 'e9b739095ac6def37f33d7074fb1c5b52419c4b0ee2afac2c273978e1d05f396', 321749), ('feedback', '02e5f43bd152fac901b31ea6b0349cf5cdc149d3fffb3193c7c065d621912bfc', 253349), ('feedback', 'c5a1216d0647f40723bfd10d1e9d673310c8ae0d75a3ed3e83dcc5ba24d2e387', 236249), ('feedback', '1d4ece28f8ee1a245868f7e7aeed135a228ca46060b0c2f6efd50864ab322dfe', 236249), ('feedback', 'a511c1631cb49c1b6587b828667abd03271257b541a361934b6ba67dbd633bc5', 231293), ('feedback', 'f0fa6e1e2138309c30f3863dcc5ebd3e60a472632e1b3f6e3342b727253a563c', 218683), ('contrib', 'c65b27884279309335492882af8777b3da8f7561b2eb3bb041b7a19d5515d027', 75223), ('contrib', 'dce2d4e1f8ae85bf2e17e18d522c032bdab84d96fd75136e9d5a4f0327354d4c', 58123), ('contrib', 'a3682b8571d020dc75581c8be6d64e1347ad47a734ed306ccc8a90475157d5b9', 58123), ('contrib', '61dfd68ca55ff670f551334a805d371b0eb7704bd4048539d2ebf42b22e6c955', 58123), ('close', 'a8b123f9a54e392f7112c025454ebbfb0cf3c6f8b935113391b1b45940c78395', 618388)]"
4,00:46:46.549,0.877,127.91317040473223,"[1467339999065782524, 1467471707767297236, 1466186736226505155, 1467630233086895886, 531371323853519188, 0]","[82, 84, 83, 82, 84, 0]","[17, 18, 19, 20, 17, 0]","[('0xA41dE09A63f6Cedd633f99052b44450d3BB91D44', 3329965108535835020, 91419079162175117, 1467339999065782524), ('0x17725D495A0843Ea05541fD61ba5D4082750bC08', 3329834936492286881, 91420615820141690, 1467471707767297236), ('0x37AC7AC5D09bbC6dAC1CF036b7F9DdD0EA4E052E', 3331090057634707022, 91390765421769750, 1466186736226505155), ('0x536fc4cd48ad9B3649e8aB615592E83Ec9F5fcd1', 3329710996875219576, 91455201522673035, 1467630233086895886)]",600000000000000000,"[(4, 265685661926759594)]","[249993577599525451, 249997779726982116, 249916151165962219, 250092357397079467]","[[0.0, 1.0, 1.0, 1.0, -1.0, 0.0], [1.0, 0.0, 1.0, 1.0, -1.0, 0.0], [1.0, 1.0, 0.0, 1.0, -1.0, 0.0], [1.0, 1.0, 1.0, 0.0, -1.0, 0.0], [-1.0, -1.0, -1.0, -1.0, 0.0, 0.0], [0.0, 0.0, 0.0, 0.0, 0.0, 0.0]]",[5],"['$user$0, 0.816, good, good, None, 0xA41dE09A63f6Cedd633f99052b44450d3BB91D44', '$user$1, 0.857, good, good, None, 0x17725D495A0843Ea05541fD61ba5D4082750bC08', '$user$2, 0.85, good, good, None, 0x37AC7AC5D09bbC6dAC1CF036b7F9DdD0EA4E052E', '$user$3, 0.841, good, good, None, 0x536fc4cd48ad9B3649e8aB615592E83Ec9F5fcd1', '$user$4, 0.614, bad, bad, 3, 0x118E560679B62a9F24c135A96d416548782f8cc2']","[('close', 'a8b123f9a54e392f7112c025454ebbfb0cf3c6f8b935113391b1b45940c78395', 618388), ('slot', '569544ac9b94444ea1b0d8661c6bc2d2187af21e35394563715b2bf3b4b26374', 50814), ('slot', 'eabfc991471e37896d96c23fcb64c495cb55b715b8bc844a516c376707a5d8d3', 50814), ('slot', 'dd4c80771ecfeba18f55f7a2ff3b66d3cdbd2049fc20b3b99683c52448cc7e79', 50814), ('slot', '3dda78b9dfc33cb09c3ce6d49bde885ba0f038fe0df9687838976290dcfc3783', 50814), ('slot', '0d1996c213f4b7bc9478019cbc18b5fbe03b29804bf4f4b720e7f8f1b645c0c1', 50814), ('weights', '1eb53325856eba23d1898cf0fd3f3d9b8f5516f6da24742111e35bed6f6b7102', 73694), ('weights', '587cf4d3c3d746efd0ef22e6a86dea45e8812a0f2c0925ef8cb175b99261091f', 56594), ('weights', 'c6272d8abb4d0ee1db1f50b4613774be2c31f0aa2c9befbd7d9fea1dcdd7cf0c', 56594), ('weights', '66a8f5bc5743aa6c0cfb94185660a1c9bca3d1edc80d70ee6a725d66413a9365', 56594), ('weights', '79a32e1af5879cec92796ebedecc0bd99fbcf6e90f672e6a1b3919d4a0615f6e', 56582), ('feedback', 'af270160e13f6f26951f18e51a10bce9108d821704343a0cc387f1d5a820b9fc', 270522), ('feedback', 'd251075dadf9341c80d66bff1e0279cca409f45cc9c60c300a143e739f246fbd', 219222), ('feedback', '386e3c7ad8f463182524d10e6247d7e74f1441c5ed332ed7deba2a4fade20bae', 202122), ('feedback', 'c3a68f58469a1c9e23b3d362e3e5edf2fd2041b63c00eaaa7f1d126542f6c9f9', 202122), ('feedback', '267d105892a17e4d6f64c1eb42ebce0950f404ac6c96b5ceb46ff4fc467667ba', 203166), ('contrib', 'f916a9069713a03267c8055c663650b6503eb5039c21b78fd1eb12a3bdbf893b', 75223), ('contrib', 'ebd8b40301646e3b68e6d036efe17ebd58787747af79bdd9803dbec6e04d5795', 58123), ('contrib', 'd8fdbf8afc09f2228dd3f7ce707a43b370006c520293417e4eee2e7bbe4ca5c9', 58123), ('contrib', 'e240999045c3d9bbad08115f7ef76118c97a57880f9c7085c7e6c747da784abd', 58123), ('close', '6170b177051c9b57319aad39996321c93a7a2c414a5aa4851690d2209bec7366', 543321)]"
5,00:47:10.799,0.8971,105.60513527318835,"[1536615659067661777, 1536781262431452546, 1535438709607671023, 1536916819657535183, 354247549235679459, 0]","[88, 89, 88, 86, 89, 0]","[12, 13, 13, 15, 13, 0]","[('0xA41dE09A63f6Cedd633f99052b44450d3BB91D44', 3869917353227179089, 69275660001879253, 1536615659067661777), ('0x17725D495A0843Ea05541fD61ba5D4082750bC08', 3869785644525664377, 69309554664155310, 1536781262431452546), ('0x37AC7AC5D09bbC6dAC1CF036b7F9DdD0EA4E052E', 3871070616066456458, 69251973381165868, 1535438709607671023), ('0x536fc4cd48ad9B3649e8aB615592E83Ec9F5fcd1', 3869627119206065727, 69286586570639297, 1536916819657535183)]",500000000000000000,"[(5, 177123774617839729)]","[249980896711349487, 250103205442428588, 249895423650741577, 250020325183868408]","[[0.0, 1.0, 1.0, 1.0, -1.0, 0.0], [1.0, 0.0, 1.0, 1.0, -1.0, 0.0], [1.0, 1.0, 0.0, 1.0, -1.0, 0.0], [1.0, 1.0, 1.0, 0.0, -1.0, 0.0], [-1.0, -1.0, -1.0, -1.0, 0.0, 0.0], [0.0, 0.0, 0.0, 0.0, 0.0, 0.0]]",[5],"['$user$0, 0.86, good, good, None, 0xA41dE09A63f6Cedd633f99052b44450d3BB91D44', '$user$1, 0.86, good, good, None, 0x17725D495A0843Ea05541fD61ba5D4082750bC08', '$user$2, 0.886, good, good, None, 0x37AC7AC5D09bbC6dAC1CF036b7F9DdD0EA4E052E', '$user$3, 0.879, good, good, None, 0x536fc4cd48ad9B3649e8aB615592E83Ec9F5fcd1', '$user$4, 0.614, bad, bad, 3, 0x118E560679B62a9F24c135A96d416548782f8cc2']","[('close', '6170b177051c9b57319aad39996321c93a7a2c414a5aa4851690d2209bec7366', 543321), ('slot', '3411daccfabbc2c205892a0dddc93cda114a23287a9c35e28ef8f8642f72aa28', 50814), ('slot', '409ff9cf143e874147d26cb6462e44d0fabcca2c3b59a20a0fcad5ffe24632c0', 50814), ('slot', 'bc5da876774f89c053b2da5ee3d41115a62f9a89ccdf02bbb206e595b21adf01', 50814), ('slot', '6aa4fcd1e785fe1e5a9f69d76829a929e0bd5439d1cc63e4579f70821266750b', 50814), ('slot', '762e7ea4f743bee8746bb0496b8c433307ded8f006fbe4a4e5ef826f46e1ece0', 50814), ('weights', '3f78ce5cb4640342cf2ccb16093d66e7af0c16ed76a8fd81e689812a887d878f', 73694), ('weights', '660bef330882892c75c0a969f36c266e0422e68126e6e5a97d0395e4232c32de', 56594), ('weights', '8051b27ab21366f7c4d750fa55d7548d90ddd7951f19745ee35ffb08827544ba', 56594), ('weights', '0d5a3b980fc039f86fb46d59531f7e9ef0ceeca8fc888394ed296b0577ebbef7', 56594), ('weights', 'ea36e47f2c40adfb61306642f1b2dd2285516808be05fc80c8d7c921bbcc9af8', 56582), ('feedback', '0df415a2256d3fe86686c1d4a6055f20fc19dbe97023e6cfa2944d1c3a5bd7f1', 270522), ('feedback', 'a1b02361b9825080f000e40d507e34e079bb37f0c85426e22abbda693271d2d5', 219222), ('feedback', 'becd922eba3aa35e1ee4651880c0adb33d998a429f1bbb98e62429c9e96ad154', 202122), ('feedback', '63b6582bf18590d17eac790be20957ebcb39d71c1f5d8a59b4320eb77832cf3d', 202122), ('feedback', '3c469d612aac6c4f07088b966f5b6bf10da90b3025d9fc6948d61c531b5a2a20', 203166), ('contrib', '50f8be9fb83477c02b93f7142b52e59e32d6241653faf106bdd22b7296ef7e5d', 75223), ('contrib', '9798a01f3dcbeff07e1f981fe4ca788217ccd596fc75940b1c08b2b6cac07454', 58123), ('contrib', 'e6a1887288a94772d99c13a6e916c4b36d0fc9b6744fea3c21b675709bc6259f', 58123), ('contrib', 'a0e49c7403490e5c4736e706c99f5055b83aaa1db517c40b9cca1fc226f5b399', 58123), ('close', 'a17cb6f2a0e17078ecede1abf998c953ffece3f1f2b4bbcc9f87ef46cb104c19', 543321)]"
6,00:47:34.422,0.9129,89.03100018575788,"[1591128537676860586, 1591319449571265879, 1589919526845138592, 1591467453082948623, 236165032823786306, 0]","[90, 90, 91, 88, 90, 0]","[10, 10, 11, 12, 10, 0]","[('0xA41dE09A63f6Cedd633f99052b44450d3BB91D44', 4254889242460979293, 54512878609198809, 1591128537676860586), ('0x17725D495A0843Ea05541fD61ba5D4082750bC08', 4254723639097188524, 54538187139813333, 1591319449571265879), ('0x37AC7AC5D09bbC6dAC1CF036b7F9DdD0EA4E052E', 4256066191920970047, 54480817237467569, 1589919526845138592), ('0x536fc4cd48ad9B3649e8aB615592E83Ec9F5fcd1', 4254588081871105887, 54550633425413440, 1591467453082948623)]",400000000000000000,"[(6, 118082516411893153)]","[249964445829391479, 250080496072769165, 249817430973052978, 250137567520141601]","[[0.0, 1.0, 1.0, 1.0, -1.0, 0.0], [1.0, 0.0, 1.0, 1.0, -1.0, 0.0], [1.0, 1.0, 0.0, 1.0, -1.0, 0.0], [1.0, 1.0, 1.0, 0.0, -1.0, 0.0], [-1.0, -1.0, -1.0, -1.0, 0.0, 0.0], [0.0, 0.0, 0.0, 0.0, 0.0, 0.0]]",[5],"['$user$0, 0.885, good, good, None, 0xA41dE09A63f6Cedd633f99052b44450d3BB91D44', '$user$1, 0.898, good, good, None, 0x17725D495A0843Ea05541fD61ba5D4082750bC08', '$user$2, 0.906, good, good, None, 0x37AC7AC5D09bbC6dAC1CF036b7F9DdD0EA4E052E', '$user$3, 0.892, good, good, None, 0x536fc4cd48ad9B3649e8aB615592E83Ec9F5fcd1', '$user$4, 0.614, bad, bad, 3, 0x118E560679B62a9F24c135A96d416548782f8cc2']","[('close', 'a17cb6f2a0e17078ecede1abf998c953ffece3f1f2b4bbcc9f87ef46cb104c19', 543321), ('slot', '6eadd63b7ff5cc7d26c16262c954e9687e7035fee9e224f92791c282233dfbb7', 50814), ('slot', 'a28294433b40226dcfbb244d4361dc3bc7bd99cd8e55b28c87b62fc0251e39de', 50814), ('slot', '555ddb5ee9287626710319feeaf0569bdb172b65defb79b9fdb8305b1d71aac4', 50814), ('slot', '101016612f6eb18794da1266fb396bd812e1551bbf72388fc4e4e723c228b452', 50814), ('slot', '1926cfe36f24c177eed1d3ce14f383ca5b1a5bc64990c87457e13db3b2420958', 50814), ('weights', 'db1f353480a27ab988be12b64771d7462373881ed38b1bfc959fdee6eb40aeaf', 73694), ('weights', '9e5629f8a0d0d6719d02a98f7f38163a8b6f75a0dc232ec96e02e1cb9a6fab8a', 56582), ('weights', '64c24180038456ddb5e3b0a29c3ef8e3dbb3d08db120475daa956be0c19aabf3', 56594), ('weights', '2fdc4855ba98898878ad88e0ed0f41d66509afcc607ac48b41e8aea086804d0b', 56582), ('weights', 'b312b8b170874291e4b926399b4cc5237899d0b07c3e1ece8fb1c6ae9428f213', 56582), ('feedback', 'dde3ea486c15be7f76614641fe058631ba51ce195c22db9d84401e02236d6d43', 270522), ('feedback', '1cc5e602c23939d3298075d93c09b7e453a6a35074c1df299c9d0b42f9ff05d6', 219222), ('feedback', '3239c881915fd15504a5c183631cee958960ab230a1982de8e1510b0a805bde6', 202122), ('feedback', '84eec95c05d2add9b5f71a1674de26c311499f8624d3cdb8f19c0c4d4a17aa1b', 202122), ('feedback', '2d0172c33d246a218dabf10a99dffc4f89050494673a70a9b585424eea43cc51', 203166), ('contrib', '0c9a89f416bb6cb9effe44f2d1c325af5497bcd32e6f458a57f6d0bc5d98487c', 75223), ('contrib', 'fd7c728d60dbaff3915c31fe282a3bdfeb723322116fb405c26865bdbb90f96a', 58123), ('contrib', '134c04d6a88adaa0218a45fc17550e71cc8d91447cdaa009cd9f3300d3d17fb3', 58123), ('contrib', '4a69986196099036a1567bde138c1cb677e85571b9e55643b44edd72f8d4f1b8', 58123), ('close', '208a742b353d5a41ad7ba78f60855a0d5191595fc2e6f69c1b98f628555ce34d', 543321)]"
7,00:47:58.407,0.9227,77.58067950233817,"[1675161738504520423, 1675402161823847152, 1673913916005427801, 1675522183666204608, 0, 0]","[92, 91, 92, 89, 92, 0]","[8, 9, 9, 10, 9, 0]","[('0xA41dE09A63f6Cedd633f99052b44450d3BB91D44', 4536541396675566788, 84033200827659837, 1675161738504520423), ('0x17725D495A0843Ea05541fD61ba5D4082750bC08', 4536350484781161495, 84082712252581273, 1675402161823847152), ('0x37AC7AC5D09bbC6dAC1CF036b7F9DdD0EA4E052E', 4537750407507288782, 83994389160289209, 1673913916005427801), ('0x536fc4cd48ad9B3649e8aB615592E83Ec9F5fcd1', 4536202481269478751, 84054730583255985, 1675522183666204608)]",300000000000000000,"[(7, 236165032823786306)]","[249976009130477905, 250123292207717895, 249860554933547973, 250040054321289062]","[[0.0, 1.0, 1.0, 1.0, -1.0, 0.0], [1.0, 0.0, 1.0, 1.0, -1.0, 0.0], [1.0, 1.0, 0.0, 1.0, -1.0, 0.0], [1.0, 1.0, 1.0, 0.0, -1.0, 0.0], [-1.0, -1.0, -1.0, -1.0, 0.0, 0.0], [0.0, 0.0, 0.0, 0.0, 0.0, 0.0]]",[5],"['$user$0, 0.907, good, good, None, 0xA41dE09A63f6Cedd633f99052b44450d3BB91D44', '$user$1, 0.899, good, good, None, 0x17725D495A0843Ea05541fD61ba5D4082750bC08', '$user$2, 0.919, good, good, None, 0x37AC7AC5D09bbC6dAC1CF036b7F9DdD0EA4E052E', '$user$3, 0.908, good, good, None, 0x536fc4cd48ad9B3649e8aB615592E83Ec9F5fcd1']","[('close', '208a742b353d5a41ad7ba78f60855a0d5191595fc2e6f69c1b98f628555ce34d', 543321), ('slot', 'cf82368145342cbd6e88d751867fb81227c170dda8b6e744d725294e44f8f861', 50814), ('slot', '379d0187ab928ce2bf18437348c4bd93dbb5fb441843caa970e1d238d2bb2226', 50814), ('slot', '83dcd32e912ec1dabf8466ac934fd9472deab9633581c2afe97fd253a19f4058', 50814), ('slot', '1eb84c1065137f512c9c50f30bd6cd70d258aea18d0d0afa7d171af49f670b41', 50814), ('slot', '3bc71bf0ce5d90c331341464054aaa8a77e09c831ec12977c948a9ea2d9991c9', 50814), ('weights', 'abbfdb296fdec3a8052c26dd65dbbfd4fec26db3a8c4627644076af028e53941', 73694), ('weights', 'ff60db2f4482f9463fcad3d4fc77acc574e4632134ecb8d1ff997cd78e909d5b', 56594), ('weights', '056830623fc42f7a013ff412042ecc65947839995258dc6fdf180da7c56f18bc', 56594), ('weights', 'd9b5bed73befa715d3f3aac1047ed9aeac62160728bbe6b79cc2055925cac93b', 56582), ('weights', '412b0d5c631e949a948ea66e2c857c94bd36ab5f23e35412fc5e6f3ed2bb866a', 56582), ('feedback', '7bf330b9a6eed93fa804ae38ba87d420d63a8517890b03c35e23f4d6e236f9ef', 270522), ('feedback', '8240db0509a804e346ced33fbd19c3337e9e335b85a8bbb8f9cbdc4b2d8c5b27', 219222), ('feedback', '3e16309fa23617550a2abe72d56edbb09350829b33447c8fd41b0f3906725f82', 202122), ('feedback', 'd71e469d6b98482581d34923d36eaefd26012b34e2f285ad3d9b293a048f852f', 202122), ('feedback', '0e247df5befc0c2543e2bbe6c515a46d5a12eb7cee54293c1073faa7de2d92d7', 203166), ('contrib', 'e93193ea937b0f136663f13f4cf1e535e2ea40dceac2f3f35f8a3ef07869b51f', 75223), ('contrib', '434d47e1d360a919d98a2829d5adabe852ff4928325147e260a6c4285a15f02c', 58123), ('contrib', '8b5ea3f3916b63c89e07165f113c20e0c6f0956e01e0df99b1546391261c1b6d', 58123), ('contrib', 'e3eb4ba771621d97968d2f8aaa0d375231f530bfa85fb915e763a8e7c6b1794c', 58123), ('close', 'bee9ae5c1e4dea7c7f206aad074d298bb82dadbaa450dc64663974abaa17c41c', 502181)]"
8,00:48:19.960,0.9327,67.80516749620438,"[1700164149140124006, 1700411009761757940, 1698892674025401230, 1700532167072716806, 0, 0]","[92, 92, 93, 90, 0, 0]","[7, 8, 8, 9, 0, 0]","[('0xA41dE09A63f6Cedd633f99052b44450d3BB91D44', 5024838261495479561, 25002410635603583, 1700164149140124006), ('0x17725D495A0843Ea05541fD61ba5D4082750bC08', 5024597838176152832, 25008847937910788, 1700411009761757940), ('0x37AC7AC5D09bbC6dAC1CF036b7F9DdD0EA4E052E', 5026086083994572183, 24978758019973429, 1698892674025401230), ('0x536fc4cd48ad9B3649e8aB615592E83Ec9F5fcd1', 5024477816333795376, 25009983406512198, 1700532167072716806)]",200000000000000000,[],"[250024080276489257, 250088453292846679, 249787554144859313, 250099807977676391]","[[0.0, 1.0, 1.0, 1.0, 0.0, 0.0], [1.0, 0.0, 1.0, 1.0, 0.0, 0.0], [1.0, 1.0, 0.0, 1.0, 0.0, 0.0], [1.0, 1.0, 1.0, 0.0, 0.0, 0.0], [0.0, 0.0, 0.0, 0.0, 0.0, 0.0], [0.0, 0.0, 0.0, 0.0, 0.0, 0.0]]",[],"['$user$0, 0.922, good, good, None, 0xA41dE09A63f6Cedd633f99052b44450d3BB91D44', '$user$1, 0.923, good, good, None, 0x17725D495A0843Ea05541fD61ba5D4082750bC08', '$user$2, 0.935, good, good, None, 0x37AC7AC5D09bbC6dAC1CF036b7F9DdD0EA4E052E', '$user$3, 0.909, good, good, None, 0x536fc4cd48ad9B3649e8aB615592E83Ec9F5fcd1']","[('close', 'bee9ae5c1e4dea7c7f206aad074d298bb82dadbaa450dc64663974abaa17c41c', 502181), ('slot', '4a0dcf487fe2d810bd9c3279c35e30d7277595df9d3bbea25480772889798ca0', 50814), ('slot', '50f75e8a46231ae1f6e6e272d594442a10b91b6bdc8621eb97198b60303ae056', 50814), ('slot', '2aef143ef6534c11a50b7624bc7d767a95248b58921da62356f69094c72b4569', 50802), ('slot', '7f9ffd87fa4e9c67b58cbab316c592a968e65837aa3b39da17d375ccb4d2cef3', 50814), ('weights', '27800b483534cc05e17606fd63bfb5b01d3872e8698cbf0a595b5b8436581ecb', 73694), ('weights', 'f8361d6a50906fbbd3be400bacd4b4ad7559c61a7ec8f0b4b51123d980116201', 56594), ('weights', 'c08cdc32560d68ef28fa54b3150af3d2e7f6658b725f0a695526a0c98e3c2eec', 56582), ('weights', '8a5ce3604f2f5c0adfab9a9b8ee03e232572d66eda9f5d48022d6c2d9c0775f3', 56582), ('feedback', 'c212f346bf1f26c45163c16fe315d19aff7923f94cb8c6e8dc5602aed31fefe3', 217307), ('feedback', 'b907f3bbe86a167504232ebd77220d92ee06a3e96c450f39a46d2e26869a4077', 183107), ('feedback', '792b21da39db393b2345286c8088e039a8d68b173712d2b3acae08424b38be17', 166007), ('feedback', '6fd22548b94474246ec5ec16d451c7f38fb4e7618fe20b81a84a3ac549086e71', 166007), ('contrib', '4d674eced6669165f430e05259e4e6a27704a2590a3dfb2ac434af7314bab147', 75223), ('contrib', '89b0890507295dfd8fc951a1851f648953fa0409db7d6f66396b60313da9fc3d', 58123), ('contrib', '98d26b865488ccbeae0dada1bca0d6f9939c38cd4ed9000d8a7eddffa7ef4041', 58123), ('contrib', '671b09f4f2e12588b94662b20ceca01636237ef6f0c754b2463edadae85bbcca', 58123), ('close', '2fe2edf032225e421fe100fd63244b0db3d93d58ae1165aef9422d2bddc72db0', 410442)]"
9,00:48:41.495,0.9425,59.36733881011605,"[1725166066174568726, 1725414554003053523, 1723880473699310169, 1725538906123067562, 0, 0]","[93, 93, 94, 91, 0, 0]","[7, 7, 7, 8, 0, 0]","[('0xA41dE09A63f6Cedd633f99052b44450d3BB91D44', 5099835850859875976, 25001917034444720, 1725166066174568726), ('0x17725D495A0843Ea05541fD61ba5D4082750bC08', 5099588990238242042, 25003544241295583, 1725414554003053523), ('0x37AC7AC5D09bbC6dAC1CF036b7F9DdD0EA4E052E', 5101107325974598752, 24987799673908939, 1723880473699310169), ('0x536fc4cd48ad9B3649e8aB615592E83Ec9F5fcd1', 5099467832927283176, 25006739050350756, 1725538906123067562)]",100000000000000000,[],"[250019162893295288, 250035434961318969, 249877989292144775, 250067383050918579]","[[0.0, 1.0, 1.0, 1.0, 0.0, 0.0], [1.0, 0.0, 1.0, 1.0, 0.0, 0.0], [1.0, 1.0, 0.0, 1.0, 0.0, 0.0], [1.0, 1.0, 1.0, 0.0, 0.0, 0.0], [0.0, 0.0, 0.0, 0.0, 0.0, 0.0], [0.0, 0.0, 0.0, 0.0, 0.0, 0.0]]",[],"['$user$0, 0.928, good, good, None, 0xA41dE09A63f6Cedd633f99052b44450d3BB91D44', '$user$1, 0.937, good, good, None, 0x17725D495A0843Ea05541fD61ba5D4082750bC08', '$user$2, 0.94, good, good, None, 0x37AC7AC5D09bbC6dAC1CF036b7F9DdD0EA4E052E', '$user$3, 0.917, good, good, None, 0x536fc4cd48ad9B3649e8aB615592E83Ec9F5fcd1']","[('close', '2fe2edf032225e421fe100fd63244b0db3d93d58ae1165aef9422d2bddc72db0', 410442), ('slot', '9bd3c95fa3b1a5cc0d4492050d29fca5085f967cc9a29857dd31ac276cdda207', 50814), ('slot', '432975d10c9930b87b6c307d0b8684b560df4344ab28db13925a2e64a1aa6cd8', 50814), ('slot', 'eb4b3ab0af1dbc695281e34d0e79180ebb6b458762f4b465ed3e3ab29759036f', 50814), ('slot', 'cb4019a9f832745945233ba80f77e1e92fc189d30d27e1e6802d9e46b31f64a9', 50814), ('weights', 'f5765e1815be0f460f573a31e5b1633c6a9341699629c1a7d0168950640da1a0', 73682), ('weights', '4e94ce6f0eeb6f88176168bfe5c523bb50a4150c121e83a06f941cad7a3e3b24', 56594), ('weights', '7412c60152f121ee26e428da7a0941ab16e1356cfc74df1038cecc5773a7dd9e', 56594), ('weights', '70a1a72fe6e86cbfda481d8710476d7b7d14554a1dc5c1a3757ad7279776ff8f', 56594), ('feedback', '941da745d374605afe4e08c0f27a8f82edf3eb4182e00a87bbe0887bd25990e4', 217307), ('feedback', 'ffb3b56bab9823ac0c913bee88a5c7012a1df2bcfbe2cd7a65bed1f154a40b16', 183107), ('feedback', 'cb0c5803125cdeed97099cef4da6fdd4b12f40bc185533ba08e1f41b66ecb6d4', 166007), ('feedback', 'aa3215a4ce6921c538210c8f3fcb3325655c02a2a988cece7c75944063f37941', 166007), ('contrib', '86b4cbe4a1729d3f00486c2f55351502505e30a1eaa903dae17934781c788257', 75223), ('contrib', '661243d7686e07e468893ebe38e6808150e2742b8c52f58ef6d4ed0a788d7684', 58123), ('contrib', '53bbc275aef92a39b0fee8efb340034e90612011979a848c1298492df98447c9', 58123), ('contrib', '3b49909bbfbdff7246ea4c4ff9a015362ed655d761baba4430d0e1eab3e16866', 58123), ('close', 'ff6ff51d047a0a737a95680cd0b02ffadecab001f1954c7884360d40dc32751d', 410442)]"
10,00:49:03.085,0.9477,53.045181430876255,"[1750166746412516407, 1750429524453308459, 1748861517188792259, 1750542211945382853, 0, 0]","[94, 94, 95, 92, 0, 0]","[6, 6, 6, 7, 0, 0]","[('0xA41dE09A63f6Cedd633f99052b44450d3BB91D44', 5174833933825431254, 25000680237947681, 1750166746412516407), ('0x17725D495A0843Ea05541fD61ba5D4082750bC08', 5174585445996946457, 25014970450254936, 1750429524453308459), ('0x37AC7AC5D09bbC6dAC1CF036b7F9DdD0EA4E052E', 5176119526300689811, 24981043489482090, 1748861517188792259), ('0x536fc4cd48ad9B3649e8aB615592E83Ec9F5fcd1', 5174461093876932418, 25003305822315291, 1750542211945382853)]",0,[],"[250006824731826782, 250149726867675781, 249810457229614257, 250033080577850341]","[[0.0, 1.0, 1.0, 1.0, 0.0, 0.0], [1.0, 0.0, 1.0, 1.0, 0.0, 0.0], [1.0, 1.0, 0.0, 1.0, 0.0, 0.0], [1.0, 1.0, 1.0, 0.0, 0.0, 0.0], [0.0, 0.0, 0.0, 0.0, 0.0, 0.0], [0.0, 0.0, 0.0, 0.0, 0.0, 0.0]]",[],"['$user$0, 0.932, good, good, None, 0xA41dE09A63f6Cedd633f99052b44450d3BB91D44', '$user$1, 0.939, good, good, None, 0x17725D495A0843Ea05541fD61ba5D4082750bC08', '$user$2, 0.94, good, good, None, 0x37AC7AC5D09bbC6dAC1CF036b7F9DdD0EA4E052E', '$user$3, 0.919, good, good, None, 0x536fc4cd48ad9B3649e8aB615592E83Ec9F5fcd1']","[('close', 'ff6ff51d047a0a737a95680cd0b02ffadecab001f1954c7884360d40dc32751d', 410442), ('slot', '9f3979967507ca1813f30e34bcbc82a47f961795335d93d065a2a86073a467f6', 50814), ('slot', 'ee1a6956ccd5aefce5a0650837309825ddc1aca29b4cfc4e1b1675b26d693d0d', 50814), ('slot', '60fe59a3d5c5497ede0d50141054edad63c4ecac31aeed464d270fbb50ce5945', 50814), ('slot', '987fd885f790b06d5e8101b7a3fdeb854af2ae9062b8b4f6bf7fc2fb5a6cea3d', 50814), ('weights', '012142947ca2fb29870cb6ec9b545c7168a8b09a05740b38bcef006d38a8d947', 73694), ('weights', 'f30605a098b86d0c7cff4781e2d92cebc80c8b5231fb93acbc3bb4112261cfab', 56594), ('weights', '3a8944225b9f9c5f3aa85a62b0b221442e11a2d75385dec0b23d7254755b1e91', 56582), ('weights', '155ce01c520391ac2b26ecd7b720f53f9e6b9926d39175e4b8347a237bcf43cc', 56594), ('feedback', '2930a8f996a6fe8da511c9652deb948f9cf550cad7278520f42b500f3f83386c', 217307), ('feedback', '3284e78d7a756673c0b354daddb17d089d74d9ae99386f67f2e6a5b375b15c1c', 183107), ('feedback', '7e39649068339699303e44ffea3734c52e6c2f62978bb44f90ac193e11b15ca9', 166007), ('feedback', 'db55dfb4d2de4663d5716b967c78ee911853ef1ef79555ffc8df581c10a23e8e', 166007), ('contrib', '4a627a5172dc204dad362837a23d7a3b74fda90c5731f4a8f79f4b7c2f65ef3c', 75223), ('contrib', 'ea01239def785ba1cfcb6dfd86c6727f6a37c6626b83a9afaaa4e74efb99db7e', 58123), ('contrib', 'b3c1448846fba9d09d84f47c5a6f3be954c66e92fcf13ae7515140048f15a52c', 58123), ('contrib', '297f67d532ebe0e839d10e9ffa647e1ca729c2cba58b56115c0a0c37fcfe1608', 58123), ('close', 'c3ae6b08e057105985855095fcf3d751fa825341cea025b07bd273f6d98a93d9', 410442)]"
# $gasCosts$[321453, 351701, 334601, 317501, 317501, 218683, 75223, 58123, 58123, 58123, 58123, 363201, 255001, 237901, 237901, 237901, 218683, 75223, 58123, 58123, 58123, 58123, 321749, 253349, 236249, 236249, 231293, 218683, 75223, 58123, 58123, 58123, 270522, 219222, 202122, 202122, 203166, 75223, 58123, 58123, 58123, 270522, 219222, 202122, 202122, 203166, 75223, 58123, 58123, 58123, 270522, 219222, 202122, 202122, 203166, 75223, 58123, 58123, 58123, 270522, 219222, 202122, 202122, 203166, 75223, 58123, 58123, 58123, 217307, 183107, 166007, 166007, 75223, 58123, 58123, 58123, 217307, 183107, 166007, 166007, 75223, 58123, 58123, 58123, 217307, 183107, 166007, 166007, 75223, 58123, 58123, 58123],[126674, 126674, 126674, 126674, 126674],[50814, 50814, 50814, 50802, 50814, 50814, 50814, 50814, 50814, 50802, 50814, 50814, 50814, 50814, 50802, 50814, 50802, 50814, 50814, 50814, 50814, 50814, 50814, 50814, 50814, 50814, 50814, 50814, 50814, 50814, 50814, 50814, 50814, 50814, 50814, 50814, 50814, 50814, 50814, 50814, 50802, 50814, 50814, 50814, 50814, 50814, 50814, 50814, 50814, 50814],[73694, 56594, 56594, 56594, 56582, 56594, 73694, 56594, 56594, 56594, 56582, 56594, 73694, 56594, 56594, 56594, 56582, 56582, 73694, 56594, 56594, 56594, 56582, 73694, 56594, 56594, 56594, 56582, 73694, 56582, 56594, 56582, 56582, 73694, 56594, 56594, 56582, 56582, 73694, 56594, 56582, 56582, 73682, 56594, 56594, 56594, 73694, 56594, 56582, 56594],[671004, 643640, 618388, 543321, 543321, 543321, 502181, 410442, 410442, 410442],[],[]
# TOTAL EXPERIMENT TIME: 248.62 seconds
