# Author Nykjaer
# ------Specs--------# cpu_name:  (processor model)
# cpu_cores: 6 (physical cores)
# ram_gb: 13.5 (system memory in GB)
# gpu_name: NVIDIA GeForce RTX 3060 Laptop GPU (graphics processor)
# os_name: Linux (operating system)
# ------Config--------# good_contributors: 4 (honest participants)
# bad_contributors: 1 (malicious participants)
# freeriders: 1 (contribute 0)
# inactive: 0 (never join)
# reward: 1000000000000000000 (total reward pool)
# minimum_rounds: 10 (rounds to simulate)
# min_buy_in: 1000000000000000000 (lower buy-in bound)
# max_buy_in: 1000000000000000000 (upper buy-in bound)
# standard_buy_in: 1000000000000000000 (default buy-in)
# epochs: 1 (local epochs per round)
# batch_size: 32 (training batch size)
# punish_factor: 3 (penalty multiplier)
# first_round_fee: 50 (fee for first round)
# fork: True (True=local fork, False=real net)
# contribution_score_strategy: dotproduct (scoring method)
# use_outlier_detection: False (Whether to use outlier detection)
# freerider_start_round: 3 (When freeriders should start freeriding)
# freerider_noise_scale: 1.0 (How much noise a freeder should add)
round,time,globalAcc,globalLoss,GRS,accAvgPerUser,lossAvgPerUser,rewards,conctractBalanceRewards,punishments,contributionScores,feedbackMatrix,disqualifiedUsers,userStatuses,GasTransactions
# $startingUserConfig$['$user$0, 0, good, good, None, 0xA41dE09A63f6Cedd633f99052b44450d3BB91D44', '$user$1, 0, good, good, None, 0x17725D495A0843Ea05541fD61ba5D4082750bC08', '$user$2, 0, good, good, None, 0x37AC7AC5D09bbC6dAC1CF036b7F9DdD0EA4E052E', '$user$3, 0, good, good, None, 0x536fc4cd48ad9B3649e8aB615592E83Ec9F5fcd1', '$user$4, 0, good, bad, 3, 0x118E560679B62a9F24c135A96d416548782f8cc2', '$user$5, 0, good, freerider, 3, 0xA2F37A08a8488CB8551a0D03f7A73f4156757de7']
0,10:58:17.950,0,720.6917724609375,"[1000000000000000000, 1000000000000000000, 1000000000000000000, 1000000000000000000, 1000000000000000000, 1000000000000000000]",[],[],[],1000000000000000000,[],[],,[],"['$user$0, 0, good, good, None, 0xA41dE09A63f6Cedd633f99052b44450d3BB91D44', '$user$1, 0, good, good, None, 0x17725D495A0843Ea05541fD61ba5D4082750bC08', '$user$2, 0, good, good, None, 0x37AC7AC5D09bbC6dAC1CF036b7F9DdD0EA4E052E', '$user$3, 0, good, good, None, 0x536fc4cd48ad9B3649e8aB615592E83Ec9F5fcd1', '$user$4, 0, good, bad, 3, 0x118E560679B62a9F24c135A96d416548782f8cc2', '$user$5, 0, good, freerider, 3, 0xA2F37A08a8488CB8551a0D03f7A73f4156757de7']","[('register', '8aacb2129ea490a5a266946b25e09cb5d438c146adf98c47458e20f49d84be14', 126674), ('register', '70e8389de4f77ce361b3b3ba3fd19be3f2e654f23d951d3e8f6900a2d62086bc', 126674), ('register', '07ee507172e95b5a023e9f63f880221b57f27ae91980d9f3f2bd996f65dc1c92', 126674), ('register', 'e20d6fc5ab621866ad547161b2355acef4e97a33211b4e4c0152aaf117398153', 126674), ('register', 'e36aa0ac255f90f4734cefa61b4639a0e1148390247d0d004f30f5746f9fe5c0', 126674)]"
1,10:58:53.088,0.1271,717.0038452148438,"[1016689600796532666, 1016720876845160581, 1016634615509269334, 1016723706575797792, 1016573470081693086, 1016657730191546538]","[11, 9, 11, 9, 8, 8]","[74, 74, 74, 74, 74, 74]","[('0xA41dE09A63f6Cedd633f99052b44450d3BB91D44', 5000000000000000000, 16689600796532666, 1016689600796532666), ('0x17725D495A0843Ea05541fD61ba5D4082750bC08', 5000000000000000000, 16720876845160581, 1016720876845160581), ('0x37AC7AC5D09bbC6dAC1CF036b7F9DdD0EA4E052E', 5000000000000000000, 16634615509269334, 1016634615509269334), ('0x536fc4cd48ad9B3649e8aB615592E83Ec9F5fcd1', 5000000000000000000, 16723706575797792, 1016723706575797792), ('0x118E560679B62a9F24c135A96d416548782f8cc2', 1000000000000000000, 16573470081693086, 1016573470081693086), ('0xA2F37A08a8488CB8551a0D03f7A73f4156757de7', 5000000000000000000, 16657730191546538, 1016657730191546538)]",900000000000000000,[],"[166896000504493713, 167208760976791381, 166346147656440734, 167237058281898498, 165734693408012390, 166577294468879699]","[[0.0, 1.0, 1.0, 1.0, 0.0, 1.0], [1.0, 0.0, 1.0, 1.0, 0.0, 1.0], [1.0, 1.0, 0.0, 1.0, 1.0, 1.0], [1.0, 1.0, 1.0, 0.0, 0.0, 1.0], [1.0, 1.0, 1.0, 1.0, 0.0, 1.0], [1.0, 1.0, 1.0, 1.0, 0.0, 0.0]]",[],"['$user$0, 0.718, good, good, None, 0xA41dE09A63f6Cedd633f99052b44450d3BB91D44', '$user$1, 0.68, good, good, None, 0x17725D495A0843Ea05541fD61ba5D4082750bC08', '$user$2, 0.676, good, good, None, 0x37AC7AC5D09bbC6dAC1CF036b7F9DdD0EA4E052E', '$user$3, 0.695, good, good, None, 0x536fc4cd48ad9B3649e8aB615592E83Ec9F5fcd1', '$user$4, 0.594, good, bad, 3, 0x118E560679B62a9F24c135A96d416548782f8cc2', '$user$5, 0.756, good, freerider, 3, 0xA2F37A08a8488CB8551a0D03f7A73f4156757de7']","[('slot', '10032e2154b7083d1394b79076a486ca0269c1c49ccada2dfb7412ad7ac7239d', 50814), ('slot', '34f9eef239e04c8c76d7276c8176bec764e5a78ef8bb51c42162862417a7ce93', 50814), ('slot', '84d43c920d970eee389db1732e83bb3a44c519c262e30709415e0cac8b25d1be', 50814), ('slot', 'b016ea902e641c327cddecdcb0968d5549a858521033cb0b6ffa23925da806db', 50802), ('slot', '990e18cabcef071a8224ca45041198aa982242a070fa2041c9515ff7a2f6782c', 50814), ('slot', 'fc1d77390581c2eda1c4fe7567204497664a8233d29dc4e6a2d31169c32c4bc2', 50814), ('weights', '4086402e56536bb085ac34cc73ee33892426fac7a0b0418eb161f88adb913b56', 73682), ('weights', '6b6f09b7e4cf920d529aa9a316bdd25e94c5332777116ca1d941630b4fc07958', 56594), ('weights', '744062812e0d093f8978f0d5932ca400e6a18bf7b74e6bfe2434a1794ec449c1', 56594), ('weights', 'e71a66e48e6d8c2d11a100a57256c6098781c2b05e6e517a7e75892f40b0acfa', 56594), ('weights', '3ee191ca3d818bee1f64ac557530f3f589e61bf4728031ee225a94e9e1409000', 56594), ('weights', 'e3bc42326b98decd6e3e17d4a12014f133d2ff0f11111e678327525bd3c2d34d', 56594), ('feedback', 'a4b4f25acd89f3a69ca73dfb0b8515d4d5d6e1da196dc1f3a009167d1e9830ec', 381779), ('feedback', '76dd08fa0b6dcae38d678be054b6551496507c2579f1c44aa34be6d05420ffda', 330479), ('feedback', '2da3a4ea82327d62e198b2f4b458f013d7802f00b5eaca0b04b2f2fedd8f7190', 354153), ('feedback', '2c3ab1a280a43a11a0a570a36813559e5697385c9402e773cd021a5225add92a', 313379), ('feedback', '8b20b6b21531b226ade1b663cf60226640ec751b0a19801e10f8aead3423d41a', 337053), ('feedback', '7e7ec88e537273a7592cff67db325e5f13a545020f8ce407a3a85e1a63aa279c', 313379), ('contrib', '65e28acbaabab1227796f202c704e541043cf3e4bb9b8836795adedff2e8f0db', 75223), ('contrib', 'd42b0c0fdbf75642dbd0137eb0e41dae1f11f28d8ceeb4ccb3cea977b9c8753b', 58123), ('contrib', '6d7afe7e5c1c09d05f2e2ecdbe1f9857e5482779296b2b28f080d9b9256f8238', 58123), ('contrib', 'e5b4e8ca3761f868c7aed19c6645ba513eb9a49a8f0029231316f02de55ccaeb', 58123), ('contrib', '40798625201a60c953145a32fc5b1cc3a344a027bb79141ce6e1a6c923163fb4', 58123), ('contrib', 'eeee7e01e0bc2ca76d9fa905ca329e14e06b31e3b87b4a913a4e8a64d93c6ba4', 58123), ('close', '91105b936b2326acde49d26e4edab1b4d4a59365b0ce66eb7f05419cccffdb72', 641581)]"
2,10:59:27.495,0.5298,662.5896911621094,"[1104460442200803906, 1104503888244488569, 1104395202989709849, 1104514617681750472, 677715646721128724, 1104410202162118474]","[12, 11, 12, 13, 13, 14]","[73, 73, 73, 73, 73, 73]","[('0xA41dE09A63f6Cedd633f99052b44450d3BB91D44', 5083310399203467331, 87770841404271240, 1104460442200803906), ('0x17725D495A0843Ea05541fD61ba5D4082750bC08', 4066555416579041624, 87783011399327988, 1104503888244488569), ('0x37AC7AC5D09bbC6dAC1CF036b7F9DdD0EA4E052E', 5083365384490730663, 87760587480440515, 1104395202989709849), ('0x536fc4cd48ad9B3649e8aB615592E83Ec9F5fcd1', 5083276293424202205, 87790911105952680, 1104514617681750472), ('0xA2F37A08a8488CB8551a0D03f7A73f4156757de7', 4066618563232655667, 87752471970571936, 1104410202162118474)]",800000000000000000,"[(2, 338857823360564362)]","[199998319149017333, 200026050209999084, 199974954128265380, 200044050812721252, 199956461787223815]","[[0.0, 1.0, 1.0, 1.0, 0.0, 1.0], [1.0, 0.0, 1.0, 1.0, 0.0, 1.0], [1.0, 1.0, 0.0, 1.0, 0.0, 1.0], [1.0, 0.0, 1.0, 0.0, -1.0, 0.0], [1.0, 1.0, 1.0, 1.0, 0.0, 1.0], [1.0, 1.0, 1.0, 1.0, 0.0, 0.0]]",[5],"['$user$0, 0.465, good, good, None, 0xA41dE09A63f6Cedd633f99052b44450d3BB91D44', '$user$1, 0.429, good, good, None, 0x17725D495A0843Ea05541fD61ba5D4082750bC08', '$user$2, 0.447, good, good, None, 0x37AC7AC5D09bbC6dAC1CF036b7F9DdD0EA4E052E', '$user$3, 0.497, good, good, None, 0x536fc4cd48ad9B3649e8aB615592E83Ec9F5fcd1', '$user$4, 0.359, good, bad, 3, 0x118E560679B62a9F24c135A96d416548782f8cc2', '$user$5, 0.471, good, freerider, 3, 0xA2F37A08a8488CB8551a0D03f7A73f4156757de7']","[('close', '91105b936b2326acde49d26e4edab1b4d4a59365b0ce66eb7f05419cccffdb72', 641581), ('slot', 'da38038621e74c9e0c4c4cd19014fe9487b1804c7b31cb9bc4a2bccf9b8e0e98', 50814), ('slot', 'cd3fdda91f155565d7ffd5a0e6a4659a42be19e558bded913b8fbcac7a1322e8', 50802), ('slot', 'fe6c1b3bbfd0c409307f4e053d29a36fe073eb5a50e41199b1d5085c7115e39b', 50814), ('slot', 'a78a1e14ca79d5b1814606c98441e41b524206e4097e35ee5ebdf3d2a1f273a9', 50814), ('slot', 'a5bdc8c5914904629b1ac547599c5ce1164383dc12c66a7431a54387a859e5fc', 50814), ('slot', '879b9765e78463c657410bf9a7ef580209434a673aefe281ccf83cb7e54ebe76', 50814), ('weights', '939af1c05f2e799711d6d7b8f5edecebc1cdeef84b25f719a75372fe662294a6', 73682), ('weights', '8dea4b2ad08bd02aab59255ccee4b8b52611836e61167c2248c845f3e770c872', 56594), ('weights', '88b4eb5570c9520db982c881885544f0d4257c46a1de49d157c9716b7cd54298', 56594), ('weights', 'b545b70961dfa9369ffcedd9069fec08a78c749eb3e636341acb07863d3a77fc', 56582), ('weights', '57fdd7b1b7bcfdcee14ac6cfb0c3e3912b02cbd2ac3443a50686b6095b6ff369', 56594), ('weights', 'dd244e7b8cfa1e9b87bd35fb404b7c30d238f5073ead10edcf57bddfd879c797', 56582), ('feedback', 'f16956ea47916fe3200a671501c95724d2fdff973938aadeebfda15d53a8b9e3', 302179), ('feedback', '2020ce05305a432585b112e2544f8ac6e38864534457ca9289edbfa0f6424f78', 250879), ('feedback', 'a26e7ec1e6663f6de91047bba4c775ea0bbe8600ec0b04b6abfc798b9c381137', 231779), ('feedback', 'ef89504ec7e00e8f193a49df0c230bfa4068318615f9e6b673f8cbeea7c7d6ac', 243453), ('feedback', '3d1adba67e9933d0f4c45046fc540c815ba3a2eda3288041d9d53234f62ed84d', 237553), ('feedback', 'ecb49609b8b79b982a9f9525cc933c7dfded600ae029f910c8c5ec5fa4de472a', 233779), ('contrib', 'fd735f924eb6093d85bf0271bc143361dcd1e15779a9427fad2b22b665d03d10', 75223), ('contrib', 'b85a48198b0729fb3704a5f0059b5444c27153452edb743897fa6eb7cc343bb5', 58123), ('contrib', '7564261ffcb6d5aac01a90bb2c32d5e3fd391f4e6855c1a1ca22b935dc26b4c1', 58123), ('contrib', 'fd70129256dddaa38936cbb4dbe0fe1d7c01bbf0fcf0d1a39dd5ba8c8b7d771b', 58123), ('contrib', 'dcad5ac0329bdfcd23dedb571660c751796e5987433b079f3257a01315994f97', 58123), ('close', '18fd3df634006f9f15b5fbca65c5cbf3756a37d4694d49e952233b3e88d740ac', 643640)]"
3,10:59:57.865,0.8,214.72966095805168,"[1277923741502432095, 1278022062366514536, 1277846060827158142, 1278124236048397087, 451810431147419150, 736273468108078983]","[51, 50, 51, 49, 54, 56]","[68, 68, 68, 68, 68, 67]","[('0xA41dE09A63f6Cedd633f99052b44450d3BB91D44', 2635698062194820166, 173463299301628189, 1277923741502432095), ('0x17725D495A0843Ea05541fD61ba5D4082750bC08', 2635654616151135503, 173518174122025967, 1278022062366514536), ('0x37AC7AC5D09bbC6dAC1CF036b7F9DdD0EA4E052E', 2635763301405914223, 173450857837448293, 1277846060827158142), ('0x536fc4cd48ad9B3649e8aB615592E83Ec9F5fcd1', 2635643886713873600, 173609618366646615, 1278124236048397087)]",700000000000000000,"[(3, 225905215573709574), (3, 368136734054039491)]","[249931991100311279, 250011056661605834, 249914065003395080, 250142812728881835]","[[0.0, 1.0, 1.0, 1.0, -1.0, -1.0], [1.0, 0.0, 1.0, 1.0, -1.0, -1.0], [1.0, 1.0, 0.0, 1.0, -1.0, -1.0], [1.0, 1.0, 1.0, 0.0, -1.0, -1.0], [-1.0, -1.0, -1.0, -1.0, 0.0, -1.0], [0.0, 0.0, 0.0, 0.0, 0.0, 0.0]]","[5, 6]","['$user$0, 0.726, good, good, None, 0xA41dE09A63f6Cedd633f99052b44450d3BB91D44', '$user$1, 0.756, good, good, None, 0x17725D495A0843Ea05541fD61ba5D4082750bC08', '$user$2, 0.766, good, good, None, 0x37AC7AC5D09bbC6dAC1CF036b7F9DdD0EA4E052E', '$user$3, 0.754, good, good, None, 0x536fc4cd48ad9B3649e8aB615592E83Ec9F5fcd1', '$user$4, 0.359, bad, bad, 3, 0x118E560679B62a9F24c135A96d416548782f8cc2', '$user$5, 0.471, freerider, freerider, 3, 0xA2F37A08a8488CB8551a0D03f7A73f4156757de7']","[('close', '18fd3df634006f9f15b5fbca65c5cbf3756a37d4694d49e952233b3e88d740ac', 643640), ('slot', '8aaea765d4dd64315fd00a2da0a2c3ce7a024f7e84f7c701afcccf024893f140', 50814), ('slot', 'f26a165cd757efb37762fa24b9a1a20b78499f224057c0c2dd661c0ab2986f34', 50814), ('slot', 'c44d12a3c5bbcfca7e3216f0cd00403e9c80a5d2acc55a2ea2835daa9782578e', 50814), ('slot', '0620f60924d0e77e2ed0ed4973184471bf98e10961fa1b99f6b4d8bbafe3c318', 50814), ('slot', '7a76f1f1ed62aee289e495da9ba4cd759c440c9544085a250d6b6980a26746f2', 50802), ('slot', 'bccf36bf64719992abdf8429a14102da184d27eb9acdd09b5bc5f1af5f6df5e1', 50814), ('weights', 'b0b7ce8249aa636fe6d5a8fb4fc9bc6eb7d0a71fd396c94d3e667b5317cdf74c', 73682), ('weights', '01a2ba1192aa19a11ae26f836b03ad7364ca0d1ee8008dced3ba29ccd441444c', 56594), ('weights', '2d962d942328c84752dc327968ac7da75bd4e202026e0c9073f20252f1dd3608', 56594), ('weights', 'be9cc3186a7988c9106dfdfa30747cd55e4f65a3ca21562085af3991c92ad742', 56594), ('weights', 'e9aa7ef8e681c7762dc08334c14a3fc0ca3b48634d90cc9469bddf8f0beda571', 56594), ('weights', '1d07072fa3aebc448116f32cfa5f9b2ef8f8b1a15efaa02b0015f57aa6872496', 56594), ('feedback', 'd7b1ecf97119e3d22109d15754c3c27fcc53f08701b97f6bc326ac1ffc0045e1', 321749), ('feedback', 'dbd3a4d769fbef2205572c7ad8f2bc8c61bb8a8067ddeada54ee0eec31758bd2', 253349), ('feedback', '66e93443bee98edecc78c62cd71af916a2146f045a3ba5c146d71f2efbf5f7eb', 236249), ('feedback', '86d43797e2cfa22896ae317d81187743e0703114b9596a9c87f2efbb20bc5735', 258149), ('feedback', '36faa0ccacd4d9de0b55c1dbc3f2267ceffe9e546789ce54093465c681cd6c27', 229293), ('feedback', '06d22f8a05f10c02fa39d59fe5789e89f005f21e2243e0702a8ee1e9812acb0e', 210683), ('contrib', '95966685a29433fca662ca89e95c53efb457c7092ced29fe4e00fd388f714aed', 75223), ('contrib', '05e7d4ff6d42c9dd1a9a527ce75a0b32c4ad6f1bc14f9f0f57f83d981936a48f', 58123), ('contrib', '3c6c62c4c14df2128af46d46e319bfa8d00c5518e5433894319efbe8c069d009', 58123), ('contrib', '423bcb9a2b43abcb1ce9c6817cc93ed4dbff1353854d302d8b7faf9ed0182245', 58123), ('close', 'be798470d6f593dc26f676380d53311421edab845907b8ef82b32447b46f1cae', 658515)]"
4,11:00:28.656,0.8599,148.85222781449556,"[1401949063760913900, 1402055234284027023, 1401793536937889336, 1402146232180170975, 301206954098279434, 490848978738719322]","[78, 78, 78, 78, 80, 80]","[22, 22, 23, 24, 21, 21]","[('0xA41dE09A63f6Cedd633f99052b44450d3BB91D44', 3382181928094650615, 124025322258481805, 1401949063760913900), ('0x17725D495A0843Ea05541fD61ba5D4082750bC08', 3382083607230568174, 124033171917512487, 1402055234284027023), ('0x37AC7AC5D09bbC6dAC1CF036b7F9DdD0EA4E052E', 3382259608769924568, 123947476110731194, 1401793536937889336), ('0x536fc4cd48ad9B3649e8aB615592E83Ec9F5fcd1', 3381981433548685623, 124021996131773888, 1402146232180170975)]",600000000000000000,"[(4, 150603477049139716), (4, 245424489369359661)]","[250036954879760742, 250052779912948608, 249880015850067138, 250030249357223510]","[[0.0, 1.0, 1.0, 1.0, -1.0, -1.0], [1.0, 0.0, 1.0, 1.0, -1.0, -1.0], [1.0, 1.0, 0.0, 1.0, -1.0, -1.0], [1.0, 1.0, 1.0, 0.0, -1.0, -1.0], [-1.0, -1.0, -1.0, -1.0, 0.0, -1.0], [0.0, 0.0, 0.0, 0.0, 0.0, 0.0]]","[5, 6]","['$user$0, 0.816, good, good, None, 0xA41dE09A63f6Cedd633f99052b44450d3BB91D44', '$user$1, 0.843, good, good, None, 0x17725D495A0843Ea05541fD61ba5D4082750bC08', '$user$2, 0.841, good, good, None, 0x37AC7AC5D09bbC6dAC1CF036b7F9DdD0EA4E052E', '$user$3, 0.833, good, good, None, 0x536fc4cd48ad9B3649e8aB615592E83Ec9F5fcd1', '$user$4, 0.359, bad, bad, 3, 0x118E560679B62a9F24c135A96d416548782f8cc2', '$user$5, 0.471, freerider, freerider, 3, 0xA2F37A08a8488CB8551a0D03f7A73f4156757de7']","[('close', 'be798470d6f593dc26f676380d53311421edab845907b8ef82b32447b46f1cae', 658515), ('slot', '2afbd54818ba70d6e5f9141d4500e758db005dcdbf75505644659af6acae5ca9', 50814), ('slot', '26c92448c17e6f21fb1b712935c97c4276417699186567c8b94642367415932f', 50814), ('slot', '08c64152aa6f0d05d4281e6f28a17debdf43af664793c965a6a32cc4eb821599', 50814), ('slot', 'd5968274dd0a891c9be151c72c611550325ae196d59d5f6b2e4044cb7ffe7a6d', 50814), ('slot', '3a8bef02fe134ff04fa5e1b49254ef23ceb22f08af670d2866b4d01eadf0c162', 50802), ('slot', '009ba5e32ee5c106d8a9c121d4f6f71a7a1b571916732f8eafd2985f8b418aca', 50814), ('weights', 'b1b3de1f3ac40cf6078f842e26004cf6c4e037428adbbba5fc519dae09542346', 73682), ('weights', 'a4066bfbed62a0b0d513dfc1663abc6c77a09eae28002543debcfa176f531f20', 56594), ('weights', '74706108aeefe83173689a8ba26b067fc765b1420c55fc28581600a8f7baf35b', 56594), ('weights', 'ce68a05884d554688918f386b9be04eed4fb391135421de8bdd20294939a6b7a', 56594), ('weights', '9739a958f139fb27d86bab3d198f179bb5466891d5c8eb036ec40b8641ab9356', 56594), ('weights', '30e96a567db1a6663741916d93f53591f7601e94b18fcc72c1c9c7b4a848f1a0', 56594), ('feedback', 'f811fb14100b5a76abafc1194be5b904967342e209a7c5836bf11cbd981890ee', 323749), ('feedback', 'b4be94e628072ff4439faf7b1751284394e8843b248b803e3dd8d208dd8e3b77', 255349), ('feedback', '7e6586cc25cd18a344df4dc941156148461842eb31f1b28bb56d5dda1ab861bc', 238249), ('feedback', '0221bd9e5ec7399ff3c559c22ff5b4579bff5f456fcd3d1800be6f27fc9b0e0d', 238249), ('feedback', 'f437217927aab9c5c5bd2829f84f31e8ba1eca2b6667aba5d7ae3da71d9f1d3c', 239293), ('feedback', '0771f711aa552d2ab3a76695d23df4dbba957aa9755de1261f4e22c8d0f091fb', 218683), ('contrib', 'c73cb824e305fef73e33135154b65a478b3228ce1ed07aa44d7b47b08c809de5', 75223), ('contrib', '0bc01a84e5fbef44cd75837d3290ac6fd1678663ccd3dfe67a7ce69bed25aea6', 58123), ('contrib', '9eacbc23ab002aad3f452d2413fec6f26003e959f9c6d6ed31708a2349482576', 58123), ('contrib', '35a14acb3c66b9de512dd2a46c20b109beea5066585007ca669816f302f685d7', 58123), ('close', 'f95ed2bcd5f2992722a5ca8f7f1ae3be3b3a2a7c5a12238ae457e18b736de2cf', 658515)]"
5,11:00:59.072,0.8868,116.96476484835148,"[1543183043427603031, 1543318301452894453, 1542933015888589480, 1543332986738433476, 327232652492479548, 0]","[85, 87, 85, 84, 86, 86]","[14, 15, 16, 17, 15, 15]","[('0xA41dE09A63f6Cedd633f99052b44450d3BB91D44', 3904788049303807900, 141233979666689131, 1543183043427603031), ('0x17725D495A0843Ea05541fD61ba5D4082750bC08', 3904681878780694777, 141263067168867430, 1543318301452894453), ('0x37AC7AC5D09bbC6dAC1CF036b7F9DdD0EA4E052E', 3904943576126832464, 141139478950700144, 1542933015888589480), ('0x536fc4cd48ad9B3649e8aB615592E83Ec9F5fcd1', 3904590880884550825, 141186754558262501, 1543332986738433476)]",500000000000000000,"[(5, 163616326246239774), (5, 301206954098279434)]","[250049859285354614, 250101357698440551, 249882549047470092, 249966248869895935]","[[0.0, 1.0, 1.0, 1.0, -1.0, -1.0], [1.0, 0.0, 1.0, 1.0, -1.0, -1.0], [1.0, 1.0, 0.0, 1.0, -1.0, -1.0], [1.0, 1.0, 1.0, 0.0, -1.0, -1.0], [-1.0, -1.0, -1.0, -1.0, 0.0, -1.0], [0.0, 0.0, 0.0, 0.0, 0.0, 0.0]]","[6, 5]","['$user$0, 0.864, good, good, None, 0xA41dE09A63f6Cedd633f99052b44450d3BB91D44', '$user$1, 0.866, good, good, None, 0x17725D495A0843Ea05541fD61ba5D4082750bC08', '$user$2, 0.866, good, good, None, 0x37AC7AC5D09bbC6dAC1CF036b7F9DdD0EA4E052E', '$user$3, 0.861, good, good, None, 0x536fc4cd48ad9B3649e8aB615592E83Ec9F5fcd1', '$user$5, 0.471, freerider, freerider, 3, 0xA2F37A08a8488CB8551a0D03f7A73f4156757de7']","[('close', 'f95ed2bcd5f2992722a5ca8f7f1ae3be3b3a2a7c5a12238ae457e18b736de2cf', 658515), ('slot', 'a324c383583899d32e1a28b4e19ab294f8f0645fb1b33f6b3ac75b41dc72e48f', 50814), ('slot', '4a37d6f1685b9d3438524337a500fd418858961eaf2c8a9bcf52802d4985fc07', 50814), ('slot', '2b72b0637a70eff00269f5c432f377ccc4fe477b2ecc6fbc1905b66573d810a9', 50802), ('slot', '3d0499f0aa9f20952630dda5a61198d90a035fffa5ae3131d67e068ce2133176', 50814), ('slot', 'a70dd1b60cb42f73e347153721010eb4b6719768cbf57ec945f5cd7960134191', 50802), ('slot', '6fc64da09b57bd44247963f7b09a7ba3081a58ee599a66a9488acdfacfbb47d7', 50814), ('weights', '44c7aab4cc8695ff78c10ccd1745a3c57eb5556e24a24d8d3f3cf9fa3ec1e4b3', 73682), ('weights', 'c403a7207c98c6f0a18d531e7c5749301af99c0f2e1bdf28bcb16ae0c4faf22b', 56594), ('weights', '770f3c52a7b0ffddf4f8649797c115113b147cd08d52ac775a54df89fd2d439a', 56594), ('weights', 'f9634fefbceb8ae9cd4a6936ac1c90bf31f67b9496f002ddf6a982d503232d2a', 56582), ('weights', '8b1b9ac52e950b4ef9a555878fcbdf0b811b13eeabbb8b57a161b418ee3178c2', 56594), ('weights', 'e1c611d79f03ec04e6abe954f38e5202ec7e54cb7318ba403ee1841fed3e6e29', 56582), ('feedback', '4a6487057d344d7bc19c17c1d23400050aff5ab8243f9c401f12a8d38a5730e9', 323749), ('feedback', '5b5b31131b7ee7c705baf2383093a105b2b5a6e3c20a8ec4c061e01b76e8a5f3', 255349), ('feedback', '460280b1dcb6e0a5949a3da14871821a85478c9779040449b77ae387a5cccf83', 238249), ('feedback', '6691968d3bdcdf14655b307fada61914d5c08468154bedd85dcec970905d473e', 238249), ('feedback', '175019ceeb3850229b597212ed93057ced91eadbac16526a3490310dc61822e6', 239293), ('feedback', '3a231f4776dbe3cd9ce1d932f0238b199ad97d3ebd11069a0463c65f0d74355e', 218683), ('contrib', 'e6320176434755785c3951d1cc6ece2db070d5e16b663548d730104726029985', 75223), ('contrib', '45b00e10710873df5a02f1d8bd8731fefa406a0f6f94364f4ac22dec79f4b59d', 58123), ('contrib', '2702cf211c600b124f10ccd3d2298b60aa3c1a878f95d4c3aecae1ef091522fd', 58123), ('contrib', 'ceb44e0ad2d4d6dc9757431915b6e128cbdf0c4f893d961bb392ad4631b56b4e', 58123), ('close', 'a8b5f927c90bfba17ed050786427d7f45d463a40cca90237fe7ca5a66a3958bd', 618388)]"
6,11:01:26.383,0.9049,97.63401759788394,"[1650003292899230305, 1650190919796168696, 1649709064402783627, 1650096722901817358, 0, 0]","[89, 89, 90, 87, 0, 89]","[11, 12, 12, 14, 0, 12]","[('0xA41dE09A63f6Cedd633f99052b44450d3BB91D44', 4629584304079917409, 106820249471627274, 1650003292899230305), ('0x17725D495A0843Ea05541fD61ba5D4082750bC08', 4629449046054625987, 106872618343274243, 1650190919796168696), ('0x37AC7AC5D09bbC6dAC1CF036b7F9DdD0EA4E052E', 4629834331618930960, 106776048514194147, 1649709064402783627), ('0x536fc4cd48ad9B3649e8aB615592E83Ec9F5fcd1', 4629434360769086964, 106763736163383882, 1650096722901817358)]",400000000000000000,"[(6, 327232652492479548)]","[250028312206268310, 250150889158248901, 249924853444099426, 249896034598350524]","[[0.0, 1.0, 1.0, 1.0, 0.0, -1.0], [1.0, 0.0, 1.0, 1.0, 0.0, -1.0], [1.0, 1.0, 0.0, 1.0, 0.0, -1.0], [1.0, 1.0, 1.0, 0.0, 0.0, -1.0], [0.0, 0.0, 0.0, 0.0, 0.0, 0.0], [0.0, 0.0, 0.0, 0.0, 0.0, 0.0]]",[5],"['$user$0, 0.872, good, good, None, 0xA41dE09A63f6Cedd633f99052b44450d3BB91D44', '$user$1, 0.886, good, good, None, 0x17725D495A0843Ea05541fD61ba5D4082750bC08', '$user$2, 0.891, good, good, None, 0x37AC7AC5D09bbC6dAC1CF036b7F9DdD0EA4E052E', '$user$3, 0.883, good, good, None, 0x536fc4cd48ad9B3649e8aB615592E83Ec9F5fcd1']","[('close', 'a8b5f927c90bfba17ed050786427d7f45d463a40cca90237fe7ca5a66a3958bd', 618388), ('slot', 'edec9d0564d939345b76af527a0fb82c60506e8910784d40aa6bc86c15269c6a', 50814), ('slot', 'd9cedfbf0cd6dc589b351572220c6e0c0c0d8ac95cd451b7938128d2b6ba0318', 50814), ('slot', 'ce250679329dd3663b52c27e3cf421b16e9a42fbac8e99d9de8b5723c8c5e3e0', 50814), ('slot', 'cb2feccfaff4f96307ba8c0be07ce114fa464abb416cecaef86cd14afe0bb3fc', 50814), ('slot', '927930715f82007a63c1e50457d6f616366f6a9f9b0cfcf0c87a9be7ae46f291', 50814), ('weights', '9014a79083b7ca74943827c4ee10a00879ba927113e3b514bf7c9c0486812989', 73682), ('weights', 'db45eda552d3145cf7b34b263049ce504aa0406dcd6e2d92c39a52da501be0c3', 56594), ('weights', '23dfea881610e1739bbbda2f16c8e1b4550b060dbcfb30d5c8626abf1dc56acc', 56594), ('weights', '50253231d66ddcd6e7a482d274d4a8bc0a4fa42e49de597ee8952d63be140836', 56594), ('weights', 'fe3c8023dad3deea652286aff88ee9d53d06c9c5b53e96f01639be67c1d62f8a', 56594), ('feedback', 'b2051bf381f3d087cfa5fa9ad2ea53329083a863365d922b5c6e865f6a40d970', 270522), ('feedback', 'b9001af92cccb86d4299f38bd874ecbf3e2fad339d9ab7252e896bdaeb6088ad', 219222), ('feedback', '58acb1c63fb9568d32934e462a0dd402a074f48efaae9606fd63ea3dd98da158', 202122), ('feedback', '182fbf7dcb1351d569f7a6c7e27d83e520d3cccfb4595c639607d8e65ee153cf', 202122), ('feedback', '4606c08c1674e3a10223f4532e8a641c140ef628f995233268d073a9e85ec0e1', 186678), ('contrib', '1ebf43fd2a492134c3e926dac01e9abeb858ea735fb86f350a56d19e0d3582c1', 75223), ('contrib', 'a74eebfea10a41b06e7f4aff478d9ff9264cdbb965d23af4f02c79750509819c', 58123), ('contrib', '73a9b35e22af5fd606f166d7bf0c410525f139d65616986714e49ba6fea8ad72', 58123), ('contrib', '5718ee6b3872fa5993bd4f35ddc4fbc1a59a4c708e68b61eb0d3b34af7790292', 58123), ('close', '453b238a375101d1c51a1bd04eb5a3d49a8c516483de2f8760f10b166da58bef', 502181)]"
7,11:01:51.305,0.9145,85.2125468030572,"[1675009167310289769, 1675198740299141068, 1674692201128928038, 1675099891261641110, 0, 0]","[91, 91, 92, 88, 0, 0]","[9, 10, 10, 11, 0, 0]","[('0xA41dE09A63f6Cedd633f99052b44450d3BB91D44', 4949996707100769681, 25005874411059464, 1675009167310289769), ('0x17725D495A0843Ea05541fD61ba5D4082750bC08', 4949809080203831290, 25007820502972372, 1675198740299141068), ('0x37AC7AC5D09bbC6dAC1CF036b7F9DdD0EA4E052E', 4950290935597216359, 24983136726144411, 1674692201128928038), ('0x536fc4cd48ad9B3649e8aB615592E83Ec9F5fcd1', 4949903277098182628, 25003168359823752, 1675099891261641110)]",300000000000000000,[],"[250058710575103759, 250078171491622924, 249831333756446838, 250031650066375732]","[[0.0, 1.0, 1.0, 1.0, 0.0, 0.0], [1.0, 0.0, 1.0, 1.0, 0.0, 0.0], [1.0, 1.0, 0.0, 1.0, 0.0, 0.0], [1.0, 1.0, 1.0, 0.0, 0.0, 0.0], [0.0, 0.0, 0.0, 0.0, 0.0, 0.0], [0.0, 0.0, 0.0, 0.0, 0.0, 0.0]]",[],"['$user$0, 0.894, good, good, None, 0xA41dE09A63f6Cedd633f99052b44450d3BB91D44', '$user$1, 0.893, good, good, None, 0x17725D495A0843Ea05541fD61ba5D4082750bC08', '$user$2, 0.907, good, good, None, 0x37AC7AC5D09bbC6dAC1CF036b7F9DdD0EA4E052E', '$user$3, 0.897, good, good, None, 0x536fc4cd48ad9B3649e8aB615592E83Ec9F5fcd1']","[('close', '453b238a375101d1c51a1bd04eb5a3d49a8c516483de2f8760f10b166da58bef', 502181), ('slot', '4b8a56c2c525f64c667b13c95a2c6bfb44a48a0b283c2e038f926320087f4519', 50814), ('slot', 'be1d7c9c7d2fbe8812748aca7e17452bd1ce5e9d964f0feeb35ed2eba4e8e057', 50814), ('slot', 'bc0f2108386ddc86b37e42a4ef6bdd9eb55771b01f863f32e3249f6c74d3aacf', 50814), ('slot', '69ff6273235665cc20347f48d1ecd2bd3fade69f21c36c56cae1692758d5935c', 50814), ('weights', 'c7026088dd6afbf910717296bd57b3b3bc0a016ab20fdc3dabd7e94e63591bd8', 73682), ('weights', '057f317c68a9ad9d863cf8b31a6666dbedb5aca29f4d46f2663dbee742d1314c', 56594), ('weights', '550d74f773d3f56b5ab59ab7c8b9193810091c4b994454c021d0c816527b3c9b', 56582), ('weights', '9ee8167f89845cfc4299ee7be6f7dc2cebfa1406cdaffeddaf88901c542c4a34', 56594), ('feedback', '4433bdb46459d8f3926675395d44dd9b89549ca7e4bfa0d35bf229f86fefb08d', 217307), ('feedback', '9e1711d2752c5ca753f5e4af10346035639a8b638ee2f6f3feb3ee4b64b8915a', 183107), ('feedback', '9145c4d5a79a4b81048ae86766da97b9e6ef5f5eda4cd7b257c44629c82973c1', 166007), ('feedback', '015f2961ed601cc906a8ab400c5fa0e8f08f46c2c05cc4f05b803b0f51e20812', 166007), ('contrib', '72b8cebc80257c55471e5f9dbcf6fabf2a5b8ffe5ad0878fb15c2322d69bb0f5', 75223), ('contrib', 'd35f215cfa667ba9dc6f2294efd45bbaf260b555987a6efcab5ae382dc571d94', 58123), ('contrib', '1b56f4ef0f5ba3637b352b7d5332611c1fde58e956f73661d7e6608d071d256a', 58123), ('contrib', '266dfda520bedb8fa61e723a63f4e9b4411067ed28f28a66d165ae05778d78dc', 58123), ('close', '0181802fb7f2e5bd72fd0422fa0434cecf066a744814d34f4c3a26d6758b17d8', 410442)]"
8,11:02:16.720,0.9252,75.20547084510326,"[1700011835735849845, 1700206490020895397, 1699680115914130546, 1700101558329124195, 0, 0]","[92, 92, 93, 89, 0, 0]","[8, 8, 9, 10, 0, 0]","[('0xA41dE09A63f6Cedd633f99052b44450d3BB91D44', 5024990832689710216, 25002668425560076, 1700011835735849845), ('0x17725D495A0843Ea05541fD61ba5D4082750bC08', 5024801259700858917, 25007749721754329, 1700206490020895397), ('0x37AC7AC5D09bbC6dAC1CF036b7F9DdD0EA4E052E', 5025307798871071947, 24987914785202508, 1699680115914130546), ('0x536fc4cd48ad9B3649e8aB615592E83Ec9F5fcd1', 5024900108738358875, 25001667067483085, 1700101558329124195)]",200000000000000000,[],"[250026673078536987, 250077486038208007, 249879136681556701, 250016659498214721]","[[0.0, 1.0, 1.0, 1.0, 0.0, 0.0], [1.0, 0.0, 1.0, 1.0, 0.0, 0.0], [1.0, 1.0, 0.0, 1.0, 0.0, 0.0], [1.0, 1.0, 1.0, 0.0, 0.0, 0.0], [0.0, 0.0, 0.0, 0.0, 0.0, 0.0], [0.0, 0.0, 0.0, 0.0, 0.0, 0.0]]",[],"['$user$0, 0.914, good, good, None, 0xA41dE09A63f6Cedd633f99052b44450d3BB91D44', '$user$1, 0.906, good, good, None, 0x17725D495A0843Ea05541fD61ba5D4082750bC08', '$user$2, 0.918, good, good, None, 0x37AC7AC5D09bbC6dAC1CF036b7F9DdD0EA4E052E', '$user$3, 0.902, good, good, None, 0x536fc4cd48ad9B3649e8aB615592E83Ec9F5fcd1']","[('close', '0181802fb7f2e5bd72fd0422fa0434cecf066a744814d34f4c3a26d6758b17d8', 410442), ('slot', 'c611ccab40b10a5aabaeaa6acd0c6a155f4127d1a9d6b0d61b153a52999b1962', 50802), ('slot', '9d00df8a0e459fea2ee891c16edc5a7f845f5cafac6ce9019ea04be493c2c44f', 50814), ('slot', 'a8af30a9066926ce41ef62afe527cd0045401f498e456de9f6446121e5dd2a81', 50814), ('slot', 'b407cade7e6265e827acaa09cb3788714eab1ab267baec56b5aa9ae45584cfce', 50814), ('weights', '54fbac9bf6026178f52c77a7dc5c877a2c8a9425b0d1db4e14549abbeb6e917c', 73682), ('weights', '2f122478ac4c986df9fec42a14764e63638f35dbbbe6376900cd957e25e4c718', 56594), ('weights', '195f31b32ac41a69dcada0124f6f8482b46b84a78492c2325870519c77ad30b3', 56582), ('weights', 'cc29a30da366e29309de308f3d42e5d2626c585c3f6e19df74b27ac950574bbe', 56594), ('feedback', 'df10a92b54211657124b7b7d6e923aba501a92122938c2d4344f7339252f18a7', 217307), ('feedback', 'cbfa665cf329d4e5ba1206d516667c92a50b1d0c83dae28ec684e20e45e658ea', 183107), ('feedback', '5152b8e0a5ce97490cb2b10382d25fd08e768b3e2124d1cf400960b9b65f3244', 166007), ('feedback', '28b6db6f31018a7b84b035e2ad66ab02350395b6563dd0f722d2c54dd218afef', 166007), ('contrib', '187ac86cf1c7878743f17909bd44ca0a08c8c55ccf8238f6ea34064872ac4d10', 75223), ('contrib', '257e9d0b1f57ad343457eb3dfdd844e1914d4d81c6eb59675e0846443c9c4575', 58123), ('contrib', '9057e0effa2c5aa6adb3db8a7e42456cec06a4a4646bdd1a14eacebde384c17f', 58123), ('contrib', '67f688afc8cda68a1b8f22bb0be0fad01e61c1d63d8ede9460df0fdefbce9373', 58123), ('close', 'b70d1a459eaaa1406a5d629b06f0f1eb0309de4ca366cf5e3f76e980a9d988c5', 410442)]"
9,11:02:41.774,0.9323,67.03695037961006,"[1725012571480672827, 1725215415443788482, 1724667597076269109, 1725104415999269562, 0, 0]","[93, 93, 93, 90, 0, 0]","[7, 8, 8, 9, 0, 0]","[('0xA41dE09A63f6Cedd633f99052b44450d3BB91D44', 5099988164264150138, 25000735744822982, 1725012571480672827), ('0x17725D495A0843Ea05541fD61ba5D4082750bC08', 5099793509979104586, 25008925422893085, 1725215415443788482), ('0x37AC7AC5D09bbC6dAC1CF036b7F9DdD0EA4E052E', 5100319884085869437, 24987481162138563, 1724667597076269109), ('0x536fc4cd48ad9B3649e8aB615592E83Ec9F5fcd1', 5099898441670875788, 25002857670145367, 1725104415999269562)]",100000000000000000,[],"[250007361173629760, 250089257955551147, 249874815344810485, 250028580427169799]","[[0.0, 1.0, 1.0, 1.0, 0.0, 0.0], [1.0, 0.0, 1.0, 1.0, 0.0, 0.0], [1.0, 1.0, 0.0, 1.0, 0.0, 0.0], [1.0, 1.0, 1.0, 0.0, 0.0, 0.0], [0.0, 0.0, 0.0, 0.0, 0.0, 0.0], [0.0, 0.0, 0.0, 0.0, 0.0, 0.0]]",[],"['$user$0, 0.913, good, good, None, 0xA41dE09A63f6Cedd633f99052b44450d3BB91D44', '$user$1, 0.917, good, good, None, 0x17725D495A0843Ea05541fD61ba5D4082750bC08', '$user$2, 0.932, good, good, None, 0x37AC7AC5D09bbC6dAC1CF036b7F9DdD0EA4E052E', '$user$3, 0.907, good, good, None, 0x536fc4cd48ad9B3649e8aB615592E83Ec9F5fcd1']","[('close', 'b70d1a459eaaa1406a5d629b06f0f1eb0309de4ca366cf5e3f76e980a9d988c5', 410442), ('slot', '8707e0d963ae335ee08330d81c18f804f6de43a97fede440527fe68c394ed104', 50814), ('slot', '2fd77635cb2a4e3fcef871924e05adb7bdab301317e0da1f676d3d0ba5effa04', 50814), ('slot', '49641ea369d4dc376a44bda96ec2af7431a483cef52425dabb48b20f9d4f19c1', 50814), ('slot', 'ecdb165a76a9787770df25d6493b181b60d05db790f7499fba6d02e3996290ed', 50814), ('weights', '93c224571434bafa0b1b56efc42970a421345c474e66143f85cf2a42238f53ba', 73682), ('weights', '518f298cc2f5f1f11716a8f4a124b273048a91b5ce0b7806fa3c7887fbbd84a8', 56594), ('weights', '50d56c0cb798cd9679a13fe0270eb221acf82540e63435e2ef9f9757be6c89b9', 56594), ('weights', '700a750a211f4ec05fb0ca628e68f5fd08648d0b19a36ed366f499b540a69226', 56594), ('feedback', '3f3fd3680628a373dbd657d95ca52328484e8430cbc48104812af0b5f1a441c8', 217307), ('feedback', '034def9b63fe3d94059331f4a7f55ca5e6dee1250c0d4dac8e417013821cf770', 183107), ('feedback', '7af78d0b2c94a48e697f9e64d0c92a1452873a66e529990384d65b5a24ae2fe8', 166007), ('feedback', 'a35dab4fca5fa62ec76cb24b0f29984d4c2b7a24b0834ee5b9ba211a4bdffd0b', 166007), ('contrib', '2c955cd365e1178970f5975696ccea806d2b55aab95dc35c784cf769c27a381b', 75223), ('contrib', '6c980a2fc456d63278b01b7054bada213c0fd03ead37481cc3d1b5324b5743cd', 58123), ('contrib', '535e3327d7edefcc13b730e563abf9d06fa268350bd8d926a98bc252ec137a24', 58123), ('contrib', 'b2544e2866882e52bdd40ec0641f5d2c0288ed3141b7beed0b541a432382cab0', 58123), ('close', '4de9952fb2a3c4c64cc5df0ba2c87eb6f84eb3e4e48f2c47fbac8839ee0d8758', 410442)]"
10,11:03:06.767,0.9402,60.270038571208715,"[1750006392713999656, 1750233071085155191, 1749656012168153694, 1750104524032691437, 0, 0]","[93, 94, 94, 91, 0, 0]","[7, 7, 7, 8, 0, 0]","[('0xA41dE09A63f6Cedd633f99052b44450d3BB91D44', 5174987428519327153, 24993821233326829, 1750006392713999656), ('0x17725D495A0843Ea05541fD61ba5D4082750bC08', 5174784584556211498, 25017655641366709, 1750233071085155191), ('0x37AC7AC5D09bbC6dAC1CF036b7F9DdD0EA4E052E', 5175332402923730871, 24988415091884585, 1749656012168153694), ('0x536fc4cd48ad9B3649e8aB615592E83Ec9F5fcd1', 5174895584000730418, 25000108033421875, 1750104524032691437)]",0,[],"[249938204884529113, 250176548957824707, 249884143471717834, 250001072883605957]","[[0.0, 1.0, 1.0, 1.0, 0.0, 0.0], [1.0, 0.0, 1.0, 1.0, 0.0, 0.0], [1.0, 1.0, 0.0, 1.0, 0.0, 0.0], [1.0, 1.0, 1.0, 0.0, 0.0, 0.0], [0.0, 0.0, 0.0, 0.0, 0.0, 0.0], [0.0, 0.0, 0.0, 0.0, 0.0, 0.0]]",[],"['$user$0, 0.928, good, good, None, 0xA41dE09A63f6Cedd633f99052b44450d3BB91D44', '$user$1, 0.938, good, good, None, 0x17725D495A0843Ea05541fD61ba5D4082750bC08', '$user$2, 0.933, good, good, None, 0x37AC7AC5D09bbC6dAC1CF036b7F9DdD0EA4E052E', '$user$3, 0.918, good, good, None, 0x536fc4cd48ad9B3649e8aB615592E83Ec9F5fcd1']","[('close', '4de9952fb2a3c4c64cc5df0ba2c87eb6f84eb3e4e48f2c47fbac8839ee0d8758', 410442), ('slot', '8d4bb0f5bb6d455bb87d23b772bf8ada52c8b5ae2c09c81ffc847f9fcce5acb3', 50814), ('slot', '2aaafb89357cb33f342dfffe15773cf882bd11b53fdc4b6da85ad3f402bbaf18', 50802), ('slot', '8e0ebe39ac9e988974a92ef6c635aa499cb0b3da343da5fb4bb6dc7ce17c4b66', 50814), ('slot', 'c44d8aa651a74964883d81ec7ba97964f4fe0c160b11c8e340b5b5f3e6fcce3c', 50814), ('weights', '7ff1b43a707c08afcfd2bb59dbc8e66707d6768103582b6d74411f49eec8a4e8', 73682), ('weights', '17475fa53e7cc42980bf2c072eea82325615b51b5ce64577df773ac720bdd3f4', 56594), ('weights', 'c2f1c6a309654d5d64b912fef0a6fb618af3ea2815f06828541d86f16dcb11c3', 56594), ('weights', '75a33d3758b28aaeb5beaca792ae1b76c98581153ad4cf7acc98952c7fd49b85', 56582), ('feedback', 'aa6144640971ceebc8fdba385f75299e3450074249c485d1160f916597d97ede', 217307), ('feedback', '1c239f8a142d7e3b4a8a8dece3d3cd2a1482253fe6292306f696144160a65e65', 183107), ('feedback', 'a640f847c85f2d57158a2eeb8c8fa687ab26f24044646af8f67a38937667852b', 166007), ('feedback', '5e025ad0acf8d360a79b7f9ddcd02a668f5bb03de0ca56b534a4287569c3a3ff', 166007), ('contrib', '7c1a421d72e1fc3121c0653a2de1d62665d5ae04f13d19bb04740039927f95e2', 75223), ('contrib', '1fa00afc02eb135ce5f31cc3474a0e92244b1c52c44cbe4bd32b776b08777048', 58123), ('contrib', '59390507b560dd4a35e7188c1608a00c93234cf60ea38d7412d3a5d7cbf7d4f9', 58123), ('contrib', 'ff53a0e28f1960a2b235d16677dba74e57d8901396b5af7949e3326aaf77c7cf', 58123), ('close', '972c75a7870e8892cc9e7ca052fe88fed884e8461927d732a986d4f192e7515e', 410442)]"
# $gasCosts$[381779, 330479, 354153, 313379, 337053, 313379, 75223, 58123, 58123, 58123, 58123, 58123, 302179, 250879, 231779, 243453, 237553, 233779, 75223, 58123, 58123, 58123, 58123, 321749, 253349, 236249, 258149, 229293, 210683, 75223, 58123, 58123, 58123, 323749, 255349, 238249, 238249, 239293, 218683, 75223, 58123, 58123, 58123, 323749, 255349, 238249, 238249, 239293, 218683, 75223, 58123, 58123, 58123, 270522, 219222, 202122, 202122, 186678, 75223, 58123, 58123, 58123, 217307, 183107, 166007, 166007, 75223, 58123, 58123, 58123, 217307, 183107, 166007, 166007, 75223, 58123, 58123, 58123, 217307, 183107, 166007, 166007, 75223, 58123, 58123, 58123, 217307, 183107, 166007, 166007, 75223, 58123, 58123, 58123],[126674, 126674, 126674, 126674, 126674],[50814, 50814, 50814, 50802, 50814, 50814, 50814, 50802, 50814, 50814, 50814, 50814, 50814, 50814, 50814, 50814, 50802, 50814, 50814, 50814, 50814, 50814, 50802, 50814, 50814, 50814, 50802, 50814, 50802, 50814, 50814, 50814, 50814, 50814, 50814, 50814, 50814, 50814, 50814, 50802, 50814, 50814, 50814, 50814, 50814, 50814, 50814, 50814, 50802, 50814, 50814],[73682, 56594, 56594, 56594, 56594, 56594, 73682, 56594, 56594, 56582, 56594, 56582, 73682, 56594, 56594, 56594, 56594, 56594, 73682, 56594, 56594, 56594, 56594, 56594, 73682, 56594, 56594, 56582, 56594, 56582, 73682, 56594, 56594, 56594, 56594, 73682, 56594, 56582, 56594, 73682, 56594, 56582, 56594, 73682, 56594, 56594, 56594, 73682, 56594, 56594, 56582],[641581, 643640, 658515, 658515, 618388, 502181, 410442, 410442, 410442, 410442],[],[]
# TOTAL EXPERIMENT TIME: 291.34 seconds
