# Author Nykjaer
# ------Specs--------# cpu_name:  (processor model)
# cpu_cores: 6 (physical cores)
# ram_gb: 13.5 (system memory in GB)
# gpu_name: NVIDIA GeForce RTX 3060 Laptop GPU (graphics processor)
# os_name: Linux (operating system)
# ------Config--------# good_contributors: 4 (honest participants)
# bad_contributors: 1 (malicious participants)
# freeriders: 1 (contribute 0)
# inactive: 0 (never join)
# reward: 1000000000000000000 (total reward pool)
# minimum_rounds: 10 (rounds to simulate)
# min_buy_in: 1000000000000000000 (lower buy-in bound)
# max_buy_in: 1000000000000000000 (upper buy-in bound)
# standard_buy_in: 1000000000000000000 (default buy-in)
# epochs: 1 (local epochs per round)
# batch_size: 32 (training batch size)
# punish_factor: 3 (penalty multiplier)
# first_round_fee: 50 (fee for first round)
# fork: True (True=local fork, False=real net)
# contribution_score_strategy: dotproduct (scoring method)
# use_outlier_detection: False (Whether to use outlier detection)
# freerider_start_round: 3 (When freeriders should start freeriding)
# freerider_noise_scale: 0.01 (How much noise a freeder should add)
round,time,globalAcc,globalLoss,GRS,accAvgPerUser,lossAvgPerUser,rewards,conctractBalanceRewards,punishments,contributionScores,feedbackMatrix,disqualifiedUsers,userStatuses,GasTransactions
# $startingUserConfig$['$user$0, 0, good, good, None, 0xA41dE09A63f6Cedd633f99052b44450d3BB91D44', '$user$1, 0, good, good, None, 0x17725D495A0843Ea05541fD61ba5D4082750bC08', '$user$2, 0, good, good, None, 0x37AC7AC5D09bbC6dAC1CF036b7F9DdD0EA4E052E', '$user$3, 0, good, good, None, 0x536fc4cd48ad9B3649e8aB615592E83Ec9F5fcd1', '$user$4, 0, good, bad, 3, 0x118E560679B62a9F24c135A96d416548782f8cc2', '$user$5, 0, good, freerider, 3, 0xA2F37A08a8488CB8551a0D03f7A73f4156757de7']
0,02:10:12.230,0,721.2750854492188,"[1000000000000000000, 1000000000000000000, 1000000000000000000, 1000000000000000000, 1000000000000000000, 1000000000000000000]",[],[],[],1000000000000000000,[],[],,[],"['$user$0, 0, good, good, None, 0xA41dE09A63f6Cedd633f99052b44450d3BB91D44', '$user$1, 0, good, good, None, 0x17725D495A0843Ea05541fD61ba5D4082750bC08', '$user$2, 0, good, good, None, 0x37AC7AC5D09bbC6dAC1CF036b7F9DdD0EA4E052E', '$user$3, 0, good, good, None, 0x536fc4cd48ad9B3649e8aB615592E83Ec9F5fcd1', '$user$4, 0, good, bad, 3, 0x118E560679B62a9F24c135A96d416548782f8cc2', '$user$5, 0, good, freerider, 3, 0xA2F37A08a8488CB8551a0D03f7A73f4156757de7']","[('register', 'bde0b70a4887b5839e07016a88a7c298d74661188364938455d95d58db3bffb9', 126674), ('register', '6e153f1ae123510f5db2f784034f21e30038d94d751ae385e0450cc6cb20b78d', 126674), ('register', '45ed827d1ae5cc38e6bee7f655665c4a671cb356b27fbbb8b601c77b3ec992fb', 126674), ('register', '4e75c3a2e2a28c05472c865c9e8ea9e97b4f402c5629e0e7b511426b8be5e16e', 126674), ('register', '824dd41d4b085cd05d61538d959dcc8f840b5837b5b6d531dd7260f647954464', 126674)]"
1,02:10:43.111,0.3298,716.2344970703125,"[1016661223520429694, 1016621093200228601, 1016681156805243850, 1016733775789571984, 1016624115155943867, 1016678635528582001]","[9, 11, 9, 8, 9, 6]","[74, 74, 74, 74, 74, 74]","[('0xA41dE09A63f6Cedd633f99052b44450d3BB91D44', 5000000000000000000, 16661223520429694, 1016661223520429694), ('0x17725D495A0843Ea05541fD61ba5D4082750bC08', 2000000000000000000, 16621093200228601, 1016621093200228601), ('0x37AC7AC5D09bbC6dAC1CF036b7F9DdD0EA4E052E', 5000000000000000000, 16681156805243850, 1016681156805243850), ('0x536fc4cd48ad9B3649e8aB615592E83Ec9F5fcd1', 5000000000000000000, 16733775789571984, 1016733775789571984), ('0x118E560679B62a9F24c135A96d416548782f8cc2', 3000000000000000000, 16624115155943867, 1016624115155943867), ('0xA2F37A08a8488CB8551a0D03f7A73f4156757de7', 5000000000000000000, 16678635528582001, 1016678635528582001)]",900000000000000000,[],"[166612222790718078, 166210919618606567, 166811555624008178, 167337745428085327, 166241139173507690, 166786342859268188]","[[0.0, 0.0, 1.0, 1.0, 0.0, 1.0], [1.0, 0.0, 1.0, 1.0, 1.0, 1.0], [1.0, 0.0, 0.0, 1.0, 1.0, 1.0], [1.0, 1.0, 1.0, 0.0, 1.0, 1.0], [1.0, 1.0, 1.0, 1.0, 0.0, 1.0], [1.0, 0.0, 1.0, 1.0, 0.0, 0.0]]",[],"['$user$0, 0.758, good, good, None, 0xA41dE09A63f6Cedd633f99052b44450d3BB91D44', '$user$1, 0.619, good, good, None, 0x17725D495A0843Ea05541fD61ba5D4082750bC08', '$user$2, 0.735, good, good, None, 0x37AC7AC5D09bbC6dAC1CF036b7F9DdD0EA4E052E', '$user$3, 0.689, good, good, None, 0x536fc4cd48ad9B3649e8aB615592E83Ec9F5fcd1', '$user$4, 0.667, good, bad, 3, 0x118E560679B62a9F24c135A96d416548782f8cc2', '$user$5, 0.772, good, freerider, 3, 0xA2F37A08a8488CB8551a0D03f7A73f4156757de7']","[('slot', 'a15f58196ac7c47056cb77f408b162c07225bce570e38e5261d3e8334d50d585', 50814), ('slot', '2cbc3ad297234e198154c422cd0c734b878b3c8fdd9bc46f2190880a9b2a938d', 50814), ('slot', '53f3d8958dbf37195bf6e447f42e9ca0969b1d20deeb2885e134ed6d997efd85', 50814), ('slot', '85bcd9ded65a6a873a29e986176d4eb41def8fae981e78451910567133431470', 50814), ('slot', '0e6c9bc27cf4b33d36ea73c0c1c4266da3747f35106ebf072045ee813450fcb6', 50802), ('slot', '85bb9e2a96d397286a17207ed2669533a038100b2d51976b8e427bfa26ed612c', 50814), ('weights', '3027cea5a24b891b944efd5c8947590cb2a48b492b4511eb9a2c1778b0b8765b', 73694), ('weights', 'f10e960af11410d50a7d0efb750f1722ac621b617338c1ee56b314a8b5594c8d', 56594), ('weights', '772365187b15dcfe5a66b4548fec45456d5f218295293d4a01b19ec5db076c55', 56594), ('weights', '3877c4ef7c49cd81c034c24ffb30845e16795c51f25938638e30cbb43469f86b', 56594), ('weights', '67c2bf7e6df79f59fa8d878a24cfa5eb5af6d4b086743b5f56c68589b17ba6c6', 56594), ('weights', '2861c0bca6a5e1ff035422a7f569e4a11f8c2419683d8dd7df9215d936b9a66c', 56582), ('feedback', 'd84bd645ebfc31c1a2e50dc2246deef0d994b86fc460d2cee3fe05f43f0ff9b9', 341005), ('feedback', 'dd805b69694e34d8454c4e820902c8fb7d4d1d90bbccb6e52715492a27b87e84', 371253), ('feedback', '26d86c5ad90012d099b43e9a7da588e340e430f393c6bf8a53b23abd13c2d11d', 313379), ('feedback', '377cbbb71aa3d46f75077e929bd79066b94ea74768fb138991becd82ddaf6a33', 354153), ('feedback', '70cec6c1298f585a1814090444c96ee877a5295f5d4e9dcd1a2ebaff4bcc40ad', 337053), ('feedback', 'f4a9d4e76ebd7841bfa3c72e7b637bb5882bbc7896a712e30378bdd9bb47d36a', 289705), ('contrib', '4c19c7b9c1463472bf768c6ae25e47d38f723e3eeb11b1270a277bbc814cf89b', 75223), ('contrib', '41ee9d3c0c116934b2124e383bc797916029a6fa797e5e9847ac62cdfdc5d477', 58123), ('contrib', '124811811ae099eb734c8d05c1d3bbcd1fb0419880fedc211abb1f818418f98f', 58123), ('contrib', '8839e13d524ef666aea507bd3069a1a40805bf09a0c2ba2453571b18d18b6faa', 58123), ('contrib', 'c6dff55d032b1c0b2438697364bdb498728e388f4b781c901fe0e1e990a1e063', 58123), ('contrib', 'af475a619832bdbb8f3cc32462f465726e9a693a1766245a3dcf3bf77a8e5ca8', 58123), ('close', '3b926dde5c2fc61b7ea3740ef798738722b981383af579f4c67636426a503847', 641581)]"
2,02:11:15.619,0.6396,612.2246856689453,"[1033324831227101532, 1033291176951458784, 1033348644774232745, 1033408599600107298, 1033281354106416356, 1033345393340683278]","[33, 31, 32, 29, 33, 35]","[73, 73, 73, 73, 73, 73]","[('0xA41dE09A63f6Cedd633f99052b44450d3BB91D44', 5083338776479570303, 16663607706671838, 1033324831227101532), ('0x17725D495A0843Ea05541fD61ba5D4082750bC08', 4066700271271189395, 16670083751230183, 1033291176951458784), ('0x37AC7AC5D09bbC6dAC1CF036b7F9DdD0EA4E052E', 4066640207666174146, 16667487968988895, 1033348644774232745), ('0x536fc4cd48ad9B3649e8aB615592E83Ec9F5fcd1', 5083266224210428013, 16674823810535314, 1033408599600107298), ('0x118E560679B62a9F24c135A96d416548782f8cc2', 2521276661849, 16657238950472489, 1033281354106416356), ('0xA2F37A08a8488CB8551a0D03f7A73f4156757de7', 5083321364471417996, 16666757812101277, 1033345393340683278)]",800000000000000000,[],"[166636079549789428, 166700839996337890, 166674882173538208, 166748240590095520, 166572391986846923, 166667580604553222]","[[0.0, 1.0, 1.0, 1.0, 0.0, 1.0], [1.0, 0.0, 1.0, 1.0, 0.0, 1.0], [1.0, 1.0, 0.0, 1.0, 1.0, 1.0], [1.0, 1.0, 1.0, 0.0, 0.0, 1.0], [1.0, 1.0, 1.0, 1.0, 0.0, 1.0], [1.0, 0.0, 0.0, 1.0, -1.0, 0.0]]",[],"['$user$0, 0.578, good, good, None, 0xA41dE09A63f6Cedd633f99052b44450d3BB91D44', '$user$1, 0.539, good, good, None, 0x17725D495A0843Ea05541fD61ba5D4082750bC08', '$user$2, 0.553, good, good, None, 0x37AC7AC5D09bbC6dAC1CF036b7F9DdD0EA4E052E', '$user$3, 0.603, good, good, None, 0x536fc4cd48ad9B3649e8aB615592E83Ec9F5fcd1', '$user$4, 0.491, good, bad, 3, 0x118E560679B62a9F24c135A96d416548782f8cc2', '$user$5, 0.676, good, freerider, 3, 0xA2F37A08a8488CB8551a0D03f7A73f4156757de7']","[('close', '3b926dde5c2fc61b7ea3740ef798738722b981383af579f4c67636426a503847', 641581), ('slot', 'c964e3528af8e4d7b5ac5ef46d5f031bc4941de3a1e3743052d71c1f7dc4d7eb', 50814), ('slot', 'a7c97fce5cef145076bc02f15eed4b34789a83b1501ce18fe5348af213603afe', 50814), ('slot', 'a48aa0386c9ca700d31e9677805a13f5c10cdd4b887f9e8b92fe07f8e9baf249', 50814), ('slot', 'cc6ed2264c0249da8e4f26d712d11051693e51c4761b73cb6afbc38c0039806b', 50814), ('slot', 'f2133fa9700e7adbe9723fbb680739c01723fece65d0fec833de5888223e6a36', 50814), ('slot', 'a283cd21cc56f64f7a7f03434bb2dc9aba30e1031b043efa75f1fbedc12d3d15', 50814), ('weights', '20f6b6f5d98e10057d9d951d768dd4cec6d5eabeef5a9fa02672b95cc5113a78', 73694), ('weights', '0568885162952d209b319a953c2ad8f1947e7d6d4aa22ba57d6d6f7721df684a', 56594), ('weights', '971ea2bd8fc774f5fe1836954acfcab70df9bb8622471063f2caa9c758cceb4d', 56594), ('weights', '41263d976580411e6b9d292bd2c2996eb2a7290f2296a0907aa511d4e74708ad', 56594), ('weights', '853594d6760bd538276ec84a831a5fbc9b54384184ff97df54abdbde84dc070d', 56594), ('weights', 'e0d33d6374d911e7c7d603a7e1c8d8e5a005c6b4731dceca0e10642c7a5f92c8', 56582), ('feedback', '23e11480c5f51d7aae44ad6a7e1432481c1ae5776ed045a7aa4a9a895aafe344', 322079), ('feedback', 'ee7aab69d4da61ba8fa0a20e3bf24315915c19b4c58eeea9d6fe4e87e7f2d511', 248879), ('feedback', '68c0275c0f02cffdb144d8af043d43ec5fb04f1642d2168f62e43d9ab2b0f245', 274553), ('feedback', '6782392ecf93175acb1347f224574cfcc64d5363deb55b0185c666cdcddb0092', 231779), ('feedback', 'ebcfe0fc23869b6d939ce49a0d2490744c40610e88ed8f635b0ed10c60251cca', 237553), ('feedback', 'cc7a7bb36a3c034adcbcebc96ec644d9227d9c2e993218e6030ba9aaf4a8594f', 228353), ('contrib', 'cd54aaba69231a8e67e298fac8048cf7cabce7c2a67a67cbdb03d753f3175a47', 75223), ('contrib', '45fcd26fa368635cd3a5ef0b677d799d7bdc8a2b82bc2efbcce2926f3a34fb49', 58123), ('contrib', '2721c3018bb21812dd674b30d2e66227ef6f107d35f5d22b140b41b3612bc1a4', 58123), ('contrib', 'be1c716ff2cdd96ae22193aab191783c069738119137a1e01738078be8d86a40', 58123), ('contrib', 'e428783cdabacbb904d42e77d83197397492d8fffd719ca0945352c04715867c', 58123), ('contrib', '96de112bca017d75c41bc4506a82cfad0518a6d174f6bb21765ba9976dd9e2b0', 58123), ('close', '2b1ad5d4618398f44c4a402157f558d1465f9cc62417652a8016c391a2e98cf3', 611186)]"
3,02:11:42.116,0.812,200.44719246029854,"[1230509966019795192, 1230522074593388802, 1230480011451743486, 1230736782970339421, 688854236070944238, 688896928893788852]","[64, 62, 66, 62, 65, 68]","[63, 63, 63, 63, 63, 62]","[('0xA41dE09A63f6Cedd633f99052b44450d3BB91D44', 2066767067219382471, 197185134792693660, 1230509966019795192), ('0x17725D495A0843Ea05541fD61ba5D4082750bC08', 2066800721495025219, 197230897641930018, 1230522074593388802), ('0x37AC7AC5D09bbC6dAC1CF036b7F9DdD0EA4E052E', 2066743253672251258, 197131366677510741, 1230480011451743486), ('0x536fc4cd48ad9B3649e8aB615592E83Ec9F5fcd1', 2066683298846376705, 197328183370232123, 1230736782970339421)]",700000000000000000,"[(3, 344427118035472118), (3, 344448464446894426)]","[249957188963890075, 250015199184417724, 249889031052589416, 250138521194458007]","[[0.0, 1.0, 1.0, 1.0, -1.0, 0.0], [1.0, 0.0, 1.0, 1.0, -1.0, -1.0], [1.0, 1.0, 0.0, 1.0, -1.0, -1.0], [1.0, 1.0, 1.0, 0.0, -1.0, -1.0], [-1.0, -1.0, -1.0, -1.0, 0.0, -1.0], [0.0, 0.0, 0.0, 0.0, 0.0, 0.0]]","[5, 6]","['$user$0, 0.747, good, good, None, 0xA41dE09A63f6Cedd633f99052b44450d3BB91D44', '$user$1, 0.787, good, good, None, 0x17725D495A0843Ea05541fD61ba5D4082750bC08', '$user$2, 0.787, good, good, None, 0x37AC7AC5D09bbC6dAC1CF036b7F9DdD0EA4E052E', '$user$3, 0.772, good, good, None, 0x536fc4cd48ad9B3649e8aB615592E83Ec9F5fcd1', '$user$4, 0.491, bad, bad, 3, 0x118E560679B62a9F24c135A96d416548782f8cc2', '$user$5, 0.676, freerider, freerider, 3, 0xA2F37A08a8488CB8551a0D03f7A73f4156757de7']","[('close', '2b1ad5d4618398f44c4a402157f558d1465f9cc62417652a8016c391a2e98cf3', 611186), ('slot', '1c550c49552877150e1b28f90a60c651655a9ba76e70450873359bf6a4251c47', 50814), ('slot', '1d672d753eca57129c240b42f26747fd121f9ce2c4ce576d7be212a5c532d7d0', 50814), ('slot', '78d079fe9a1413ddd97f5e6a72d26f36ca04a604dec8859a6384dd2643c1ac59', 50814), ('slot', 'c9f6a67eb1d0472a20fb2fac0ae78db4e21167ffeab9db89124356f927681718', 50814), ('slot', '7443b96f90ed5a0285abe09e57d49514a8a7f67a9c872a95d8414f27d20aa5bb', 50814), ('slot', 'bbd7b291c2502fe50c7bba1b2d2f75304b0556f17f267ff41627524f10714987', 50814), ('weights', '9ad3eecceec5338880354fa816c06e30e491cb2e8bd15092f177048a12a2b1e0', 73694), ('weights', 'fcc0a12562148f227336df3e2720941c7a6fdc143c3b81883ae5fd86eeae8356', 56594), ('weights', '9fb7a325da9208cef8439b232e7d3c23790b8b149ed85aef74b218dd61d893da', 56594), ('weights', '5d63e5c1f4ce10eae2043c9a22584e99995c58b57a4201005f62eb33601ca20e', 56594), ('weights', '2e3eb24f1211c1cf61b485dcd6be7fa440699a7efee5bbb961a0c678a091cf52', 56582), ('weights', 'f0faca2400706cb9a06af8e03aaf007a49f18ca02a91c6250f48e10ad24440f1', 56582), ('feedback', '4e0c2b90bfa44ae5b1359329fb3ce2ffdcf46cc54a103139b9ccc391134c3027', 300527), ('feedback', '65727d0e965b2e775ae04582007b603c5efb7a60360d8cb1c38b1266945a7ecd', 270449), ('feedback', '035c0c447910fc60d2c91b35c4569222682166d2a0a78a95719263a1b59121e0', 234249), ('feedback', '1e10e6a7d77f95d315a89ab0ac6e0c965717295828ff627bf88d3c405c3a8625', 236249), ('feedback', '66b924c1956c7717acf8ee25632ac5897deba3260ebcf55f1fdc8c36fe1b522c', 229293), ('feedback', '4102b9ac8767c26aef692fb41b926f9d535ed45d80d00c4b8438a32d5d7b0e9c', 214683), ('contrib', 'd29db74eb596dc1c30d4c8067add9e4334e4af7eadd3313dc3c5708c986f77ee', 75223), ('contrib', '2c2c74c2f35ca544d78e90e2f6774d6516ddc51cf8455230e85fbf643e15a4d9', 58123), ('contrib', '19a3c6d82930c79a24cf498744c8a1f4cc277a95185cb8c13b616a32bd210c81', 58123), ('contrib', '79cd5dd9c4f4e5e0db4e61b6f9a568557308711015356db934d75887678e726a', 58123), ('close', 'f774e5221948206a8eb2a923cec4e51842139e1df0f09a30b45fca68e1a2ea79', 658515)]"
4,02:12:08.348,0.8622,147.54869063198566,"[1293147806637697622, 1293135857740046562, 1293083976124530668, 1293362138065190820, 459236157380629492, 768034064051904825]","[80, 81, 79, 80, 82, 82]","[20, 21, 21, 22, 20, 20]","[('0xA41dE09A63f6Cedd633f99052b44450d3BB91D44', 3002884632944527471, 62637840617902430, 1293147806637697622), ('0x17725D495A0843Ea05541fD61ba5D4082750bC08', 3002872524370933861, 62613783146657760, 1293135857740046562), ('0x37AC7AC5D09bbC6dAC1CF036b7F9DdD0EA4E052E', 3002914587512579177, 62603964672787182, 1293083976124530668), ('0x536fc4cd48ad9B3649e8aB615592E83Ec9F5fcd1', 3002657815993983242, 62625355094851399, 1293362138065190820), ('0xA2F37A08a8488CB8551a0D03f7A73f4156757de7', 3002914587512579177, 79137135158115973, 768034064051904825)]",600000000000000000,"[(4, 229618078690314746)]","[190031543374061584, 189958557486534118, 189928770065307617, 189993664622306823, 240087330341339111]","[[0.0, 1.0, 1.0, 1.0, -1.0, 1.0], [1.0, 0.0, 1.0, 1.0, -1.0, 1.0], [1.0, 1.0, 0.0, 1.0, -1.0, 0.0], [1.0, 1.0, 1.0, 0.0, -1.0, 1.0], [-1.0, -1.0, -1.0, -1.0, 0.0, -1.0], [0.0, 0.0, 0.0, 0.0, 0.0, 0.0]]",[5],"['$user$0, 0.84, good, good, None, 0xA41dE09A63f6Cedd633f99052b44450d3BB91D44', '$user$1, 0.841, good, good, None, 0x17725D495A0843Ea05541fD61ba5D4082750bC08', '$user$2, 0.85, good, good, None, 0x37AC7AC5D09bbC6dAC1CF036b7F9DdD0EA4E052E', '$user$3, 0.832, good, good, None, 0x536fc4cd48ad9B3649e8aB615592E83Ec9F5fcd1', '$user$4, 0.491, bad, bad, 3, 0x118E560679B62a9F24c135A96d416548782f8cc2', '$user$5, 0.676, freerider, freerider, 3, 0xA2F37A08a8488CB8551a0D03f7A73f4156757de7']","[('close', 'f774e5221948206a8eb2a923cec4e51842139e1df0f09a30b45fca68e1a2ea79', 658515), ('slot', '62da2d3be288aa0384a3f15c903dfb59b99be279d6a06abc0361625a544b3c76', 50814), ('slot', 'c28cb5d68cfabd8fb4b294ba7894657cad1ac50848091e08d3371381ede69d3e', 50814), ('slot', 'deb33c2b7811b7ab65d95b411217474edc86cc1d89ab57d92c5309dacf9210d6', 50802), ('slot', 'c7b8862738d4b3e53bae27c25ea30b361359617b4e9085326b22a10844ab0630', 50814), ('slot', '99b1ba0450b56dffb04101e2fea9fb9a6d9d7cadc7be314711d23245d606e65d', 50814), ('slot', '5215083574ffd3777129090858c327ca265168dfaf8ff2cba7cc65451a4e94c6', 50814), ('weights', '54d8b06c6fd7650ff01d504617a062d57fc180d70cc476791a73397e9f3c954e', 73694), ('weights', 'fc35d6e58e4bdef716c05313bd9e860826ba77cacf55d626ecf9af08d81ce2a2', 56594), ('weights', '3ca8fc7bdf3bcf4c22caf8669854ebe2588fc68759a4528e5fd996e98cc2b9e3', 56594), ('weights', '88779a05d4580e5f507c8df84b2d8a6af643459c88c74e7378c67a2af5218300', 56594), ('weights', 'b30384f3d497a7b919d2d3640a9b1db72a46955344e6311ad2bf568044e8e980', 56582), ('weights', 'df0cd44a9f7666529d5c897e019db7fdbbec645d9cc21bb4662d657976e600ec', 56582), ('feedback', '53c02f8e805494d4b79090eba6645af20e905cb1850a387956931a4d82202861', 343301), ('feedback', 'c95135d205316f7b84b07e9e144a75cc1ef15369650a53a1d62376a25300382b', 274901), ('feedback', '4c9ed838bd6eb119681c524b7d38e281f77c3b63e3b963c3a60ac1fd32b3acc3', 234127), ('feedback', '3d7c4eb85a9bfa290eadbb652617d6fc71bdf4e978e1c572854d72e965ec4b2e', 257801), ('feedback', 'f17416814f29bc663daf6c3aaf52a5874b6894d96a374d575e697d3eda7dc516', 239293), ('feedback', '554d5c6de62916712d735bc06f6d4459ca45fc489eee25baf963f964986277a9', 218683), ('contrib', '32034db53c3665278ac3baeda29d4f9a654a84aba6424fc38a37f5c190fd9f6e', 75223), ('contrib', '0acaa7e3ba1d1980849c9466adf00ad54a3ff1bedb51831ee66c6c94956997dd', 58123), ('contrib', '478363bfdfc7287b72e2ddc45349c2039a1047dfd54b6d18872fc169dac4d69c', 58123), ('contrib', '12b71a92943de08549868eaf0799565850aa6f4616046c88ef785b9a365c71ec', 58123), ('contrib', '865c45ab64c1c523c0a39d34bb45f78f47697332d0eddd09614b6cd8c88d4168', 58123), ('close', 'ad6f23a56a4cff959014e98918fcc19dd2ff8d7085ee2d1601af55ec808f94e5', 643640)]"
5,02:12:34.454,0.8853,119.34297882765532,"[1341391238410368172, 1341367463133668557, 1341301398159861332, 1341596658570740281, 306157438253752995, 828185803471608650]","[86, 86, 86, 85, 86, 86]","[14, 15, 16, 17, 15, 14]","[('0xA41dE09A63f6Cedd633f99052b44450d3BB91D44', 3420345814549138558, 48243431772670550, 1341391238410368172), ('0x17725D495A0843Ea05541fD61ba5D4082750bC08', 3420357763446789618, 48231605393621995, 1341367463133668557), ('0x37AC7AC5D09bbC6dAC1CF036b7F9DdD0EA4E052E', 3420409645062305512, 48217422035330664, 1341301398159861332), ('0x536fc4cd48ad9B3649e8aB615592E83Ec9F5fcd1', 3420131483121645360, 48234520505549461, 1341596658570740281), ('0xA2F37A08a8488CB8551a0D03f7A73f4156757de7', 4713493621186836180, 60151739419703825, 828185803471608650)]",500000000000000000,"[(5, 153078719126876497)]","[190626189112663269, 190579459071159362, 190523415803909301, 190590977668762207, 237679958343505859]","[[0.0, 1.0, 1.0, 1.0, -1.0, 1.0], [1.0, 0.0, 1.0, 1.0, -1.0, 1.0], [1.0, 1.0, 0.0, 1.0, -1.0, 1.0], [1.0, 1.0, 1.0, 0.0, -1.0, 1.0], [-1.0, -1.0, -1.0, -1.0, 0.0, -1.0], [0.0, 0.0, 0.0, 0.0, 0.0, 0.0]]",[5],"['$user$0, 0.851, good, good, None, 0xA41dE09A63f6Cedd633f99052b44450d3BB91D44', '$user$1, 0.864, good, good, None, 0x17725D495A0843Ea05541fD61ba5D4082750bC08', '$user$2, 0.882, good, good, None, 0x37AC7AC5D09bbC6dAC1CF036b7F9DdD0EA4E052E', '$user$3, 0.869, good, good, None, 0x536fc4cd48ad9B3649e8aB615592E83Ec9F5fcd1', '$user$4, 0.491, bad, bad, 3, 0x118E560679B62a9F24c135A96d416548782f8cc2', '$user$5, 0.676, freerider, freerider, 3, 0xA2F37A08a8488CB8551a0D03f7A73f4156757de7']","[('close', 'ad6f23a56a4cff959014e98918fcc19dd2ff8d7085ee2d1601af55ec808f94e5', 643640), ('slot', '9d2faec99598b5b831e612cee93332b0b19c532da3f090f65942688eb8dde772', 50814), ('slot', '53f9333b4d0022582f6b21b45851a61923f04e461f1438c0611d863a37069144', 50814), ('slot', 'a6191ad1a0e1839d05fecdac5fe7e989ec81c4a38831b403424dc08a4fad3c73', 50814), ('slot', 'dae865291601001eb77cd3c73de29594ea5af71bf680a74245b528cac97c487b', 50814), ('slot', '25d66b948fd333d6e7f62b7b864e835a3aea8baef92af45b5c73d7a69db1508e', 50802), ('slot', 'f9601aeb74784b9e9b5b7f58a81932e393b8696cad6ebb94abfcb1a631541cde', 50814), ('weights', 'f350967149e383384bf5e68ffc7e6914e420da887492c1a651320a5bd25ff6cf', 73694), ('weights', '58e900bdf1e55b2cab7d8276e677b62f4ffc27361c50d5ff7a58ac9bee3651d8', 56594), ('weights', 'ca26b2d8970bf9fa750f08ea55175dfd985c5a27e6d2007491396837114a6855', 56594), ('weights', 'ed27b353d5571bda0f97723223db0ef1687fdab79d0289623ed7e1ef25a0183e', 56582), ('weights', 'a8ad23579c9991c3494ee6c2b7964af3908c7586e3d5eb9674a189fee50f5c11', 56594), ('weights', '4acc42e4cfcd79370b233d271b71f790e415b0c2512e33c2539ee28e601ebad8', 56582), ('feedback', '1bd187db4e97e6f68b110690a12a25dab4b3aaeb6dcbcc49e6190931dec2e5f9', 323401), ('feedback', 'f7a8a3ae22c2b63252bc9413e6c6aa312b7d275a4cdcf00a187cc8d5c47ad308', 255001), ('feedback', 'a501320ce11aa73982ca18308e077c09c2ac522d5f483ef9a5f4235e87c9b7ba', 257801), ('feedback', 'e79bd38c3dcb37347fbc8418db8cf7b4131a0750234a71e89a56cd3b5f44d52a', 237901), ('feedback', 'bf63063e06667f6b26f61999879f23cf448fd70edbd437470f1ebf8c6208e346', 239293), ('feedback', '382af453a9f4ec459cff5dd945444c6443465592f1f07ecb3a191995daa0a3cc', 218683), ('contrib', 'd7fa1ea7b84c86d119e0574e94ce2c783201d9b298512318d5998bf19c2dfed7', 75223), ('contrib', '5b15e72e3b4b9ae57d639bf4571beb6692d5a6ed9853a9c281c2bbfa29428e16', 58123), ('contrib', '68b3eaf7f4992ed9fcaab7b651b8185a4048121ccb5a432812423f2988b898fb', 58123), ('contrib', '7885da16ffe0d6c310ce96626b56114845bfb65ba4273ce9d04599ac7dff43e8', 58123), ('contrib', '3aa9dde59fdaa8f851e47ecad80a535eb0ee1eb5d525df7ee76f64cd91ba8f36', 58123), ('close', '3fefb674943d2e67c002b6e036be4bdc0afbf84fa9f27736845e5e4ed08766d6', 643640)]"
6,02:13:00.479,0.9008,100.9092645086348,"[1419013326294229630, 1418997727563558777, 1418885496273609883, 1419211574576700863, 923891875291900831, 0]","[89, 88, 90, 87, 89, 89]","[11, 12, 13, 14, 12, 12]","[('0xA41dE09A63f6Cedd633f99052b44450d3BB91D44', 3718108081610517175, 77622087883861458, 1419013326294229630), ('0x17725D495A0843Ea05541fD61ba5D4082750bC08', 3718131856887216790, 77630264429890220, 1418997727563558777), ('0x37AC7AC5D09bbC6dAC1CF036b7F9DdD0EA4E052E', 3718197921861024015, 77584098113748551, 1418885496273609883), ('0x536fc4cd48ad9B3649e8aB615592E83Ec9F5fcd1', 3717902661450145066, 77614916005960582, 1419211574576700863), ('0xA2F37A08a8488CB8551a0D03f7A73f4156757de7', 5059499320020885347, 95706071820292181, 923891875291900831)]",400000000000000000,"[(6, 306157438253752995)]","[191113293170928955, 191133424639701843, 191019758582115173, 191095635294914245, 235637858510017395]","[[0.0, 1.0, 1.0, 1.0, -1.0, 1.0], [1.0, 0.0, 1.0, 1.0, -1.0, 1.0], [1.0, 1.0, 0.0, 1.0, -1.0, 1.0], [1.0, 1.0, 1.0, 0.0, -1.0, 1.0], [-1.0, -1.0, -1.0, -1.0, 0.0, -1.0], [0.0, 0.0, 0.0, 0.0, 0.0, 0.0]]",[5],"['$user$0, 0.88, good, good, None, 0xA41dE09A63f6Cedd633f99052b44450d3BB91D44', '$user$1, 0.877, good, good, None, 0x17725D495A0843Ea05541fD61ba5D4082750bC08', '$user$2, 0.904, good, good, None, 0x37AC7AC5D09bbC6dAC1CF036b7F9DdD0EA4E052E', '$user$3, 0.882, good, good, None, 0x536fc4cd48ad9B3649e8aB615592E83Ec9F5fcd1', '$user$5, 0.676, freerider, freerider, 3, 0xA2F37A08a8488CB8551a0D03f7A73f4156757de7']","[('close', '3fefb674943d2e67c002b6e036be4bdc0afbf84fa9f27736845e5e4ed08766d6', 643640), ('slot', 'a69fc6e72da0290b672e10f348bacd8d1a9d1072b38e725936139b0b46130fcb', 50814), ('slot', 'de7c42df81d77d8ca7832e9cf0b1c0432af2b304062b2904692dbdbefb4214b4', 50814), ('slot', '80230ca9b21150e7ca1eae0aa50abf8903551bfa106610e550dd983802b80316', 50814), ('slot', '9cc54bcee4f8b42b80dd8266ac08ac5fbbf5fe05cb3d8ffa76f81991c230fc9f', 50814), ('slot', 'c3e577f312c1d7a16694d78a81d541e5ad029ffae0b03b1d1b56145cc3c1977f', 50814), ('slot', 'b9c905ddb2f815ff6a1a0b525b631972f08d57469a98f4a69a02d09f7f80fd03', 50814), ('weights', 'd2c4d6b4cd941caa0438d9289f56fc055dd9508293c69f6d27405b9427bc9971', 73694), ('weights', '7254ced0f3f18ddeeab8add3d73c4837c55eb97391ed728debd94e87fd232338', 56594), ('weights', 'c7f069baf70c5d849fe3e89e4ad68aad48a318d9679f5a7a04b753eed79df63f', 56594), ('weights', '145545d0162c1ab099fa49193c9b369c1a27ed16c13da06d19f308ac74c93b97', 56594), ('weights', '4daae21c6a0aa218374a52d23162937a4fd0c3c62028ed3ffe2541ec234d39f4', 56594), ('weights', '0b96626b2ae82b119b44ae590f23f7901485e091f428ed9d2de66a624a4e220c', 56582), ('feedback', '07dcefe2cd90d62c9b7b70bb6faaea2da110fe3e8cb81a35d56c60875d1b1a2d', 323401), ('feedback', '522b21f39ef295b877cd78c54524c1bc288e0df1b0cc65534c453003f5d59b18', 255001), ('feedback', 'a02854b48afa664b7540b1cf6bdebd8a5a21d7bd212518339ac88361f30bdc9b', 237901), ('feedback', '869b0910a66e428978328ad24ffe98cb91fea22ab07d77bae6d1f2d2fddb4118', 237901), ('feedback', '255d1dbe52f03d9c5b2d73d5536680b450928efc41496c2411699e4a79547bb8', 239293), ('feedback', 'f028c79463f4055d93c85ecac4ab76c7cf95856de8125547b1f691ea666411f3', 218683), ('contrib', '6c544bfc41ffcc114ec20571c2d2273160baa1d9f2927367a0711e0c6694eb95', 75223), ('contrib', '5c3fcb22de662ff300134eb8afcc6fdad7fa57d4ea3904416f3b609a222508d8', 58123), ('contrib', '9a87ee6a51b86107ef3328ed4901a2af04aa7d6fe0e095df606b57603fecfb53', 58123), ('contrib', '153f974f078be0dd8c38ca6032e17ecd39dfd81007284da4537d42fe12783896', 58123), ('contrib', '8d55052eaab139fac29170102b77052d06a0b6482fefaf7d3e8aab44584fc35e', 58123), ('close', '50206c0f74cba9d01467af562ff036659b2b3de0ea621459724cad2e9d8c7de8', 606020)]"
7,02:13:26.031,0.9117,89.8179552666843,"[1438174504180340503, 1438164006117070298, 1438035405901793879, 1438371864353617817, 947254219447177484, 0]","[90, 90, 91, 88, 0, 90]","[9, 10, 11, 12, 0, 11]","[('0xA41dE09A63f6Cedd633f99052b44450d3BB91D44', 4257094798413869523, 19161177886110873, 1438174504180340503), ('0x17725D495A0843Ea05541fD61ba5D4082750bC08', 4257110397144540376, 19166278553511521, 1438164006117070298), ('0x37AC7AC5D09bbC6dAC1CF036b7F9DdD0EA4E052E', 4257222628434489270, 19149909628183996, 1438035405901793879), ('0x536fc4cd48ad9B3649e8aB615592E83Ec9F5fcd1', 4256896550131398290, 19160289776916954, 1438371864353617817), ('0xA2F37A08a8488CB8551a0D03f7A73f4156757de7', 5676108124708099153, 23362344155276653, 947254219447177484)]",300000000000000000,[],"[191611781716346740, 191662788391113281, 191499099135398864, 191602900624275207, 233623445034027099]","[[0.0, 1.0, 1.0, 1.0, 0.0, 1.0], [1.0, 0.0, 1.0, 1.0, 0.0, 1.0], [1.0, 1.0, 0.0, 1.0, 0.0, 1.0], [1.0, 1.0, 1.0, 0.0, 0.0, 1.0], [0.0, 0.0, 0.0, 0.0, 0.0, 0.0], [0.0, 0.0, 0.0, 0.0, 0.0, 0.0]]",[],"['$user$0, 0.906, good, good, None, 0xA41dE09A63f6Cedd633f99052b44450d3BB91D44', '$user$1, 0.883, good, good, None, 0x17725D495A0843Ea05541fD61ba5D4082750bC08', '$user$2, 0.906, good, good, None, 0x37AC7AC5D09bbC6dAC1CF036b7F9DdD0EA4E052E', '$user$3, 0.9, good, good, None, 0x536fc4cd48ad9B3649e8aB615592E83Ec9F5fcd1', '$user$5, 0.676, freerider, freerider, 3, 0xA2F37A08a8488CB8551a0D03f7A73f4156757de7']","[('close', '50206c0f74cba9d01467af562ff036659b2b3de0ea621459724cad2e9d8c7de8', 606020), ('slot', '3ba8ad7f11f6721e459c47fd320c08fea5a2df51d0a7ff4cd9b6c3b5445b7afb', 50814), ('slot', '6bad6e622a9f7f48ee0ae5571519d0a63ee64cafc4d32f69ecc07e27a959801d', 50814), ('slot', '3f44e8887b3bcb6fb4ae1f613889695365d13998da3027c0dbafbcbb74e781b1', 50814), ('slot', '3cd29dcd5b854800119aa2a32edc5ce38a446020138f7c2acef034d2475b1095', 50802), ('slot', '75ef7c4a131a0456ee9b49356aa2e586c7d1b7f778d8a6f3b9fd5066f78f8483', 50814), ('weights', 'ab3bb23b92143b144312099c7eaa2138bef11573c00b46e925f186dbb3a8bc0b', 73694), ('weights', 'd8c343b157e13e6ef56c89e849cb5451623b292c4f454e6d8d52bff46febf749', 56582), ('weights', 'd48fe994d8e28c061db0a0445ad1233bdd9208ab5ef2ff900a8a80e4dfdd3737', 56594), ('weights', '3a60bf083ab517183f844ba524655e1c9523df3d8c1c454d334566c330096563', 56594), ('weights', 'fb2bef6c9c83a8f0606f41ece1fed9f2a1ec095f35a1bd013fac500b50763c2e', 56582), ('feedback', '1dc70f9199b22ef89e1b38ff370c0762bcf146c27cd1fc5449d6e33ecb405808', 270174), ('feedback', '3c68af5a4f03a70636ad2f8e3172b23c84ac966f19ce87e022be2d4bf8a1d54f', 218874), ('feedback', '1b31c12abbd4fa31afadf10d68acb60eedce7ed9e8da9c1f8857b353da12a0e7', 201774), ('feedback', '89d1e6942215c374e0ebb38dca52aad800a4f8c0fda73693e97a9d65803fc396', 201774), ('feedback', 'ffe9879bed8091d34ceca17df888e3ffdd5b8b716a5f981a12b0d76bf6995e28', 186678), ('contrib', '4dbd77901a52c8b555a576a230da357a093c7016d120805e036408386613bd0a', 75223), ('contrib', '60748858e97760888381384d59dc6ecb1153d7229eb792a85d909256a30a28cd', 58123), ('contrib', '40a155ae16a8e957fab4c77ab662ec3b8976836a9db896e10c6cf5bba5b48961', 58123), ('contrib', '6f9f0bc8c2e80cc0c4f1ca7094beeae7d2cf98db97e33832eefed6d478fe8f7a', 58123), ('contrib', 'e0f388efb264292ea42271093ce8b65dcf49b873a3a6b29ba894339077edb8a1', 58123), ('close', 'd411b5f304ff9f73a28dee264eb545ccdcbbbeee0bd19608b8f424c3d5570222', 513374)]"
8,02:13:49.931,0.9212,80.69182601943612,"[1457377379294127644, 1457368953982595708, 1457230629268509840, 1457570960532532025, 970452076922234762, 0]","[91, 91, 92, 89, 0, 90]","[9, 9, 9, 11, 0, 10]","[('0xA41dE09A63f6Cedd633f99052b44450d3BB91D44', 4314571276372481994, 19202875113787141, 1457377379294127644), ('0x17725D495A0843Ea05541fD61ba5D4082750bC08', 4314581774435752199, 19204947865525410, 1457368953982595708), ('0x37AC7AC5D09bbC6dAC1CF036b7F9DdD0EA4E052E', 4314710374651028618, 19195223366715961, 1457230629268509840), ('0x536fc4cd48ad9B3649e8aB615592E83Ec9F5fcd1', 4314373916199204680, 19199096178914208, 1457570960532532025), ('0xA2F37A08a8488CB8551a0D03f7A73f4156757de7', 5752745780552822497, 23197857475057278, 970452076922234762)]",200000000000000000,[],"[192028731107711791, 192049458622932434, 191952213644981384, 191990941762924194, 231978550553321838]","[[0.0, 1.0, 1.0, 1.0, 0.0, 1.0], [1.0, 0.0, 1.0, 1.0, 0.0, 1.0], [1.0, 1.0, 0.0, 1.0, 0.0, 1.0], [1.0, 1.0, 1.0, 0.0, 0.0, 1.0], [0.0, 0.0, 0.0, 0.0, 0.0, 0.0], [0.0, 0.0, 0.0, 0.0, 0.0, 0.0]]",[],"['$user$0, 0.904, good, good, None, 0xA41dE09A63f6Cedd633f99052b44450d3BB91D44', '$user$1, 0.893, good, good, None, 0x17725D495A0843Ea05541fD61ba5D4082750bC08', '$user$2, 0.922, good, good, None, 0x37AC7AC5D09bbC6dAC1CF036b7F9DdD0EA4E052E', '$user$3, 0.901, good, good, None, 0x536fc4cd48ad9B3649e8aB615592E83Ec9F5fcd1', '$user$5, 0.676, freerider, freerider, 3, 0xA2F37A08a8488CB8551a0D03f7A73f4156757de7']","[('close', 'd411b5f304ff9f73a28dee264eb545ccdcbbbeee0bd19608b8f424c3d5570222', 513374), ('slot', '7d0f7babaaf6abe38282c638fc8ef03c0c1c394ef085b7bba8828ed742047074', 50814), ('slot', 'a2e74ac1733cb4da9380eec6a34eb769049a9c19d4608690697742107a26896e', 50814), ('slot', '85f555910544093300baee8d7767a72ed22939add8b4996bf0cba711acf3aeca', 50814), ('slot', '9f87d77b85406a3e9ddd4bb14faff6825fd7ce4f6c5306b790c054e485505f44', 50814), ('slot', '05aaf775e4b36c6c04a3420ef567f85cc129d92d92e241de302db265ee360305', 50814), ('weights', '71e3dad5cabc42121eb8b6488551b83a85685af76905b3bb9a3baa8a065829f9', 73694), ('weights', 'f6019f3ca01cb26ee69717915a274af191834199fc7e0aff88a18f55f5d2e81e', 56594), ('weights', '298979201decdd8dbcba454ea4d471ec588de7983da7e794f2be5ab9100284bd', 56594), ('weights', '89406d8a8266212adde76fb503d5fdd1602cf6967df52541a93490fe6e8fc378', 56582), ('weights', 'f7bca04b0e1e386e57ab15d51b2db61beafacc1691c76c19593475eb4cb31e74', 56582), ('feedback', '617f1634f1a51c45f29ea0bcdc6fefe77ce9597fe2d4305f057d05046b8d43e0', 270174), ('feedback', '65736430d0a8739b601ed1feba025d04ccaba066d688b892af6053e23ee7a740', 218874), ('feedback', 'eacfeda7c2a7765bdba8915d1796b8248839a9534ba752089ab5041a286886f0', 201774), ('feedback', '0a737cf2074ffd24cae23c68721b35784c4ec95e2b563a9a37819f82b2afc958', 201774), ('feedback', '9545acb933d098889ce459681f2005b4b55fbabe43da2fd9ffa4fdde2d2f79f9', 186678), ('contrib', '1a37ba47ab8d0cc8f997253cd6583a4e7125c71aeebd17a1af99a870c628f9ca', 75223), ('contrib', 'ee16a468f756beb441167118acc3b9ceb01f7e7afb0dfe69bc1397113b7ad58d', 58123), ('contrib', 'b113cc567902195bf0d2d4efd228ac030b66087c8fada9e5d8ac43f1b859b3b8', 58123), ('contrib', 'd7178bd9df166121b24f6a6995199b23d73cde1653d7d4e94261e4120f5d5768', 58123), ('contrib', '6aac7ed775fe069f60fa8a664f10363bc78f20fb9229c1cec1a1168e150c0c55', 58123), ('close', '4823bbc5f60b64aadbd7416a9144c38e7948cd704be3a87fc2e9dc9db794165e', 513374)]"
9,02:14:13.682,0.9301,71.79480224102736,"[1476611039350340787, 1476613769048743456, 1476451854304965532, 1476807122493858740, 993516214802091460, 0]","[92, 92, 93, 90, 0, 91]","[8, 8, 8, 9, 0, 9]","[('0xA41dE09A63f6Cedd633f99052b44450d3BB91D44', 4372170543783637573, 19233660056213143, 1476611039350340787), ('0x17725D495A0843Ea05541fD61ba5D4082750bC08', 4372178969095169509, 19244815066147748, 1476613769048743456), ('0x37AC7AC5D09bbC6dAC1CF036b7F9DdD0EA4E052E', 4372317293809255377, 19221225036455692, 1476451854304965532), ('0x536fc4cd48ad9B3649e8aB615592E83Ec9F5fcd1', 4371976962545233192, 19236161961326715, 1476807122493858740), ('0xA2F37A08a8488CB8551a0D03f7A73f4156757de7', 5829547923077765217, 23064137879856698, 993516214802091460)]",100000000000000000,[],"[192336589097976684, 192448139190673828, 192212238907814025, 192361608147621154, 230641365051269531]","[[0.0, 1.0, 1.0, 1.0, 0.0, 1.0], [1.0, 0.0, 1.0, 1.0, 0.0, 1.0], [1.0, 1.0, 0.0, 1.0, 0.0, 1.0], [1.0, 1.0, 1.0, 0.0, 0.0, 1.0], [0.0, 0.0, 0.0, 0.0, 0.0, 0.0], [0.0, 0.0, 0.0, 0.0, 0.0, 0.0]]",[],"['$user$0, 0.915, good, good, None, 0xA41dE09A63f6Cedd633f99052b44450d3BB91D44', '$user$1, 0.916, good, good, None, 0x17725D495A0843Ea05541fD61ba5D4082750bC08', '$user$2, 0.935, good, good, None, 0x37AC7AC5D09bbC6dAC1CF036b7F9DdD0EA4E052E', '$user$3, 0.907, good, good, None, 0x536fc4cd48ad9B3649e8aB615592E83Ec9F5fcd1', '$user$5, 0.676, freerider, freerider, 3, 0xA2F37A08a8488CB8551a0D03f7A73f4156757de7']","[('close', '4823bbc5f60b64aadbd7416a9144c38e7948cd704be3a87fc2e9dc9db794165e', 513374), ('slot', '6e976c1fd6b2f4e86ebaf321839faa8ab55d680fa0fb30f0f343c79360ebd1f5', 50814), ('slot', '1a29eaccfa368583a1db814fa261d7686c5d47b2f2150889ab6df5f7fbcdfb64', 50814), ('slot', 'c38ae22f154f23d240d930dd6c509fc149cf10fbaf2a43fc09a6040badff3032', 50814), ('slot', '31fe491ec76b75887d151ab32767585db12a2f49e9c89db86fb30d3a0f678090', 50814), ('slot', 'c80fb2027d83ba6fbad23a6df7242c6adb3520868057454f3701b4262dfb3a04', 50814), ('weights', 'cce0fa116d773f51d4dcf7b4c36a6a281497473995ecbd689aa1b37ce25f78e4', 73694), ('weights', 'a7b533553642bbb13595c925a2d7f51450a0676c5c88a0313f13fbe559015894', 56594), ('weights', 'cab4c80706f81b561c75f09b1e3618428dd1ae31d8964b2c837702c6015b1e7f', 56594), ('weights', '72678cfdccfc18a983a111b3b25d72370a27616c9f310e98ce2b5724c752a905', 56594), ('weights', '5861b170ce1d4fc7d794cad21747177423e0aeb41ba5569459f708ea91fa92dd', 56582), ('feedback', '0d63b66f31320fc695420bdb0e1bb174638b756d4a0f01a6cef85905b159a76a', 270174), ('feedback', '0821f214b326967858039d08e011703980732937c00ddd10ec5ef78e7a9071a0', 218874), ('feedback', 'a916bb6342d9317c2af180bd130a1825b8e22235acbf9a16643ca8ff3f969b89', 201774), ('feedback', '963674e78aaea2183e1232ca2849b3167aff40a52e9a46d7e2293610cfb925e8', 201774), ('feedback', 'c740ce8b20e685f269b00ca61e73e12ac60ad58bb79c09fdd0768bbe7bb4f8af', 186678), ('contrib', 'caf11601a06422e32ee719d367b85c6112403698f8483b93cdb9c5caa082381b', 75223), ('contrib', '0c34db65d00394a5c7e162227e0d7817ece72f4382d23bf2ef9ed307626e36cd', 58123), ('contrib', '04bd5ce7592184377294b4e716ab3501b80060da223046790f37bf18b48461da', 58123), ('contrib', '28b8e83d448eddf7c944d963ff2eb8246aa6f5db7f03fcd18f1cb1aecc54e2d6', 58123), ('contrib', '3779a27db0989cd6da72dcd533613ee52832889965b829b9badd2763f6075645', 58123), ('close', 'c9a89cd52aa171365dd60dd3f9ace75af5dccaf88e5f30b3015ab4b357825853', 513374)]"
10,02:14:37.426,0.9366,65.43043201044202,"[1495889165677056419, 1495887994251284145, 1495713368816439657, 1496079674295922553, 1016429796959297197, 0]","[93, 93, 94, 91, 0, 91]","[7, 7, 7, 9, 0, 8]","[('0xA41dE09A63f6Cedd633f99052b44450d3BB91D44', 4429872745847567728, 19278126326715632, 1495889165677056419), ('0x17725D495A0843Ea05541fD61ba5D4082750bC08', 4429870016149165059, 19274225202540689, 1495887994251284145), ('0x37AC7AC5D09bbC6dAC1CF036b7F9DdD0EA4E052E', 4430031930892942983, 19261514511474125, 1495713368816439657), ('0x536fc4cd48ad9B3649e8aB615592E83Ec9F5fcd1', 4429676662704049775, 19272551802063813, 1496079674295922553), ('0xA2F37A08a8488CB8551a0D03f7A73f4156757de7', 5906483785197908515, 22913582157205737, 1016429796959297197)]",0,[],"[192781254649162292, 192742243409156799, 192615136504173278, 192725509405136108, 229135811328887939]","[[0.0, 1.0, 1.0, 1.0, 0.0, 1.0], [1.0, 0.0, 1.0, 1.0, 0.0, 1.0], [1.0, 1.0, 0.0, 1.0, 0.0, 1.0], [1.0, 1.0, 1.0, 0.0, 0.0, 1.0], [0.0, 0.0, 0.0, 0.0, 0.0, 0.0], [0.0, 0.0, 0.0, 0.0, 0.0, 0.0]]",[],"['$user$0, 0.928, good, good, None, 0xA41dE09A63f6Cedd633f99052b44450d3BB91D44', '$user$1, 0.926, good, good, None, 0x17725D495A0843Ea05541fD61ba5D4082750bC08', '$user$2, 0.942, good, good, None, 0x37AC7AC5D09bbC6dAC1CF036b7F9DdD0EA4E052E', '$user$3, 0.915, good, good, None, 0x536fc4cd48ad9B3649e8aB615592E83Ec9F5fcd1', '$user$5, 0.676, freerider, freerider, 3, 0xA2F37A08a8488CB8551a0D03f7A73f4156757de7']","[('close', 'c9a89cd52aa171365dd60dd3f9ace75af5dccaf88e5f30b3015ab4b357825853', 513374), ('slot', 'bdc605ec48a9fb1d5187ad20a80608c8497ba62ec4042631ac99167e4501c77d', 50814), ('slot', '3b329bfc8b4dab901d7c16cd03dcbc1140c9fbf9f0f10f67f531ea7d209b0324', 50814), ('slot', '22316e49872c4031246c12656f9b3efa1d26be6e9d8004653fe1cd9eba5bff3e', 50814), ('slot', '6740fbd2be219a02331e3d45ac4c268b577293f34512d594d4880a4eb7f769d4', 50814), ('slot', '3342cdd77d03b4ed4bef61a2e749b520484346c7191eb22c830db85a0bc6a961', 50814), ('weights', 'e76df4473d81f7f58881d6596b4a044b8ac860dec8bc49c6d55fcd00763aa290', 73694), ('weights', '21181b1b80679982adceeb1ee258dd730100aafee0e78fea1e96b539254a4310', 56594), ('weights', '2803369e3f237aeb595ce5624c4d36181f1374e55dca9684918cf4cf49848f8e', 56582), ('weights', '419f9105cefb9b2111c6753c59b64b0bd408b24159a2ccaceb3dba712b36756d', 56594), ('weights', '185dfffa137647f8244b70cc3a2fa4ddc5fb0ec00ace7eb8dfc9c1024825d17c', 56582), ('feedback', 'c4fddbfe7a4cf06ac707a70ba47c6188ba5ef1aad3d562d783770e6254049b23', 270174), ('feedback', '81097f619eb272554ec2d993efe1660f39758fabb565be03d515a9931edba855', 218874), ('feedback', '58de4d691fb65d8cf6e50755253dc8d408f4f25dacd35ea3ff8bbeba8b02ee1b', 201774), ('feedback', 'b551cc8405888f56c741e41246ac43c61535d42a15b37b70ff636e9f7dfe108d', 201774), ('feedback', '620160e814c6e12505df776348e057e06403d097880a3d1e407d4e4a081b444b', 186678), ('contrib', '9028314f4fa813d83d4656acbb6f2f36374aa687fad4ee36419acd03865212ff', 75223), ('contrib', '937a859f704ab9babb4140ea97d49318976ed360c7debed16765f07eb5caba5f', 58123), ('contrib', 'bd2c416a91059253a55e3e60e67a007929ed0c86285c08cd549456a53010fa9d', 58123), ('contrib', '0fcfc1b02fef419986e7639564562db1843813c6d92eda5157638a93ec3caf30', 58123), ('contrib', 'e5aa4d1242e24502110402d7909e6f343c00b9de1282687b5d8db24adb1b9640', 58123), ('close', '3fd44e23e049316f907b54cf62359bf0301dabbdf4c64d6d1233e5e2a550260a', 513374)]"
# $gasCosts$[341005, 371253, 313379, 354153, 337053, 289705, 75223, 58123, 58123, 58123, 58123, 58123, 322079, 248879, 274553, 231779, 237553, 228353, 75223, 58123, 58123, 58123, 58123, 58123, 300527, 270449, 234249, 236249, 229293, 214683, 75223, 58123, 58123, 58123, 343301, 274901, 234127, 257801, 239293, 218683, 75223, 58123, 58123, 58123, 58123, 323401, 255001, 257801, 237901, 239293, 218683, 75223, 58123, 58123, 58123, 58123, 323401, 255001, 237901, 237901, 239293, 218683, 75223, 58123, 58123, 58123, 58123, 270174, 218874, 201774, 201774, 186678, 75223, 58123, 58123, 58123, 58123, 270174, 218874, 201774, 201774, 186678, 75223, 58123, 58123, 58123, 58123, 270174, 218874, 201774, 201774, 186678, 75223, 58123, 58123, 58123, 58123, 270174, 218874, 201774, 201774, 186678, 75223, 58123, 58123, 58123, 58123],[126674, 126674, 126674, 126674, 126674],[50814, 50814, 50814, 50814, 50802, 50814, 50814, 50814, 50814, 50814, 50814, 50814, 50814, 50814, 50814, 50814, 50814, 50814, 50814, 50814, 50802, 50814, 50814, 50814, 50814, 50814, 50814, 50814, 50802, 50814, 50814, 50814, 50814, 50814, 50814, 50814, 50814, 50814, 50814, 50802, 50814, 50814, 50814, 50814, 50814, 50814, 50814, 50814, 50814, 50814, 50814, 50814, 50814, 50814, 50814, 50814],[73694, 56594, 56594, 56594, 56594, 56582, 73694, 56594, 56594, 56594, 56594, 56582, 73694, 56594, 56594, 56594, 56582, 56582, 73694, 56594, 56594, 56594, 56582, 56582, 73694, 56594, 56594, 56582, 56594, 56582, 73694, 56594, 56594, 56594, 56594, 56582, 73694, 56582, 56594, 56594, 56582, 73694, 56594, 56594, 56582, 56582, 73694, 56594, 56594, 56594, 56582, 73694, 56594, 56582, 56594, 56582],[641581, 611186, 658515, 643640, 643640, 606020, 513374, 513374, 513374, 513374],[],[]
# TOTAL EXPERIMENT TIME: 267.75 seconds
