# Author Nykjaer
# ------Specs--------# cpu_name:  (processor model)
# cpu_cores: 6 (physical cores)
# ram_gb: 13.5 (system memory in GB)
# gpu_name: NVIDIA GeForce RTX 3060 Laptop GPU (graphics processor)
# os_name: Linux (operating system)
# ------Config--------# good_contributors: 4 (honest participants)
# bad_contributors: 1 (malicious participants)
# freeriders: 1 (contribute 0)
# inactive: 0 (never join)
# reward: 1000000000000000000 (total reward pool)
# minimum_rounds: 10 (rounds to simulate)
# min_buy_in: 1000000000000000000 (lower buy-in bound)
# max_buy_in: 1000000000000000000 (upper buy-in bound)
# standard_buy_in: 1000000000000000000 (default buy-in)
# epochs: 1 (local epochs per round)
# batch_size: 32 (training batch size)
# punish_factor: 3 (penalty multiplier)
# first_round_fee: 50 (fee for first round)
# fork: True (True=local fork, False=real net)
# contribution_score_strategy: naive (scoring method)
# use_outlier_detection: False (Whether to use outlier detection)
# freerider_start_round: 1 (When freeriders should start freeriding)
# freerider_noise_scale: 0.1 (How much noise a freeder should add)
round,time,globalAcc,globalLoss,GRS,accAvgPerUser,lossAvgPerUser,rewards,conctractBalanceRewards,punishments,contributionScores,feedbackMatrix,disqualifiedUsers,userStatuses,GasTransactions
# $startingUserConfig$['$user$0, 0, good, good, None, 0xA41dE09A63f6Cedd633f99052b44450d3BB91D44', '$user$1, 0, good, good, None, 0x17725D495A0843Ea05541fD61ba5D4082750bC08', '$user$2, 0, good, good, None, 0x37AC7AC5D09bbC6dAC1CF036b7F9DdD0EA4E052E', '$user$3, 0, good, good, None, 0x536fc4cd48ad9B3649e8aB615592E83Ec9F5fcd1', '$user$4, 0, good, bad, 3, 0x118E560679B62a9F24c135A96d416548782f8cc2', '$user$5, 0, good, freerider, 1, 0xA2F37A08a8488CB8551a0D03f7A73f4156757de7']
0,23:41:40.985,0,721.224365234375,"[1000000000000000000, 1000000000000000000, 1000000000000000000, 1000000000000000000, 1000000000000000000, 1000000000000000000]",[],[],[],1000000000000000000,[],[],,[],"['$user$0, 0, good, good, None, 0xA41dE09A63f6Cedd633f99052b44450d3BB91D44', '$user$1, 0, good, good, None, 0x17725D495A0843Ea05541fD61ba5D4082750bC08', '$user$2, 0, good, good, None, 0x37AC7AC5D09bbC6dAC1CF036b7F9DdD0EA4E052E', '$user$3, 0, good, good, None, 0x536fc4cd48ad9B3649e8aB615592E83Ec9F5fcd1', '$user$4, 0, good, bad, 3, 0x118E560679B62a9F24c135A96d416548782f8cc2', '$user$5, 0, good, freerider, 1, 0xA2F37A08a8488CB8551a0D03f7A73f4156757de7']","[('register', 'fcfd06f2244c42c4b608579e2ac58be0be5153d119c9c9a10cd724170e762ca0', 126674), ('register', 'bba1022b5d59db2d36a369fcb3fa4d25050c4c0989e242dc4d007c39433ced20', 126674), ('register', 'a886f26e7c8127100cc220555110ff6fb35a6564ad9cfd1183fad855e98a05a3', 126674), ('register', 'de758ca016708529bb124fa2aec4c89e821dfc3074bb99dd03884b194e3e3df8', 126674), ('register', '193e89138ec97834e1800c9152857d999e86063a10045ee077d60d2a75c089b2', 126674)]"
1,23:42:09.050,0.1875,716.38232421875,"[1153333333333333333, 1153333333333333333, 1153333333333333333, 1153333333333333333, 1153333333333333333, 333333333333333334]","[10, 8, 8, 9, 7, 9]","[74, 74, 74, 74, 74, 74]","[('0xA41dE09A63f6Cedd633f99052b44450d3BB91D44', 4000000000000000000, 153333333333333333, 1153333333333333333), ('0x17725D495A0843Ea05541fD61ba5D4082750bC08', 4000000000000000000, 153333333333333333, 1153333333333333333), ('0x37AC7AC5D09bbC6dAC1CF036b7F9DdD0EA4E052E', 4000000000000000000, 153333333333333333, 1153333333333333333), ('0x536fc4cd48ad9B3649e8aB615592E83Ec9F5fcd1', 4000000000000000000, 153333333333333333, 1153333333333333333)]",900000000000000000,"[(1, 166666666666666666)]","[200000000000000000, 200000000000000000, 200000000000000000, 200000000000000000, 200000000000000000]","[[0.0, 1.0, 1.0, 1.0, 0.0, -1.0], [1.0, 0.0, 1.0, 1.0, 0.0, -1.0], [1.0, 1.0, 0.0, 1.0, 0.0, -1.0], [1.0, 1.0, 1.0, 0.0, 0.0, -1.0], [1.0, 1.0, 1.0, 1.0, 0.0, -1.0], [0.0, 0.0, 0.0, 0.0, 0.0, 0.0]]",[6],"['$user$0, 0.672, good, good, None, 0xA41dE09A63f6Cedd633f99052b44450d3BB91D44', '$user$1, 0.699, good, good, None, 0x17725D495A0843Ea05541fD61ba5D4082750bC08', '$user$2, 0.724, good, good, None, 0x37AC7AC5D09bbC6dAC1CF036b7F9DdD0EA4E052E', '$user$3, 0.696, good, good, None, 0x536fc4cd48ad9B3649e8aB615592E83Ec9F5fcd1', '$user$4, 0.607, good, bad, 3, 0x118E560679B62a9F24c135A96d416548782f8cc2', '$user$5, 0, freerider, freerider, 1, 0xA2F37A08a8488CB8551a0D03f7A73f4156757de7']","[('slot', '9a64b7a84fac3c1a085034d5790c6a1979225562db920201fcae47524f16718c', 50814), ('slot', 'ac9a48fb7dba4a1a969cde4995c29c552497d22f096d9d88f1866c13dedcb4af', 50814), ('slot', 'c08571b1177b544c1748e14385192aa1499a9a637d13d1950c111d5f1fea0ae7', 50814), ('slot', '699780e08ec57becd56bf8129eca04b67e3a929cc8ca3e92ca3789fcf78e9773', 50814), ('slot', '6ce7ce083d69d49170b9e2f99770b2f762f5b745da81562198299ca0ef61bdab', 50814), ('slot', '665eee3413d4e21b1ff1836e3cb118d919ad34dfeeb22ed206a968a93691fbc8', 50802), ('weights', 'fb7258984e1fa8cc70b9b9cadc80c3a928d6e6cb17eb42e3b6a9e7d9fc828069', 73694), ('weights', 'ae51f4c12f30c97b958e7ebc6ac9138d08602016c940d1b2e314fa61988a4b69', 56594), ('weights', '387aff31da7ddf181a56f8ced6710e8e20a2d07709b93c0243af703a4ddde030', 56582), ('weights', '51dcbd52d8ee529bec283d3c2789fd6e6ae0900e2a6e071dbbfdf833bdde090f', 56594), ('weights', '3c568de5899d17e11bbebddc2d7827059bb38ec269e1329e32dcc15a37f26019', 56594), ('weights', '80fd91a254c3a0f505d74a1c87fe584daeae0fbddfcf329a3788983ced9126be', 56582), ('feedback', 'ed4fa452ee58bb8624347e5b6a6f258effeebca5696d5ddc99d50d29c85babf7', 362227), ('feedback', 'a36b2ae1fba2d8dca42959ea069c450007d8cac217674a3226d51bf091d87845', 310927), ('feedback', 'a2068389515d003b61742ce87dc2092ee6013d3b1f1a3927fb613eaee9e707e9', 293827), ('feedback', '912d1422a527ab8c128c1a86a12cdd429b81e514332607c854fba68b8dd1f490', 293827), ('feedback', '1acbf45fdfcee57d281b7e1dba213487e34ff2f0766ecf37acfc74ab9dd1c168', 317501), ('feedback', 'a9678d75331bc84893329108d2419e4fe4c18b74b669171561fe1c8f16e8452c', 218683), ('contrib', '081fad25e127f48fdd79f27472b724cd186c19891abc76085228de455bc4bab9', 75199), ('contrib', 'abf74ea3c32d35d8907fc61a83db70fe5dcef7326c1cf8542b395167c7e58006', 58099), ('contrib', 'bbc0bf24f033007e2263d8f3f9002d654cc408886451be78fca87b6105547859', 58099), ('contrib', '88ee21f09247cd02793e77c751dc325c8d6c422df278c9a94c04469561853036', 58099), ('contrib', 'dfda3634e8175fbf88d84dca498dc89252f108ef709f94daba955be7cf30b8b0', 58099), ('close', '0bf1f6b295dec63bc954c6c7be98b18d79a0f10997cd50f3d4e1f36a2792336d', 668764)]"
2,23:42:35.838,0.622,615.8148803710938,"[1195555555555555555, 1195555555555555555, 1195555555555555555, 1195555555555555555, 1195555555555555555, 222222222222222223]","[17, 17, 19, 19, 19, 21]","[73, 73, 73, 73, 73, 73]","[('0xA41dE09A63f6Cedd633f99052b44450d3BB91D44', 4613333333333333332, 42222222222222222, 1195555555555555555), ('0x17725D495A0843Ea05541fD61ba5D4082750bC08', 4613333333333333332, 42222222222222222, 1195555555555555555), ('0x37AC7AC5D09bbC6dAC1CF036b7F9DdD0EA4E052E', 4613333333333333332, 42222222222222222, 1195555555555555555), ('0x536fc4cd48ad9B3649e8aB615592E83Ec9F5fcd1', 4613333333333333332, 42222222222222222, 1195555555555555555), ('0x118E560679B62a9F24c135A96d416548782f8cc2', 2306666666666666666, 42222222222222222, 1195555555555555555)]",800000000000000000,"[(2, 111111111111111111)]","[200000000000000000, 200000000000000000, 200000000000000000, 200000000000000000, 200000000000000000]","[[0.0, 1.0, 1.0, 1.0, 0.0, -1.0], [1.0, 0.0, 1.0, 1.0, 1.0, -1.0], [1.0, 1.0, 0.0, 1.0, 1.0, -1.0], [1.0, 1.0, 1.0, 0.0, 0.0, -1.0], [1.0, 1.0, 1.0, 1.0, 0.0, -1.0], [0.0, 0.0, 0.0, 0.0, 0.0, 0.0]]",[6],"['$user$0, 0.566, good, good, None, 0xA41dE09A63f6Cedd633f99052b44450d3BB91D44', '$user$1, 0.54, good, good, None, 0x17725D495A0843Ea05541fD61ba5D4082750bC08', '$user$2, 0.557, good, good, None, 0x37AC7AC5D09bbC6dAC1CF036b7F9DdD0EA4E052E', '$user$3, 0.613, good, good, None, 0x536fc4cd48ad9B3649e8aB615592E83Ec9F5fcd1', '$user$4, 0.487, good, bad, 3, 0x118E560679B62a9F24c135A96d416548782f8cc2', '$user$5, 0, freerider, freerider, 1, 0xA2F37A08a8488CB8551a0D03f7A73f4156757de7']","[('close', '0bf1f6b295dec63bc954c6c7be98b18d79a0f10997cd50f3d4e1f36a2792336d', 668764), ('slot', 'a70be27ba4e15bd70ca5db544e4ff87507792dd7dd0b02a6138c12534f4abc88', 50814), ('slot', 'a56e14fa42a564e51816f384d65a0191881f9ddda5996745ad94218d790c3e55', 50814), ('slot', '7d22b1706212fb155efc8c9395ede8eb58d2c635ebc630312ba04b081f6e1fb8', 50814), ('slot', '322dbc8e8aba00f4d4c81bd4411bd7f159b375e2601d645da55c2d48cd91f8a6', 50802), ('slot', '909e91f0ed59decda20444281159fa0878cc2ff793f536db27661709bcd47462', 50814), ('slot', '538fda35a2edbbdfdbc7440635744bdce36ba9c87fa13fa8a4dc026898c478da', 50814), ('weights', '2ee97401b31dcaebe14cc68529f2793e483e5087428dcda37c08ca26d0d1860d', 73694), ('weights', '74f659b034c41a96c08d34463f9add154b20c918766912b8aeba8adf07a7d07d', 56594), ('weights', '61f8ca6c3f27a5353b0a67f2e3cb2c5f684fceacd5fc6caeea73a1b943a6f210', 56594), ('weights', '17a3528aec1fc7a84a1c6fc3694fd424bef802df66762ec26ac015cfa1929254', 56594), ('weights', 'ba4afc7729df95f57c260155a977a3eef34abd0ea17d3f83793a6a4a83de1c65', 56594), ('weights', '629f038e8b0503019106a41776f423b68e090c6bafd3e6a11eff78da0e49a020', 56594), ('feedback', '2610d6a959c8e8adf0a1cf548b323ae3a9147a92912b3be17d2afbff7b975b58', 302527), ('feedback', 'f508058e9a625105f336d3a9226911ec71403e80b485269ad65871ccc171136b', 292001), ('feedback', 'bc3ae2625658e6d545d8eb3e7a6cb7648811ce0367a8857113ee29e0b6a40bbd', 257801), ('feedback', '3676636c8346f132e92d3217815d9ef1683f070a5b62f1808a14893614a7cac6', 234127), ('feedback', 'c58d53f126bfcd7909a09c6adcddbe7e44c51f043ef4999caf88f706b00622fd', 237901), ('feedback', 'df825450042668618a623f259b935d71a50cec5f5cba282e385d8c395c750b1d', 218683), ('contrib', '1ecf87b6ad86c2fd285b65ddc80a80f3d9f43fea5866f8093f74a38e06dc50d2', 75199), ('contrib', '7bd6ff3a98cd3b97bdaa1baaa8c41597bd2ecc535fb14388cc20ea6e24a4dd01', 58099), ('contrib', '06d9c03730952331d9c5c98ca46ae32be32201cf77b401561796df097d50b98d', 58099), ('contrib', 'f09c0fcf6af87205789aa0fbb5554001be625daf85f30da59bca57a84a7b84f2', 58099), ('contrib', 'eda864a40335955f366798807d4f34ce8d809f3fc54b6517281ca40daca16808', 58099), ('close', '386272e584b85f01953112cee2a89e04e8f3c66df2bdd76b8bfc4f23545c4caf', 643640)]"
3,23:43:01.403,0.8253,190.69017469882965,"[1375740740740740740, 1375740740740740740, 1375740740740740740, 1375740740740740740, 797037037037037037, 0]","[60, 60, 62, 61, 63, 66]","[63, 63, 63, 63, 63, 62]","[('0xA41dE09A63f6Cedd633f99052b44450d3BB91D44', 2391111111111111110, 180185185185185185, 1375740740740740740), ('0x17725D495A0843Ea05541fD61ba5D4082750bC08', 2391111111111111110, 180185185185185185, 1375740740740740740), ('0x37AC7AC5D09bbC6dAC1CF036b7F9DdD0EA4E052E', 2391111111111111110, 180185185185185185, 1375740740740740740), ('0x536fc4cd48ad9B3649e8aB615592E83Ec9F5fcd1', 2391111111111111110, 180185185185185185, 1375740740740740740)]",700000000000000000,"[(3, 398518518518518518), (3, 222222222222222223)]","[250000000000000000, 250000000000000000, 250000000000000000, 250000000000000000]","[[0.0, 1.0, 1.0, 1.0, -1.0, -1.0], [1.0, 0.0, 1.0, 1.0, -1.0, -1.0], [1.0, 1.0, 0.0, 1.0, -1.0, -1.0], [1.0, 1.0, 1.0, 0.0, -1.0, -1.0], [-1.0, -1.0, -1.0, -1.0, 0.0, -1.0], [0.0, 0.0, 0.0, 0.0, 0.0, 0.0]]","[5, 6]","['$user$0, 0.77, good, good, None, 0xA41dE09A63f6Cedd633f99052b44450d3BB91D44', '$user$1, 0.81, good, good, None, 0x17725D495A0843Ea05541fD61ba5D4082750bC08', '$user$2, 0.797, good, good, None, 0x37AC7AC5D09bbC6dAC1CF036b7F9DdD0EA4E052E', '$user$3, 0.788, good, good, None, 0x536fc4cd48ad9B3649e8aB615592E83Ec9F5fcd1', '$user$4, 0.487, bad, bad, 3, 0x118E560679B62a9F24c135A96d416548782f8cc2']","[('close', '386272e584b85f01953112cee2a89e04e8f3c66df2bdd76b8bfc4f23545c4caf', 643640), ('slot', '5c299948aae317b61be69e0361fd4f195e391a083292d0d5f244ef108c6ef0ec', 50814), ('slot', 'a0b12fadf16cc2680c52efe781ec5331347ebc50722f69f82c5da2f515b812c0', 50814), ('slot', '2cafe432af2a16aa6c1370bcd76fca92bfbf31d2937a3e8ffc19aee54a3d6a5a', 50814), ('slot', 'c4c491ed834a832a5dc83e7d013e19ef77b5f37aa88f6c1f1e6c832437fa4824', 50814), ('slot', '4406d0f6c2a2b3dd7a0c6e0e9b181b26264fe36874aadf3faf2ef7f8acfa4282', 50814), ('slot', '80561fb547e4b8dc9d1094893b9276ca87db95bc986dbd6bc8bf2e3a8e3e6e1d', 50814), ('weights', '5346226320b3c89751b4e90ec3868c0dbd1fc411bc93fb044e11f846960a244c', 73682), ('weights', 'c22cc8823b5ff24ab9afa49ec0c821bdc38dd2d2a9fb190a73b793c50f607faa', 56594), ('weights', 'b5c60dd3244cd145d1b988fe556e8ba9d490df10dd77db85b2250c9c783ad930', 56594), ('weights', 'bbb81b5728069123728fc0390b91d180191e7d4210edb899e467c816ed239473', 56594), ('weights', '9ae84a1fc23d8c72bd5d6c63d68442fcb4ddf667cffbc0a135ce6cbc8c105939', 56582), ('weights', '2affb1a7f029ea80cd6568ac2d01fcba45d7cbfc168f46781bbd02124fe345bf', 56582), ('feedback', '4a4fdad216f2daec5be44ae9eb81bf890b647dbcbe7ab01e7434af512303e2d7', 323749), ('feedback', '744a12e5d67721e2d00c54bdcfc15e3d371f3001249048f967f59f0cc9422052', 253349), ('feedback', 'ae34667111b3a9f67fc11d1814b0718be67d72fd35615e6b29cebe6406ab3f80', 236249), ('feedback', '09f499983e75abf261d0f24ee04589bf79334e08b7ce9cb5acf89ece37a4c475', 238249), ('feedback', '82b012653e49ad29c366d74974be7e5fb7908b9c5b5283b4eaa96185f412d1db', 231293), ('feedback', '4f38c74850ace14ae87b4cf34b65d05be2c75a950dbd59a77c70a84657457a66', 218683), ('contrib', 'a2532048c5cbf756e8322f95872dee072a58e7ecf07c79c8cbe9bf0f73d3baf4', 75199), ('contrib', '6a70e183fb42145b2fffa9b8a6b01ad4d669786729dba344daa7ed2844d46aa2', 58099), ('contrib', '2ed4e2664aa321f0b89c71a0598663d12347a1391c1e523070c3c959f01eb737', 58099), ('contrib', 'ade2cca7dfc8c753c5415f840c77f25656f73fa26815a364b770990201fb0684', 58099), ('close', '6b7c7fd79228ae1e02c877e8f9d929ab54ec3128c849f846a0d8ea0d1f7c8391', 618388)]"
4,23:43:24.768,0.8768,131.72336023300886,"[1467160493827160493, 1467160493827160493, 1467160493827160493, 1467160493827160493, 531358024691358025, 0]","[81, 82, 81, 81, 83, 0]","[19, 20, 20, 21, 19, 0]","[('0xA41dE09A63f6Cedd633f99052b44450d3BB91D44', 3330185185185185183, 91419753086419753, 1467160493827160493), ('0x17725D495A0843Ea05541fD61ba5D4082750bC08', 3330185185185185183, 91419753086419753, 1467160493827160493), ('0x37AC7AC5D09bbC6dAC1CF036b7F9DdD0EA4E052E', 3330185185185185183, 91419753086419753, 1467160493827160493), ('0x536fc4cd48ad9B3649e8aB615592E83Ec9F5fcd1', 3330185185185185183, 91419753086419753, 1467160493827160493)]",600000000000000000,"[(4, 265679012345679012)]","[250000000000000000, 250000000000000000, 250000000000000000, 250000000000000000]","[[0.0, 1.0, 1.0, 1.0, -1.0, 0.0], [1.0, 0.0, 1.0, 1.0, -1.0, 0.0], [1.0, 1.0, 0.0, 1.0, -1.0, 0.0], [1.0, 1.0, 1.0, 0.0, -1.0, 0.0], [-1.0, -1.0, -1.0, -1.0, 0.0, 0.0], [0.0, 0.0, 0.0, 0.0, 0.0, 0.0]]",[5],"['$user$0, 0.834, good, good, None, 0xA41dE09A63f6Cedd633f99052b44450d3BB91D44', '$user$1, 0.845, good, good, None, 0x17725D495A0843Ea05541fD61ba5D4082750bC08', '$user$2, 0.841, good, good, None, 0x37AC7AC5D09bbC6dAC1CF036b7F9DdD0EA4E052E', '$user$3, 0.841, good, good, None, 0x536fc4cd48ad9B3649e8aB615592E83Ec9F5fcd1', '$user$4, 0.487, bad, bad, 3, 0x118E560679B62a9F24c135A96d416548782f8cc2']","[('close', '6b7c7fd79228ae1e02c877e8f9d929ab54ec3128c849f846a0d8ea0d1f7c8391', 618388), ('slot', '45205650d24a97c8b2c04d186bb57e45a8d5e436e2b3dd230b309c151e3085d4', 50814), ('slot', '76419bb4d12f3136c780d51e6762cb35d307458b0686be385aac5535133e8082', 50814), ('slot', '4d648b2bca7063662bcab9623f9dea75dd596e1eddb974f3d570bb30ae682f25', 50814), ('slot', '2a2014e7da2944dc23e6f3919fbeb87e625db6fdd6bf2ac0986fca811c69b4db', 50814), ('slot', '3cf946252d782d0109ca05799d774a717a9f764d1e0e303223361294260cbd7b', 50814), ('weights', 'a35ff90d8d826697e2e038487c9cef5fbf2fad1b53e02661c8cb29c9b75e5abb', 73694), ('weights', '89fcd8ddc0efab3e9d209a30c5afe4861bdcd53cd2534415d9ed1c745ef61cb4', 56582), ('weights', 'ce5cff391acfbc899d1b03610c8122ab5a023f5af8c97555785bad93e5aba80b', 56594), ('weights', '8efd35c0ff616e3ae98774d74b003075610e00d12f640fc451edb15ee142a36f', 56594), ('weights', '7cf26b96aef1f8ab90581bf94c639a3bdc958a65b77f8a40c08bc4fe76b42312', 56594), ('feedback', 'c1e2fcdef1cdc03d2654e60e92dc40e8ebb0498bc73b26d60260d9142f5de066', 270522), ('feedback', '4b8b8c7c6ee7a017a1482e28c2680d07b2ef3d271c1b7a8ee89c2ea4933b4e91', 219222), ('feedback', '536cfbb51202453a6d215c8a108bd8cd787250fccaabfe072de53140d9881f69', 202122), ('feedback', '99424d10acd8207281f412cc93e35b1453f1bc8971187e6a462ac9d15793be1a', 202122), ('feedback', '58dde6e8e0043cf8767b53d0aad015454f431e517e9d9c50e43b053b30b43f70', 203166), ('contrib', '35b2df144e7a23adc074549320a11b7fe3d59d67a00ba4a330345d3b6479bfee', 75199), ('contrib', 'eff1874049deb3a1d6e63ac461e671531e1055a7b36fc09a050bde096e9b11c6', 58099), ('contrib', '76d99ccfc4be42f73b18a181bbfe92c096e04ad5e09199af009c8ad63a43ce59', 58099), ('contrib', '652dfe997263bee6f13b885b739c56bfc5d2d370f5c854216c48d415d787618c', 58099), ('close', '05cb3033a980544850c7345f6c4d528c526aae19eb616350e075a0ff2a40f149', 543321)]"
5,23:43:48.164,0.8957,106.81185529381037,"[1536440329218106995, 1536440329218106995, 1536440329218106995, 1536440329218106995, 354238683127572017, 0]","[87, 87, 87, 86, 88, 0]","[13, 13, 14, 15, 13, 0]","[('0xA41dE09A63f6Cedd633f99052b44450d3BB91D44', 3870123456790123454, 69279835390946502, 1536440329218106995), ('0x17725D495A0843Ea05541fD61ba5D4082750bC08', 3870123456790123454, 69279835390946502, 1536440329218106995), ('0x37AC7AC5D09bbC6dAC1CF036b7F9DdD0EA4E052E', 3870123456790123454, 69279835390946502, 1536440329218106995), ('0x536fc4cd48ad9B3649e8aB615592E83Ec9F5fcd1', 3870123456790123454, 69279835390946502, 1536440329218106995)]",500000000000000000,"[(5, 177119341563786008)]","[250000000000000000, 250000000000000000, 250000000000000000, 250000000000000000]","[[0.0, 1.0, 1.0, 1.0, -1.0, 0.0], [1.0, 0.0, 1.0, 1.0, -1.0, 0.0], [1.0, 1.0, 0.0, 1.0, -1.0, 0.0], [1.0, 1.0, 1.0, 0.0, -1.0, 0.0], [-1.0, -1.0, -1.0, -1.0, 0.0, 0.0], [0.0, 0.0, 0.0, 0.0, 0.0, 0.0]]",[5],"['$user$0, 0.865, good, good, None, 0xA41dE09A63f6Cedd633f99052b44450d3BB91D44', '$user$1, 0.892, good, good, None, 0x17725D495A0843Ea05541fD61ba5D4082750bC08', '$user$2, 0.879, good, good, None, 0x37AC7AC5D09bbC6dAC1CF036b7F9DdD0EA4E052E', '$user$3, 0.876, good, good, None, 0x536fc4cd48ad9B3649e8aB615592E83Ec9F5fcd1', '$user$4, 0.487, bad, bad, 3, 0x118E560679B62a9F24c135A96d416548782f8cc2']","[('close', '05cb3033a980544850c7345f6c4d528c526aae19eb616350e075a0ff2a40f149', 543321), ('slot', '0a7973fb6a36106e5c7a38be8d54fb7e476fd15608910ea53d63a470b929aa36', 50814), ('slot', '1127dd7039ab73ddd645eb2dbed4ac6eb5a2a327421e292e38932f63669ca48e', 50814), ('slot', '39c46a4eeac3a7b6142ca5af8cc7a8805e086d5eb46e2585c3af3d740ffeeec2', 50814), ('slot', 'eb0aa896e179951ab90f92edac88be538223b94e7072b945c1bdef25b025f2d0', 50814), ('slot', '90f410d79c3f4cebbdba3027a86bc505d2b50794b02036fccb932b01b8aa8a45', 50814), ('weights', 'a0c318fa2c96880bc937be3e39c9d151943c5d3ae05e236756a06ce15df7c71b', 73694), ('weights', 'af258768927ca91092374ed89bb53f5cb4316e1f76f44aace47c523bdd4b8fe9', 56594), ('weights', '61dd5b94bc1c7b780a1c663bf12501e786183c43d45fc98f957977708021b37f', 56594), ('weights', '665973852c856e92d309aa29e457ddeed99d7e6f0141052590c85faafeae8ea8', 56594), ('weights', '7f42897b64bbcc3a57840668f2811ef4753d2a8cabf1e510a29f7e3a53169181', 56594), ('feedback', '51d2ef564b2f74915cdaba6d795858b41ff92476439c856ed0fa4a9f23d10402', 270522), ('feedback', '5ac03bf9f46c06f71bdd78fcca76d45304a6def11ba6aa66b1f69bf129139a8e', 219222), ('feedback', '5fbeecd45259fea6382a84d982b0dd1b948f68aff6ea14be8e721c70be991aee', 202122), ('feedback', '5a772f57a313e3c4acf9610d63adf046dfa82be802d87f03e94a43579383e022', 202122), ('feedback', 'f37600caa1641dfc9d2bebba80a7423ebe621a04323081f0fd2c553fc8f931fc', 203166), ('contrib', '1ea4ebf555f5ddef37cddd57284b79bedafa483bebb4288c708beedc5d9a1b67', 75199), ('contrib', 'c84ffb8fb7057e031631e18fff83a0a4d2c3f113eed0b15fdf54cd95f66b069b', 58099), ('contrib', '2b2d1b6716fba16a27dd07e073d88b996faa3954939b541d3d6f6f4876e017bc', 58099), ('contrib', '8f0a7d27ca5056e24a7b8a1c269769f460f94b88e48c999cc09c6ad7e24803e3', 58099), ('close', 'a93d890800754529ee11c848fa983ede7f17345cd5ce07153db2a8407e373d99', 543321)]"
6,23:44:11.595,0.9107,90.99877094477415,"[1590960219478737996, 1590960219478737996, 1590960219478737996, 1590960219478737996, 236159122085048012, 0]","[90, 90, 90, 87, 89, 0]","[10, 11, 11, 13, 11, 0]","[('0xA41dE09A63f6Cedd633f99052b44450d3BB91D44', 4255082304526748968, 54519890260631001, 1590960219478737996), ('0x17725D495A0843Ea05541fD61ba5D4082750bC08', 4255082304526748968, 54519890260631001, 1590960219478737996), ('0x37AC7AC5D09bbC6dAC1CF036b7F9DdD0EA4E052E', 4255082304526748968, 54519890260631001, 1590960219478737996), ('0x536fc4cd48ad9B3649e8aB615592E83Ec9F5fcd1', 4255082304526748968, 54519890260631001, 1590960219478737996)]",400000000000000000,"[(6, 118079561042524005)]","[250000000000000000, 250000000000000000, 250000000000000000, 250000000000000000]","[[0.0, 1.0, 1.0, 1.0, -1.0, 0.0], [1.0, 0.0, 1.0, 1.0, -1.0, 0.0], [1.0, 1.0, 0.0, 1.0, -1.0, 0.0], [1.0, 1.0, 1.0, 0.0, -1.0, 0.0], [-1.0, -1.0, -1.0, -1.0, 0.0, 0.0], [0.0, 0.0, 0.0, 0.0, 0.0, 0.0]]",[5],"['$user$0, 0.892, good, good, None, 0xA41dE09A63f6Cedd633f99052b44450d3BB91D44', '$user$1, 0.899, good, good, None, 0x17725D495A0843Ea05541fD61ba5D4082750bC08', '$user$2, 0.897, good, good, None, 0x37AC7AC5D09bbC6dAC1CF036b7F9DdD0EA4E052E', '$user$3, 0.896, good, good, None, 0x536fc4cd48ad9B3649e8aB615592E83Ec9F5fcd1', '$user$4, 0.487, bad, bad, 3, 0x118E560679B62a9F24c135A96d416548782f8cc2']","[('close', 'a93d890800754529ee11c848fa983ede7f17345cd5ce07153db2a8407e373d99', 543321), ('slot', 'a0f7bbf98d5a88654c08d787006f67dce3daae37c041947b5833885d805319e6', 50814), ('slot', '340fbd17c94935d404d993122a64b99264777e1832a58b1885cd1e0cf28c64d8', 50814), ('slot', '5542d355e1ecb4f6c361706ca1424761e9bc749963a594e1f2c2e0f614777ca4', 50814), ('slot', '43ea3a9115bd9d52900eb1379c7c48fb455f8b396c4220e393073544ceedc165', 50814), ('slot', '5aff1868520d802347c99875c6a1fe7d0888784f24e4901e56ccd0dce08ebf98', 50814), ('weights', 'f694541e97038af0ea3cbbb6429f4d7b28ccee5aff17a00290526d3d312d6311', 73694), ('weights', '3f8f94d62604a3cbb008311bd705687ccc46c8d48318157bc46fa6165d0dde0e', 56594), ('weights', '3f7a4c6c792b497e9577416aea59d661040efee3e8a3493a24be5492770c9646', 56594), ('weights', '987a509bbfd77c6fc6087b984d511c1b1ca3b29be535bfa156d8fc2954940023', 56594), ('weights', '6610c13e989ac62e3293d370c8124b4ba912a94bcff0e00a1e8925eff3a48625', 56594), ('feedback', '379534453978af51fae95368bd0c3956389808c79efcb2dd5fee8a9169cf713e', 270522), ('feedback', 'e69d9e759c62b911ff2fae5b5d3d27bf6920c44c2a3ba884bd1895d0f55bdb89', 219222), ('feedback', 'd589e3a135ae38a3484238e77e3cd8a2985e01b5729bce2b4d5ab130a42f44eb', 202122), ('feedback', '5e405f6c654065dee718e66140055e2e2c649bded4a4b93648f6aabdc406d721', 202122), ('feedback', '8c5f9b88fcf2cf3a9f823e0da97ffa29a58df0539ae18f52cb204376f76c573f', 203166), ('contrib', 'fb062f202aa6bc32e1a1fd1e2af4ceff1770a3641b3670f4ca3045e1a99b98d6', 75199), ('contrib', '765ed38967889e7bbd5afa36c35f1c2a08d05b8714ec74f5824edf1d8067932a', 58099), ('contrib', '4c02bdf8bd6bd0f4945ea995ef08bbe20661764b60c496a48d71c114af571635', 58099), ('contrib', 'a04856a15f7435f0bf9143ccf56d10a635e62b8e4ebaf22d71c6a24a5e12b128', 58099), ('close', 'f3214f6da87d50c96318efaed8fb97fb9bc7ff806748e5a414d4f048da6c40b6', 543321)]"
7,23:44:34.877,0.9239,78.37878776714206,"[1674999999999999999, 1674999999999999999, 1674999999999999999, 1674999999999999999, 0, 0]","[91, 91, 92, 89, 91, 0]","[9, 9, 9, 11, 9, 0]","[('0xA41dE09A63f6Cedd633f99052b44450d3BB91D44', 4536721536351165976, 84039780521262003, 1674999999999999999), ('0x17725D495A0843Ea05541fD61ba5D4082750bC08', 4536721536351165976, 84039780521262003, 1674999999999999999), ('0x37AC7AC5D09bbC6dAC1CF036b7F9DdD0EA4E052E', 4536721536351165976, 84039780521262003, 1674999999999999999), ('0x536fc4cd48ad9B3649e8aB615592E83Ec9F5fcd1', 4536721536351165976, 84039780521262003, 1674999999999999999)]",300000000000000000,"[(7, 236159122085048012)]","[250000000000000000, 250000000000000000, 250000000000000000, 250000000000000000]","[[0.0, 1.0, 1.0, 1.0, -1.0, 0.0], [1.0, 0.0, 1.0, 1.0, -1.0, 0.0], [1.0, 1.0, 0.0, 1.0, -1.0, 0.0], [1.0, 1.0, 1.0, 0.0, -1.0, 0.0], [-1.0, -1.0, -1.0, -1.0, 0.0, 0.0], [0.0, 0.0, 0.0, 0.0, 0.0, 0.0]]",[5],"['$user$0, 0.91, good, good, None, 0xA41dE09A63f6Cedd633f99052b44450d3BB91D44', '$user$1, 0.902, good, good, None, 0x17725D495A0843Ea05541fD61ba5D4082750bC08', '$user$2, 0.911, good, good, None, 0x37AC7AC5D09bbC6dAC1CF036b7F9DdD0EA4E052E', '$user$3, 0.907, good, good, None, 0x536fc4cd48ad9B3649e8aB615592E83Ec9F5fcd1']","[('close', 'f3214f6da87d50c96318efaed8fb97fb9bc7ff806748e5a414d4f048da6c40b6', 543321), ('slot', 'ba82ebe46f353d1157cfc805ad845bc7ffbc7b5987dcd3262160198c2c41e1e7', 50814), ('slot', '3ade00606a2a18b2b9f1eba3699e56eb38f5eab878e327e9829701c664cd171a', 50814), ('slot', '88fcaed9c691fe8c69b16cf83d57607e438066db1f55f018154e48014c63ed5e', 50814), ('slot', '409b3e734c8a051a1cf09c98a8a0a4d935e4f6d14a831a14c612dbef8f49b736', 50814), ('slot', 'b991d4ca291eff498a2d01fa5baea5a5c3d32941de0cdcaf2dcb7cc8e42eb394', 50814), ('weights', '385658925315f339faebe22fa3df1fc6e5c57dc44b1e50abd85cde77bc43f7c5', 73694), ('weights', '3e8d4202bd23a416871716ff4aa7058790e60e0cd043e36d191baf0b57cca2dc', 56594), ('weights', '546df28743f06d477ae440dc435bf37d694b7b0c9fb0ebe0bb7db8c0db549076', 56594), ('weights', '02247cf2b0c3ac69b1c104a365ef14820eae72498e08d3b190110c02d375ac73', 56594), ('weights', 'f5a30fd516fe452ed15e52aeb1372efb075ab354e74aa89f50ee15ed1fabbbeb', 56594), ('feedback', 'd743fa099386adeaf00a91390daada4a2e2cde2f73deb62db3f6e7e6dff1e2e8', 270522), ('feedback', 'd0642225adf8d3c66da47f3325806c64eddbb685945740c8e4bbdde60383a84e', 219222), ('feedback', '6e30f7eecb14f346f2214bfc651a5745697b07d96f4a641e202e3ce0511cea7a', 202122), ('feedback', '63f9663b532c074543d3ed893faa9d34f13c12ffb6dafcb25bd8197e55bf99c5', 202122), ('feedback', '69554467595b3b7121572a2642cc1a9865fb7960342c1e76ed2fa1db72f3b6e0', 203166), ('contrib', '6041d0a69154f58b9a234995dec9ee24b40810c496f2d8fb8d283e94f842bd7b', 75199), ('contrib', '47ab05cf76180a502c7bd4cb004a2cd4ee460c68ae948b990d9ee43bcf842fe3', 58099), ('contrib', 'e590039e3f344eae492c74ff3d9e4d3a811d7374f9af148912a88b00a0e64c54', 58099), ('contrib', '69c6fb743a5f7408a6d3e7521193d2432325404cc3745aeebe91b900386eaa47', 58099), ('close', '3d3950c3358fc9e6650166b9a8c0baedf6187961bae362deadd0feb80bb1fd2e', 502181)]"
8,23:44:56.535,0.9334,69.01924907043576,"[1699999999999999999, 1699999999999999999, 1699999999999999999, 1699999999999999999, 0, 0]","[92, 92, 94, 90, 0, 0]","[8, 8, 8, 9, 0, 0]","[('0xA41dE09A63f6Cedd633f99052b44450d3BB91D44', 5024999999999999997, 25000000000000000, 1699999999999999999), ('0x17725D495A0843Ea05541fD61ba5D4082750bC08', 5024999999999999997, 25000000000000000, 1699999999999999999), ('0x37AC7AC5D09bbC6dAC1CF036b7F9DdD0EA4E052E', 5024999999999999997, 25000000000000000, 1699999999999999999), ('0x536fc4cd48ad9B3649e8aB615592E83Ec9F5fcd1', 5024999999999999997, 25000000000000000, 1699999999999999999)]",200000000000000000,[],"[250000000000000000, 250000000000000000, 250000000000000000, 250000000000000000]","[[0.0, 1.0, 1.0, 1.0, 0.0, 0.0], [1.0, 0.0, 1.0, 1.0, 0.0, 0.0], [1.0, 1.0, 0.0, 1.0, 0.0, 0.0], [1.0, 1.0, 1.0, 0.0, 0.0, 0.0], [0.0, 0.0, 0.0, 0.0, 0.0, 0.0], [0.0, 0.0, 0.0, 0.0, 0.0, 0.0]]",[],"['$user$0, 0.914, good, good, None, 0xA41dE09A63f6Cedd633f99052b44450d3BB91D44', '$user$1, 0.916, good, good, None, 0x17725D495A0843Ea05541fD61ba5D4082750bC08', '$user$2, 0.934, good, good, None, 0x37AC7AC5D09bbC6dAC1CF036b7F9DdD0EA4E052E', '$user$3, 0.913, good, good, None, 0x536fc4cd48ad9B3649e8aB615592E83Ec9F5fcd1']","[('close', '3d3950c3358fc9e6650166b9a8c0baedf6187961bae362deadd0feb80bb1fd2e', 502181), ('slot', 'a1e02efebfd18dd29c419d0e7e0eab65892855cc1c41e32ec64a8aec447a3be6', 50814), ('slot', '98d8e5af811a3e0669129454e109482c5375981d11abb6cddf24d8e89c51241e', 50802), ('slot', '6b53849196ec1b15e82b832c8b702492a9c581c8bca057fd725a5027443de8ef', 50814), ('slot', 'e64b5b4aed43a4c96436f296cc1646d3a8429f464145d6231f124cdfa6c69861', 50814), ('weights', 'a2e28e3ecb457aa12806fa8424d166795f0e145ba04c0ad7dc634b523f5abfa6', 73694), ('weights', 'f8d44ff8e1b3ad5ef542a0a8a137c23303d01357afce2a42f2781451520366f7', 56582), ('weights', '02980e04d25cba29ddf6958b0996f6eab057b10498500fe9ec27d33239071291', 56582), ('weights', '5ee331ceb7f4569dabac265c032d92ff601274ecfb1d71c81e79da6e47b668dd', 56594), ('feedback', '057bd02ddc11fa2556c30280d2c0c7e5c75a6291b9f58a71fd2004bc0ee5e645', 217307), ('feedback', '992de5906f281aef67376b7017ed95706eede2d78796b7f5dec6031442726ee3', 183107), ('feedback', 'da52e30bf1314679b3d190838fba9accde8f95c81e37713bcdc74b515c5a8196', 166007), ('feedback', '625e42edef4db4356600743266dde2eb59767697cbb7264f9781cd4025b6ec92', 166007), ('contrib', '802653c25c509e6a3c3e9b1d45e5bed473a4d12476480a59df75638da5e7d160', 75199), ('contrib', 'b0768529adb76fc90d9b867b313a7b0fb58893eb085d0646905e3f39dacaecdc', 58099), ('contrib', '524ac77114def604fc9a58d0880cac2bcbc5a3826ce2d198073238a4c213d5ff', 58099), ('contrib', 'feb311b7f199b7a91f8c4b12a0218ad4cc3b7fb2f70ec75143273927659a1058', 58099), ('close', '9b01837e815a4806dff324a5a73b19040831d7155eabaed139c7386dce3cb721', 410442)]"
9,23:45:17.666,0.9403,61.33410041034222,"[1724999999999999999, 1724999999999999999, 1724999999999999999, 1724999999999999999, 0, 0]","[93, 93, 94, 91, 0, 0]","[7, 7, 7, 8, 0, 0]","[('0xA41dE09A63f6Cedd633f99052b44450d3BB91D44', 5099999999999999997, 25000000000000000, 1724999999999999999), ('0x17725D495A0843Ea05541fD61ba5D4082750bC08', 5099999999999999997, 25000000000000000, 1724999999999999999), ('0x37AC7AC5D09bbC6dAC1CF036b7F9DdD0EA4E052E', 5099999999999999997, 25000000000000000, 1724999999999999999), ('0x536fc4cd48ad9B3649e8aB615592E83Ec9F5fcd1', 5099999999999999997, 25000000000000000, 1724999999999999999)]",100000000000000000,[],"[250000000000000000, 250000000000000000, 250000000000000000, 250000000000000000]","[[0.0, 1.0, 1.0, 1.0, 0.0, 0.0], [1.0, 0.0, 1.0, 1.0, 0.0, 0.0], [1.0, 1.0, 0.0, 1.0, 0.0, 0.0], [1.0, 1.0, 1.0, 0.0, 0.0, 0.0], [0.0, 0.0, 0.0, 0.0, 0.0, 0.0], [0.0, 0.0, 0.0, 0.0, 0.0, 0.0]]",[],"['$user$0, 0.92, good, good, None, 0xA41dE09A63f6Cedd633f99052b44450d3BB91D44', '$user$1, 0.938, good, good, None, 0x17725D495A0843Ea05541fD61ba5D4082750bC08', '$user$2, 0.933, good, good, None, 0x37AC7AC5D09bbC6dAC1CF036b7F9DdD0EA4E052E', '$user$3, 0.92, good, good, None, 0x536fc4cd48ad9B3649e8aB615592E83Ec9F5fcd1']","[('close', '9b01837e815a4806dff324a5a73b19040831d7155eabaed139c7386dce3cb721', 410442), ('slot', 'fde829a4923a29d754f8d792087ce0dde0c832730ce027efd497979d581ee482', 50814), ('slot', 'd9ef56ecb7497f93cb6beb8d8958cb1710ce320269ca42ce517156cb0ab156db', 50814), ('slot', '8100324530f633e602eac557f14eb4892008f640ddf01651e0a7096ef2f53003', 50814), ('slot', 'a232f8f2964fff0083e76d082aeb788e8f41a9e2434cbda855fdce31c2c89961', 50814), ('weights', '22363babd22af2bb6eedfc96441e588413637cbbbacba0fec168381cfeb021a8', 73694), ('weights', 'a0dd42de6656688d3bd3739e4005170ef0326466c0275c5e0d0a92e095ff15ff', 56594), ('weights', '5d5f75489e36a1286b02a4b6d2469fb07e873ba9c1e9baa09675280806eb5c90', 56594), ('weights', '80f49016cc7b0fe4346539e31d5d779b9ceadf1512ba2a2298231f0c158b9c28', 56594), ('feedback', 'f208b8a7b51bec750f7f8ecd31830a50852ea146200029d3cd9856dfe0bfd7f9', 217307), ('feedback', '2f7db73701fbb440de938bd287015a50cdcfb6223fb1302622d00910506d0106', 183107), ('feedback', 'd05906fe62cff0b236bb8664e3e0efec9215237ebadd2891ac1733423a0b0861', 166007), ('feedback', '01aa12da6997c6407050d8cb60ef3543d436c2f29fa36b9a23394fedf9954af6', 166007), ('contrib', 'aa06a408bd17b40e321f4205f2d9dc0138bb22be09a861e9c8a04ac5b705bf3c', 75199), ('contrib', 'defdbcd7b2ede2c0e98e68847a5ad9529de566dfbc3690488f45a759fd4d1837', 58099), ('contrib', '4e5047de29ee45ed92e416772243e6f87a7c548e62e621cf01fbbee0d5ad41aa', 58099), ('contrib', 'd335ac7185a0ab4672d71d6ad37b9a0a86920614c7ed1e4e808d53636f6f35f0', 58099), ('close', '114f7aef65a4d8fa73cc28c0ee019575c6e242e84c3d527d3640416ba2781372', 410442)]"
10,23:45:39.071,0.9466,55.48604529350996,"[1749999999999999999, 1749999999999999999, 1749999999999999999, 1749999999999999999, 0, 0]","[94, 94, 95, 92, 0, 0]","[6, 6, 6, 8, 0, 0]","[('0xA41dE09A63f6Cedd633f99052b44450d3BB91D44', 5174999999999999997, 25000000000000000, 1749999999999999999), ('0x17725D495A0843Ea05541fD61ba5D4082750bC08', 5174999999999999997, 25000000000000000, 1749999999999999999), ('0x37AC7AC5D09bbC6dAC1CF036b7F9DdD0EA4E052E', 5174999999999999997, 25000000000000000, 1749999999999999999), ('0x536fc4cd48ad9B3649e8aB615592E83Ec9F5fcd1', 5174999999999999997, 25000000000000000, 1749999999999999999)]",0,[],"[250000000000000000, 250000000000000000, 250000000000000000, 250000000000000000]","[[0.0, 1.0, 1.0, 1.0, 0.0, 0.0], [1.0, 0.0, 1.0, 1.0, 0.0, 0.0], [1.0, 1.0, 0.0, 1.0, 0.0, 0.0], [1.0, 1.0, 1.0, 0.0, 0.0, 0.0], [0.0, 0.0, 0.0, 0.0, 0.0, 0.0], [0.0, 0.0, 0.0, 0.0, 0.0, 0.0]]",[],"['$user$0, 0.933, good, good, None, 0xA41dE09A63f6Cedd633f99052b44450d3BB91D44', '$user$1, 0.938, good, good, None, 0x17725D495A0843Ea05541fD61ba5D4082750bC08', '$user$2, 0.944, good, good, None, 0x37AC7AC5D09bbC6dAC1CF036b7F9DdD0EA4E052E', '$user$3, 0.923, good, good, None, 0x536fc4cd48ad9B3649e8aB615592E83Ec9F5fcd1']","[('close', '114f7aef65a4d8fa73cc28c0ee019575c6e242e84c3d527d3640416ba2781372', 410442), ('slot', 'a773eba8d2fe09d6657ec5b7481aa935a692da922710a1f067d740f48339537e', 50814), ('slot', '020d37ccdebf9d37574d1683f8950aa783cc4895ff3851507f7657e785ef2125', 50814), ('slot', '87f93a58d7610364d6fdf38b817fbac5bb5c8aef514b44e235cdd2ff89e17479', 50814), ('slot', '839e978851de5f21539a3c05e49168a6d6db693a0e4303796c81e286c5a1a762', 50814), ('weights', 'aa18283e8208f0333234f5c037fc8e49589e4717de3fc50c682b309d28fe0cd2', 73694), ('weights', '1a960934b860ba2862c8b8320a94c9bb1ca7d8ce235d32de78cf0951662f39f9', 56594), ('weights', 'af39a37c0d39d92a7c6ed4e3c97a4caf3fc31ad3682b81e14ae334f56211f5fa', 56594), ('weights', 'd5b9938416aff1f80e2d24622a4d14227e32e5dc5503bdae2e3e310e051b3568', 56594), ('feedback', 'e4e6fee3c9944566526fb373ede49231b4f0aceebc8877b77d70686f2bb23d21', 217307), ('feedback', '739d561be3054c4634a6801a2e4e806d9cbfe5e43a78f71badc38f63fcac6ede', 183107), ('feedback', '33ecbf6f2d6c017230e7d8b90b96579fd26cefce272d3e7daf86a12ea266937a', 166007), ('feedback', 'd6cdd09b2aa84678c99a4faef4d01fabc2dc3b8d384537e59fa334629af4d976', 166007), ('contrib', '74e1f282d6b101dcbfde32b2d5c6a01411dd730c5e5aa688d50d26d9c7e9d3ac', 75199), ('contrib', 'e84b11500483427a23a9bbc6ac5229e828a3aabacb765e3b805a9acc0ae58017', 58099), ('contrib', '609d86ae6bd326a8dbaff8dbea6224b93131100c42bbb759eb0dad07d4b764ae', 58099), ('contrib', '91065140cfa14480e4d6e1eeeb7a473c109c501183e4fe09faffc420b6dfa5d7', 58099), ('close', 'deafaf396830d1056e3872daeddf15c1b148e3c42f5c90d4851e6f41326116df', 410442)]"
# $gasCosts$[362227, 310927, 293827, 293827, 317501, 218683, 75199, 58099, 58099, 58099, 58099, 302527, 292001, 257801, 234127, 237901, 218683, 75199, 58099, 58099, 58099, 58099, 323749, 253349, 236249, 238249, 231293, 218683, 75199, 58099, 58099, 58099, 270522, 219222, 202122, 202122, 203166, 75199, 58099, 58099, 58099, 270522, 219222, 202122, 202122, 203166, 75199, 58099, 58099, 58099, 270522, 219222, 202122, 202122, 203166, 75199, 58099, 58099, 58099, 270522, 219222, 202122, 202122, 203166, 75199, 58099, 58099, 58099, 217307, 183107, 166007, 166007, 75199, 58099, 58099, 58099, 217307, 183107, 166007, 166007, 75199, 58099, 58099, 58099, 217307, 183107, 166007, 166007, 75199, 58099, 58099, 58099],[126674, 126674, 126674, 126674, 126674],[50814, 50814, 50814, 50814, 50814, 50802, 50814, 50814, 50814, 50802, 50814, 50814, 50814, 50814, 50814, 50814, 50814, 50814, 50814, 50814, 50814, 50814, 50814, 50814, 50814, 50814, 50814, 50814, 50814, 50814, 50814, 50814, 50814, 50814, 50814, 50814, 50814, 50814, 50814, 50802, 50814, 50814, 50814, 50814, 50814, 50814, 50814, 50814, 50814, 50814],[73694, 56594, 56582, 56594, 56594, 56582, 73694, 56594, 56594, 56594, 56594, 56594, 73682, 56594, 56594, 56594, 56582, 56582, 73694, 56582, 56594, 56594, 56594, 73694, 56594, 56594, 56594, 56594, 73694, 56594, 56594, 56594, 56594, 73694, 56594, 56594, 56594, 56594, 73694, 56582, 56582, 56594, 73694, 56594, 56594, 56594, 73694, 56594, 56594, 56594],[668764, 643640, 618388, 543321, 543321, 543321, 502181, 410442, 410442, 410442],[],[]
# TOTAL EXPERIMENT TIME: 241.69 seconds
