# Author Nykjaer
# ------Specs--------# cpu_name:  (processor model)
# cpu_cores: 6 (physical cores)
# ram_gb: 13.5 (system memory in GB)
# gpu_name: NVIDIA GeForce RTX 3060 Laptop GPU (graphics processor)
# os_name: Linux (operating system)
# ------Config--------# good_contributors: 4 (honest participants)
# bad_contributors: 1 (malicious participants)
# freeriders: 1 (contribute 0)
# inactive: 0 (never join)
# reward: 1000000000000000000 (total reward pool)
# minimum_rounds: 10 (rounds to simulate)
# min_buy_in: 1000000000000000000 (lower buy-in bound)
# max_buy_in: 1000000000000000000 (upper buy-in bound)
# standard_buy_in: 1000000000000000000 (default buy-in)
# epochs: 1 (local epochs per round)
# batch_size: 32 (training batch size)
# punish_factor: 3 (penalty multiplier)
# first_round_fee: 50 (fee for first round)
# fork: True (True=local fork, False=real net)
# contribution_score_strategy: naive (scoring method)
# use_outlier_detection: False (Whether to use outlier detection)
# freerider_start_round: 3 (When freeriders should start freeriding)
# freerider_noise_scale: 0.5 (How much noise a freeder should add)
round,time,globalAcc,globalLoss,GRS,accAvgPerUser,lossAvgPerUser,rewards,conctractBalanceRewards,punishments,contributionScores,feedbackMatrix,disqualifiedUsers,userStatuses,GasTransactions
# $startingUserConfig$['$user$0, 0, good, good, None, 0xA41dE09A63f6Cedd633f99052b44450d3BB91D44', '$user$1, 0, good, good, None, 0x17725D495A0843Ea05541fD61ba5D4082750bC08', '$user$2, 0, good, good, None, 0x37AC7AC5D09bbC6dAC1CF036b7F9DdD0EA4E052E', '$user$3, 0, good, good, None, 0x536fc4cd48ad9B3649e8aB615592E83Ec9F5fcd1', '$user$4, 0, good, bad, 3, 0x118E560679B62a9F24c135A96d416548782f8cc2', '$user$5, 0, good, freerider, 3, 0xA2F37A08a8488CB8551a0D03f7A73f4156757de7']
0,00:06:53.965,0,720.6319580078125,"[1000000000000000000, 1000000000000000000, 1000000000000000000, 1000000000000000000, 1000000000000000000, 1000000000000000000]",[],[],[],1000000000000000000,[],[],,[],"['$user$0, 0, good, good, None, 0xA41dE09A63f6Cedd633f99052b44450d3BB91D44', '$user$1, 0, good, good, None, 0x17725D495A0843Ea05541fD61ba5D4082750bC08', '$user$2, 0, good, good, None, 0x37AC7AC5D09bbC6dAC1CF036b7F9DdD0EA4E052E', '$user$3, 0, good, good, None, 0x536fc4cd48ad9B3649e8aB615592E83Ec9F5fcd1', '$user$4, 0, good, bad, 3, 0x118E560679B62a9F24c135A96d416548782f8cc2', '$user$5, 0, good, freerider, 3, 0xA2F37A08a8488CB8551a0D03f7A73f4156757de7']","[('register', '36ac975efed781fd4b269ec1c141156f3084813fd5ce83bed2d63efb0831cca2', 126674), ('register', '08eef08517309ca672016defc0ca3880082d21f54639f7daf989ee1a25341f1f', 126674), ('register', 'abd3c8a9328e6a834d187ac5220db67939425c559436a60f7e746de08afd5fcb', 126674), ('register', 'fb470f0eba9e4129250e4994b00629866ae7b10897b80f56535039921ea2e7f5', 126674), ('register', 'df6a708dc34e28661186db76ade47e82a99e4fcbcee7d8a01ce5fe2ce2370935', 126674)]"
1,00:07:24.944,0.3509,716.0250244140625,"[1016666666666666666, 1016666666666666666, 1016666666666666666, 1016666666666666666, 1016666666666666666, 1016666666666666666]","[11, 9, 8, 8, 11, 11]","[74, 74, 74, 74, 74, 74]","[('0xA41dE09A63f6Cedd633f99052b44450d3BB91D44', 4000000000000000000, 16666666666666666, 1016666666666666666), ('0x17725D495A0843Ea05541fD61ba5D4082750bC08', 4000000000000000000, 16666666666666666, 1016666666666666666), ('0x37AC7AC5D09bbC6dAC1CF036b7F9DdD0EA4E052E', 5000000000000000000, 16666666666666666, 1016666666666666666), ('0x536fc4cd48ad9B3649e8aB615592E83Ec9F5fcd1', 5000000000000000000, 16666666666666666, 1016666666666666666), ('0x118E560679B62a9F24c135A96d416548782f8cc2', 3000000000000000000, 16666666666666666, 1016666666666666666), ('0xA2F37A08a8488CB8551a0D03f7A73f4156757de7', 5000000000000000000, 16666666666666666, 1016666666666666666)]",900000000000000000,[],"[166666666666666666, 166666666666666666, 166666666666666666, 166666666666666666, 166666666666666666, 166666666666666666]","[[0.0, 1.0, 1.0, 1.0, 1.0, 1.0], [1.0, 0.0, 1.0, 1.0, 1.0, 1.0], [1.0, 1.0, 0.0, 1.0, 0.0, 1.0], [1.0, 1.0, 1.0, 0.0, 1.0, 1.0], [1.0, 1.0, 1.0, 1.0, 0.0, 1.0], [0.0, 0.0, 1.0, 1.0, 0.0, 0.0]]",[],"['$user$0, 0.624, good, good, None, 0xA41dE09A63f6Cedd633f99052b44450d3BB91D44', '$user$1, 0.649, good, good, None, 0x17725D495A0843Ea05541fD61ba5D4082750bC08', '$user$2, 0.709, good, good, None, 0x37AC7AC5D09bbC6dAC1CF036b7F9DdD0EA4E052E', '$user$3, 0.669, good, good, None, 0x536fc4cd48ad9B3649e8aB615592E83Ec9F5fcd1', '$user$4, 0.636, good, bad, 3, 0x118E560679B62a9F24c135A96d416548782f8cc2', '$user$5, 0.771, good, freerider, 3, 0xA2F37A08a8488CB8551a0D03f7A73f4156757de7']","[('slot', 'd6dae6b9e157a9f69b929be3a330ac8f1f1834af4dd10ed7e87b7b4314d9c7f3', 50814), ('slot', 'd2349cd29a3e0f531465a42c351ebb3720e01541aa8ef40e7c967eb310d55812', 50814), ('slot', '260bdc35e1f7a12739852b5415e8a3461f661d0a12e90ad41ad557ca1a15b12a', 50814), ('slot', 'b938b3e3f8f34ef60ab9213a6958a54f58c740956454d931389eeac79ca94ab3', 50814), ('slot', 'b90e60129d4288df70e90a0cd64237939407044a484a37508f44db36b41b90ad', 50814), ('slot', '32086c59f4e07e47473946b72f16aa4f3973ec77cc72a959f9ee74db25ab215f', 50814), ('weights', 'a9cbbe161262152475b77a9dd3245c0fee364749a092535344cfe5b1a5366381', 73694), ('weights', 'c894171a8e6219629dc0d0e3dafd22523eff2b2f8fd53b003057dff1218d12a5', 56594), ('weights', 'eb3460ced000165b46dbf036fd7665a4542a8ba9e2f89b747c1a2788d4a5e5a0', 56594), ('weights', '79c6af234220d2b9580d8d075faf71e9f36bccc2bab2c3caafd3005201b94177', 56582), ('weights', 'e4a2caf64ccaffc978a965fc9bc7ae56db446f4c04e9d389d370acd11725a420', 56582), ('weights', '421c8fa2a38f40cced641b841a596146e224aa2ca94a700b7718d6edc844f9a3', 56594), ('feedback', 'ba42386192d8276acb15cc8e93d4fad651b253ee6b2e988dfa1943c08bec6075', 422553), ('feedback', 'b3760adf09f5df53d565259b714ae909aa2246d8cf11c93fc783f9d887146e63', 354153), ('feedback', '5b04fdafe977057ddd619ee324b07e4c121d2878e68c96b1b88fa03fc9c755b0', 313379), ('feedback', 'd98111f26368ab3278d9f90aba62622aa39c4dae1d4d32a58e27d02e9511659a', 337053), ('feedback', 'e3ea4a8d2a62bcf31b7f9e88b47cf70b3e4fe901859512b6a19a59ff75223847', 337053), ('feedback', '0463f91963d81c4a0893234b149653bf34020dfe26e0a1f3a3a4c6047d59cc7e', 266031), ('contrib', 'a88d31bbfe30fa51ecbe02993cfcf47bdcc9efa4d7673e83d095a97403230e0f', 75223), ('contrib', 'b9492beb5337002e95a45376c5b4ee90b467dd0d5bab64fe123e28732d88feb8', 58123), ('contrib', '8f2b20fcf253953f805191b0670a6eccda7f97f486a1029a01a17e7e7ce81455', 58123), ('contrib', '0a10f27a3b81c601c932aec990d3311d7d317cb2733fd1971286e1cf8a003711', 58123), ('contrib', '3b5d493fb2bccadc99986f2fd77210db8e9fa684c8268a6a0d3c382bb4d920ad', 58123), ('contrib', '263e390d820bc613a9c29ed81611a7255dcfdb7ea3a6a1d1ba4f8b0a63e8372c', 58123), ('close', '59a02c20596513b76566e02860981f1bd9ea58e20a3041d2ca78f539b42ace42', 641581)]"
2,00:07:55.449,0.5946,600.6928558349609,"[1033333333333333332, 1033333333333333332, 1033333333333333332, 1033333333333333332, 1033333333333333332, 1033333333333333332]","[31, 32, 35, 34, 35, 37]","[73, 73, 73, 73, 73, 73]","[('0xA41dE09A63f6Cedd633f99052b44450d3BB91D44', 5083333333333333330, 16666666666666666, 1033333333333333332), ('0x17725D495A0843Ea05541fD61ba5D4082750bC08', 4066666666666666664, 16666666666666666, 1033333333333333332), ('0x37AC7AC5D09bbC6dAC1CF036b7F9DdD0EA4E052E', 5083333333333333330, 16666666666666666, 1033333333333333332), ('0x536fc4cd48ad9B3649e8aB615592E83Ec9F5fcd1', 5083333333333333330, 16666666666666666, 1033333333333333332), ('0xA2F37A08a8488CB8551a0D03f7A73f4156757de7', 5083333333333333330, 16666666666666666, 1033333333333333332)]",800000000000000000,[],"[166666666666666666, 166666666666666666, 166666666666666666, 166666666666666666, 166666666666666666, 166666666666666666]","[[0.0, 1.0, 1.0, 1.0, 0.0, 1.0], [1.0, 0.0, 1.0, 1.0, 1.0, 1.0], [1.0, 1.0, 0.0, 1.0, 0.0, 1.0], [1.0, 1.0, 1.0, 0.0, 0.0, 1.0], [1.0, 1.0, 1.0, 1.0, 0.0, 1.0], [1.0, 0.0, 1.0, 1.0, -1.0, 0.0]]",[],"['$user$0, 0.517, good, good, None, 0xA41dE09A63f6Cedd633f99052b44450d3BB91D44', '$user$1, 0.501, good, good, None, 0x17725D495A0843Ea05541fD61ba5D4082750bC08', '$user$2, 0.545, good, good, None, 0x37AC7AC5D09bbC6dAC1CF036b7F9DdD0EA4E052E', '$user$3, 0.548, good, good, None, 0x536fc4cd48ad9B3649e8aB615592E83Ec9F5fcd1', '$user$4, 0.454, good, bad, 3, 0x118E560679B62a9F24c135A96d416548782f8cc2', '$user$5, 0.637, good, freerider, 3, 0xA2F37A08a8488CB8551a0D03f7A73f4156757de7']","[('close', '59a02c20596513b76566e02860981f1bd9ea58e20a3041d2ca78f539b42ace42', 641581), ('slot', 'a84631cf9a96741fed4df7381b7dfd247082e5e6472767fdabb310ad2fffa616', 50814), ('slot', 'e4b83a747162aa2ff2fba620d3f3097cddc665a86c24217db91bde5cec06105a', 50814), ('slot', '916223bd348c1f4e25d11af6283ba5994165353d195bd6309ef51b56c160beaf', 50814), ('slot', 'e7e5abf963485fabc3eeded0e27c79707e90e0a8febf973e7d5f9dde6ebf18c1', 50814), ('slot', '6135f66a4be5e9bdca71db38968f45f21b9de9a26935fa33b7cbababf65878ba', 50802), ('slot', '367787d8a5a5430424b398a43406bd1e9f5f700eb73d833175168e6b0297e993', 50814), ('weights', 'b546190575c54b616db3760a768772507732d15f6854232f377e5847d3f7cf9b', 73694), ('weights', '005dd4f52688ebfcdd9064ec6f8fdffdfddd684ebc56e058b26de015b27c3ebb', 56594), ('weights', 'e93f6401953aeed77817c462e7a7f0aa190687e4d09e7fbd58f9e19e7c774c65', 56594), ('weights', '0aa9f60ffad2df76c1a209a0aee21b9f8cbeee258bdd15d68b9a3415c2bd5013', 56582), ('weights', '800cc8357cdf5f60d701b6c9e486d8d47cf73405fdfef7f1f5eb46227241d404', 56582), ('weights', 'd6ba1898369806e8e6f5a326d73dffe60eca08021eea62c124a478290d101509', 56582), ('feedback', '1e8bb0473384dbf4950ab1aad7022aa6afca5e490069374444a1ce3a8218fd0c', 300179), ('feedback', '8c27eefb3eaccae133aa1ce271e43fb8914074b85d499f4055c378387d1e9e8f', 271753), ('feedback', 'c526be4087e29806bbba6dd9c98d01999b0da4da49c851bf61d4874986d0bb7a', 233779), ('feedback', '2456dc4f12ac23cdc8d908994c647965575cc91c2667ceca6031f77b56af2eec', 231779), ('feedback', '4b468e1afa3d22d80863d804235367474aa158cdfa5939021b68e4967314aac3', 237553), ('feedback', '2aeeae38d2153435c4508ff4c4df77342f2c610f1605f5c9e70d81e2aa07165f', 249227), ('contrib', '5f361d2dd3d7eb90f02cc79fa25095b05b3ac6f78c9739233784475aa909870d', 75223), ('contrib', 'ca29df49a701de720198ae1303aa71e48a6160a236bfcdbaa70f073017ffbff9', 58123), ('contrib', 'b8d5c649490f59af272d8710ba4110b08bb176d51a87661f029af70168a08221', 58123), ('contrib', '74f6438c5acbb09ae3e7ce34c49ffeb1f61c49d67703cc5257d9130bd7cfd899', 58123), ('contrib', '43c696c0f75ea83365ffbc7b825154d5b57add69e431555b53a9ed8e4b14b1a5', 58123), ('contrib', '6341452a393d93158b7928ae475cd3a945901e8214cea52de865981a68656212', 58123), ('close', 'b89eb4d47f3d195c364922f7f4ba7e9f9f39f4e687665c7a41e7520d965ba046', 608946)]"
3,00:08:21.850,0.8182,195.46386513113976,"[1230555555555555554, 1230555555555555554, 1230555555555555554, 1230555555555555554, 688888888888888888, 688888888888888888]","[56, 57, 57, 57, 59, 62]","[62, 62, 62, 62, 62, 61]","[('0xA41dE09A63f6Cedd633f99052b44450d3BB91D44', 2066666666666666664, 197222222222222222, 1230555555555555554), ('0x17725D495A0843Ea05541fD61ba5D4082750bC08', 2066666666666666664, 197222222222222222, 1230555555555555554), ('0x37AC7AC5D09bbC6dAC1CF036b7F9DdD0EA4E052E', 2066666666666666664, 197222222222222222, 1230555555555555554), ('0x536fc4cd48ad9B3649e8aB615592E83Ec9F5fcd1', 2066666666666666664, 197222222222222222, 1230555555555555554)]",700000000000000000,"[(3, 344444444444444444), (3, 344444444444444444)]","[250000000000000000, 250000000000000000, 250000000000000000, 250000000000000000]","[[0.0, 1.0, 1.0, 1.0, -1.0, -1.0], [1.0, 0.0, 1.0, 1.0, -1.0, -1.0], [1.0, 1.0, 0.0, 1.0, -1.0, -1.0], [1.0, 1.0, 1.0, 0.0, -1.0, -1.0], [-1.0, -1.0, -1.0, -1.0, 0.0, -1.0], [0.0, 0.0, 0.0, 0.0, 0.0, 0.0]]","[5, 6]","['$user$0, 0.758, good, good, None, 0xA41dE09A63f6Cedd633f99052b44450d3BB91D44', '$user$1, 0.787, good, good, None, 0x17725D495A0843Ea05541fD61ba5D4082750bC08', '$user$2, 0.783, good, good, None, 0x37AC7AC5D09bbC6dAC1CF036b7F9DdD0EA4E052E', '$user$3, 0.751, good, good, None, 0x536fc4cd48ad9B3649e8aB615592E83Ec9F5fcd1', '$user$4, 0.454, bad, bad, 3, 0x118E560679B62a9F24c135A96d416548782f8cc2', '$user$5, 0.637, freerider, freerider, 3, 0xA2F37A08a8488CB8551a0D03f7A73f4156757de7']","[('close', 'b89eb4d47f3d195c364922f7f4ba7e9f9f39f4e687665c7a41e7520d965ba046', 608946), ('slot', '6b89ce3c5e8ea98ee1eda4f87e75035cd299e1ce7d7a14d15d4ae3be035367f0', 50790), ('slot', 'f1c670d1be906dadfddfea1ae9b1a0945fdf549e08862b0fbcb9c751f8cd0fa9', 50814), ('slot', '6752019fa134881a98dc9bd3ee7851470de4a0e98eabc039341ba99cdb223bab', 50814), ('slot', 'a499334ccb95f2cca082e1d5039cdfca3136dfb7f508af136767bda7cb9fff94', 50814), ('slot', '3d9bb31cc36efa56e3791e31bcb9ab42136156887fe46987bc1e316fbddb1c9e', 50802), ('slot', 'b8d8e1a9b5064bcc19a2baf69f14a7fdad58cb6a399563843526462622e9b22d', 50802), ('weights', 'a37edb18abb1a00969eb5e9422981fe8c7d82a7b7e5460f3155c6598cad8405f', 73694), ('weights', 'f3fcb4cd007070ac3ae3d2b2f7da6a8af665363e3f6c02550bb71c61b0fecbdc', 56594), ('weights', 'fe077a1fc3b2a2d8a68bd1f139ee71ebcaad45f11811b50013e4b36611322626', 56594), ('weights', 'b1a4f2d9b89d9b3647f4dfa861a48778bd84d385b7531ced57d386353834afcd', 56582), ('weights', 'bcb3494c9ac9f67a2122a876630bbd08a13b3d1597ac4fa5bab50b4b60662159', 56582), ('weights', 'a36f57b3d0b49ac602a0da87a74b267664b406663eae5ecd35c3f439c074439c', 56594), ('feedback', '59ed49dbfd058a14edee0883f5402394b74782461b00fa5ab50394a72f111fad', 321749), ('feedback', '421796caa4f123cce492401400c5def1cf374c70cf93a92e0a76b1b41fedaf3c', 251349), ('feedback', '8d58bf230ee41f3c4bc62dfa8708a84204618b63e5f3417d40dc50501d6b9a12', 236249), ('feedback', '352242b6daf508f1deafad759668d934b152f153b11a8e37928a7798bfcd96b8', 236249), ('feedback', '134c7dd015e385a26c4beac31b1ff469c3959ced9eece4d1f6798007952703df', 229293), ('feedback', 'c7ea9aa461d49bca868e288dc092ed1b5dadf3a7f691adf30a74781fcc0a72a4', 212683), ('contrib', '72027ed730d5dcb5db5ec890dbdb96f1fcccc9e5e4967fe7d539c9656c14ef2a', 75199), ('contrib', '2fb5d863d0966d3240e838eb934c2cd9dd760e78c329d7ea040913ac014e94ea', 58099), ('contrib', '97d31f01860a85fb4ba821f4889947a6f1814587ce6389c7ddeb5ec3df61318d', 58099), ('contrib', '83f035fa1299e6694a086741f9f64f76404768644b9b8f32efacd31bb3dba6d2', 58099), ('close', '786dcb172c6393d06656b5d5cbce673364848200f451b4d81844d91446be6fd0', 658515)]"
4,00:08:48.358,0.8642,143.54855248332024,"[1370370370370370368, 1370370370370370368, 1370370370370370368, 1370370370370370368, 459259259259259259, 459259259259259259]","[80, 82, 80, 80, 82, 83]","[20, 20, 21, 22, 19, 19]","[('0xA41dE09A63f6Cedd633f99052b44450d3BB91D44', 3002777777777777774, 139814814814814814, 1370370370370370368), ('0x17725D495A0843Ea05541fD61ba5D4082750bC08', 3002777777777777774, 139814814814814814, 1370370370370370368), ('0x37AC7AC5D09bbC6dAC1CF036b7F9DdD0EA4E052E', 3002777777777777774, 139814814814814814, 1370370370370370368), ('0x536fc4cd48ad9B3649e8aB615592E83Ec9F5fcd1', 3002777777777777774, 139814814814814814, 1370370370370370368)]",600000000000000000,"[(4, 229629629629629629), (4, 229629629629629629)]","[250000000000000000, 250000000000000000, 250000000000000000, 250000000000000000]","[[0.0, 1.0, 1.0, 1.0, -1.0, -1.0], [1.0, 0.0, 1.0, 1.0, -1.0, -1.0], [1.0, 1.0, 0.0, 1.0, -1.0, -1.0], [1.0, 1.0, 1.0, 0.0, -1.0, -1.0], [-1.0, -1.0, -1.0, -1.0, 0.0, -1.0], [0.0, 0.0, 0.0, 0.0, 0.0, 0.0]]","[5, 6]","['$user$0, 0.825, good, good, None, 0xA41dE09A63f6Cedd633f99052b44450d3BB91D44', '$user$1, 0.857, good, good, None, 0x17725D495A0843Ea05541fD61ba5D4082750bC08', '$user$2, 0.849, good, good, None, 0x37AC7AC5D09bbC6dAC1CF036b7F9DdD0EA4E052E', '$user$3, 0.808, good, good, None, 0x536fc4cd48ad9B3649e8aB615592E83Ec9F5fcd1', '$user$4, 0.454, bad, bad, 3, 0x118E560679B62a9F24c135A96d416548782f8cc2', '$user$5, 0.637, freerider, freerider, 3, 0xA2F37A08a8488CB8551a0D03f7A73f4156757de7']","[('close', '786dcb172c6393d06656b5d5cbce673364848200f451b4d81844d91446be6fd0', 658515), ('slot', 'c239e9f650c678353c82ed6aa9e02a244cee253bc26cfd4182557089660f4491', 50814), ('slot', 'fd06a3e6425f24cd3c232cbec88f40e41bd8bd7d1f99e1834a9999aa55795b19', 50814), ('slot', 'c8b67cc296d89480661e5b9749a02f61901b09e20578aa9a425ccecdb6093f27', 50814), ('slot', 'a16ad6c9e29e271bfdcfc5f820ccfe24db25e4a78f80f5fd9b8a9d71881b4a6b', 50814), ('slot', 'c38b75b94104629cb514c5e1e5294d6da507907e89f753d5294b1a43d29ab94e', 50814), ('slot', '947e6b891b43e48eefb7f18825279ef96956aa8299daae2b6c96bdc7cb52c3ae', 50814), ('weights', '43e6faf0ec2a296c7e3f3c38a59817df57d7ef453e128eb3bcd612ae78a68f60', 73694), ('weights', '301f6c07d4132eb25b7dc8d26e47edbc9f922df8c59b1840631b3c5a376bbf73', 56594), ('weights', '1786b51c4b1d7f0c844df7076aa163ad2b824dc8350c79127ed1200b604d3974', 56594), ('weights', '9280a153c7849f6587ddca09ab01bcbdd7e4e88d4332ad6bf0beadcfcfecd217', 56582), ('weights', '49663156a80a7bd4762c57a25b294645785b156dd78ba7383198ed2ca3fad28e', 56582), ('weights', 'a55141f9a75903134a280f70b50d9fdd1bcae5a9dc60cf3f7e3d9dff29de8913', 56594), ('feedback', 'ce34f7f3452a351d0e3f041e4cd553b5315abedd9064d26c544856ae7c175711', 323749), ('feedback', 'ad817ae5b57895b8df60e3012990e2c1fe823ca7701139423bea8ed097e06a5b', 255349), ('feedback', '380b44558510c377a450e882d3cdfa56f75242ee2c710b659b13ed87f8022ee4', 238249), ('feedback', 'b601f8dd81efffbc329a50ccf402b0706abfaed6301ada62aa32827c4ef92537', 238249), ('feedback', '0f8ad1d4fafa11a59216f415d3943de567ac57bf3cd7ab9de3cfc77fca19e03e', 239293), ('feedback', '052040cd46f3fcc4aee6345f7fc3f1f7e51571208555c15c24e77db5c3425f56', 218683), ('contrib', '5cf698a0532b4c7c6720e0150cb376062bba324bdc3f04b08fc2d1139c1bccd6', 75199), ('contrib', 'bb5f835dbb453d9bfe2056f44eeda88c3b5e837d0b70c13947bbbf2159552fa6', 58099), ('contrib', '33fba945ad235433e59afd91f54fe4bda5fbc7b3b5c71637b9aa341bc5b8f9cd', 58099), ('contrib', '2918d967514f4e23511e585336c7a9d33fdf28266bdbdd22eabbe22994b36d27', 58099), ('close', '48bb7c9ac520575f77a828025255ad19bd3b2d35f6a967e9c9721d2bc8779fb2', 658515)]"
5,00:09:14.499,0.8881,114.98369162529707,"[1471913580246913577, 1471913580246913577, 1471913580246913577, 1471913580246913577, 306172839506172840, 306172839506172840]","[87, 88, 86, 85, 88, 87]","[14, 14, 15, 16, 14, 14]","[('0xA41dE09A63f6Cedd633f99052b44450d3BB91D44', 3651851851851851845, 101543209876543209, 1471913580246913577), ('0x17725D495A0843Ea05541fD61ba5D4082750bC08', 3651851851851851845, 101543209876543209, 1471913580246913577), ('0x37AC7AC5D09bbC6dAC1CF036b7F9DdD0EA4E052E', 3651851851851851845, 101543209876543209, 1471913580246913577), ('0x536fc4cd48ad9B3649e8aB615592E83Ec9F5fcd1', 3651851851851851845, 101543209876543209, 1471913580246913577)]",500000000000000000,"[(5, 153086419753086419), (5, 153086419753086419)]","[250000000000000000, 250000000000000000, 250000000000000000, 250000000000000000]","[[0.0, 1.0, 1.0, 1.0, -1.0, -1.0], [1.0, 0.0, 1.0, 1.0, -1.0, -1.0], [1.0, 1.0, 0.0, 1.0, -1.0, -1.0], [1.0, 1.0, 1.0, 0.0, -1.0, -1.0], [-1.0, -1.0, -1.0, -1.0, 0.0, -1.0], [0.0, 0.0, 0.0, 0.0, 0.0, 0.0]]","[5, 6]","['$user$0, 0.858, good, good, None, 0xA41dE09A63f6Cedd633f99052b44450d3BB91D44', '$user$1, 0.88, good, good, None, 0x17725D495A0843Ea05541fD61ba5D4082750bC08', '$user$2, 0.883, good, good, None, 0x37AC7AC5D09bbC6dAC1CF036b7F9DdD0EA4E052E', '$user$3, 0.867, good, good, None, 0x536fc4cd48ad9B3649e8aB615592E83Ec9F5fcd1', '$user$4, 0.454, bad, bad, 3, 0x118E560679B62a9F24c135A96d416548782f8cc2', '$user$5, 0.637, freerider, freerider, 3, 0xA2F37A08a8488CB8551a0D03f7A73f4156757de7']","[('close', '48bb7c9ac520575f77a828025255ad19bd3b2d35f6a967e9c9721d2bc8779fb2', 658515), ('slot', 'b556459a869861e95c547fdfaa9381c1d738c202ba6c2ca83b2f5b9637d9c29b', 50814), ('slot', '13780f5f148f56ac130cb57d59105b1558d92e445c8f799085bf71165b45c457', 50814), ('slot', '1d44aaad8cc9f223fff1171a91a89c9eab16c750390df2c298283c92feda5e73', 50814), ('slot', '237dcc83b089e1d708ebf4268dea639e301c099add8e54c1804e16da6f7baaa4', 50814), ('slot', '9c130b9aa8392a217cd02798ee1c453a4a0b080012beb5e5922af16e1f490a14', 50802), ('slot', '390220efa9d1c74e2b37f2dd894c58af8928dc1f40e6bcad69efdb142e572e5a', 50814), ('weights', '54f5aa56618493e08b78433b700bb7a830b682ebc5b0c9e63717825c0d4866e9', 73694), ('weights', 'a77d39937a6c2f61382a42043428479004cefd48d5823f6d5080115da23b660e', 56594), ('weights', '42b509a33542c4601f65e6786780f27fe9216a794f285fe0bfa06ca13baf3ace', 56594), ('weights', '8310f29c4f32d3d663e6c2826c03415871ba8086fdf85f152f552960f9006f63', 56582), ('weights', 'a23f88276d1f74657881266a9bc4478243f711b6f6bd0d845005461270b2d37c', 56582), ('weights', 'e7e7fd7cf6d7478136d6aca21a8411bb9e0c50023f64e10f7f892df335643ce6', 56594), ('feedback', '44df9e79140d87918b1e45285cbd4797d517efb4d6427cd7fdb319a0c43259a7', 323749), ('feedback', '1872fdd4212c3174580bb52bda97c9075941b15a8c4f23f7e45be24174d04d3c', 255349), ('feedback', 'fa1de653638811ea47308bce50100d89cfb2385383b93d8c5125e597696121af', 238249), ('feedback', '58b4f003f10e7a940863b1c59fbe9fc0dc9db11bf708aab8ce334e22013c9239', 238249), ('feedback', 'bc9a6c1ead243b6a9268ab63755ad11dfb8b89b7bc2ee3e0fad4548e3ce56f05', 239293), ('feedback', '64f6ec578462f48930ed4b744fa46b23e8a0d9dd99909eaf153242e90d5e7a9d', 218683), ('contrib', '0167fc6350985b8f5e63ca431561f35f8c35027c1eb3ba576bf33eadb07f4ddb', 75199), ('contrib', '13e9aa2fd512d77c14aa4523f7475be67df040e73f4ded8d439dcdc631ffbd9a', 58099), ('contrib', 'e3ac577967961174209a28ec38a00586ecb44cd8821c1ef2f54f60778873c319', 58099), ('contrib', '4ca7d406e32f9d2fad6b3d394b0f9d43446002f3c0bc56aab8bc3a63c8633737', 58099), ('close', 'a28ed828bd022a8d85e3949d3546d0890c6fab6736ac9b7a1eb683c8df7aafea', 658515)]"
6,00:09:41.092,0.9038,97.31562368944287,"[1649999999999999997, 1649999999999999997, 1649999999999999997, 1649999999999999997, 0, 0]","[89, 89, 90, 87, 89, 89]","[11, 11, 12, 13, 11, 12]","[('0xA41dE09A63f6Cedd633f99052b44450d3BB91D44', 4109567901234567891, 178086419753086420, 1649999999999999997), ('0x17725D495A0843Ea05541fD61ba5D4082750bC08', 4109567901234567891, 178086419753086420, 1649999999999999997), ('0x37AC7AC5D09bbC6dAC1CF036b7F9DdD0EA4E052E', 4109567901234567891, 178086419753086420, 1649999999999999997), ('0x536fc4cd48ad9B3649e8aB615592E83Ec9F5fcd1', 4109567901234567891, 178086419753086420, 1649999999999999997)]",400000000000000000,"[(6, 306172839506172840), (6, 306172839506172840)]","[250000000000000000, 250000000000000000, 250000000000000000, 250000000000000000]","[[0.0, 1.0, 1.0, 1.0, -1.0, -1.0], [1.0, 0.0, 1.0, 1.0, -1.0, -1.0], [1.0, 1.0, 0.0, 1.0, -1.0, -1.0], [1.0, 1.0, 1.0, 0.0, -1.0, -1.0], [-1.0, -1.0, -1.0, -1.0, 0.0, -1.0], [0.0, 0.0, 0.0, 0.0, 0.0, 0.0]]","[5, 5]","['$user$0, 0.88, good, good, None, 0xA41dE09A63f6Cedd633f99052b44450d3BB91D44', '$user$1, 0.892, good, good, None, 0x17725D495A0843Ea05541fD61ba5D4082750bC08', '$user$2, 0.895, good, good, None, 0x37AC7AC5D09bbC6dAC1CF036b7F9DdD0EA4E052E', '$user$3, 0.886, good, good, None, 0x536fc4cd48ad9B3649e8aB615592E83Ec9F5fcd1']","[('close', 'a28ed828bd022a8d85e3949d3546d0890c6fab6736ac9b7a1eb683c8df7aafea', 658515), ('slot', '52f613dfeb948c79b6f25b995a20a82efebd51ac4771f3dbe72d04d9c7c4305e', 50802), ('slot', 'ffc580fd11d9df9f751b4647810ebc95fd8a68af7d91424647b8c745dfa05bd8', 50814), ('slot', '96f1088743b6d3704b87deb026aff1c6d24f2aff3b4e28847c3bc442cf181e26', 50814), ('slot', '0ded30e5171d428943b2aebc8bc402059ecb344f8237a8bbdc24ca6524dbbe53', 50802), ('slot', '7f9d3c240da9bc4f9e37c52a2705f83135df6447c4c1e4313362bd97f9ec0195', 50814), ('slot', '4907774ee40b99f3db9c5ba1f6273c1fefa3197923dc74099dc3c9f26f404c2c', 50814), ('weights', 'f417c639c774640290d289759dcf10092c7329339753ee2c03f9adac7c4d01fc', 73694), ('weights', '2492950a1a58c1e3edf29f52ed101bce3b701bc401c150ba7efe62512ada5abe', 56594), ('weights', '4758b2efa05fbffed341c64ca88ea51f96db489e84de693d00ad431aa3c35600', 56594), ('weights', '8a26ec4dc48eb1aa565e4c54691646a8eaa3543f9a8145e54b3b65ab4ed7ae95', 56582), ('weights', 'f7713bfa26bb3bc6d01d1a2f95669d03a2fedf4e074170272fd0dbfa4c7c50c2', 56582), ('weights', 'a2e3b97e61ea90a88a80bc60cb04ccf06c241f3be6b770e793ac96f1c8ff3f81', 56594), ('feedback', 'ce07692684fc594617348b2d007de2d88c1ed1fc03711fd993695183368ea9bc', 323749), ('feedback', 'be26c898ba15d786380dc0a6e1a2997fc7e29957e3d012822197dc2d0aff2f79', 255349), ('feedback', '68211cb4ccf3f27acb0a0b1586c94afede852c862fd45a115757b0fd2cf3a61e', 238249), ('feedback', 'bdb469845f385d4b01ce0ff49c9b150bde3eb53479220767ef73a64419ceb901', 238249), ('feedback', '5343c5bb96254c228373f7f711d65a352cfb5bbd268b6e9024c12022767de429', 239293), ('feedback', '88f234026be38b37b8cdad636cdf643f644b38d41243a66a75796845923f9b6a', 218683), ('contrib', '1199886b5e89ad2650593821cf33756b43c8c921e738aa90dab0bf6fe58f2e93', 75199), ('contrib', 'c0ae4b51eb5e8bf776aa0e4513a26404ced4e36380585592c726a9b65f870bd6', 58099), ('contrib', 'a1ab743dc9fce75ec8dfefec4c9448966a4751178b5a9549ad62a91086c2fe05', 58099), ('contrib', 'd1cca72d1e477a7ab6b7656f928bb2fb6d13aa5d8fea81e1942a3a38f703fe51', 58099), ('close', 'b8163bf29c56703e2d65b74c47f1c514c1d4b206866ffd8fad3e2d56170e4e6d', 570900)]"
7,00:10:03.077,0.9187,82.32363523542881,"[1674999999999999997, 1674999999999999997, 1674999999999999997, 1674999999999999997, 0, 0]","[91, 90, 91, 88, 0, 0]","[9, 9, 10, 11, 0, 0]","[('0xA41dE09A63f6Cedd633f99052b44450d3BB91D44', 4949999999999999991, 25000000000000000, 1674999999999999997), ('0x17725D495A0843Ea05541fD61ba5D4082750bC08', 4949999999999999991, 25000000000000000, 1674999999999999997), ('0x37AC7AC5D09bbC6dAC1CF036b7F9DdD0EA4E052E', 4949999999999999991, 25000000000000000, 1674999999999999997), ('0x536fc4cd48ad9B3649e8aB615592E83Ec9F5fcd1', 4949999999999999991, 25000000000000000, 1674999999999999997)]",300000000000000000,[],"[250000000000000000, 250000000000000000, 250000000000000000, 250000000000000000]","[[0.0, 1.0, 1.0, 1.0, 0.0, 0.0], [1.0, 0.0, 1.0, 1.0, 0.0, 0.0], [1.0, 1.0, 0.0, 1.0, 0.0, 0.0], [1.0, 1.0, 1.0, 0.0, 0.0, 0.0], [0.0, 0.0, 0.0, 0.0, 0.0, 0.0], [0.0, 0.0, 0.0, 0.0, 0.0, 0.0]]",[],"['$user$0, 0.89, good, good, None, 0xA41dE09A63f6Cedd633f99052b44450d3BB91D44', '$user$1, 0.889, good, good, None, 0x17725D495A0843Ea05541fD61ba5D4082750bC08', '$user$2, 0.904, good, good, None, 0x37AC7AC5D09bbC6dAC1CF036b7F9DdD0EA4E052E', '$user$3, 0.899, good, good, None, 0x536fc4cd48ad9B3649e8aB615592E83Ec9F5fcd1']","[('close', 'b8163bf29c56703e2d65b74c47f1c514c1d4b206866ffd8fad3e2d56170e4e6d', 570900), ('slot', '9c618ba7dee96d0db3e7cd8e47078991ee5107eca5d5a8a2408d8427ebd51985', 50814), ('slot', 'd91004da5955e4b6a8813ba808c6302254fbaaa28588a0ecd963012850ed1508', 50814), ('slot', '421b3dd661090dc6f266fde00959457990ea9f12b504d5402d8876e15c8ba8f8', 50814), ('slot', 'b6919671985b07d57a0f48189ddd33cb954c40ba11dab838c3ff223805a699cb', 50814), ('weights', '834fab8d0b9214a7acbeb8f97765e475299237bb7137b0d5fd549d0ce9386c0c', 73694), ('weights', 'ba7f9508b5190efc393a06330c6c45d2c25567eec8a40490e9bca0fa1c56f7f8', 56594), ('weights', 'b8ac8539f28c6a7b96f3b3c5e7b89961d640aa1119f238661043c6a16212119b', 56594), ('weights', 'c0b98712ab47891cfa817f8b2cfab182a80f804aafa2878469ea6fb512c802a8', 56582), ('feedback', '8aee08a9cd188c62d73c57bd557fde3d3569d178dba991ab832b7f91d74200c2', 217307), ('feedback', '770f1a3929517f433c5bfb087d37850e24de2817a1efd63b5a6150046229479f', 183107), ('feedback', 'e70c6c074ef32904d9161cf81176176507b5f260807534fd62b7c309011d6876', 166007), ('feedback', '2c3382efd80fbf566a62bb14885f0a5f9af8cbad8244615a48de01102ea760d9', 166007), ('contrib', '5a3488dc8c77b1c35375870f4c2f1146924b18d45ea5cb2da3ac07bec8e932c4', 75199), ('contrib', '2ca885e66aac43e939dc0226f080cccaca78c41d82062e0a24ca78cb778c3a33', 58099), ('contrib', '493de305e9f0810e28f04f3440e863fd08937ef988307e6c9181b3a4931369b6', 58099), ('contrib', '2667d48fbfabc96814098464d030949953f01fa78d6886d251510e75e8eea4d9', 58099), ('close', '4c5f4e46192bdfd32b096abd6ded01f41fbe198a46e62738d2938943ef4c8484', 410442)]"
8,00:10:25.030,0.9236,74.61408442258835,"[1699999999999999997, 1699999999999999997, 1699999999999999997, 1699999999999999997, 0, 0]","[92, 91, 93, 89, 0, 0]","[8, 8, 8, 10, 0, 0]","[('0xA41dE09A63f6Cedd633f99052b44450d3BB91D44', 5024999999999999991, 25000000000000000, 1699999999999999997), ('0x17725D495A0843Ea05541fD61ba5D4082750bC08', 5024999999999999991, 25000000000000000, 1699999999999999997), ('0x37AC7AC5D09bbC6dAC1CF036b7F9DdD0EA4E052E', 5024999999999999991, 25000000000000000, 1699999999999999997), ('0x536fc4cd48ad9B3649e8aB615592E83Ec9F5fcd1', 5024999999999999991, 25000000000000000, 1699999999999999997)]",200000000000000000,[],"[250000000000000000, 250000000000000000, 250000000000000000, 250000000000000000]","[[0.0, 1.0, 1.0, 1.0, 0.0, 0.0], [1.0, 0.0, 1.0, 1.0, 0.0, 0.0], [1.0, 1.0, 0.0, 1.0, 0.0, 0.0], [1.0, 1.0, 1.0, 0.0, 0.0, 0.0], [0.0, 0.0, 0.0, 0.0, 0.0, 0.0], [0.0, 0.0, 0.0, 0.0, 0.0, 0.0]]",[],"['$user$0, 0.905, good, good, None, 0xA41dE09A63f6Cedd633f99052b44450d3BB91D44', '$user$1, 0.91, good, good, None, 0x17725D495A0843Ea05541fD61ba5D4082750bC08', '$user$2, 0.925, good, good, None, 0x37AC7AC5D09bbC6dAC1CF036b7F9DdD0EA4E052E', '$user$3, 0.901, good, good, None, 0x536fc4cd48ad9B3649e8aB615592E83Ec9F5fcd1']","[('close', '4c5f4e46192bdfd32b096abd6ded01f41fbe198a46e62738d2938943ef4c8484', 410442), ('slot', '259e6e3aad91d1c184b4583f237fdd0b82e41896b33dcca037204ab27e6dc8ce', 50814), ('slot', '64b261ad9c72b97b1344de6c3e4dccbd5fff98a0cc2feffa5ce3ef2ba359c526', 50814), ('slot', 'f6d0e1ae92a3b4e9b873aab8bf1240d43a5785134164eea90f056653c2ea2e09', 50814), ('slot', 'cd0f1a388c92a77fc848c41d77be0ab0c082adbd43e2541df2a285f222f7e037', 50814), ('weights', 'ede5e730d502ddd08d5804ec14c060ba9b8f2764239fbaf52776fb6f0d479f3d', 73694), ('weights', '4d532de0f9aee945f06220ba8d901d5584ac75e6f0434402e27f63c7dd0584df', 56594), ('weights', 'aa6e0e533a495be6f241be2674ff18e7dbcbe2d085a31e8b8494bb2a1baac4ea', 56582), ('weights', '4082978f51431aebd6ba31c78d411541b3bbcbfc5c609fe98e86f40a488f0916', 56582), ('feedback', 'be1391d6704813357e84986040ae1f4e8dc10629728902f62c93b58341a7ee6d', 217307), ('feedback', '1fc52fb88062e47ce7fc49474f77f3fe74c39921e6e1f1fae396caacbfc083fd', 183107), ('feedback', 'c88b6a277a920d9799c1cff169d4e6d4689678ee8ea11e6f97daa54ab1ad5490', 166007), ('feedback', '7227694b86118ae28bd9dd201e9ae12dc7129b371ab0cc3cba2f15eb32d5f325', 166007), ('contrib', '106a96149e8eb77cd4d6868e74fd5be8b2a8965362c1e8d6bb4c072d22b98e2b', 75199), ('contrib', '43dd0c0f82f40514ba1fa6dd2770027bfe7d71bef4b74f94118431f03540ed86', 58099), ('contrib', '4f1a8c9c0732762726d7ee2ca6cab119e0bbb632b27bb751a001c562674fdb75', 58099), ('contrib', '863937f6e011b9eeba6f0680ed7d605d3217d185d822dc3a04aa2dc775c617ca', 58099), ('close', '107994dbf0cfc2a4b630539265877d9cac6cf41ef4bf59f717b9ce7c4fc12640', 410442)]"
9,00:10:46.613,0.9345,65.99639851972461,"[1724999999999999997, 1724999999999999997, 1724999999999999997, 1724999999999999997, 0, 0]","[92, 93, 94, 90, 0, 0]","[7, 7, 8, 9, 0, 0]","[('0xA41dE09A63f6Cedd633f99052b44450d3BB91D44', 5099999999999999991, 25000000000000000, 1724999999999999997), ('0x17725D495A0843Ea05541fD61ba5D4082750bC08', 5099999999999999991, 25000000000000000, 1724999999999999997), ('0x37AC7AC5D09bbC6dAC1CF036b7F9DdD0EA4E052E', 5099999999999999991, 25000000000000000, 1724999999999999997), ('0x536fc4cd48ad9B3649e8aB615592E83Ec9F5fcd1', 5099999999999999991, 25000000000000000, 1724999999999999997)]",100000000000000000,[],"[250000000000000000, 250000000000000000, 250000000000000000, 250000000000000000]","[[0.0, 1.0, 1.0, 1.0, 0.0, 0.0], [1.0, 0.0, 1.0, 1.0, 0.0, 0.0], [1.0, 1.0, 0.0, 1.0, 0.0, 0.0], [1.0, 1.0, 1.0, 0.0, 0.0, 0.0], [0.0, 0.0, 0.0, 0.0, 0.0, 0.0], [0.0, 0.0, 0.0, 0.0, 0.0, 0.0]]",[],"['$user$0, 0.927, good, good, None, 0xA41dE09A63f6Cedd633f99052b44450d3BB91D44', '$user$1, 0.923, good, good, None, 0x17725D495A0843Ea05541fD61ba5D4082750bC08', '$user$2, 0.931, good, good, None, 0x37AC7AC5D09bbC6dAC1CF036b7F9DdD0EA4E052E', '$user$3, 0.918, good, good, None, 0x536fc4cd48ad9B3649e8aB615592E83Ec9F5fcd1']","[('close', '107994dbf0cfc2a4b630539265877d9cac6cf41ef4bf59f717b9ce7c4fc12640', 410442), ('slot', 'ed3698e14b8d518e28ec1c9aa0d52b5ad2ff8be9c061497ff6874b3fbc7f86de', 50814), ('slot', '317aea5571f1ab86394477ddbdfa2cdc21dd19f3fb9fcaa8681d163bec39cace', 50814), ('slot', 'f21a11b7f9918a2e3c6054a0455d35dca09e78f807aa9bade0e49f77a817faf0', 50814), ('slot', '25880f90d903641d48feb429926bde4d80bd8a41fdae67a75a1bf261c9598cf3', 50814), ('weights', '4373733039acb53d334fbd192d61d61fd1577e1554a90f8cc917a1f466e1369d', 73694), ('weights', '9e1dc777af459a7a847e74159add57c7a7de76b2f8171f0d35d99da8e4efd919', 56594), ('weights', 'a064a39dfd609d56cb892c23d8ddf92312b36722bcff3ba8f840b82c76dbc5ff', 56582), ('weights', '21e212bb74aec5359b41de2db13ad85b8f36c8166e3f1c26b8a1aa44df287525', 56582), ('feedback', '87c9d783baebc98c274bb522e267831c2556df52658fd10ac7b3d11a1b7984eb', 217307), ('feedback', '950ca762699319ef114a146db4111677b4c3c64829495d0ba014c1a8317a15df', 183107), ('feedback', '19bd65cd5cc0e0cdbc1aba405d4114940ed57c0c1d02a515c2d9075f9e28cbcd', 166007), ('feedback', 'ff9c39e5c6cda2551fcbabc363a051598a9f583a03d7b0ced9737831b16c99d7', 166007), ('contrib', 'd866293ac767ff47ac8c76603b66aac1093ca937f202d826f7ff8e9f9a423178', 75199), ('contrib', 'd075667a7b227523c28aa809164d748486df13426de7cb6c2428b318a7211028', 58099), ('contrib', '8d54f35da8538bcb64a7bcde74c115bc767e02f90dd492d88f7589b73def9db2', 58099), ('contrib', '3e0b7630593e3b16d15bc771182f8172d0ed72c8a5b84b73e0ffe5e74623b13e', 58099), ('close', 'ddf83a674bf7aa8d6e86bffc1b1bc22ecb47ac4582b2c6e8f87bfe3cf51f47a4', 410442)]"
10,00:11:08.320,0.9421,58.875958029180765,"[1749999999999999997, 1749999999999999997, 1749999999999999997, 1749999999999999997, 0, 0]","[93, 94, 94, 92, 0, 0]","[6, 7, 7, 8, 0, 0]","[('0xA41dE09A63f6Cedd633f99052b44450d3BB91D44', 5174999999999999991, 25000000000000000, 1749999999999999997), ('0x17725D495A0843Ea05541fD61ba5D4082750bC08', 5174999999999999991, 25000000000000000, 1749999999999999997), ('0x37AC7AC5D09bbC6dAC1CF036b7F9DdD0EA4E052E', 5174999999999999991, 25000000000000000, 1749999999999999997), ('0x536fc4cd48ad9B3649e8aB615592E83Ec9F5fcd1', 5174999999999999991, 25000000000000000, 1749999999999999997)]",0,[],"[250000000000000000, 250000000000000000, 250000000000000000, 250000000000000000]","[[0.0, 1.0, 1.0, 1.0, 0.0, 0.0], [1.0, 0.0, 1.0, 1.0, 0.0, 0.0], [1.0, 1.0, 0.0, 1.0, 0.0, 0.0], [1.0, 1.0, 1.0, 0.0, 0.0, 0.0], [0.0, 0.0, 0.0, 0.0, 0.0, 0.0], [0.0, 0.0, 0.0, 0.0, 0.0, 0.0]]",[],"['$user$0, 0.929, good, good, None, 0xA41dE09A63f6Cedd633f99052b44450d3BB91D44', '$user$1, 0.938, good, good, None, 0x17725D495A0843Ea05541fD61ba5D4082750bC08', '$user$2, 0.94, good, good, None, 0x37AC7AC5D09bbC6dAC1CF036b7F9DdD0EA4E052E', '$user$3, 0.92, good, good, None, 0x536fc4cd48ad9B3649e8aB615592E83Ec9F5fcd1']","[('close', 'ddf83a674bf7aa8d6e86bffc1b1bc22ecb47ac4582b2c6e8f87bfe3cf51f47a4', 410442), ('slot', '90c4faa6043c4e004c4fed9ac049bf11fd7909adfd5af3b916e9b527204dc0f3', 50814), ('slot', '68076cae776b47a8d99c461e840a1549ee3e9a9ab305f200f49898ab072180cf', 50814), ('slot', '423bf192bdd3b48f606fe0e38463f35e02fc6a5171b9fa5cba394694c70bcebe', 50814), ('slot', '3f0e40e9df5f44a49ab38d10470d4e9a20b621981d750fa537ae359814776934', 50814), ('weights', 'd67ef484c98195c5df83ddeae9775e87660293208b80f5986cf6620b33abaf2b', 73694), ('weights', 'fb8b166ee07d52502a29b7f81cae39d765ff1a41c7843eed3652fb1f8e89d6e1', 56594), ('weights', '6c620629d546816daeab5d438a90f8ab287c01dce4577cf59bb6bc5dae5cff92', 56594), ('weights', '1462bd439d1849b5911b2d2027dfd9b73390222b36c3c5099ce3847678d5219b', 56582), ('feedback', '701434290671cd94d50872fd95f2984d102bc6fe585a84fb8f5e835a30da701b', 217307), ('feedback', '3282f69e50f9c6cf2d551e13f2dd49535bdc603dcc07dce84d6411db15fef5b2', 183107), ('feedback', '5f1d66d6737d805e01a5499fbe70511fc65d0ea90b2c42e255217cbf0dc834f5', 166007), ('feedback', '687dabdf90ba16b6975b5e98f0876358c7d2439bee3ca5cac9b29a8b00c2a361', 166007), ('contrib', '99e9308ee7af3e819bb32936e903d9e32b419c653f5eb7e019fdb085da53ab46', 75199), ('contrib', '33861a0f17d5acf6ff145f4b145c6a8d72f7033bc8227323c7a6fc158125072e', 58099), ('contrib', '641d383eb1cb7467267af7238dbde92e0c6b538d12928d06c7d5c35dc445ea81', 58099), ('contrib', '7d05194788dd93ef8d683497907886f73a5ee5e50e06161ec9296f7b04752ca3', 58099), ('close', '67579ab2893eca2fb30910aa5002ca73b5d11c4f80852ca902176363d79c24b0', 410442)]"
# $gasCosts$[422553, 354153, 313379, 337053, 337053, 266031, 75223, 58123, 58123, 58123, 58123, 58123, 300179, 271753, 233779, 231779, 237553, 249227, 75223, 58123, 58123, 58123, 58123, 58123, 321749, 251349, 236249, 236249, 229293, 212683, 75199, 58099, 58099, 58099, 323749, 255349, 238249, 238249, 239293, 218683, 75199, 58099, 58099, 58099, 323749, 255349, 238249, 238249, 239293, 218683, 75199, 58099, 58099, 58099, 323749, 255349, 238249, 238249, 239293, 218683, 75199, 58099, 58099, 58099, 217307, 183107, 166007, 166007, 75199, 58099, 58099, 58099, 217307, 183107, 166007, 166007, 75199, 58099, 58099, 58099, 217307, 183107, 166007, 166007, 75199, 58099, 58099, 58099, 217307, 183107, 166007, 166007, 75199, 58099, 58099, 58099],[126674, 126674, 126674, 126674, 126674],[50814, 50814, 50814, 50814, 50814, 50814, 50814, 50814, 50814, 50814, 50802, 50814, 50790, 50814, 50814, 50814, 50802, 50802, 50814, 50814, 50814, 50814, 50814, 50814, 50814, 50814, 50814, 50814, 50802, 50814, 50802, 50814, 50814, 50802, 50814, 50814, 50814, 50814, 50814, 50814, 50814, 50814, 50814, 50814, 50814, 50814, 50814, 50814, 50814, 50814, 50814, 50814],[73694, 56594, 56594, 56582, 56582, 56594, 73694, 56594, 56594, 56582, 56582, 56582, 73694, 56594, 56594, 56582, 56582, 56594, 73694, 56594, 56594, 56582, 56582, 56594, 73694, 56594, 56594, 56582, 56582, 56594, 73694, 56594, 56594, 56582, 56582, 56594, 73694, 56594, 56594, 56582, 73694, 56594, 56582, 56582, 73694, 56594, 56582, 56582, 73694, 56594, 56594, 56582],[641581, 608946, 658515, 658515, 658515, 570900, 410442, 410442, 410442, 410442],[],[]
# TOTAL EXPERIMENT TIME: 256.77 seconds
