# Author Nykjaer
# ------Specs--------# cpu_name:  (processor model)
# cpu_cores: 6 (physical cores)
# ram_gb: 13.5 (system memory in GB)
# gpu_name: NVIDIA GeForce RTX 3060 Laptop GPU (graphics processor)
# os_name: Linux (operating system)
# ------Config--------# good_contributors: 4 (honest participants)
# bad_contributors: 1 (malicious participants)
# freeriders: 1 (contribute 0)
# inactive: 0 (never join)
# reward: 1000000000000000000 (total reward pool)
# minimum_rounds: 10 (rounds to simulate)
# min_buy_in: 1000000000000000000 (lower buy-in bound)
# max_buy_in: 1000000000000000000 (upper buy-in bound)
# standard_buy_in: 1000000000000000000 (default buy-in)
# epochs: 1 (local epochs per round)
# batch_size: 32 (training batch size)
# punish_factor: 3 (penalty multiplier)
# first_round_fee: 50 (fee for first round)
# fork: True (True=local fork, False=real net)
# contribution_score_strategy: accuracy (scoring method)
# use_outlier_detection: False (Whether to use outlier detection)
# freerider_start_round: 5 (When freeriders should start freeriding)
# freerider_noise_scale: 0.0 (How much noise a freeder should add)
round,time,globalAcc,globalLoss,GRS,accAvgPerUser,lossAvgPerUser,rewards,conctractBalanceRewards,punishments,contributionScores,feedbackMatrix,disqualifiedUsers,userStatuses,GasTransactions
# $startingUserConfig$['$user$0, 0, good, good, None, 0xA41dE09A63f6Cedd633f99052b44450d3BB91D44', '$user$1, 0, good, good, None, 0x17725D495A0843Ea05541fD61ba5D4082750bC08', '$user$2, 0, good, good, None, 0x37AC7AC5D09bbC6dAC1CF036b7F9DdD0EA4E052E', '$user$3, 0, good, good, None, 0x536fc4cd48ad9B3649e8aB615592E83Ec9F5fcd1', '$user$4, 0, good, bad, 3, 0x118E560679B62a9F24c135A96d416548782f8cc2', '$user$5, 0, good, freerider, 5, 0xA2F37A08a8488CB8551a0D03f7A73f4156757de7']
0,23:12:58.173,0,721.6243286132812,"[1000000000000000000, 1000000000000000000, 1000000000000000000, 1000000000000000000, 1000000000000000000, 1000000000000000000]",[],[],[],1000000000000000000,[],[],,[],"['$user$0, 0, good, good, None, 0xA41dE09A63f6Cedd633f99052b44450d3BB91D44', '$user$1, 0, good, good, None, 0x17725D495A0843Ea05541fD61ba5D4082750bC08', '$user$2, 0, good, good, None, 0x37AC7AC5D09bbC6dAC1CF036b7F9DdD0EA4E052E', '$user$3, 0, good, good, None, 0x536fc4cd48ad9B3649e8aB615592E83Ec9F5fcd1', '$user$4, 0, good, bad, 3, 0x118E560679B62a9F24c135A96d416548782f8cc2', '$user$5, 0, good, freerider, 5, 0xA2F37A08a8488CB8551a0D03f7A73f4156757de7']","[('register', 'c75ea59cc37cc8fd3d45f64c5dad01ef1943f7e950352e2ba54f53334d795c3e', 126674), ('register', 'fe383fe1ded5650fa754620a2ddbed2f7159e221adefd9027dad07e26e740ba3', 126674), ('register', '6ddd86a068516162d3b175d08716dd7d39237fc7e5ac82bc59fd5e6795747f29', 126674), ('register', '624f7aa651f555dc33685f1b4559ea7139412d39df2c552fc449e902a1792f3b', 126674), ('register', '35ca332ff550797c1c9b0dba3b033b5a438f773c4660adb86321d482e4462078', 126674)]"
1,23:13:28.464,0.1774,716.142578125,"[1015184162109546390, 1019502320144456603, 1017646031375263604, 1012922988615292807, 1017796417799575220, 1016948079955865372]","[11, 12, 9, 11, 11, 8]","[74, 74, 74, 74, 74, 74]","[('0xA41dE09A63f6Cedd633f99052b44450d3BB91D44', 5000000000000000000, 15184162109546390, 1015184162109546390), ('0x17725D495A0843Ea05541fD61ba5D4082750bC08', 5000000000000000000, 19502320144456603, 1019502320144456603), ('0x37AC7AC5D09bbC6dAC1CF036b7F9DdD0EA4E052E', 5000000000000000000, 17646031375263604, 1017646031375263604), ('0x536fc4cd48ad9B3649e8aB615592E83Ec9F5fcd1', 3000000000000000000, 12922988615292807, 1012922988615292807), ('0x118E560679B62a9F24c135A96d416548782f8cc2', 5000000000000000000, 17796417799575220, 1017796417799575220), ('0xA2F37A08a8488CB8551a0D03f7A73f4156757de7', 5000000000000000000, 16948079955865372, 1016948079955865372)]",900000000000000000,[],"[151841621095463896, 195023201444566030, 176460313752636044, 129229886152928075, 177964177995752204, 169480799558653721]","[[0.0, 1.0, 1.0, 1.0, 1.0, 1.0], [1.0, 0.0, 1.0, 1.0, 1.0, 1.0], [1.0, 1.0, 0.0, 0.0, 1.0, 1.0], [1.0, 1.0, 1.0, 0.0, 1.0, 1.0], [1.0, 1.0, 1.0, 1.0, 0.0, 1.0], [1.0, 1.0, 1.0, 0.0, 1.0, 0.0]]",[],"['$user$0, 0.719, good, good, None, 0xA41dE09A63f6Cedd633f99052b44450d3BB91D44', '$user$1, 0.698, good, good, None, 0x17725D495A0843Ea05541fD61ba5D4082750bC08', '$user$2, 0.728, good, good, None, 0x37AC7AC5D09bbC6dAC1CF036b7F9DdD0EA4E052E', '$user$3, 0.673, good, good, None, 0x536fc4cd48ad9B3649e8aB615592E83Ec9F5fcd1', '$user$4, 0.725, good, bad, 3, 0x118E560679B62a9F24c135A96d416548782f8cc2', '$user$5, 0.781, good, freerider, 5, 0xA2F37A08a8488CB8551a0D03f7A73f4156757de7']","[('slot', 'ac4c391983abcbaa0da12064dd55157c11b918f4ddc660051f4e420c487a8192', 50814), ('slot', '8afd46dbce0402277fc4f785ee8c60371ce90f7cfd942cbb25806551e37102a9', 50814), ('slot', 'c6150e711c517d984613fba769d0e7cdd79ab9d0116099328eb4193f9485465e', 50802), ('slot', 'd4dd273ee8a7d9ab09c5ad358dfc143070b9df288258db0064e083dc90958721', 50814), ('slot', '604aa512866d563481166dd765f984f834b4c1a63e3b462dd19d13ca567db72d', 50814), ('slot', 'bf2ec05947c7ca972fbe8a99e028de1f65aacaa1b86d9e5d0fcbd611f37920d7', 50814), ('weights', 'f4be32731ad8fa983635867116fffcf620f337b0062d48dda00c92dbcb05dc36', 73694), ('weights', 'a5c84aa875077c40cf3d133550e09603e1e04a2a572c23bf719dcf27cb4f9215', 56594), ('weights', '2b5122a8cfa5708e951454cb470ca209917db8aea2a3dad1d68b8e00a4adbcf3', 56594), ('weights', '7f3ccc2a1e4221311726930ed85c84ac71f3948b5b2863ee69a00f50ac43f369', 56594), ('weights', '7f869637515a4ae5c7fa270f646429aa198892c6b1e40d43a06701d425081a9e', 56582), ('weights', 'bb963a5f308d4babc54ccdf521170ea999b54415f31f43b6a4ff1e0ceebddcbc', 56594), ('feedback', 'f1c82b3637c9eaa30933e7673ff06247bd9bcf206fa90eb3d7b2d6d1f1b1b1db', 816143), ('feedback', '03fe687d982f9c9654e2cccdd058efad52c7386f57e1e34e2888831eac048b99', 747743), ('feedback', '7aee3b9112d36bd0c6e367e5164d940ac50cfdf264090ff95fc19607c275d588', 706969), ('feedback', '1809976020cccbdf4b608cbb12186de022d955bfdbe135e54e6dbd1519ec10a1', 730643), ('feedback', 'c27bc6c88c0a0e138ea4b88607a1407b67ffe66c93ad0b8553ce3820657b86ba', 730643), ('feedback', 'c4affeca3c7468f29cb55349a08b4692432bff00126398d4ed1d2ce7e6878b9c', 706969), ('contrib', '32ea356b602885ceb5610c2855b6b011d17e7221e9e965ffbdaa8d801171a11b', 75223), ('contrib', '31841a1663d145bedecc025dd80be4af0cb80cde7a5d4fa209179bdc0fdc2f47', 58123), ('contrib', 'b9146ad00f70fb4cf9c6189a9d37cbd88ab0590b874ccd5ab2d6d8d9b29c4663', 58123), ('contrib', 'cdb356741b60324e3bb18167be91e180548016c2859b99c0d9dbe6680865c94b', 58123), ('contrib', 'a0e96089c38bd461c727882abf579b5f3988ac77c93bac185a499166d19d2ac1', 58123), ('contrib', '72463e6d31a2c9604c79ad8e86a469861f73104202c3b7d432cd4b81777b8946', 58123), ('close', '41efbd7c07868d7683e016d26ff1337a69fe4cca56e14e56b3d96530556f3cce', 641581)]"
2,23:13:58.077,0.6291,611.6787872314453,"[1032431248525717388, 1035807146296591618, 1034524386228012770, 1030661878310152323, 1032322869755665939, 1034252470883859956]","[16, 16, 18, 19, 18, 20]","[73, 73, 73, 73, 73, 73]","[('0xA41dE09A63f6Cedd633f99052b44450d3BB91D44', 5084815837890453606, 17247086416170998, 1032431248525717388), ('0x17725D495A0843Ea05541fD61ba5D4082750bC08', 4063549599899678021, 16304826152135015, 1035807146296591618), ('0x37AC7AC5D09bbC6dAC1CF036b7F9DdD0EA4E052E', 5082353968624736392, 16878354852749166, 1034524386228012770), ('0x536fc4cd48ad9B3649e8aB615592E83Ec9F5fcd1', 5087077011384707189, 17738889694859516, 1030661878310152323), ('0x118E560679B62a9F24c135A96d416548782f8cc2', 2037148351519720207, 14526451956090719, 1032322869755665939), ('0xA2F37A08a8488CB8551a0D03f7A73f4156757de7', 5083051920044134624, 17304390927994584, 1034252470883859956)]",800000000000000000,[],"[172470864161709980, 163048261521350157, 168783548527491666, 177388896948595164, 145264519560907190, 173043909279945840]","[[0.0, 1.0, 1.0, 1.0, 0.0, 1.0], [1.0, 0.0, 1.0, 1.0, 1.0, 1.0], [1.0, 1.0, 0.0, 1.0, 1.0, 1.0], [1.0, 1.0, 1.0, 0.0, 0.0, 1.0], [1.0, 1.0, 1.0, 1.0, 0.0, 1.0], [1.0, 0.0, 1.0, 1.0, 0.0, 0.0]]",[],"['$user$0, 0.554, good, good, None, 0xA41dE09A63f6Cedd633f99052b44450d3BB91D44', '$user$1, 0.529, good, good, None, 0x17725D495A0843Ea05541fD61ba5D4082750bC08', '$user$2, 0.548, good, good, None, 0x37AC7AC5D09bbC6dAC1CF036b7F9DdD0EA4E052E', '$user$3, 0.582, good, good, None, 0x536fc4cd48ad9B3649e8aB615592E83Ec9F5fcd1', '$user$4, 0.494, good, bad, 3, 0x118E560679B62a9F24c135A96d416548782f8cc2', '$user$5, 0.658, good, freerider, 5, 0xA2F37A08a8488CB8551a0D03f7A73f4156757de7']","[('close', '41efbd7c07868d7683e016d26ff1337a69fe4cca56e14e56b3d96530556f3cce', 641581), ('slot', '09ba3d8b0fb5c6990aecd9e6d7269aa07fecac45a39a27346531a6578c0848bd', 50802), ('slot', 'da66e09a3ddcc8998c28bdc4e4ae5971c5dac90e75c903ae2be1dd06add35e8c', 50814), ('slot', '04dc81e77fb1bed41dcf2c2e529bfd5d41afd234246cd8076797b85a7294ce25', 50802), ('slot', '85084caaf75cb7e3f128d1d862010a8641cb2d02f8d62cefd3d777bf5adf975e', 50814), ('slot', '3f5261d0c9123026161c1c498ca637d5345d8077bd33efffa24b9637ab997b6a', 50814), ('slot', '3415212a939e1486acab8eef525117988f47d13e7884462cf3f319a81042fba9', 50802), ('weights', 'e63bfad5f0c4d689cbd306ea9ae3c37ca5e3c2128894ded2a4f111c396da4292', 73694), ('weights', '38da29e27f75e61d05e330d6fcdabae9af99ea940c1e43876882b35fecd51a4c', 56594), ('weights', 'ce08b180a05c9cfc573ed363fd2320573b60728d79fa3debd78353bd0803edf8', 56594), ('weights', '56d0aada9310bc38aa793d90277c7f8f80db8d1e0cafb6237ed38237b46b701e', 56594), ('weights', 'd39a0e0c3e4dcdeba2a2e5ea34ea91ebae3bb97aa25591770742564e931879d7', 56582), ('weights', 'c79d854afb832921c9220b3d33b2f12a5e6858b7cbb5f548b4c1c743c37e26cb', 56594), ('feedback', 'eedb3e06a555f9661fbb8cadd6e00362ba0cbbf97cf2723c98dfd8d29f777064', 693769), ('feedback', 'b264dc508386530e78ae3b1b56e97200f01d55dd42890433cc1c3019b863f651', 665343), ('feedback', '1b1a270927125a3ee67e4e6addb4f65f50f65e14cccf556a244b9ee677757221', 651043), ('feedback', '622a841f3978eb0567ede9af1e184415cf02cc7f7d61fee732dbb09e5f3cbac5', 625369), ('feedback', '32b58ff0f3fc16a840bb830ebeef369c2e87e391d9aa250e1ec73464980e9780', 631143), ('feedback', '3028f592d29ffe076a311b22e1e5f760723a8a595665d931c90f404ca8bc00c8', 639495), ('contrib', 'ca28be7f3b3f4837eeffa21f890a3f6274bc18c4332393a53b1149d17e331095', 75223), ('contrib', '48a69d947d03a9e0f174f9b56f312b0e0050e1d6365ee0974c4dcd248185a960', 58123), ('contrib', 'd18190b7fdc774b726f0ce6c42d6e87356bb800114fccfed20b0cae534953b15', 58123), ('contrib', 'eb48c96aee6386f450f3f325ae718caa73effd78249178aa3647ebbad97e5308', 58123), ('contrib', 'c7035f8ada8f7764baa4dddab397cd274892df5fc34cb1989059b22ee204b797', 58123), ('contrib', 'ddf115467556c42cfcabac79770cf51483e2dbbecf170e246dc776abf65052a3', 58123), ('close', '31a2af5306d90144194c91b501909594334d6071e7f70d839c96c956e5535e0d', 611186)]"
3,23:14:26.189,0.8196,193.46000453829765,"[1119474195165433323, 1127581993899537317, 1126228043481812564, 1114553002467681758, 688215246503777293, 1123947518481757736]","[60, 60, 61, 61, 62, 65]","[63, 63, 63, 63, 63, 62]","[('0xA41dE09A63f6Cedd633f99052b44450d3BB91D44', 3102923011962950728, 87042946639715935, 1119474195165433323), ('0x17725D495A0843Ea05541fD61ba5D4082750bC08', 3099547114192076498, 91774847602945699, 1127581993899537317), ('0x37AC7AC5D09bbC6dAC1CF036b7F9DdD0EA4E052E', 3100829874260655346, 91703657253799794, 1126228043481812564), ('0x536fc4cd48ad9B3649e8aB615592E83Ec9F5fcd1', 3104692382178515793, 83891124157529435, 1114553002467681758), ('0xA2F37A08a8488CB8551a0D03f7A73f4156757de7', 3101101789604808160, 89695047597897780, 1123947518481757736)]",700000000000000000,"[(3, 344107623251888646)]","[195995164420645351, 206650016342756870, 206489716574370485, 188898185406621871, 201966917255605421]","[[0.0, 1.0, 1.0, 1.0, -1.0, 1.0], [1.0, 0.0, 1.0, 1.0, -1.0, 1.0], [1.0, 1.0, 0.0, 1.0, -1.0, 1.0], [1.0, 1.0, 1.0, 0.0, -1.0, 1.0], [-1.0, -1.0, -1.0, -1.0, 0.0, -1.0], [1.0, 1.0, 1.0, 1.0, -1.0, 0.0]]",[5],"['$user$0, 0.758, good, good, None, 0xA41dE09A63f6Cedd633f99052b44450d3BB91D44', '$user$1, 0.789, good, good, None, 0x17725D495A0843Ea05541fD61ba5D4082750bC08', '$user$2, 0.786, good, good, None, 0x37AC7AC5D09bbC6dAC1CF036b7F9DdD0EA4E052E', '$user$3, 0.758, good, good, None, 0x536fc4cd48ad9B3649e8aB615592E83Ec9F5fcd1', '$user$4, 0.494, bad, bad, 3, 0x118E560679B62a9F24c135A96d416548782f8cc2', '$user$5, 0.792, good, freerider, 5, 0xA2F37A08a8488CB8551a0D03f7A73f4156757de7']","[('close', '31a2af5306d90144194c91b501909594334d6071e7f70d839c96c956e5535e0d', 611186), ('slot', '5f9a1882247339ede8c89c5bbb6229c2da6a938ee51d913b5bdd7ddaee1144af', 50814), ('slot', '1c5d90c725ad082894d4d89366b61e9a92e5068c0c3dd29b444977fbb43d32b1', 50802), ('slot', '303fdd6b89dcf48b9420d412a7343a70e21c7abe280e43d4db6bc1ad5a07ef1b', 50814), ('slot', 'd2b2959c8aad975f77a64bb02504f48023abff42519f4f96906b0f7bf0b7c90d', 50814), ('slot', '85ab5952a0bd29200ad67dc367e0131ce91dbb7509120cb965015aa2a6251f2d', 50814), ('slot', '37ff96db75465e8d59f5ce6e77d6d940a4c5a61ad05eb5e48dcd00dd07e39459', 50814), ('weights', '998645eed0209c342706c1f0f35bb8403d7aa98a68650859d13863f651817fc7', 73694), ('weights', '89dfb02ddea1906c1df46523c7cdd2d48873f1ff83bca9c4a27208849b962356', 56594), ('weights', 'e45e498df7f045d36a132252867a370093a6fb58889ad8c99b4621ae64b2706f', 56582), ('weights', 'c8ed1c5deeedde2b9de20031bcc3d36d29ef0f73488389228392a60b7cdc4229', 56594), ('weights', 'dd8b5d697f1f0d8d6632f48528cded39371d6196737eb6ba264960a49b0a6467', 56582), ('weights', '8b107e21ea0c2eee8542f9ceeed03f863defb6b375d3eab7ffe2d33030bcd0ad', 56594), ('feedback', '6e77f00b4c77a65f1cdf94c734b6092313807d84bd76b00bc75fda2f3d3d112d', 717015), ('feedback', 'e2f36eae5a8f5ee4db1f296ca7abea95720f812883a2c7b34ad637511c4b2d2a', 646615), ('feedback', '8114593964ba2009d763d68be0a49c0700d65aacef91f1ba5ee93a913d51d5b8', 629515), ('feedback', '0b942dcd006534b99160a513865c1544bf848f391004984b9a00fa7b2ffc2468', 631515), ('feedback', '3ecac40b8967285f2189b4c4b43a9eb750acaf953abb5295945d2d26de42ed05', 603043), ('feedback', '2a63424cd945e0c2bb3d047dfc3ae437666066912486a606e2e050380cce0a37', 651415), ('contrib', 'c2a474326b5af2e5f17099b0fda9a93685e611568f170c04fcccf3b2e2a1090e', 75223), ('contrib', '32d982be9eb2293ddaff97fb82bfaeea8d82a1b20c1371d7319fe1bccc0b7fed', 58123), ('contrib', '1f0bd34d0726ac302c385630bc99cd865aee4e94c85d22486504080105d1f373', 58123), ('contrib', 'b1a056f45017d36e9dd6013a07a0c23c7c3940c641ddbd4dc608e964496e4a1a', 58123), ('contrib', '698eda00927a6fa854c86a96bc7fff6384824045cb2faf1b806045b8a18d9546', 58123), ('close', '244ebce36e106f85dc3e2afdb92a16f0b85c3a0a806a0faac0a5436bda13a89c', 643640)]"
4,23:14:54.181,0.8728,134.91085225343704,"[1161127594699755907, 1201157690452639655, 1192021915713765974, 1178840961741613253, 458810164335851529, 1208041673056373670]","[80, 82, 80, 80, 83, 83]","[19, 20, 21, 22, 19, 19]","[('0xA41dE09A63f6Cedd633f99052b44450d3BB91D44', 3804095311827012082, 41653399534322584, 1161127594699755907), ('0x17725D495A0843Ea05541fD61ba5D4082750bC08', 3795987513092908088, 73575696553102338, 1201157690452639655), ('0x37AC7AC5D09bbC6dAC1CF036b7F9DdD0EA4E052E', 3797341463510632841, 65793872231953410, 1192021915713765974), ('0x536fc4cd48ad9B3649e8aB615592E83Ec9F5fcd1', 3809016504524763647, 64287959273931495, 1178840961741613253), ('0xA2F37A08a8488CB8551a0D03f7A73f4156757de7', 3799621988510687669, 84094154574615934, 1208041673056373670)]",600000000000000000,"[(4, 229405082167925764)]","[126450385222315137, 223359324236517248, 199735449735449682, 195163835514712724, 255291005291005179]","[[0.0, 1.0, 1.0, 1.0, -1.0, 1.0], [1.0, 0.0, 1.0, 1.0, -1.0, 1.0], [1.0, 1.0, 0.0, 1.0, -1.0, 1.0], [1.0, 1.0, 1.0, 0.0, -1.0, 1.0], [-1.0, -1.0, -1.0, -1.0, 0.0, -1.0], [1.0, 1.0, 1.0, 1.0, -1.0, 0.0]]",[5],"['$user$0, 0.846, good, good, None, 0xA41dE09A63f6Cedd633f99052b44450d3BB91D44', '$user$1, 0.853, good, good, None, 0x17725D495A0843Ea05541fD61ba5D4082750bC08', '$user$2, 0.846, good, good, None, 0x37AC7AC5D09bbC6dAC1CF036b7F9DdD0EA4E052E', '$user$3, 0.828, good, good, None, 0x536fc4cd48ad9B3649e8aB615592E83Ec9F5fcd1', '$user$4, 0.494, bad, bad, 3, 0x118E560679B62a9F24c135A96d416548782f8cc2', '$user$5, 0.862, good, freerider, 5, 0xA2F37A08a8488CB8551a0D03f7A73f4156757de7']","[('close', '244ebce36e106f85dc3e2afdb92a16f0b85c3a0a806a0faac0a5436bda13a89c', 643640), ('slot', 'ce91c3fc044c426849a3fb27fb00ced2a51b776fc58b744fd0db3d1ef975407c', 50814), ('slot', '0322b1fc3a93ca0df113269c674785ebf736fd9ca27c267489c9c77d6a38fd6e', 50814), ('slot', '9ee69947fb46a4b60f46e39e6cc2161ce57926579a1beab7eba29587332275a5', 50814), ('slot', 'f5bf03b9d21860674a0e081a06dec10c79de4ebe8948a071b4358e412880ba82', 50814), ('slot', '9c51dc4adc20386138623736a0cf0dcf777be60a6512c7dbf72d77edce633572', 50814), ('slot', '7e6740fb250452806cb289d5b81b9964d0687323515853e49b91e70ea1585222', 50814), ('weights', '071ee0c80d2f547059a9f1775789dc23b56e67643724f77abe40d7b6747e0340', 73694), ('weights', 'ed2c3f5ee81c02111edc4a8b5cf3159e17b302b41a48050c8ef246aed1d71f47', 56594), ('weights', '3e04dab8dca1130fffd5ede5b7303dd062f61cbe5bf999f8287bc067da278a5d', 56594), ('weights', 'b4820f7ffe11a2fe489aa0dfc60324ae505844a2a3cfbe8bae6767965648a123', 56594), ('weights', 'aee6547289202016913e95ef4a93294215331821143e946dc34e155824480261', 56582), ('weights', '4e8b03072da0a24b4658cce25f9c060ec7eb40c549013afbbc3f52463f6d95da', 56594), ('feedback', '6c332b5b342c9ad8e3ef26cb02a8507e825f8be1b25719ba14e93c172a758ad3', 717015), ('feedback', '49ddbfd31281b915b1be1e53cc52f6cb8483c1f5607060f40d89bd5ad677cf25', 648615), ('feedback', 'cdb23f1aa47b85ce06af84fc8c1ff876a9211310bc81e1d794fd4f2acda7b04d', 631515), ('feedback', '113791abd5d8bd4c0d3e7db74e027f85ce72b67966b47b00d637560c50b1ea14', 631515), ('feedback', '5e3e79bb1350164136a39470143202c45ddcb3ab88eb2ac115f78b4b22b94db3', 613043), ('feedback', '07278f7736f1b0df05c92e126edc66130b69a4c4a7a2d50308e23db1c2a8250c', 631515), ('contrib', '0a81b730867ad9002ab2ddd24f367815a8526b6d7fd1a6988cd313e6e1f86aec', 75223), ('contrib', '19cf805432a5e12f3ae056fd67fc76dcdd9240d42ead6283858712abdb73043a', 58123), ('contrib', 'ebf5c2662931dfcb87e665bbc3e468e1c4f6ecfc041cc9b20d2980f4a5448d07', 58123), ('contrib', 'ad23b5f09e218cdff1908ac54763009d2ac50e64c1361b5c678b72e43ddc18e3', 58123), ('contrib', 'e93c45fc7c2f27b23a64ecbff0692a3e08f5f8e1e4f39cb89316937ccbc22ebe', 58123), ('close', '386c41715109378a0fe005bef47df4290b9f0f3eb32c14e8ff74d56aa0c38e5f', 643640)]"
5,23:15:20.671,0.8904,113.49814843013883,"[1196015418347381474, 1253489425924077620, 1253075607097110563, 1300948344508301659, 305873442890567686, 1190597761232560985]","[87, 87, 87, 85, 88, 88]","[13, 13, 14, 15, 13, 13]","[('0xA41dE09A63f6Cedd633f99052b44450d3BB91D44', 3113210403572167353, 34887823647625567, 1196015418347381474), ('0x17725D495A0843Ea05541fD61ba5D4082750bC08', 3073180307819283605, 52331735471437965, 1253489425924077620), ('0x37AC7AC5D09bbC6dAC1CF036b7F9DdD0EA4E052E', 3082316082558157286, 61053691383344589, 1253075607097110563), ('0x536fc4cd48ad9B3649e8aB615592E83Ec9F5fcd1', 3095497036530310007, 122107382766688406, 1300948344508301659), ('0xA2F37A08a8488CB8551a0D03f7A73f4156757de7', 4274337998271923260, 17443911823812685, 1190597761232560985)]",500000000000000000,"[(5, 152936721445283843)]","[137931034482759451, 206896551724137650, 241379310344828429, 482758620689653805, -68965517241379337]","[[0.0, 1.0, 1.0, 1.0, -1.0, 1.0], [1.0, 0.0, 1.0, 1.0, -1.0, 1.0], [1.0, 1.0, 0.0, 1.0, -1.0, 1.0], [1.0, 1.0, 1.0, 0.0, -1.0, 1.0], [-1.0, -1.0, -1.0, -1.0, 0.0, -1.0], [0.0, 0.0, 0.0, 0.0, 0.0, 0.0]]",[5],"['$user$0, 0.869, good, good, None, 0xA41dE09A63f6Cedd633f99052b44450d3BB91D44', '$user$1, 0.873, good, good, None, 0x17725D495A0843Ea05541fD61ba5D4082750bC08', '$user$2, 0.873, good, good, None, 0x37AC7AC5D09bbC6dAC1CF036b7F9DdD0EA4E052E', '$user$3, 0.873, good, good, None, 0x536fc4cd48ad9B3649e8aB615592E83Ec9F5fcd1', '$user$4, 0.494, bad, bad, 3, 0x118E560679B62a9F24c135A96d416548782f8cc2', '$user$5, 0.862, freerider, freerider, 5, 0xA2F37A08a8488CB8551a0D03f7A73f4156757de7']","[('close', '386c41715109378a0fe005bef47df4290b9f0f3eb32c14e8ff74d56aa0c38e5f', 643640), ('slot', '457e5585fb8d5afc5fd315061aeaf84fbed9e59e93702aa28d8843de9c9c1da6', 50814), ('slot', '9fae4cb944fa9ac3044380f75cfedc67dddba6a4d80af0be8ad8948a0db98f9e', 50814), ('slot', '77a389ffc58c79be70b48278cbf9f62ee33d15ec2462e7854e9927330ea814bf', 50814), ('slot', '4a38a1e82c3b826fbb1df5dde060864f154b7b259f9ec5145f75014b827e9af3', 50814), ('slot', 'fd029aaf12783066b5895420403878383e6915ec3ffe67bc0c0617da376a7dde', 50814), ('slot', 'b97d79197b4fb9f3dec10d645d870eb81a0b082f212dfcd534bbd1ab4d1d6206', 50802), ('weights', '4cb7b996f364ef6a0536b0d97462ed66667cf54b2edddfbfa06bb677edd984f8', 73694), ('weights', 'd0807c38aba7a26e3e3fe63d8c34aa8dcd5af0ae1cef9c5b17e43e7dbcec7ddf', 56594), ('weights', '0cd2a67abdc2ae3552cd84654f8e7efe24ad3d1fe0db7ebeae69c9ef6c612ba5', 56594), ('weights', '3d929524c9fa9f4f990093ca6bca5c785e6ce90c8dd2f6cf89dc7f68b7801a4a', 56594), ('weights', '2ac3a5f279ee9bdbcc8be73053224a02418fce0c04c15c5ff06d794acb572710', 56582), ('weights', '511272e4652e80ce0932342c94045b45b9fed0de7d5a94c580a3c555eec1750b', 56594), ('feedback', '30ed54cd571ed1f238fed5178f7490ae7c480d7f2e9ff679de11d9ca65e4ae92', 717015), ('feedback', 'e4a9e038d94638f29af87dd32a2f7dbcbf05e75b519f84934462be5acaa0b259', 648615), ('feedback', '24fbaeafd01f022a1ae9e93d588748310db0931703711d8eea5c508ae801361e', 631515), ('feedback', 'c35c4e721239a2172a08508057bba6f37021fc49e9743351651dfb1a2dd30b0e', 631515), ('feedback', '3b9c7d0033086d2ed0d299bcff835386c18462391e765836b2b077b30cec21e3', 613043), ('feedback', '76c44e4afc988b3e1e5ff069778647d741726db773bcc88e17c98b177bec9595', 604273), ('contrib', 'fd6278f2a273de519e4017da97f41cf599d1bf199d176e3855b4ab35ace7f507', 75223), ('contrib', '8303b8812eb886a7696b555856b8be7a194a52fe5982e105ed413f5b49ee0eb9', 58123), ('contrib', 'd1d87500e341cead3bf284cc2316e56a163cfb076c2da49a5782e2f153a4f6a0', 58123), ('contrib', '2e9ec8d470ead0be38bef2fccb2d4e7bd93947f1f7f5b4a9b1774eb695bf3c92', 58123), ('contrib', 'c5f662e3ac681986f63b5d7015bf4b59e78763c713af4396a48f4b01086c3a60', 78023), ('close', '5a621dbdfe81ba3537156af1ea34c078284bf3678e251d89b38eccebeedbb96c', 643652)]"
6,23:15:46.922,0.9058,97.52999139204621,"[939807807522713602, 1449661589987851036, 1208260414444612331, 1776158500559337389, 1226111687485485627, 0]","[89, 89, 89, 87, 89, 89]","[11, 11, 12, 13, 11, 12]","[('0xA41dE09A63f6Cedd633f99052b44450d3BB91D44', 3501639934638922156, 256207610824667872, 939807807522713602), ('0x17725D495A0843Ea05541fD61ba5D4082750bC08', 3444165927062226010, 196172164063773416, 1449661589987851036), ('0x37AC7AC5D09bbC6dAC1CF036b7F9DdD0EA4E052E', 3444579745889193067, 44815192652498232, 1208260414444612331), ('0x536fc4cd48ad9B3649e8aB615592E83Ec9F5fcd1', 3396707008478001971, 475210156051035730, 1776158500559337389), ('0xA2F37A08a8488CB8551a0D03f7A73f4156757de7', 4697655352986303630, 35513926252924642, 1226111687485485627)]",400000000000000000,"[(6, 305873442890567686)]","[-631249999999992650, 483333333333330950, -110416666666661861, 1170833333333323622, 87499999999999925]","[[0.0, 1.0, 1.0, 1.0, -1.0, 1.0], [1.0, 0.0, 1.0, 1.0, -1.0, 1.0], [1.0, 1.0, 0.0, 1.0, -1.0, 1.0], [1.0, 1.0, 1.0, 0.0, -1.0, 1.0], [-1.0, -1.0, -1.0, -1.0, 0.0, -1.0], [0.0, 0.0, 0.0, 0.0, 0.0, 0.0]]",[5],"['$user$0, 0.867, good, good, None, 0xA41dE09A63f6Cedd633f99052b44450d3BB91D44', '$user$1, 0.896, good, good, None, 0x17725D495A0843Ea05541fD61ba5D4082750bC08', '$user$2, 0.892, good, good, None, 0x37AC7AC5D09bbC6dAC1CF036b7F9DdD0EA4E052E', '$user$3, 0.887, good, good, None, 0x536fc4cd48ad9B3649e8aB615592E83Ec9F5fcd1', '$user$5, 0.862, freerider, freerider, 5, 0xA2F37A08a8488CB8551a0D03f7A73f4156757de7']","[('close', '5a621dbdfe81ba3537156af1ea34c078284bf3678e251d89b38eccebeedbb96c', 643652), ('slot', '690e33a9bc0c7caf39aa8abff91edfac7bbbb8ed9d4ba941a2533fd86ecff6d4', 50814), ('slot', '50846173de25ca4e2f40b8a8ebe228c813841cc6ce9efb58bc1c59e18309eb07', 50814), ('slot', '7ef9906bd316727fc3ce9821abeb0d5bb7b8a269810b8c04be5edf3f66989777', 50814), ('slot', 'cdf964a10cd53607df574a7886ce99767bdb29dec9e22e0875fe1ab497e263c6', 50802), ('slot', '222592599f067da05d0580e4fab5c41d80932b54a836c8bbfa8949d28d12292e', 50814), ('slot', '3d804586e4ba78f1cd457c8a9e56b1dddc71b41191ec388f33bf22e67e57543e', 50814), ('weights', '0723d5c2738ff9347cdf7cafb7f05733fe675b74e84e8b0cee7da5629f8ce88f', 73694), ('weights', '0efa55cced91bffba17ba069aced4318a72342c1ba9b4f05c653d4b388a1075e', 56594), ('weights', '87978d5743afe0643e818240f8bc1a17a76c5a19918ac54278f4179443acf6cf', 56594), ('weights', 'f2d341ca6f2f4f993c299b6a92d65c51ee7cc2a66065f4a1668b39ffbf9cf76e', 56594), ('weights', '4846a9486d69b4c31382e2bc4d9a1fef6ac77d5423c49199861bdc8fd78001cd', 56582), ('weights', 'b04057a1f7a192f2aea530860105fbb75e2dd35dadd69adf0e72031403d8ac92', 56594), ('feedback', 'a2c8ef2a576014079e0e862963e2c970303e5812ee4411c6057465d5dce8b2e0', 717015), ('feedback', '86033c4d6b3da997ea31e8a14e360ae69631fbf556d470d4c464eba29ffeacf3', 648615), ('feedback', 'c0d1947637f8d36af5a0be17eeb7f7a431645fa89a94ba8c41b886c91af427c3', 631515), ('feedback', '0879f7fb1520ef7bd9ef3024a9f1ae2d584c2262077dffd3bc0bf7bc20459d33', 631515), ('feedback', '4073620f5c4a2a95e4127f0b595306dc97d09ab4156410995c878d91cf3f85fc', 613043), ('feedback', '213900e8b465d1bdf84e4df00affd10891989f914d4c3e552e3644356e74c747', 612273), ('contrib', '95305ad50fc9a0c51b6698fb57ba2e8339f64d3776c3d6b8c97319727f755784', 95135), ('contrib', 'ed699c322113502ea73d569431747ae2a71ce54a72419b5393fa8c63298dbae2', 58123), ('contrib', '31dfef9c74127bda6eacd0bd5f11c181a6dc221dcd22de1329586026b522c80a', 78035), ('contrib', 'a2228b07bca3e6a3545e7a41ee64771f5ed8ae7779768bbebb9f4b8f029e5761', 58123), ('contrib', '75b9bc823106b77cc0efa460d616e805d38955b79842522f5e9b027bd5fbd729', 58123), ('close', '9c5062a044fda78702b5c6cd50b7d16b615741d2c73fbe9663776aaae4cc1302', 606043)]"
7,23:16:10.933,0.9132,86.99543610960245,"[1048141140856047155, 1489244923321184613, 1249927081111278746, 1713658500559337408, 1199028354152152061, 0]","[91, 90, 91, 88, 0, 90]","[9, 10, 10, 12, 0, 10]","[('0xA41dE09A63f6Cedd633f99052b44450d3BB91D44', 4434080504991800756, 108333333333333553, 1048141140856047155), ('0x17725D495A0843Ea05541fD61ba5D4082750bC08', 3924226722526663322, 39583333333333577, 1489244923321184613), ('0x37AC7AC5D09bbC6dAC1CF036b7F9DdD0EA4E052E', 4165627898069902027, 41666666666666415, 1249927081111278746), ('0x536fc4cd48ad9B3649e8aB615592E83Ec9F5fcd1', 3597729811955176969, 62499999999999981, 1713658500559337408), ('0xA2F37A08a8488CB8551a0D03f7A73f4156757de7', 5373888312514514358, 27083333333333566, 1199028354152152061)]",300000000000000000,[],"[1083333333333335479, 395833333333335757, 416666666666664131, -624999999999999777, -270833333333335646]","[[0.0, 1.0, 1.0, 1.0, 0.0, 1.0], [1.0, 0.0, 1.0, 1.0, 0.0, 1.0], [1.0, 1.0, 0.0, 1.0, 0.0, 1.0], [1.0, 1.0, 1.0, 0.0, 0.0, 1.0], [0.0, 0.0, 0.0, 0.0, 0.0, 0.0], [0.0, 0.0, 0.0, 0.0, 0.0, 0.0]]",[],"['$user$0, 0.894, good, good, None, 0xA41dE09A63f6Cedd633f99052b44450d3BB91D44', '$user$1, 0.888, good, good, None, 0x17725D495A0843Ea05541fD61ba5D4082750bC08', '$user$2, 0.903, good, good, None, 0x37AC7AC5D09bbC6dAC1CF036b7F9DdD0EA4E052E', '$user$3, 0.896, good, good, None, 0x536fc4cd48ad9B3649e8aB615592E83Ec9F5fcd1', '$user$5, 0.862, freerider, freerider, 5, 0xA2F37A08a8488CB8551a0D03f7A73f4156757de7']","[('close', '9c5062a044fda78702b5c6cd50b7d16b615741d2c73fbe9663776aaae4cc1302', 606043), ('slot', '49a09928f5d84bbc3f450e6c2c1b00529aedd90dfe63ae1865a1030140460ed8', 50814), ('slot', '0e310250e52cf1b7e88dfbd6559222001527ba40f6b19d1bd07865a442aa86cb', 50814), ('slot', '01df5d10378977cb4a2f070d1fb090fedec311e5b23f61ed9c47b15e3389ce66', 50814), ('slot', '6feb4dc599a9b37dd861b220130bd1f1c9c4e35681e98ac9d10cae384374b339', 50814), ('slot', '8697e497baadf1cd6b12acaa903ff66d73da9fb978a82e34fb02656a16c22841', 50814), ('weights', '511bc2768f60052297727a75e68088bc12729391d9ec0f83aa5d77bed9a90920', 73694), ('weights', '2373df45cf01d70930340e1bbefa6cef80e1ae73e8a067d88fa5802382c6352a', 56594), ('weights', '8627f65eb1a5d44e1da430949f500bdf27258a6d7f6896d72db610f6083a668e', 56594), ('weights', 'bc9cdc5231b8282d97bd5b76a571f1e21be0725e928748848ffd2c1d4598f760', 56594), ('weights', '3d895e5a20c10d6cab43fb13279eefcee3c2fc32273f0f8a5cb255f6bc549c0f', 56582), ('feedback', '540678ffcd53a71ce6aff2ea401023f4bbb9e831c0fe9fc04bce6a379b2ce681', 619028), ('feedback', 'd6b6a284ea73f39647ae6ad701086edccf69de6cdeda10dbac971b0d7f385d8c', 567728), ('feedback', '367d4c320831c41ec2503703b3d9dd321bfdd7b78b1f58aadbb4f8be4c5d9ff0', 550628), ('feedback', 'aa76d006aa73a1f44783012241a0465b73d55448b879b77333143d0f1d8fe93d', 550628), ('feedback', '9b7aa53befe6b55d866515cc4efd7b4606b12952590867327a550198b1a1b66b', 396112), ('contrib', '5018ab285e55ef93e82df4e2bb121082e6e7cf18f9b9734810f51adf621a7879', 75223), ('contrib', 'fef8dae4452c85e17a0517b52db8ffc71c73e6fd18ee689426490a7ec4f44eb0', 58123), ('contrib', '875932b1c34d6df7ae2cb23c28dab28c76c81da50952f19d7f755ca7cc5debf6', 58123), ('contrib', '88925e86146b8d2ed42a32bb0723228b37055891e5773ef63407b067d4368ac4', 78035), ('contrib', '2c0bc030a96f0035a5ce2ba9be5a67c851c62a8628b0ebb1b7ae0cd3c1cf3edd', 78035), ('close', 'cc156ea5b5757047e9efeb46b79b157f5189ed8943adda0feed86898cce19075', 513396)]"
8,23:16:35.049,0.9231,78.01515048369765,"[1048141140856047155, 1479244923321184784, 1259927081111278575, 1793658500559337323, 1219028354152152145, 0]","[92, 91, 92, 89, 0, 90]","[8, 9, 9, 10, 0, 9]","[('0xA41dE09A63f6Cedd633f99052b44450d3BB91D44', 4452830504991800767, 0, 1048141140856047155), ('0x17725D495A0843Ea05541fD61ba5D4082750bC08', 4011726722526663309, 9999999999999829, 1479244923321184784), ('0x37AC7AC5D09bbC6dAC1CF036b7F9DdD0EA4E052E', 4251044564736569176, 9999999999999829, 1259927081111278575), ('0x536fc4cd48ad9B3649e8aB615592E83Ec9F5fcd1', 3787313145288510514, 79999999999999915, 1793658500559337323), ('0xA2F37A08a8488CB8551a0D03f7A73f4156757de7', 5500971645847847922, 20000000000000084, 1219028354152152145)]",200000000000000000,[],"[0, -99999999999998298, 99999999999998298, 799999999999999156, 200000000000000843]","[[0.0, 1.0, 1.0, 1.0, 0.0, 1.0], [1.0, 0.0, 1.0, 1.0, 0.0, 1.0], [1.0, 1.0, 0.0, 1.0, 0.0, 1.0], [1.0, 1.0, 1.0, 0.0, 0.0, 1.0], [0.0, 0.0, 0.0, 0.0, 0.0, 0.0], [0.0, 0.0, 0.0, 0.0, 0.0, 0.0]]",[],"['$user$0, 0.911, good, good, None, 0xA41dE09A63f6Cedd633f99052b44450d3BB91D44', '$user$1, 0.902, good, good, None, 0x17725D495A0843Ea05541fD61ba5D4082750bC08', '$user$2, 0.92, good, good, None, 0x37AC7AC5D09bbC6dAC1CF036b7F9DdD0EA4E052E', '$user$3, 0.904, good, good, None, 0x536fc4cd48ad9B3649e8aB615592E83Ec9F5fcd1', '$user$5, 0.862, freerider, freerider, 5, 0xA2F37A08a8488CB8551a0D03f7A73f4156757de7']","[('close', 'cc156ea5b5757047e9efeb46b79b157f5189ed8943adda0feed86898cce19075', 513396), ('slot', '6821882db9cc645102b7e497150d89fe38694200d8b5059ac5729ea7050c9662', 50802), ('slot', 'f401154d0ca90be2359877edf85b9e5a019bc2142a35009c8e097d1dd9741f19', 50814), ('slot', 'bc2d4b108b33b3d39634d7d55e37dab1d71ea11201cc8f99aac97b8fdfdf2fbe', 50814), ('slot', '04aee228c69a5b2f94c5a3570d13fc83570a5b4068f27b8e7c39309a51ceb7b6', 50814), ('slot', '6fb3f2a670820fbbcbdb368fbc4d9afc164b1b8d5cf13a798639885e3e5ca82f', 50814), ('weights', '6b3aa282d4b9748175246aea86534151205b648f993d068ed88e73ca10ed9bcb', 73694), ('weights', 'b2490470653508f47800930ec61eabd4e7ccb9d6201767a7c9a783467ccad007', 56594), ('weights', '8baf1abba9aafd926e173426bd73903773aec5ef8c180a50397771a39725922a', 56594), ('weights', 'dd48e8b49ef802aa933bce0d8cb43458362d969a748ca6324a6b0fc1a081d1b4', 56594), ('weights', '27f52e2144989c8f5cb1dfbe83e27125eac275f0105fdd36fcfba8a7fe8a4a2a', 56594), ('feedback', '0643f17443f7b5e9cac8b4a19b5e8317234a287749bc7ef5f2801da54e683da7', 619028), ('feedback', '22e72fda4d3dd572a962d34b3db6be8df7382a8fed685bd08e2974fb58dbacfe', 567728), ('feedback', '5d974f74dc47ab88993efb12d908d463010c530d1d142713e3cd6cb850a03107', 550628), ('feedback', '45b6010290b49ce9497303f47e53401b9c5b1646d5db9deb42499c6cc1a6802c', 550628), ('feedback', '2c749438cf0749924c96ed79ad4c681c0233a957d7e4abf11fadb7de4a82754d', 396112), ('contrib', '83ffede9bd1d762bda05cf1bdcec76b4bde38b213bc976800d0a93400dd004ed', 55227), ('contrib', 'af4a86279320f965f0faa2f8ef223f81509abe012aa0ee93b540920c6c6e3665', 78035), ('contrib', '86d08581383a8533af292dcf2c47c0a20f99336cbe8015e147bac8f914ac6438', 58123), ('contrib', '55ec996ec2accd82b9fb20ed4271a64cc259a9f12a0153e09d1c0407d89347fd', 58123), ('contrib', '68df0b52db6e95af1141567823fab56f0d87c59da6b152710d1f99eab152270c', 58123), ('close', '6df1b26104741cbec2bdc19e685452590f28d18a4689974f778fd18865e5a8fa', 495225)]"
9,23:16:58.851,0.9291,70.84014052152634,"[1144456930329731415, 1416613344373816583, 1288874449532331183, 1793132184769863466, 1256923090994257335, 0]","[92, 92, 93, 90, 0, 91]","[8, 8, 8, 9, 0, 9]","[('0xA41dE09A63f6Cedd633f99052b44450d3BB91D44', 4532830504991800682, 96315789473684260, 1144456930329731415), ('0x17725D495A0843Ea05541fD61ba5D4082750bC08', 4101726722526663053, 62631578947368201, 1416613344373816583), ('0x37AC7AC5D09bbC6dAC1CF036b7F9DdD0EA4E052E', 4321044564736569262, 28947368421052608, 1288874449532331183), ('0x536fc4cd48ad9B3649e8aB615592E83Ec9F5fcd1', 3787313145288510514, 526315789473857, 1793132184769863466), ('0xA2F37A08a8488CB8551a0D03f7A73f4156757de7', 5580971645847847837, 37894736842105190, 1256923090994257335)]",100000000000000000,[],"[963157894736842656, -626315789473682049, 289473684210526105, -5263157894738579, 378947368421051922]","[[0.0, 1.0, 1.0, 1.0, 0.0, 1.0], [1.0, 0.0, 1.0, 1.0, 0.0, 1.0], [1.0, 1.0, 0.0, 1.0, 0.0, 1.0], [1.0, 1.0, 1.0, 0.0, 0.0, 1.0], [0.0, 0.0, 0.0, 0.0, 0.0, 0.0], [0.0, 0.0, 0.0, 0.0, 0.0, 0.0]]",[],"['$user$0, 0.916, good, good, None, 0xA41dE09A63f6Cedd633f99052b44450d3BB91D44', '$user$1, 0.917, good, good, None, 0x17725D495A0843Ea05541fD61ba5D4082750bC08', '$user$2, 0.928, good, good, None, 0x37AC7AC5D09bbC6dAC1CF036b7F9DdD0EA4E052E', '$user$3, 0.911, good, good, None, 0x536fc4cd48ad9B3649e8aB615592E83Ec9F5fcd1', '$user$5, 0.862, freerider, freerider, 5, 0xA2F37A08a8488CB8551a0D03f7A73f4156757de7']","[('close', '6df1b26104741cbec2bdc19e685452590f28d18a4689974f778fd18865e5a8fa', 495225), ('slot', 'b64258a3e0d80c262c067603bcfac996952ad523b5cf6ace8cedeb15779c2576', 50814), ('slot', 'a054e7ce757d9c6ab1c81be7990fa1972ace887cd2e7935df5fe36343a3b6490', 50814), ('slot', 'bd505a5d9b6347c715632bef7ccf91bb532a2a056236072bde29e1205e122c4d', 50814), ('slot', '3342e3260703b42df68dac842a9d39e0708c3a7e8f35a80790ae01bb64b3d122', 50814), ('slot', 'bdceeed8cdc58a80fae301d152d8471440f7b53f64d2d7c88299b62eded1f3ef', 50814), ('weights', 'e5c571a60e84ea0e43c198d39b4dba30202347e0e3670e535dc1736dab8d115f', 73694), ('weights', 'd7c07d89e4ad5cd5d540582d306ebd26c8084bba512543a77ff112a12711c2cd', 56594), ('weights', '18679b7b7895ab3fedf4e3831f4a62896d62317c86775003288589668e564984', 56594), ('weights', 'db6e5ab2be1307c6e0da04edac715110d3ca80ea04fff62646948f1a2da0e46a', 56582), ('weights', '2df5b520bbc9a2576fb700150fe609f5e0144bf65644242942530467750de1d2', 56594), ('feedback', 'bd433f0a5f40366a46c49633fc15a31a7c0aaa1363a69cb1fbdeaf866d6ef1c4', 619028), ('feedback', 'b63568f6155534d06d6580e4b192d6ccfbcd7330823a25ff7568142d1182e8b5', 567728), ('feedback', '55388d35a7dd1fe4bc628590b7fec5115638b17f3c0507cd9695b12c2d858047', 550628), ('feedback', '92e29467974286df6eb5951f4455c15c31a43d8893913a11ee789f00b46bf3d8', 550628), ('feedback', '5e5b0d42f15f0d4fbe124b822f8f7ae812403cfd3248196b4889ca46aca2da97', 396112), ('contrib', '97f0705dfe55e1e1dfe0fecbc1b2c6fd330358314f55cb2a7faaf526b3481e48', 75211), ('contrib', 'bf9617d7229ad3498ced9e323cbf70f008ba6362b33188af5eba2f93b9a99909', 78035), ('contrib', '814a44c44f0804d5d1b21ba2ea79ea0ba9e14f46c341bed04330e98b22f9771b', 58123), ('contrib', 'f887566ab1c9b3c024475a9b8298980534e71608af78b80aa40f777eab321559', 78023), ('contrib', '93b33e62f388118cad33003b7d55efa137e65baef1dd2894896efbca9ecee5ab', 58123), ('close', '173cefd720ab07e4396eb26e63f1f188f0de01ccfa9a7c38901e9aa10b8b3484', 513396)]"
10,23:17:22.873,0.9349,64.95354656130075,"[1205159271466855310, 1451228728989201348, 1310111907726310919, 1781593723231401877, 1251906368586230527, 0]","[93, 93, 94, 91, 0, 92]","[7, 7, 7, 8, 0, 8]","[('0xA41dE09A63f6Cedd633f99052b44450d3BB91D44', 4498619978676011232, 60702341137123895, 1205159271466855310), ('0x17725D495A0843Ea05541fD61ba5D4082750bC08', 4226463564631926064, 34615384615384765, 1451228728989201348), ('0x37AC7AC5D09bbC6dAC1CF036b7F9DdD0EA4E052E', 4354202459473411464, 21237458193979736, 1310111907726310919), ('0x536fc4cd48ad9B3649e8aB615592E83Ec9F5fcd1', 3849944724235879181, 11538461538461589, 1781593723231401877), ('0xA2F37A08a8488CB8551a0D03f7A73f4156757de7', 5643076909005742647, 5016722408026808, 1251906368586230527)]",0,[],"[607023411371238941, 346153846153847644, 212374581939797357, -115384615384615890, -50167224080268080]","[[0.0, 1.0, 1.0, 1.0, 0.0, 1.0], [1.0, 0.0, 1.0, 1.0, 0.0, 1.0], [1.0, 1.0, 0.0, 1.0, 0.0, 1.0], [1.0, 1.0, 1.0, 0.0, 0.0, 1.0], [0.0, 0.0, 0.0, 0.0, 0.0, 0.0], [0.0, 0.0, 0.0, 0.0, 0.0, 0.0]]",[],"['$user$0, 0.919, good, good, None, 0xA41dE09A63f6Cedd633f99052b44450d3BB91D44', '$user$1, 0.924, good, good, None, 0x17725D495A0843Ea05541fD61ba5D4082750bC08', '$user$2, 0.934, good, good, None, 0x37AC7AC5D09bbC6dAC1CF036b7F9DdD0EA4E052E', '$user$3, 0.919, good, good, None, 0x536fc4cd48ad9B3649e8aB615592E83Ec9F5fcd1', '$user$5, 0.862, freerider, freerider, 5, 0xA2F37A08a8488CB8551a0D03f7A73f4156757de7']","[('close', '173cefd720ab07e4396eb26e63f1f188f0de01ccfa9a7c38901e9aa10b8b3484', 513396), ('slot', 'd71341d6acec092b78c46bb2868162c3f2c9641c9aa940915d3322f78fff1f82', 50814), ('slot', '61ec225dad97f5b4fabb9088a0010fd797915937d4befc3ac36ea91bbac501e9', 50814), ('slot', '7575489b4386ef33f46329225f4a74f765e7e1deb608e0b18d1c2da7de22ff78', 50814), ('slot', 'f39d2eac61a94e7a3b8bd457f0461c5f9e2d62a6640008a058f5ea862a50359c', 50814), ('slot', 'f727e94afcd1759506eeefeb863f66eeab57be2e5b2c35db3941d2cffb13b1aa', 50814), ('weights', '8aa8a38ea21d1d8e12f71b6fef3bb4531f3c625037abc0bede3fb34006622130', 73694), ('weights', 'f6d29e5dcc6531d60af1fd68585e97a448f3dc417bcaba4f80c3e22676d3a2af', 56594), ('weights', '8024a9c575af8f0b276d590918396872177c559990bbc29c1afa3f66bf3bd4d9', 56582), ('weights', 'b97e7be11ee5d31b106815a6ed1b46e9099a999b27dabb60cc758026e3b6551e', 56594), ('weights', '625f2934d85b31e1e20f7d872e4b076efa562768466ba60a0ce4e47265597321', 56594), ('feedback', 'efcd63af2c3ff4783198efb2aa1a20a64109cb5aa85dc374bd0eabce6124a366', 619028), ('feedback', '2cdd1fa8e7f1644c8f0abefd4d55a4597e595c6d2978da0bcc932a41a6cb190b', 567728), ('feedback', 'd8750015d5c8e7ab09bfc31e52fc63f5366329264aec91cd05d428159f7b03ea', 550628), ('feedback', 'c6a3809eb132d55d65f8d93e5d716199aa26227fc2f5fbd22d88bd42ba1e95a5', 550628), ('feedback', '742e4a0bb16b07fa40c6978c01f85b6556bd3731825ce65c6e86ae39c3470dd8', 396112), ('contrib', '70587047f6bff53d400e77a02ec268ee1e35359ac20d9cd03dddb26831bd155d', 75223), ('contrib', '524840a50fcd1cafcc874d90a5e4e0a1c21a51692ece3c6593c690a187806509', 58123), ('contrib', '4e57f9e0a95d8b3637876f16095264c56079799216dfbdc4fbc104b0386b738b', 58123), ('contrib', '29f488e07ef88613b18b17f6003b193e1bc78402be5a6f4365d1f008ff74efa9', 78035), ('contrib', '3e0401bf4fd53780c6ebf545f73527301e0124dab53250122db63e614b298dce', 78023), ('close', '2d1eb9fe329b7bb70a2036ab9e27dd14ae736ee3c0629037432292d40b115866', 513396)]"
# $gasCosts$[816143, 747743, 706969, 730643, 730643, 706969, 75223, 58123, 58123, 58123, 58123, 58123, 693769, 665343, 651043, 625369, 631143, 639495, 75223, 58123, 58123, 58123, 58123, 58123, 717015, 646615, 629515, 631515, 603043, 651415, 75223, 58123, 58123, 58123, 58123, 717015, 648615, 631515, 631515, 613043, 631515, 75223, 58123, 58123, 58123, 58123, 717015, 648615, 631515, 631515, 613043, 604273, 75223, 58123, 58123, 58123, 78023, 717015, 648615, 631515, 631515, 613043, 612273, 95135, 58123, 78035, 58123, 58123, 619028, 567728, 550628, 550628, 396112, 75223, 58123, 58123, 78035, 78035, 619028, 567728, 550628, 550628, 396112, 55227, 78035, 58123, 58123, 58123, 619028, 567728, 550628, 550628, 396112, 75211, 78035, 58123, 78023, 58123, 619028, 567728, 550628, 550628, 396112, 75223, 58123, 58123, 78035, 78023],[126674, 126674, 126674, 126674, 126674],[50814, 50814, 50802, 50814, 50814, 50814, 50802, 50814, 50802, 50814, 50814, 50802, 50814, 50802, 50814, 50814, 50814, 50814, 50814, 50814, 50814, 50814, 50814, 50814, 50814, 50814, 50814, 50814, 50814, 50802, 50814, 50814, 50814, 50802, 50814, 50814, 50814, 50814, 50814, 50814, 50814, 50802, 50814, 50814, 50814, 50814, 50814, 50814, 50814, 50814, 50814, 50814, 50814, 50814, 50814, 50814],[73694, 56594, 56594, 56594, 56582, 56594, 73694, 56594, 56594, 56594, 56582, 56594, 73694, 56594, 56582, 56594, 56582, 56594, 73694, 56594, 56594, 56594, 56582, 56594, 73694, 56594, 56594, 56594, 56582, 56594, 73694, 56594, 56594, 56594, 56582, 56594, 73694, 56594, 56594, 56594, 56582, 73694, 56594, 56594, 56594, 56594, 73694, 56594, 56594, 56582, 56594, 73694, 56594, 56582, 56594, 56594],[641581, 611186, 643640, 643640, 643652, 606043, 513396, 495225, 513396, 513396],[],[]
# TOTAL EXPERIMENT TIME: 267.14 seconds
