# Author Nykjaer
# ------Specs--------# cpu_name:  (processor model)
# cpu_cores: 6 (physical cores)
# ram_gb: 13.5 (system memory in GB)
# gpu_name: NVIDIA GeForce RTX 3060 Laptop GPU (graphics processor)
# os_name: Linux (operating system)
# ------Config--------# good_contributors: 4 (honest participants)
# bad_contributors: 1 (malicious participants)
# freeriders: 1 (contribute 0)
# inactive: 0 (never join)
# reward: 1000000000000000000 (total reward pool)
# minimum_rounds: 10 (rounds to simulate)
# min_buy_in: 1000000000000000000 (lower buy-in bound)
# max_buy_in: 1000000000000000000 (upper buy-in bound)
# standard_buy_in: 1000000000000000000 (default buy-in)
# epochs: 1 (local epochs per round)
# batch_size: 32 (training batch size)
# punish_factor: 3 (penalty multiplier)
# first_round_fee: 50 (fee for first round)
# fork: True (True=local fork, False=real net)
# contribution_score_strategy: dotproduct (scoring method)
# use_outlier_detection: False (Whether to use outlier detection)
# freerider_start_round: 3 (When freeriders should start freeriding)
# freerider_noise_scale: 0.5 (How much noise a freeder should add)
round,time,globalAcc,globalLoss,GRS,accAvgPerUser,lossAvgPerUser,rewards,conctractBalanceRewards,punishments,contributionScores,feedbackMatrix,disqualifiedUsers,userStatuses,GasTransactions
# $startingUserConfig$['$user$0, 0, good, good, None, 0xA41dE09A63f6Cedd633f99052b44450d3BB91D44', '$user$1, 0, good, good, None, 0x17725D495A0843Ea05541fD61ba5D4082750bC08', '$user$2, 0, good, good, None, 0x37AC7AC5D09bbC6dAC1CF036b7F9DdD0EA4E052E', '$user$3, 0, good, good, None, 0x536fc4cd48ad9B3649e8aB615592E83Ec9F5fcd1', '$user$4, 0, good, bad, 3, 0x118E560679B62a9F24c135A96d416548782f8cc2', '$user$5, 0, good, freerider, 3, 0xA2F37A08a8488CB8551a0D03f7A73f4156757de7']
0,10:53:25.563,0,720.8875122070312,"[1000000000000000000, 1000000000000000000, 1000000000000000000, 1000000000000000000, 1000000000000000000, 1000000000000000000]",[],[],[],1000000000000000000,[],[],,[],"['$user$0, 0, good, good, None, 0xA41dE09A63f6Cedd633f99052b44450d3BB91D44', '$user$1, 0, good, good, None, 0x17725D495A0843Ea05541fD61ba5D4082750bC08', '$user$2, 0, good, good, None, 0x37AC7AC5D09bbC6dAC1CF036b7F9DdD0EA4E052E', '$user$3, 0, good, good, None, 0x536fc4cd48ad9B3649e8aB615592E83Ec9F5fcd1', '$user$4, 0, good, bad, 3, 0x118E560679B62a9F24c135A96d416548782f8cc2', '$user$5, 0, good, freerider, 3, 0xA2F37A08a8488CB8551a0D03f7A73f4156757de7']","[('register', '87c474659307920c14a7b546165b71980b4d36aea3c9dae8bebdba0706484fd1', 126674), ('register', '8d4168cd60a8ffbbadaa51c316394441fb8463365378aba1672660946b7e73b6', 126674), ('register', '805223300f535a755044e60a9d74a544c7c67f62c334dbbb97c9e10bf3b19a9b', 126674), ('register', '3117685a322f90479235defb50341ea1814a693b954c2a3090b6c4b0df1792b8', 126674), ('register', 'e8503f370cf9266e8a0b1dbd04f66d555a94d40460c3fe55bdc1706268aed4dc', 126674)]"
1,10:54:00.879,0.1276,716.7586059570312,"[1016765714931998924, 1016541294507066987, 1016555371633837049, 1016733918834717291, 1016675732781354594, 1016727967311025152]","[9, 12, 9, 11, 10, 10]","[74, 74, 74, 74, 74, 74]","[('0xA41dE09A63f6Cedd633f99052b44450d3BB91D44', 5000000000000000000, 16765714931998924, 1016765714931998924), ('0x17725D495A0843Ea05541fD61ba5D4082750bC08', 1000000000000000000, 16541294507066987, 1016541294507066987), ('0x37AC7AC5D09bbC6dAC1CF036b7F9DdD0EA4E052E', 3000000000000000000, 16555371633837049, 1016555371633837049), ('0x536fc4cd48ad9B3649e8aB615592E83Ec9F5fcd1', 1000000000000000000, 16733918834717291, 1016733918834717291), ('0x118E560679B62a9F24c135A96d416548782f8cc2', 4000000000000000000, 16675732781354594, 1016675732781354594), ('0xA2F37A08a8488CB8551a0D03f7A73f4156757de7', 4000000000000000000, 16727967311025152, 1016727967311025152)]",900000000000000000,[],"[167657151818275451, 165412947535514831, 165553718805313110, 167339190840721130, 166757330298423767, 167279675602912902]","[[0.0, -1.0, -1.0, -1.0, 0.0, 0.0], [1.0, 0.0, 1.0, 1.0, 1.0, 1.0], [1.0, 1.0, 0.0, 1.0, 1.0, 1.0], [1.0, 1.0, 1.0, 0.0, 1.0, 1.0], [1.0, 0.0, 1.0, 0.0, 0.0, 1.0], [1.0, 0.0, 1.0, 0.0, 1.0, 0.0]]",[],"['$user$0, 0.806, good, good, None, 0xA41dE09A63f6Cedd633f99052b44450d3BB91D44', '$user$1, 0.581, good, good, None, 0x17725D495A0843Ea05541fD61ba5D4082750bC08', '$user$2, 0.642, good, good, None, 0x37AC7AC5D09bbC6dAC1CF036b7F9DdD0EA4E052E', '$user$3, 0.611, good, good, None, 0x536fc4cd48ad9B3649e8aB615592E83Ec9F5fcd1', '$user$4, 0.712, good, bad, 3, 0x118E560679B62a9F24c135A96d416548782f8cc2', '$user$5, 0.751, good, freerider, 3, 0xA2F37A08a8488CB8551a0D03f7A73f4156757de7']","[('slot', '9665b17f481b7a0c1b401f89d4e98f2646ce78f8c16d6e2cd9f3fb83a1c4ffe2', 50814), ('slot', '334b7d6947e51b91742c1a482ab6723e0d92cce0c755990e8cb1236c6acb52bb', 50814), ('slot', '676c6af670851811cadd46f6c7575aab6b4c7794e1bf73eeef63416cf8a948cd', 50814), ('slot', '56feb91de71260809da4810d8356c0ed1e2c632f349fab7af9756720031608d9', 50814), ('slot', '7fd2fa042d197599e6a01c27303deb5ef6851ffb38905f9eb4d0c2d7e948f81c', 50814), ('slot', '5dbf690af9f19ce938d8dd58b6e2022ff9f11c09299098b4bbf33b4a8d0036df', 50790), ('weights', '20142a7d02b3c5ce46a132ef3f5d3b5ba6406485e9f1afe77d01e493443c23a1', 73694), ('weights', '251e7ed74b0d179181c79782253c33b4b61e1991981616f6a0695609f979bc23', 56582), ('weights', 'e5fd0c325cfca03f5806b2c1c5b3c1db39a0f5c8e5a233d59a1b22dc9a342c56', 56582), ('weights', 'ef9e1d99c37e78430fc66ae2174e84ea0aa6b9451e73b51441602ba3dceb156e', 56582), ('weights', '979642736ab75858ff4b71d4a3e9c67d88a7fcf7154a96cbd8332b4be8a99b17', 56594), ('weights', 'd9269604954a97d7893cdcafaaef9cc2c0b905a0dad09d56e9b4c0edc333f45f', 56594), ('feedback', 'aa4be2c01427416eae380bfb84cd10a773db9e8677298b58f17171e073768155', 282349), ('feedback', '8cbb3af8951fcb4a041a7b2206869b3a9560456be4b14e11a2ccf91d4326325c', 378753), ('feedback', 'deafc282d2a70b67af5c1f8a962254b2860fcbcc80b2a977443099cb00a50e63', 349353), ('feedback', 'a4fb7bc60da863af7457c64868a4f54116027c131f753946ba1e4bb11d48dc19', 371253), ('feedback', '58e380d3957d74ea1a3d2a84eeee760ab7fcd815166eb386974d43c7801acc7f', 289705), ('feedback', '8fac13be9b9675b636ecaf25e0fba6899dfe4e5a84a989646474827d961f8c83', 289705), ('contrib', 'de9cf79152fb89240bfb327df665b5c1bfbe2ce93a008f2cd332511d404ffd0b', 75223), ('contrib', '38ef0484e46ad1e93fea0f697d2b16d81d6cbaa928992d4480921a28b6285225', 58123), ('contrib', 'de88154be6733ade4390730772e77707b77f505beeca31db624fe15a39e99fb7', 58123), ('contrib', 'd97819ab083a77bf0e4299d0589a77043fc8e2c31ae4214aec89e6971a5a7f7f', 58123), ('contrib', '6e3c1d208c380911822786fea56549ff98d6a6d4494ddf0b3d7a71f658de775d', 58123), ('contrib', '8645e2b6be460f733489cb651955c79680050b2304860f977feb4d45a8c6a279', 58123), ('close', '4cc163b2a4dec6fdae036d96e6d74a6a1db2ec93b2267b3732d775380378fb69', 641581)]"
2,10:54:35.305,0.6168,640.3141784667969,"[1104536773625871974, 1104329743059872897, 1104327038547672775, 1104532962186873044, 677783821854236396, 1104489660725472908]","[10, 12, 12, 13, 12, 14]","[73, 73, 73, 73, 73, 73]","[('0xA41dE09A63f6Cedd633f99052b44450d3BB91D44', 4066500366233283782, 87771058693873050, 1104536773625871974), ('0x17725D495A0843Ea05541fD61ba5D4082750bC08', 3049996819347190567, 87788448552805910, 1104329743059872897), ('0x37AC7AC5D09bbC6dAC1CF036b7F9DdD0EA4E052E', 4066710709531445657, 87771666913835726, 1104327038547672775), ('0x536fc4cd48ad9B3649e8aB615592E83Ec9F5fcd1', 5083266081165282706, 87799043352155753, 1104532962186873044), ('0xA2F37A08a8488CB8551a0D03f7A73f4156757de7', 5083272032688974845, 87761693414447756, 1104489660725472908)]",800000000000000000,"[(2, 338891910927118198)]","[199983298778533935, 200022920966148376, 199984684586524963, 200047060847282409, 199961960315704345]","[[0.0, 1.0, 1.0, 1.0, 0.0, 1.0], [1.0, 0.0, 1.0, 1.0, 0.0, 1.0], [1.0, 1.0, 0.0, 1.0, 0.0, 1.0], [0.0, 0.0, 0.0, 0.0, -1.0, 1.0], [1.0, 1.0, 1.0, 1.0, 0.0, 1.0], [1.0, 0.0, 1.0, 1.0, -1.0, 0.0]]",[5],"['$user$0, 0.498, good, good, None, 0xA41dE09A63f6Cedd633f99052b44450d3BB91D44', '$user$1, 0.504, good, good, None, 0x17725D495A0843Ea05541fD61ba5D4082750bC08', '$user$2, 0.507, good, good, None, 0x37AC7AC5D09bbC6dAC1CF036b7F9DdD0EA4E052E', '$user$3, 0.58, good, good, None, 0x536fc4cd48ad9B3649e8aB615592E83Ec9F5fcd1', '$user$4, 0.413, good, bad, 3, 0x118E560679B62a9F24c135A96d416548782f8cc2', '$user$5, 0.615, good, freerider, 3, 0xA2F37A08a8488CB8551a0D03f7A73f4156757de7']","[('close', '4cc163b2a4dec6fdae036d96e6d74a6a1db2ec93b2267b3732d775380378fb69', 641581), ('slot', '16053c7e497a49f0fbe180fc83cb1c10ed1d9021616c3c9be05da11836b5a314', 50814), ('slot', '5aeadc5029219907a9dfce006b84e0ae5edc7dfac0c81f035c6e44d158a5b72f', 50814), ('slot', '9e3bf828f41a6793211fdfc051d96fbc5890b9d217c307f47ce474c75247045c', 50814), ('slot', 'dd6dfd39af5d96e0d59c4f8f9d231da7e9e5a1780cd49ae0bbb794c3d3fee604', 50814), ('slot', '3cdc0f856b7280f462d69c7fd186e0569a7f449bbdfe5173a1301a6383d890fc', 50814), ('slot', '50d82b65a2057c9ffa94ae2c1b58f1b80cf2c022f8ba08714904729ed4300f35', 50814), ('weights', '48a1ff7a7727b411dd5a0518e287cab9cad97f5e9d0f0d96131b97330f88e414', 73694), ('weights', '3ec1d62b20c67253bc18e98e4702f6a263c76dd378c66d37386ade3db5df6def', 56582), ('weights', '076ce38b939a65dea0da26524f56c7f07d6b2a39cf58f0ad8b6366fa10eb1277', 56594), ('weights', '2ef8d7cfe8593ea6568a0513384493d6e8a92c37c5f5a52e8b14cc7ff856d4c9', 56582), ('weights', '0014004c5d6c0b48f5cae907c1b552ba81aa23192bda53baef80e22599921df0', 56594), ('weights', 'a1592fd0c232da8f8b41cf4335e8faa151f09ff98b35031a37547fcfdce85387', 56594), ('feedback', 'f76821610c8619b81248a34d13bc780b554d831728ac222be0fd7340917684d3', 381779), ('feedback', '4dfdeb277fd7ce4456d0030ee4d58a533537f4647cd01b62472c5a47ce517825', 248879), ('feedback', 'ed0f469111a60ead15409268869c41839b5ce9b406f8522c7e80bbfa62161b88', 231779), ('feedback', 'a974443c53df82707953e65278249e6e907c700381f56777c33fc1710889153d', 235679), ('feedback', '1958c7cceecc7b7f53b35d7ec3c42f1b85c051d58ee5521480f14ed504ce9e99', 277353), ('feedback', 'f88786bd1d5fe90899f4f073cffdf670f6510ef085549f0002fe02186c606f62', 252027), ('contrib', 'bf1afcb291c9784858b78b1367f17239d072a05089223794bd567d754cf4145f', 75223), ('contrib', '4be61caf930b02e23721ff6d0c79b4bd087fd937079e0b8f8e2ec1804279e4cc', 58123), ('contrib', 'e38e5e1642602a335ffce4f8ea9876fdc3a0ecf412d6f5fd1a1da95341945e0a', 58123), ('contrib', 'a6649fc8c29e5e02277368ca7751d11692b6be39b6763c5a497bfc247883ccb9', 58123), ('contrib', 'd2cc6e1f405a13dcf146a7e205bb111069271767c3c98817fbd4c2de299417e3', 58123), ('close', 'f8dc7872c700a06d5a30ce128d9678d06a3d8ad8e7bdba72524ce42dac8e336d', 643640)]"
3,10:55:05.821,0.8104,203.6369672715664,"[1277990776696246035, 1277944472698996441, 1277746383012391783, 1278136045872559528, 451855881236157598, 736326440483648606]","[60, 59, 62, 58, 62, 65]","[66, 66, 66, 66, 66, 65]","[('0xA41dE09A63f6Cedd633f99052b44450d3BB91D44', 2635405921940182320, 173454003070374061, 1277990776696246035), ('0x17725D495A0843Ea05541fD61ba5D4082750bC08', 2635612952506181397, 173614729639123544, 1277944472698996441), ('0x37AC7AC5D09bbC6dAC1CF036b7F9DdD0EA4E052E', 2635615657018381519, 173419344464719008, 1277746383012391783), ('0x536fc4cd48ad9B3649e8aB615592E83Ec9F5fcd1', 2635409733379181250, 173603083685686484, 1278136045872559528)]",700000000000000000,"[(3, 225927940618078798), (3, 368163220241824302)]","[249900877475738525, 250132441520690917, 249850943684577941, 250115662813186645]","[[0.0, 1.0, 1.0, 1.0, -1.0, -1.0], [1.0, 0.0, 1.0, 1.0, -1.0, -1.0], [1.0, 1.0, 0.0, 1.0, -1.0, -1.0], [1.0, 1.0, 1.0, 0.0, -1.0, -1.0], [-1.0, -1.0, -1.0, -1.0, 0.0, -1.0], [0.0, 0.0, 0.0, 0.0, 0.0, 0.0]]","[5, 6]","['$user$0, 0.739, good, good, None, 0xA41dE09A63f6Cedd633f99052b44450d3BB91D44', '$user$1, 0.791, good, good, None, 0x17725D495A0843Ea05541fD61ba5D4082750bC08', '$user$2, 0.777, good, good, None, 0x37AC7AC5D09bbC6dAC1CF036b7F9DdD0EA4E052E', '$user$3, 0.764, good, good, None, 0x536fc4cd48ad9B3649e8aB615592E83Ec9F5fcd1', '$user$4, 0.413, bad, bad, 3, 0x118E560679B62a9F24c135A96d416548782f8cc2', '$user$5, 0.615, freerider, freerider, 3, 0xA2F37A08a8488CB8551a0D03f7A73f4156757de7']","[('close', 'f8dc7872c700a06d5a30ce128d9678d06a3d8ad8e7bdba72524ce42dac8e336d', 643640), ('slot', '995dad6d7e975c8a2a8d7a6214ecf7f664f1b58464dd7ef4e8e064d0cc1b0a50', 50814), ('slot', '4305a30667b79640546bca2fc4c0a666a7c2f60602534a8ea50b958e8f59ca0d', 50814), ('slot', '4f36a25618c9fe33f7b5a4f8e4ec1869b23d8c78de38e7eb74950d19b02b906d', 50802), ('slot', '3e8c395dd044295bfd29c8ad8d385c81f2f547ad0a3cd7ea40e5a164455cf253', 50814), ('slot', '6554d4e5e3a7580a584e4c1244a9f20b9baff6151a0b0e1515565203b205d7e6', 50814), ('slot', 'f3e5a01e1d52c660a56fe66fb87d95c0c923b324b8473b61eece0433c893d90c', 50814), ('weights', 'c6fd226256f65cf1a4cd46136f6ef5adca8c5d86df9259d71eb56f6b559867ba', 73694), ('weights', '5982f9637c20b8e374efa1dc59e3e203c03131c841b9286523e1d19c67a624b4', 56594), ('weights', 'f37107e6339eeadce630fa705d00f6f8f7ee102dd9082ef4f06e37215dd646ca', 56594), ('weights', 'bf83e83aa9bcb5549ef068f0c49df62945e411a66dae36086498121b623c4348', 56582), ('weights', '8698346103f7e0ab20a17f8179bf908d5641f7e1ad68636c8da14b91bc80a54a', 56594), ('weights', '9ebd0e8c169e0548bad402a4a9e9bf7a1b647e74ea98bb51d26e8624cdbddc09', 56594), ('feedback', 'c78fabb6106314c5d33e33f6eac0eb52211b5f11c92c4f51d06170fb29e960c7', 321749), ('feedback', 'cb5670d6bcdd21e8ceac7b732645f953c82719f7887493f627532889a5ca11ae', 253349), ('feedback', 'a3b3cf1ba665745212d47d63564038f14bfba4a7bd175f690ea8453c046880ce', 236249), ('feedback', '3a8c44342a4fecd20662d2a84daec5c33fe6e3530c2d20d88f0f748e45fb10cb', 295949), ('feedback', '61081dbe10d9651c164cecd15bd10d08e9ed2d6c8a2bbe7dafb645db6e92c5b5', 229293), ('feedback', '2837e1f932b8c501909b0b4f8d0320aff6bbe08b2e5c01a8e0ecac0570583aa1', 212683), ('contrib', '7d6268e050ba60481e02e8653aaf91c04597ca447769a0de154a202f692daea2', 75223), ('contrib', '789e2517a14dcd8131bc0148634e4affc5588bda57977f3fad2f29c28c1d884a', 58123), ('contrib', 'd7b99f7b7a23356d982e3ce46b469dd043ba366426ef4170350b0e54f846146a', 58123), ('contrib', '654a5a29c4e2ef8578065501d978da966bf5c7870510b011da657fb18f123d67', 58123), ('close', '57e9976ed1cb0bf09f6862f84388c37f4e34ea9660befe003c192577be1c2741', 658515)]"
4,10:55:36.197,0.8634,142.1069090589881,"[1402036295367875299, 1401960438627292364, 1401720614376190446, 1402161103815437744, 301237254157438399, 490884293655765738]","[79, 80, 80, 79, 81, 82]","[21, 21, 22, 23, 20, 20]","[('0xA41dE09A63f6Cedd633f99052b44450d3BB91D44', 3381971020347790154, 124045518671629264, 1402036295367875299), ('0x17725D495A0843Ea05541fD61ba5D4082750bC08', 3382017324345039748, 124015965928295923, 1401960438627292364), ('0x37AC7AC5D09bbC6dAC1CF036b7F9DdD0EA4E052E', 3382215414031644406, 123974231363798663, 1401720614376190446), ('0x536fc4cd48ad9B3649e8aB615592E83Ec9F5fcd1', 3381825751171476661, 124025057942878216, 1402161103815437744)]",600000000000000000,"[(4, 150618627078719199), (4, 245442146827882868)]","[250061124563217163, 250001549720764160, 249917417764663696, 250019878149032592]","[[0.0, 1.0, 1.0, 1.0, -1.0, -1.0], [1.0, 0.0, 1.0, 1.0, -1.0, -1.0], [1.0, 1.0, 0.0, 1.0, -1.0, -1.0], [1.0, 1.0, 1.0, 0.0, -1.0, -1.0], [-1.0, -1.0, -1.0, -1.0, 0.0, -1.0], [0.0, 0.0, 0.0, 0.0, 0.0, 0.0]]","[5, 6]","['$user$0, 0.844, good, good, None, 0xA41dE09A63f6Cedd633f99052b44450d3BB91D44', '$user$1, 0.844, good, good, None, 0x17725D495A0843Ea05541fD61ba5D4082750bC08', '$user$2, 0.849, good, good, None, 0x37AC7AC5D09bbC6dAC1CF036b7F9DdD0EA4E052E', '$user$3, 0.829, good, good, None, 0x536fc4cd48ad9B3649e8aB615592E83Ec9F5fcd1', '$user$4, 0.413, bad, bad, 3, 0x118E560679B62a9F24c135A96d416548782f8cc2', '$user$5, 0.615, freerider, freerider, 3, 0xA2F37A08a8488CB8551a0D03f7A73f4156757de7']","[('close', '57e9976ed1cb0bf09f6862f84388c37f4e34ea9660befe003c192577be1c2741', 658515), ('slot', '7d5b8aba94f698c49328a6f1cc6cea44701d16ece5546d600cc36241fccb35a8', 50814), ('slot', 'cf81e4933d85ef9a6f2d8bcea18420fbd4fffea4c9f39e96a3d34890c98da7a2', 50814), ('slot', '8c10450ad6e8c6bda20d8876123d543942061dec58bf21942423e8e1981cc3e5', 50802), ('slot', '00a0039a4939e1d1246a74c2e0855eea97fdcbd3d97e36d2b13ab760b2985367', 50814), ('slot', '0cb4126b9480780a2b6adacb9183964ba6c0d736e562a7c8942c80d2f2df1c67', 50814), ('slot', '61279a9eb6201cff19aedad06aa4daad9481f9286920600298ecc7828f02711f', 50814), ('weights', 'b69bffc8b3177881e8fbdaaaa6785f24b68bbf3a23cffc266bbe44c6e92fe9b9', 73694), ('weights', 'cabd85814372cf40113aa5fa4fd25947bfec178ac0da3f25098f589a20c4269b', 56594), ('weights', 'f48d1809d60d12ae74e23f81552b2d1dab966aa560999b6b065ea0c53a080385', 56594), ('weights', 'c9ec1638d59d98cc93ca7a83185ea4139a88f8755bb3ec6be500404be16dd29a', 56582), ('weights', '4f6199cd52192a4da8eafa37d423cb1f2622d29835cdb458ae2bac70b90bdcf1', 56594), ('weights', '7f41c0fb2a7bd0ec05b709803c803877ebcd66822fe85345f58876b7de2a9167', 56594), ('feedback', '475a6a38606fdd1bfc92b7b4b0c1a96f87697405658888e682d68eea430f75f0', 323749), ('feedback', '711c1ab93898d2ddbb8f742c7eec89b514896ad8e3016894afac4e43afa883a6', 255349), ('feedback', 'd31dd18421d514b99cd17ac08cc6b42bf38f22d63ad5b299862a41222272dd25', 238249), ('feedback', 'af8ecb85eb6b813d001d60e1d2d2ee2e2507bbabf1201cf209ef0c0db58f879e', 238249), ('feedback', 'ecc6bb0fe0984bffb646871e29de790bdcc0b53733ff121226854d08673f5f7b', 239293), ('feedback', '732f0087e5ce120a7d08b7d616e65dec09f8711b402cecc69acff57a4475a7e7', 218683), ('contrib', '61a37f887028d025bd461db0681d5848e72d5735a91d5e9d93a894a65a3db00c', 75223), ('contrib', 'cd1fb2d90daddb7c98fdd342597f806dc6e63b4680a22c8590a7da88e3a912a8', 58111), ('contrib', 'fee38f2c418cfd8f3d7b416af0a19437b5743b68c0aa53eb9adafb57140e24b9', 58123), ('contrib', '522dd2c3e2a6a4e73f8344efaa1df295b68f0f7b3195467395639fcc0e7b1790', 58123), ('close', '4653992e00fce1b594150cd3dc9f9f90f73851ffa257dd659a3a9c3238c43e67', 658515)]"
5,10:56:06.439,0.888,114.82056463509798,"[1543230422623219035, 1543251733465592336, 1542882613368874449, 1543379034771803676, 327256195770510492, 0]","[86, 86, 86, 85, 87, 87]","[14, 14, 15, 16, 14, 14]","[('0xA41dE09A63f6Cedd633f99052b44450d3BB91D44', 3904604902661482155, 141194127255343736, 1543230422623219035), ('0x17725D495A0843Ea05541fD61ba5D4082750bC08', 3904680759402065090, 141291294838299972, 1543251733465592336), ('0x37AC7AC5D09bbC6dAC1CF036b7F9DdD0EA4E052E', 3904920583653167008, 141161998992684003, 1542882613368874449), ('0x536fc4cd48ad9B3649e8aB615592E83Ec9F5fcd1', 3904480094213919710, 141217930956365932, 1543379034771803676)]",500000000000000000,"[(5, 163628097885255246), (5, 301237254157438399)]","[249960660934448242, 250132679939270019, 249903783202171325, 250002801418304443]","[[0.0, 1.0, 1.0, 1.0, -1.0, -1.0], [1.0, 0.0, 1.0, 1.0, -1.0, -1.0], [1.0, 1.0, 0.0, 1.0, -1.0, -1.0], [1.0, 1.0, 1.0, 0.0, -1.0, -1.0], [-1.0, -1.0, -1.0, -1.0, 0.0, -1.0], [0.0, 0.0, 0.0, 0.0, 0.0, 0.0]]","[6, 5]","['$user$0, 0.873, good, good, None, 0xA41dE09A63f6Cedd633f99052b44450d3BB91D44', '$user$1, 0.862, good, good, None, 0x17725D495A0843Ea05541fD61ba5D4082750bC08', '$user$2, 0.875, good, good, None, 0x37AC7AC5D09bbC6dAC1CF036b7F9DdD0EA4E052E', '$user$3, 0.868, good, good, None, 0x536fc4cd48ad9B3649e8aB615592E83Ec9F5fcd1', '$user$5, 0.615, freerider, freerider, 3, 0xA2F37A08a8488CB8551a0D03f7A73f4156757de7']","[('close', '4653992e00fce1b594150cd3dc9f9f90f73851ffa257dd659a3a9c3238c43e67', 658515), ('slot', 'ef276b5817a103f5158dfcb7e8ac77317351003cb11ef8a90c5666bc3bfa2835', 50814), ('slot', 'cf1730e9e4765761ae14f45b6be4413d1c889ae735a23e2d167f7993858ff02f', 50814), ('slot', '5b26df6d58f8aa81d781e404572c2b0f383138663effc97cbbde5797efc32e0b', 50814), ('slot', 'bdc5fb953feae21933f96b6a9a701e65f657c08bf10d4a9396c6307d41580700', 50814), ('slot', '286ef585cfc8b7a8b63ecc5031aa66475714c27b437efd7d4d33b71af45b3e6a', 50814), ('slot', '2f709350af8c70fca95651fc7821bef1b1eca03e684b2cdd5608190fb91b71f6', 50814), ('weights', '299c81484d291fce6ae4274e01170d0e30b0a8c51c423a3bae0b468b786d107f', 73694), ('weights', 'cfd49642ae027099a756d35e82fdb897f8498bdfb3a720694a500537697f9271', 56594), ('weights', 'f09d6238c2d7eee6328fb81d7faa56cc66b37d4db99763c282d459b1bab33c46', 56594), ('weights', '4d60bbf62f13720d869a68d77d54f78d7af1495280a773b2e5a8a77c4c695e55', 56582), ('weights', '0be90cb188d35966d3681d34e6f5af126efd150eff41e9e3fe35ab92634bdacb', 56594), ('weights', '6a8a458ad9fbbfd42e81e4a9f05eb5a00b882490042b370f78f4360d3fb34fe3', 56594), ('feedback', '79a2346398fa82ae7fe9f35691d3dd59223bf0c5415496b9852d4dcfa60e2dbb', 323749), ('feedback', '68ba91e1bd1e9d2b606fde4b178bf10400f3fe45fc505d3acbe52d09439cdf45', 255349), ('feedback', '9aa52c06b243c44e4d43021e3f34544745014d198a88d8ed45c8060558ca9bff', 238249), ('feedback', '2f57fb032c980e7821be8576c77de0d4cc7aade5a06fe00c7999d0304ceb3bb5', 238249), ('feedback', '72ead71d4bb312608ae234ecd21b90f414ff616bc16ebee655bccbcc5d6b1c63', 239293), ('feedback', '3aac70a0449d35696084248f8971069ef20576d64a79f33759dc01c38320a431', 218683), ('contrib', '85b15accf2726349dab05d9edc9500cd7faa33dd3920c79e3e4a9a0938caeb24', 75223), ('contrib', '352df8ce7b23ec9c402c23df47d9b0a838dee03a157097c6ddd040c7255a49a1', 58123), ('contrib', 'ffa047efc5e396c23d9132a98582547c3f0a2e44dd2968e7713063da9f2c1622', 58123), ('contrib', '694b9bf6b43f2bd0ef1628306fd1b6eacbb8b139b712e0f98ff3ee721d009cfd', 58123), ('close', '16b2dbd2e2dd3689e47d0b951ed4e8d654ecc511cde585f3a6eb54ec9d844413', 618388)]"
6,10:56:34.160,0.9046,96.14075423777103,"[1650041173659885967, 1650109858475721615, 1649638777058616752, 1650210190805775651, 0, 0]","[89, 89, 89, 87, 0, 89]","[11, 11, 12, 13, 0, 12]","[('0xA41dE09A63f6Cedd633f99052b44450d3BB91D44', 4629513381606270461, 106810751036666932, 1650041173659885967), ('0x17725D495A0843Ea05541fD61ba5D4082750bC08', 4629492070763897160, 106858125010129279, 1650109858475721615), ('0x37AC7AC5D09bbC6dAC1CF036b7F9DdD0EA4E052E', 4629861190860615047, 106756163689742303, 1649638777058616752), ('0x536fc4cd48ad9B3649e8aB615592E83Ec9F5fcd1', 4629364769457685820, 106831156033971975, 1650210190805775651)]",400000000000000000,"[(6, 327256195770510492)]","[249992266297340393, 250103145837783813, 249864503741264343, 250040024518966674]","[[0.0, 1.0, 1.0, 1.0, 0.0, -1.0], [1.0, 0.0, 1.0, 1.0, 0.0, -1.0], [1.0, 1.0, 0.0, 1.0, 0.0, -1.0], [1.0, 1.0, 1.0, 0.0, 0.0, -1.0], [0.0, 0.0, 0.0, 0.0, 0.0, 0.0], [0.0, 0.0, 0.0, 0.0, 0.0, 0.0]]",[5],"['$user$0, 0.895, good, good, None, 0xA41dE09A63f6Cedd633f99052b44450d3BB91D44', '$user$1, 0.883, good, good, None, 0x17725D495A0843Ea05541fD61ba5D4082750bC08', '$user$2, 0.897, good, good, None, 0x37AC7AC5D09bbC6dAC1CF036b7F9DdD0EA4E052E', '$user$3, 0.88, good, good, None, 0x536fc4cd48ad9B3649e8aB615592E83Ec9F5fcd1']","[('close', '16b2dbd2e2dd3689e47d0b951ed4e8d654ecc511cde585f3a6eb54ec9d844413', 618388), ('slot', '06ef01bcd4308c205f14b7fbb8cffb80475f6343865d52cf5eb8a3e54dfa0f20', 50814), ('slot', '514a2064b2ff6a7be5e542becc92b989772629768ec9d408478bbe3eab032148', 50814), ('slot', 'd8067cc5806d08c1f2a631caa5d6e960fa48e9b23b582f97023c91e68566f6ab', 50814), ('slot', '9eb9e9f25b6650cb2e8e518829f2cfe36f6a42088f9569b5ae99bfeaf250c09b', 50814), ('slot', 'a1214d0eb9aa194cf9c00f9516286dbb0e62d2c774edd3c389b2f91b8d70205a', 50814), ('weights', '949a6b6a28ae4b4ee16e0164a420baa8874cba1da32a7d1b8feee6e2893a1566', 73694), ('weights', '858910828566fb68c350a55cfdb85eee7fcc4cce99395a4ec32b7993c512b1c2', 56594), ('weights', '964a934c6a5b088819faa772f069684ecbfaebdf8a0c2d3faa1b7e79b9e5ebf8', 56594), ('weights', 'e1c6e330b5be51f00056f7d07272f1b7248db9212254d846dc58f740d10f1451', 56582), ('weights', '8f2c5af10322641c4a6e1fd2c3c95845dcd4247e4fd749786fe43725e90eca54', 56594), ('feedback', '67fb8419a17a23a981f56c3f2b406294c6a447a50632acb1ad59c4d5c1fa40dd', 270522), ('feedback', '63d1b0a48c1fb79be2ede2375d281a136b9942162fda65c9ca3ea3a0035385ca', 219222), ('feedback', 'bde23a6e20708e8c3cc68462a0f6ae5ea9e7df386e52f07bc1bbe309a39a0e38', 202122), ('feedback', 'ebca2a5a7c9e201e9d56c4a8a2675043c17f62dccd37a5322d8b269eda27bf35', 202122), ('feedback', '537ee02b26a34a0866e413951ae46e571bcf4f59cf34d6b3f1cd7144f6646d0f', 186678), ('contrib', '3a8529d34ffb6007262f709db2f4c7a45369771ebe47e513a72fa1486362228e', 75223), ('contrib', '4e1598d65ae99f5bfab4dac94291af1cc4337974f5b001b0410cef05c56b6992', 58123), ('contrib', 'b5db06ffe04c7effdda9d777a03a005fb1872939cc300d5054b3a52a67cc61ec', 58123), ('contrib', '20c1e40ce1f327c211fac7f70683e3220e506879795edb89ac46751919fb21db', 58123), ('close', 'b1cd453a9910fb0ac41e66b105b0cc56d75d2d6d11d6e842329032890a9d2c5b', 502181)]"
7,10:56:59.435,0.9182,82.37653179466724,"[1675048166029984568, 1675115339868030130, 1674629863928783020, 1675206630173202266, 0, 0]","[91, 90, 91, 89, 0, 0]","[9, 10, 10, 11, 0, 0]","[('0xA41dE09A63f6Cedd633f99052b44450d3BB91D44', 4949958826340114018, 25006992370098601, 1675048166029984568), ('0x17725D495A0843Ea05541fD61ba5D4082750bC08', 4949890141524278370, 25005481392308515, 1675115339868030130), ('0x37AC7AC5D09bbC6dAC1CF036b7F9DdD0EA4E052E', 4950361222941383233, 24991086870166268, 1674629863928783020), ('0x536fc4cd48ad9B3649e8aB615592E83Ec9F5fcd1', 4949789809194224334, 24996439367426615, 1675206630173202266)]",300000000000000000,[],"[250069916248321533, 250054806470870971, 249910861253738403, 249964386224746704]","[[0.0, 1.0, 1.0, 1.0, 0.0, 0.0], [1.0, 0.0, 1.0, 1.0, 0.0, 0.0], [1.0, 1.0, 0.0, 1.0, 0.0, 0.0], [1.0, 1.0, 1.0, 0.0, 0.0, 0.0], [0.0, 0.0, 0.0, 0.0, 0.0, 0.0], [0.0, 0.0, 0.0, 0.0, 0.0, 0.0]]",[],"['$user$0, 0.901, good, good, None, 0xA41dE09A63f6Cedd633f99052b44450d3BB91D44', '$user$1, 0.898, good, good, None, 0x17725D495A0843Ea05541fD61ba5D4082750bC08', '$user$2, 0.907, good, good, None, 0x37AC7AC5D09bbC6dAC1CF036b7F9DdD0EA4E052E', '$user$3, 0.894, good, good, None, 0x536fc4cd48ad9B3649e8aB615592E83Ec9F5fcd1']","[('close', 'b1cd453a9910fb0ac41e66b105b0cc56d75d2d6d11d6e842329032890a9d2c5b', 502181), ('slot', 'e0d1f178c81ddae5aaa90720096742a1e0a1b2940a27e25b1e6bd5873765274d', 50814), ('slot', '10ec63c6aa2b066f8393ea7573e31130ee9153237459f19145ff6e8d2db60cf5', 50814), ('slot', 'a91369de7a3635a2ade4d7107a02cbd503a902867d5967d62c308d5a0fdad7c6', 50802), ('slot', '92a5484c8765a3270134a89a323de6dce188d7d459acf9804d3324bb75459b29', 50814), ('weights', '54229ca108ffa60071f7efdc57ba0bfdd9a543740b58a23d4c500f92f145d36a', 73694), ('weights', '1629516e21f7b560cbc3612fcdae927dedd3eb68040b1ddb65236b8bcf73a81c', 56594), ('weights', 'c2d1ed71491b7c7b5e8910d06e9c1a6fcb008cfa2e58aa56637ad0daa0f93f56', 56594), ('weights', 'f525d2bc9662801b68cbd5293da92595e8066ed581b421b546564a2c596900eb', 56570), ('feedback', '2098e20fa4e1d5bd649e210b5de0b1ef6b07fece7ef05cf22e39a1e07533a146', 217307), ('feedback', '540360d025e7905e3f5d9ae44a265a6dd0d289a745f244b6931aa8b88d06d4a3', 183107), ('feedback', '1d51f636935f34f57c6668b53162d4b6fbb4be751175fce981b594df914e92d6', 166007), ('feedback', 'f63dd99e5aef88346d4b17d30def1c687bd9a55276a6b3b07645fb494954a639', 166007), ('contrib', 'd51bbcfc32bea01acc3159432a37c45fda1eb19b25fc4a8128697220e917d073', 75223), ('contrib', '2bcf7bce9b9b6cbbb57903c635e26c94f6829fc67b5d006e19dae7512b393074', 58123), ('contrib', '67450bdc8a637cf5f22f3bed8d9ea16cc7df86e169f0d4f133d132b108672c1a', 58123), ('contrib', '5c8de1dd80445b105818a012826e73d6d3e81d16c1e01ec0575abdae9ab8aab5', 58123), ('close', 'dd3e673c0f248a48c8da03b89da1ad8d1f9ebb1198f6de637164453e82dfe9f2', 410442)]"
8,10:57:24.924,0.9271,72.9536448083818,"[1700051833951140371, 1700127602779730996, 1699614042619470916, 1700206520649657699, 0, 0]","[92, 92, 93, 90, 0, 0]","[8, 8, 9, 10, 0, 0]","[('0xA41dE09A63f6Cedd633f99052b44450d3BB91D44', 5024951833970015416, 25003667921155803, 1700051833951140371), ('0x17725D495A0843Ea05541fD61ba5D4082750bC08', 5024884660131969854, 25012262911700866, 1700127602779730996), ('0x37AC7AC5D09bbC6dAC1CF036b7F9DdD0EA4E052E', 5025370136071216964, 24984178690687896, 1699614042619470916), ('0x536fc4cd48ad9B3649e8aB615592E83Ec9F5fcd1', 5024793369826797718, 24999890476455433, 1700206520649657699)]",200000000000000000,[],"[250036656856536865, 250122606754302978, 249841764569282531, 249998882412910461]","[[0.0, 1.0, 1.0, 1.0, 0.0, 0.0], [1.0, 0.0, 1.0, 1.0, 0.0, 0.0], [1.0, 1.0, 0.0, 1.0, 0.0, 0.0], [1.0, 1.0, 1.0, 0.0, 0.0, 0.0], [0.0, 0.0, 0.0, 0.0, 0.0, 0.0], [0.0, 0.0, 0.0, 0.0, 0.0, 0.0]]",[],"['$user$0, 0.906, good, good, None, 0xA41dE09A63f6Cedd633f99052b44450d3BB91D44', '$user$1, 0.912, good, good, None, 0x17725D495A0843Ea05541fD61ba5D4082750bC08', '$user$2, 0.932, good, good, None, 0x37AC7AC5D09bbC6dAC1CF036b7F9DdD0EA4E052E', '$user$3, 0.903, good, good, None, 0x536fc4cd48ad9B3649e8aB615592E83Ec9F5fcd1']","[('close', 'dd3e673c0f248a48c8da03b89da1ad8d1f9ebb1198f6de637164453e82dfe9f2', 410442), ('slot', 'efc7329b202d7d31cbab7b4a4e96ca3320f0cbe4850dae8f2f93f7ddee899c93', 50802), ('slot', 'e9937465311ba4163d353eebec8cfab689d22ab35c258c87cca7ff6331322716', 50814), ('slot', 'f03fd4d9b72e313acb2e3602cd6637e85febfebdcb02b2ac7acfa88f723f0b6e', 50814), ('slot', '1debf1d3fdb76098ca9dfe5db5fb5e1711695c37f200e2a0c9a81507d07504ed', 50802), ('weights', '6f98d218adc47751f852b50f3fa63fb74998245a66b0feb9b0fb9f504bcd8da8', 73694), ('weights', 'a15d912c0fd8b54e36df08936ed4389554638dccc2524cba8716216f73f401dc', 56594), ('weights', 'bfe9df5a2c2a4270ded0dfbca0b604a759a7a1183e881150691fc070ad3705de', 56594), ('weights', '4b2c222c846ddf456fa2e3414007c66b02efb465cbea5be7e3100e9ef5e836de', 56582), ('feedback', '7a65729cf1c6be8d933cb99ad6eadce1f4d00247d308a9cdbf616f9f0589a28c', 217307), ('feedback', 'c4fc5f191864d54ee50b956f3f31a52eacf9f59f6e17d56638d91a00efdac914', 183107), ('feedback', '3ffb3f43be7bd5f717e72343f9edc0e855073ea129c954f9046d417087b82bb5', 166007), ('feedback', '100fdf76f078404688fbfec61efde8446379a0d4826defa404e94d97e340969d', 166007), ('contrib', '7fd2434d82aafaa83d0da1e1519406d52b2e4b07ba36c393bdaf78179f33588d', 75223), ('contrib', '27fa51c69355f618a8aa9aee06f6f0d6e6a3565a6bac5e7a8ed843497b73abe4', 58123), ('contrib', '1916aafa027653bf0f5d7d9957f70c6c70f0307fc1cad170a6eba9f58f72f0f0', 58123), ('contrib', 'f3dc3b1c61c5c80ab63b29995373d7d47bef8b1b7f1679f9e604d693194ab2dc', 58123), ('close', '96eb9c502c7d865c808d48a278232122ac37791a866625b0a3aec507426bd9d0', 410442)]"
9,10:57:50.007,0.937,65.04327817261219,"[1725053246953940076, 1725142900686393239, 1724594965032764958, 1725208887326901708, 0, 0]","[93, 93, 94, 91, 0, 0]","[7, 7, 8, 9, 0, 0]","[('0xA41dE09A63f6Cedd633f99052b44450d3BB91D44', 5099948166048859611, 25001413002799705, 1725053246953940076), ('0x17725D495A0843Ea05541fD61ba5D4082750bC08', 5099872397220268986, 25015297906662243, 1725142900686393239), ('0x37AC7AC5D09bbC6dAC1CF036b7F9DdD0EA4E052E', 5100385957380529066, 24980922413294042, 1724594965032764958), ('0x536fc4cd48ad9B3649e8aB615592E83Ec9F5fcd1', 5099793479350342283, 25002366677244009, 1725208887326901708)]",100000000000000000,[],"[250014096498489379, 250152945518493652, 249809190630912780, 250023633241653442]","[[0.0, 1.0, 1.0, 1.0, 0.0, 0.0], [1.0, 0.0, 1.0, 1.0, 0.0, 0.0], [1.0, 1.0, 0.0, 1.0, 0.0, 0.0], [1.0, 1.0, 1.0, 0.0, 0.0, 0.0], [0.0, 0.0, 0.0, 0.0, 0.0, 0.0], [0.0, 0.0, 0.0, 0.0, 0.0, 0.0]]",[],"['$user$0, 0.91, good, good, None, 0xA41dE09A63f6Cedd633f99052b44450d3BB91D44', '$user$1, 0.919, good, good, None, 0x17725D495A0843Ea05541fD61ba5D4082750bC08', '$user$2, 0.938, good, good, None, 0x37AC7AC5D09bbC6dAC1CF036b7F9DdD0EA4E052E', '$user$3, 0.912, good, good, None, 0x536fc4cd48ad9B3649e8aB615592E83Ec9F5fcd1']","[('close', '96eb9c502c7d865c808d48a278232122ac37791a866625b0a3aec507426bd9d0', 410442), ('slot', 'bdbd0da018ca338d39ae01e742055e3711c4ad4c1491708e7ddd4bc9718e13e1', 50814), ('slot', 'c75840620be4adb35c010b915bc510a5ea55cfef90c32846b90e3226a2cd0cfe', 50814), ('slot', '7f9589b846ecd7ab6d8132d1a3be3c19731eabc1e9bd0ec4a040602b1bb3ade5', 50814), ('slot', 'b3cd410b4432426d19abab2cad6136800bfdaa132ece27ca2c2de1c65c12e154', 50814), ('weights', '9130cfe3ba43302f9b9ec0d0e23d4f01b44d1218e52126cf805ec95394c08023', 73694), ('weights', '17fb7f636147eae465a4437dba3b41e82e6b63045f94b2e21f03bd62e43cf1e5', 56582), ('weights', '4f5566dc87d9314b75f22ce8aa60cfb7e9e98b076e88cdc62b7636854ae44f83', 56594), ('weights', '9976ea9654fc18586dd3975d26a25841e7f6d22466c89536046664f396362c82', 56570), ('feedback', '33bb21c4a0a2085de89c7b11f96440ba060f26d031019f866d4960c836e28140', 217307), ('feedback', '0a937ab5308b883e47c68b98fab4199e5c472c3f3a1f128c8e353c5c47439bdb', 183107), ('feedback', '12c16eeb722c9fd4ca9bc99c2fc24c152d1540b97851ce06e4d67b249451c9aa', 166007), ('feedback', '8a4d24eadb0193aef434e3ad15faa045efd96529ab5691eaf0f77256e2275bde', 166007), ('contrib', '1e4eb085588aba3563bd2e2b0b7aeee6069b5496431b8c8a7d7377f4b85025aa', 75223), ('contrib', 'baadf0ff366a1c0c16b0a3dfbc26e97f0df40b8b659ee0aa99816efe4aeaa3b5', 58123), ('contrib', 'c1a36c3cc8c7b8d6310a3dc685b8c3645ef87e6e58ae575bab0ca30330c8c67b', 58123), ('contrib', '35280699d2f28852df2037e2b8ed79f2be3fd15c502e069d3c552425d8fc9a94', 58123), ('close', 'b076dabab179e02ed4afce23a55ff663576f854f041ae09c83f17a406cbcfd7b', 410442)]"
10,10:58:15.407,0.9416,58.96864245086908,"[1750058223941778821, 1750155232887397267, 1749576726011463688, 1750209817159360204, 0, 0]","[93, 94, 94, 92, 0, 0]","[6, 7, 7, 8, 0, 0]","[('0xA41dE09A63f6Cedd633f99052b44450d3BB91D44', 5174946753046059905, 25004976987838745, 1750058223941778821), ('0x17725D495A0843Ea05541fD61ba5D4082750bC08', 5174857099313606742, 25012332201004028, 1750155232887397267), ('0x37AC7AC5D09bbC6dAC1CF036b7F9DdD0EA4E052E', 5175405034967235023, 24981760978698730, 1749576726011463688), ('0x536fc4cd48ad9B3649e8aB615592E83Ec9F5fcd1', 5174791112673098273, 25000929832458496, 1750209817159360204)]",0,[],"[250049769878387451, 250123322010040283, 249817609786987304, 250009298324584960]","[[0.0, 1.0, 1.0, 1.0, 0.0, 0.0], [1.0, 0.0, 1.0, 1.0, 0.0, 0.0], [1.0, 1.0, 0.0, 1.0, 0.0, 0.0], [1.0, 1.0, 1.0, 0.0, 0.0, 0.0], [0.0, 0.0, 0.0, 0.0, 0.0, 0.0], [0.0, 0.0, 0.0, 0.0, 0.0, 0.0]]",[],"['$user$0, 0.934, good, good, None, 0xA41dE09A63f6Cedd633f99052b44450d3BB91D44', '$user$1, 0.932, good, good, None, 0x17725D495A0843Ea05541fD61ba5D4082750bC08', '$user$2, 0.944, good, good, None, 0x37AC7AC5D09bbC6dAC1CF036b7F9DdD0EA4E052E', '$user$3, 0.921, good, good, None, 0x536fc4cd48ad9B3649e8aB615592E83Ec9F5fcd1']","[('close', 'b076dabab179e02ed4afce23a55ff663576f854f041ae09c83f17a406cbcfd7b', 410442), ('slot', '6291a6fbdd62dd53e6efe91bd4da12568eb19c217e8efd0ff0709cf2b7b50235', 50802), ('slot', 'd438ab231aadbc8fd17257c7067eb08b7b8fe236d6595a9df646698eec206692', 50814), ('slot', 'd45cde66b32b7b3c67fddb2cccb4252619686115a73a5fdff4d50d4d99362108', 50802), ('slot', '9a8c161edb4fcaba7577c3561a913eddf589f544305acdd4d2821451991797e1', 50814), ('weights', 'e0288ecc5fe037a59165cde6cfc9ebca8bf3eafafa00381e077aac0fed099099', 73694), ('weights', '87e4867ac7702f2810508d444c03df85b15763ae05ce875f40c4579f1f2db432', 56594), ('weights', '15afac37c435ef09c707ec520c7e4f57d2ae3080c1d9f4a914016adc3d1ff0b8', 56594), ('weights', 'ff711ea7edfb78012d0fa081a992b178e7ccd13a37763c001bac90a3b4b59cb3', 56582), ('feedback', '32e7b17754f3c53f02cfbd8e84b9059a44b9c8174b4a2e903fda26e7eb2cbd54', 217307), ('feedback', 'bf8c61b18af449dd5d3f3c2b4f384351e4eee9aff906f7ce46565a3be74f7bfb', 183107), ('feedback', '3cef00de369f0aeae39cdcf251e496c1bee4202648ac2fb3dce6549bafabcd32', 166007), ('feedback', '13afe133c94d40bb38be139ef8e0b62ab8428f8efc0edc648d4fccc2a2c7ed3a', 166007), ('contrib', '65a1dcf730754da1b50ba7e8384c5a3666916d363f822e0dc425676ead5b11d7', 75223), ('contrib', '0468b054ecea3aa495c834853b80767ee51d84fa963a05c28686461237378030', 58123), ('contrib', '099bf9517b2b83af6d393135c1dfb491c03d10d7560fb33d6a3bf614e8b81ffc', 58123), ('contrib', 'f17d3fb7e920d6d40fffd12175495aa369890170c9431e43db04312735ba6cf8', 58111), ('close', '45f675fe5f22764378191d0fbe9838443ff214cb39f3e0de7d03928878ff6fc5', 410442)]"
# $gasCosts$[282349, 378753, 349353, 371253, 289705, 289705, 75223, 58123, 58123, 58123, 58123, 58123, 381779, 248879, 231779, 235679, 277353, 252027, 75223, 58123, 58123, 58123, 58123, 321749, 253349, 236249, 295949, 229293, 212683, 75223, 58123, 58123, 58123, 323749, 255349, 238249, 238249, 239293, 218683, 75223, 58111, 58123, 58123, 323749, 255349, 238249, 238249, 239293, 218683, 75223, 58123, 58123, 58123, 270522, 219222, 202122, 202122, 186678, 75223, 58123, 58123, 58123, 217307, 183107, 166007, 166007, 75223, 58123, 58123, 58123, 217307, 183107, 166007, 166007, 75223, 58123, 58123, 58123, 217307, 183107, 166007, 166007, 75223, 58123, 58123, 58123, 217307, 183107, 166007, 166007, 75223, 58123, 58123, 58111],[126674, 126674, 126674, 126674, 126674],[50814, 50814, 50814, 50814, 50814, 50790, 50814, 50814, 50814, 50814, 50814, 50814, 50814, 50814, 50802, 50814, 50814, 50814, 50814, 50814, 50802, 50814, 50814, 50814, 50814, 50814, 50814, 50814, 50814, 50814, 50814, 50814, 50814, 50814, 50814, 50814, 50814, 50802, 50814, 50802, 50814, 50814, 50802, 50814, 50814, 50814, 50814, 50802, 50814, 50802, 50814],[73694, 56582, 56582, 56582, 56594, 56594, 73694, 56582, 56594, 56582, 56594, 56594, 73694, 56594, 56594, 56582, 56594, 56594, 73694, 56594, 56594, 56582, 56594, 56594, 73694, 56594, 56594, 56582, 56594, 56594, 73694, 56594, 56594, 56582, 56594, 73694, 56594, 56594, 56570, 73694, 56594, 56594, 56582, 73694, 56582, 56594, 56570, 73694, 56594, 56594, 56582],[641581, 643640, 658515, 658515, 618388, 502181, 410442, 410442, 410442, 410442],[],[]
# TOTAL EXPERIMENT TIME: 292.89 seconds
