# Author Nykjaer
# ------Specs--------# cpu_name:  (processor model)
# cpu_cores: 6 (physical cores)
# ram_gb: 13.5 (system memory in GB)
# gpu_name: NVIDIA GeForce RTX 3060 Laptop GPU (graphics processor)
# os_name: Linux (operating system)
# ------Config--------# good_contributors: 4 (honest participants)
# bad_contributors: 1 (malicious participants)
# freeriders: 1 (contribute 0)
# inactive: 0 (never join)
# reward: 1000000000000000000 (total reward pool)
# minimum_rounds: 10 (rounds to simulate)
# min_buy_in: 1000000000000000000 (lower buy-in bound)
# max_buy_in: 1000000000000000000 (upper buy-in bound)
# standard_buy_in: 1000000000000000000 (default buy-in)
# epochs: 1 (local epochs per round)
# batch_size: 32 (training batch size)
# punish_factor: 3 (penalty multiplier)
# first_round_fee: 50 (fee for first round)
# fork: True (True=local fork, False=real net)
# contribution_score_strategy: accuracy (scoring method)
# use_outlier_detection: False (Whether to use outlier detection)
# freerider_start_round: 1 (When freeriders should start freeriding)
# freerider_noise_scale: 0.5 (How much noise a freeder should add)
round,time,globalAcc,globalLoss,GRS,accAvgPerUser,lossAvgPerUser,rewards,conctractBalanceRewards,punishments,contributionScores,feedbackMatrix,disqualifiedUsers,userStatuses,GasTransactions
# $startingUserConfig$['$user$0, 0, good, good, None, 0xA41dE09A63f6Cedd633f99052b44450d3BB91D44', '$user$1, 0, good, good, None, 0x17725D495A0843Ea05541fD61ba5D4082750bC08', '$user$2, 0, good, good, None, 0x37AC7AC5D09bbC6dAC1CF036b7F9DdD0EA4E052E', '$user$3, 0, good, good, None, 0x536fc4cd48ad9B3649e8aB615592E83Ec9F5fcd1', '$user$4, 0, good, bad, 3, 0x118E560679B62a9F24c135A96d416548782f8cc2', '$user$5, 0, good, freerider, 1, 0xA2F37A08a8488CB8551a0D03f7A73f4156757de7']
0,22:37:31.095,0,721.2469482421875,"[1000000000000000000, 1000000000000000000, 1000000000000000000, 1000000000000000000, 1000000000000000000, 1000000000000000000]",[],[],[],1000000000000000000,[],[],,[],"['$user$0, 0, good, good, None, 0xA41dE09A63f6Cedd633f99052b44450d3BB91D44', '$user$1, 0, good, good, None, 0x17725D495A0843Ea05541fD61ba5D4082750bC08', '$user$2, 0, good, good, None, 0x37AC7AC5D09bbC6dAC1CF036b7F9DdD0EA4E052E', '$user$3, 0, good, good, None, 0x536fc4cd48ad9B3649e8aB615592E83Ec9F5fcd1', '$user$4, 0, good, bad, 3, 0x118E560679B62a9F24c135A96d416548782f8cc2', '$user$5, 0, good, freerider, 1, 0xA2F37A08a8488CB8551a0D03f7A73f4156757de7']","[('register', '178709d5aa10df0d099a9ced2c9d37932f355ed3482c3abf8235c832b03676dd', 126674), ('register', 'dd17bae1c4726e993b82ed3d2a59eff8de2ab5c5aa550a614974ab5f17711d72', 126674), ('register', '8880fd62332e195908fadff167cf5264c7bcce1780419b614a604b416eac6135', 126674), ('register', 'b79cb7a97b97a71699ab86609548664fc0b7d86a548679a80c069fd078ea5b7c', 126674), ('register', 'b7b9928d4b4dd1b20c43fbba3651d7f50c3c0489e40eee356377e797abd69e8a', 126674)]"
1,22:37:58.945,0.4017,709.9039306640625,"[1174815106528585988, 1132519249816331578, 1149810847764876827, 1139870082615247416, 1169651379941624855, 333333333333333334]","[10, 10, 11, 10, 8, 8]","[74, 74, 74, 74, 74, 74]","[('0xA41dE09A63f6Cedd633f99052b44450d3BB91D44', 4000000000000000000, 174815106528585988, 1174815106528585988), ('0x17725D495A0843Ea05541fD61ba5D4082750bC08', 3000000000000000000, 132519249816331578, 1132519249816331578), ('0x37AC7AC5D09bbC6dAC1CF036b7F9DdD0EA4E052E', 4000000000000000000, 149810847764876827, 1149810847764876827), ('0x536fc4cd48ad9B3649e8aB615592E83Ec9F5fcd1', 4000000000000000000, 139870082615247416, 1139870082615247416), ('0x118E560679B62a9F24c135A96d416548782f8cc2', 4000000000000000000, 169651379941624855, 1169651379941624855)]",900000000000000000,"[(1, 166666666666666666)]","[228019704167720854, 172851195412606406, 195405453606361079, 182439238193800978, 221284408619510680]","[[0.0, 0.0, 1.0, 1.0, 1.0, -1.0], [1.0, 0.0, 1.0, 1.0, 1.0, -1.0], [1.0, 1.0, 0.0, 1.0, 1.0, -1.0], [1.0, 1.0, 1.0, 0.0, 1.0, -1.0], [1.0, 1.0, 1.0, 1.0, 0.0, -1.0], [0.0, 0.0, 0.0, 0.0, 0.0, 0.0]]",[6],"['$user$0, 0.755, good, good, None, 0xA41dE09A63f6Cedd633f99052b44450d3BB91D44', '$user$1, 0.65, good, good, None, 0x17725D495A0843Ea05541fD61ba5D4082750bC08', '$user$2, 0.704, good, good, None, 0x37AC7AC5D09bbC6dAC1CF036b7F9DdD0EA4E052E', '$user$3, 0.695, good, good, None, 0x536fc4cd48ad9B3649e8aB615592E83Ec9F5fcd1', '$user$4, 0.712, good, bad, 3, 0x118E560679B62a9F24c135A96d416548782f8cc2', '$user$5, 0, freerider, freerider, 1, 0xA2F37A08a8488CB8551a0D03f7A73f4156757de7']","[('slot', 'b1d57d31710cccdba57ac7600d7bd5e1698f4f70c9d1884acb13050c63833245', 50814), ('slot', '43921c831c96f0e2de26ad3d9b57878a874399170f3dd45f137342db72e14649', 50814), ('slot', '8f8d587bbf700e43c4951ca67ece1e0071239288be072dc905d919de84b72eca', 50814), ('slot', '2eced9bb5b3e6eb12f9b57cb614ba61adddc7a8d33314c06badfc4000ab84cf3', 50802), ('slot', '68c5998a0eef7ac7e481604c8bf54bcd52260d795c426f481eb2209fc553916e', 50814), ('slot', '2bcc723face3211c6af696aef0f2262cac161029be3210b211267d5eb79997bd', 50814), ('weights', 'bd29631f5bbeb6c54e41b8dbf224e6d2504a17927604dbf782967e289b2ed7d1', 73694), ('weights', '05c0820e782eb5f29e7419666085c48e77b0b2b7fe901fa8e244c330b69b4249', 56594), ('weights', 'c27a5b9a264e5f5a11ae717bd4f22d5b4b322c5c8f4638ffcdf088d21c629367', 56594), ('weights', '89d06583fdbc24685fdbe881d825180938eced5ffe29d15118ac69b75e44468e', 56594), ('weights', '6c2cbe2f83ea69972e7a6ca072072f82e70109b6e23b02c385656337f01cc9b8', 56594), ('weights', '1b23018b9d883dfeda45ad807113d70caff54914c1e9bb841de2218383974c95', 56594), ('feedback', 'dc6f8f26273671377ab9374a00a0adb1b305cc9f0abb8a419a94fa71be83694e', 755829), ('feedback', '11ebb617531ccceb233473d237b4cbea3992d56789f912b305cf007c388ec4ef', 728203), ('feedback', '24ad7ea29c465d49dbb3e3238b9d1b4bc522bad6522e6e9cc0e415cb5ecfd9f5', 728203), ('feedback', 'b85c28053e152120e01cc7fd344cbabcfae9e1e2af3acc259fc891618e74a34e', 711103), ('feedback', '2292de04decaf234f71635436e39e70c1791a272a7a6de285cf9d1d6ba00b4cc', 711103), ('feedback', '229d7f01f3cb3eeb84cb694f1ce753383d84c1e299e5622f8809555f2b2d838c', 612273), ('contrib', 'ca2db7d9936dbd22c7b26851bdd23107f10cf4847c6a15a62e9a3f9678dfa497', 75223), ('contrib', 'e89359f81c26ff00043d1fda7ca8debe073ddb59ebbb6723804d9c9f5e2eadcc', 58123), ('contrib', '16f190fed67fd97e85602cd4f827ed878913bd579f65694841f6e58485dbe35b', 58123), ('contrib', '6f88ce3d92bbb8e47b9806ba906b338e3be52605054b3cf08e7a3a6bb649ccde', 58123), ('contrib', 'f92b4d476bd4f58ac0c123909c76ed26a60adc792261460de44abb6493099668', 58123), ('close', '7ccccb56a50619d093f13bc57090b82c2527d768b7a3a2e595dc95c0d6dfeab0', 671004)]"
2,22:38:26.044,0.7215,300.05041348934174,"[1218228212193748627, 1174902835295113024, 1191094970957342936, 1181330117807477595, 1212221641524095590, 222222222222222223]","[38, 38, 41, 39, 39, 43]","[73, 73, 73, 73, 73, 73]","[('0xA41dE09A63f6Cedd633f99052b44450d3BB91D44', 4591851560138080676, 43413105665162639, 1218228212193748627), ('0x17725D495A0843Ea05541fD61ba5D4082750bC08', 4634147416850335086, 42383585478781446, 1174902835295113024), ('0x37AC7AC5D09bbC6dAC1CF036b7F9DdD0EA4E052E', 4616855818901789837, 41284123192466109, 1191094970957342936), ('0x536fc4cd48ad9B3649e8aB615592E83Ec9F5fcd1', 4626796584051419248, 41460035192230179, 1181330117807477595), ('0x118E560679B62a9F24c135A96d416548782f8cc2', 4597015286725041809, 42570261582470735, 1212221641524095590)]",800000000000000000,"[(2, 111111111111111111)]","[205641026834980922, 200764352267912116, 195556373016944728, 196389640384248220, 201648607495914011]","[[0.0, 1.0, 1.0, 1.0, 1.0, -1.0], [1.0, 0.0, 1.0, 1.0, 1.0, -1.0], [1.0, 1.0, 0.0, 1.0, 1.0, -1.0], [1.0, 1.0, 1.0, 0.0, 1.0, -1.0], [1.0, 1.0, 1.0, 1.0, 0.0, -1.0], [0.0, 0.0, 0.0, 0.0, 0.0, 0.0]]",[6],"['$user$0, 0.691, good, good, None, 0xA41dE09A63f6Cedd633f99052b44450d3BB91D44', '$user$1, 0.661, good, good, None, 0x17725D495A0843Ea05541fD61ba5D4082750bC08', '$user$2, 0.686, good, good, None, 0x37AC7AC5D09bbC6dAC1CF036b7F9DdD0EA4E052E', '$user$3, 0.67, good, good, None, 0x536fc4cd48ad9B3649e8aB615592E83Ec9F5fcd1', '$user$4, 0.692, good, bad, 3, 0x118E560679B62a9F24c135A96d416548782f8cc2', '$user$5, 0, freerider, freerider, 1, 0xA2F37A08a8488CB8551a0D03f7A73f4156757de7']","[('close', '7ccccb56a50619d093f13bc57090b82c2527d768b7a3a2e595dc95c0d6dfeab0', 671004), ('slot', '111a7f08c927542bca7e5998b677153cb8efa86b6fa046b91b94f157e316bce7', 50814), ('slot', '10793d1651702843d0b4a740ac4d5d47f63eb58af5a9b4c7f0b66b9ca6c9e0cc', 50814), ('slot', '4e05c861c7e92141ddefe2143bf6b499d4fab90633c71e18105c5ed510433ac0', 50814), ('slot', 'a27936b36226bec7839158dee13e0fb095f85e19ba3a005a4f34ae2efa86cdde', 50814), ('slot', '2573ab097917a2d09a6e8cf542bf175318ef6abf7e12b09984cc13e6b653c5ac', 50814), ('slot', '264171e5fe3ac5affafeff3be78ffeaa530e2296ad3ca002969ef68c50fb0cae', 50814), ('weights', '4e0ede84ae6e5df608c4a185d12975a172237ea8e18a4a17e087180260e5df32', 73694), ('weights', 'bc732c84ba2377ed6d8d49666c231d2e77bb4cbae2aa1ff647a99add5c996e10', 56594), ('weights', 'e9e7af415db532ad13d3597c46e1ac2c84e2c47a76a4d1336c84dab34b8acab4', 56594), ('weights', 'e1415115444bef0e7b7ca9e226439e70932bb60b8f91ce39925fa0cc26270ba3', 56594), ('weights', '1fe3d300e48b6017c739769623c925c6d422fc7808f890dc1fc2fb00c8cb8511', 56582), ('weights', '517d783906e66faaed1dbb4210a03a52a5b9b7ff1193e64ab123a19ac3db45f9', 56594), ('feedback', '432e3fc6155ff0ecfa89767ee040369d12e7f0e36e58a39d01f4970025b3a016', 736903), ('feedback', 'c7b7bd22a458ac70c2b79f1e532ae2d6ffa80ce27fc9701d8162955c6d03ae83', 648603), ('feedback', 'ab62bdbbd98c66900e3454489a6d6b247262754aa657b19bd237e478b6997e38', 631503), ('feedback', 'df48f1cb5b9e756554edb20b7e8942d3f0c0b288c1148835ddc71a14412bebb5', 631503), ('feedback', '183692adb02ce6136068138a359ee33a04c8effdf082781deb6e89b396344581', 631503), ('feedback', '7e72662f12735e4d7abb54306f47733941199f430a6270f87783ed3f9d4f9cb0', 612273), ('contrib', '9320732daebdc16459a2c89cb10d483fc8983a161403e4a872c22e083225956e', 75223), ('contrib', '89a3ff9e52ad3d469d815d77681819c5bd51967c870fcbbae055172493e49833', 58123), ('contrib', '554776c993218786c4d04df07be78ac68cda75794fa049988ce560322cb4a370', 58123), ('contrib', 'e1498c2de5e945db45571af7e7dac3f33a37156b08f809a0257956eb30d2601c', 58123), ('contrib', '14f25b2f4874c30f58c83427a504b1e13688c18cf895cc8753e2de09c489c0c0', 58123), ('close', 'c51d76a312840b83f3e8596b571a3d2e73aecd6b6eb0a78a31fa936b950deaec', 643640)]"
3,22:38:51.628,0.8516,159.0889597684145,"[1353053330903026078, 1380807400254463878, 1388306815260901280, 1369684692565545029, 808147761016063727, 0]","[71, 70, 71, 70, 72, 73]","[31, 31, 31, 32, 31, 30]","[('0xA41dE09A63f6Cedd633f99052b44450d3BB91D44', 2335106282535837965, 134825118709277451, 1353053330903026078), ('0x17725D495A0843Ea05541fD61ba5D4082750bC08', 2378431659434473568, 205904564959350854, 1380807400254463878), ('0x37AC7AC5D09bbC6dAC1CF036b7F9DdD0EA4E052E', 2362239523772243656, 197211844303558344, 1388306815260901280), ('0x536fc4cd48ad9B3649e8aB615592E83Ec9F5fcd1', 2372004376922108997, 188354574758067434, 1369684692565545029)]",700000000000000000,"[(3, 404073880508031863), (3, 222222222222222223)]","[185633818221590307, 283499476570678643, 271530913579475341, 259335791628255818]","[[0.0, 1.0, 1.0, 1.0, -1.0, -1.0], [1.0, 0.0, 1.0, 1.0, -1.0, -1.0], [1.0, 1.0, 0.0, 1.0, -1.0, -1.0], [1.0, 1.0, 1.0, 0.0, -1.0, -1.0], [-1.0, -1.0, -1.0, -1.0, 0.0, -1.0], [0.0, 0.0, 0.0, 0.0, 0.0, 0.0]]","[5, 6]","['$user$0, 0.783, good, good, None, 0xA41dE09A63f6Cedd633f99052b44450d3BB91D44', '$user$1, 0.831, good, good, None, 0x17725D495A0843Ea05541fD61ba5D4082750bC08', '$user$2, 0.815, good, good, None, 0x37AC7AC5D09bbC6dAC1CF036b7F9DdD0EA4E052E', '$user$3, 0.784, good, good, None, 0x536fc4cd48ad9B3649e8aB615592E83Ec9F5fcd1', '$user$4, 0.692, bad, bad, 3, 0x118E560679B62a9F24c135A96d416548782f8cc2']","[('close', 'c51d76a312840b83f3e8596b571a3d2e73aecd6b6eb0a78a31fa936b950deaec', 643640), ('slot', '8a0cf35695d708884270cda0ed05f18b0327ae64173a215cae0f27bbf77c0cbe', 50814), ('slot', '2119058a86a623612d7343b9f4a60d5436bfe68e6ce4df2ae5b3a939fd53a899', 50814), ('slot', 'e181b73b3736f68fa04269ee3720ef762dd06700b8fb17e91a6eab3a29fda19b', 50814), ('slot', 'dbea6b3cf6d2dfe0780b8412084e89a4e924fbd43b8bdd07bcea21acc8e146e0', 50814), ('slot', '40fdca300e91f69f45c4ad09b65eed74e2fd06d9254941699da59ab5d482f602', 50814), ('slot', '1e2ae1238ab0298c263fa33c2d752797adea4b6008443876aa3caad8492b1ca1', 50802), ('weights', 'a121aecdb54e5b702228c3254d42117cecd9d51f1bcea0ea247c7a844afe2faa', 73694), ('weights', '2c742ffe682319bffbacf2d57cd09e1489945b168c0e74e416e07c959c753ed7', 56594), ('weights', '95d3a30766c20e3a73308d070f8b27964ddf08c88b1836337dfaf60bab60f88d', 56594), ('weights', '2295f2d7c0a341d4cf25af2657fa89a4ff3b48ee935cbaad7629605d849f5623', 56594), ('weights', '594bd69735eb383adf66892276cfaadcacd5da97eecd8866cbe49f43068648d8', 56582), ('weights', '973077cf08323695e1b302bd68f1915a6c5c17ec3c42967e1b4b148e8fd1cb6d', 56594), ('feedback', '5766069a16177328831f82c0c0713c0eee52b2ba5bda612952411ba3618e6542', 715375), ('feedback', '448aba64343319bd959ffd6492d4188c0da6b3a8ea20919b652e93485663354f', 646963), ('feedback', 'b2c61df43eccc89e7649da14687fd186b89d32b832e8a728543176876846e6c4', 629875), ('feedback', '7f754a8ef80f3d4230502763e51aeb27099bebaa1f93c2cd622ccfd5f82b1217', 629875), ('feedback', '4edd49e66687e3d1449dc2e8075bf98c22ce8f175264875318c92eba050ffb12', 605043), ('feedback', '2e0e7e8561c0e9f3503146afc96b37b61b0681c19a798cbdd82921cca48064fb', 612273), ('contrib', '057f256e85d4fa9b6901db073e1943c91ceee31a47bb91f7e2a9813913d24b4e', 75223), ('contrib', '66938883f357d0e05d1e90c46e94564c96d243edc60f5327defd7ee0c8a8b074', 58123), ('contrib', '1db66cc5767344a21619a8778c531dbaec816fe7cf284ceb0a6ee51ab04ec67f', 58123), ('contrib', 'bb56f9ffab6a46953cd0cb692340d21e3b5a69e50f2116bd01075f4e8bf40b1b', 58123), ('close', '51a46b6acb3efcf6a9795f243d2cf20dc5296a7f405ebbb0f216046f5a709385', 618388)]"
4,22:39:14.811,0.8865,119.77024506404996,"[1362056832268773496, 1477296251174111061, 1483520834128761218, 1538360908417645063, 538765174010709152, 0]","[84, 84, 84, 83, 85, 0]","[16, 16, 17, 18, 16, 0]","[('0xA41dE09A63f6Cedd633f99052b44450d3BB91D44', 3330651147064846460, 9003501365747418, 1362056832268773496), ('0x17725D495A0843Ea05541fD61ba5D4082750bC08', 3302897077713408660, 96488850919647183, 1477296251174111061), ('0x37AC7AC5D09bbC6dAC1CF036b7F9DdD0EA4E052E', 3295397662706971258, 95214018867859938, 1483520834128761218), ('0x536fc4cd48ad9B3649e8aB615592E83Ec9F5fcd1', 3314019785402327509, 168676215852100034, 1538360908417645063)]",600000000000000000,"[(4, 269382587005354575)]","[24374460742018960, 261216566005176842, 257765314926660882, 456643658326143286]","[[0.0, 1.0, 1.0, 1.0, -1.0, 0.0], [1.0, 0.0, 1.0, 1.0, -1.0, 0.0], [1.0, 1.0, 0.0, 1.0, -1.0, 0.0], [1.0, 1.0, 1.0, 0.0, -1.0, 0.0], [-1.0, -1.0, -1.0, -1.0, 0.0, 0.0], [0.0, 0.0, 0.0, 0.0, 0.0, 0.0]]",[5],"['$user$0, 0.854, good, good, None, 0xA41dE09A63f6Cedd633f99052b44450d3BB91D44', '$user$1, 0.858, good, good, None, 0x17725D495A0843Ea05541fD61ba5D4082750bC08', '$user$2, 0.87, good, good, None, 0x37AC7AC5D09bbC6dAC1CF036b7F9DdD0EA4E052E', '$user$3, 0.862, good, good, None, 0x536fc4cd48ad9B3649e8aB615592E83Ec9F5fcd1', '$user$4, 0.692, bad, bad, 3, 0x118E560679B62a9F24c135A96d416548782f8cc2']","[('close', '51a46b6acb3efcf6a9795f243d2cf20dc5296a7f405ebbb0f216046f5a709385', 618388), ('slot', '20e705d12dfbee529a0bf813da2473393184cfcf5f4c0c3b3da73786d77ac3bb', 50814), ('slot', '89136cbd5339c8aa532acaac956d9299656ca7e0bd70faf14760d5ef02543ad3', 50814), ('slot', '688b5aff3a6b86fbbe095630d1a436e75c1a24f1e65aa1e8d4e502834f98e0e8', 50814), ('slot', '04b7592e341d1f0e6010db78bdaf35bae2ff30fe6c1f9f37ff08bd3e4e8e635a', 50814), ('slot', '78e3a188a595751595f1a171b6f2fe4c9e5c5867007b6db2ff87da2fab6bf102', 50814), ('weights', '18bcfd5eb8dda5c284a2f66a1e758ec9502854f30eb2df0c82e1b82a17eb5293', 73694), ('weights', '907d6cc23a1d4ad2a5d619657c5918d5828588602911ad211e16153ba8bff19c', 56594), ('weights', '34a9448c9ebaf64ce4fc70fd0060c70f2f5bd231b8623fd21b843a3bf045dc9e', 56594), ('weights', 'e023ff70d1ed8c73007d04c8837dee7a67d7aa892042dd009179ab262912caa9', 56594), ('weights', 'ab9b11c6e6f1746b10b6449f016b65393213c90446b48e9d4b59b9a6b8299c90', 56594), ('feedback', '37313bb88c1992cc2f5bfebe7ce2669a9c2a873662f8b2dae7e86d74143799af', 619400), ('feedback', 'cdc887ecba04607bb06d3ad31e193c805407c2cd08b7189886d15faa9cfa27fd', 568100), ('feedback', 'eec1902dbca4c845f5c32b911f162d09d8d22cb3bc7aa0854e94ec1a15433e4c', 551000), ('feedback', '810c2d3112abdcfd01407b4c5f53e2206f342169b6fdcc3052d41b799bd57b11', 551000), ('feedback', 'abd7489ad4d430ce8c3faedb0d4ed29d48c91fa99ede27aaf1505b9364b5f1e0', 532168), ('contrib', 'c19cea5f60c03dd2dc4d522702c3602805f6479d53a8e60488e02083b43a35ec', 75211), ('contrib', '530a153378fbe6abe16452f074c809d140ac33907ed8affb01c680dcf8bfcf95', 58123), ('contrib', '61331948febceae599acf4a349c183317644a2eb6a603a4da1cce979063daedc', 58123), ('contrib', '0269f297a844767faf37091f39ee6a97fc1a51740bd559cb7bdaea942cb92a58', 58123), ('close', 'f4ad5325311d4d520b688f25dfeb9e084ad790ac03f8a1dd351dbbc8515aa50d', 543321)]"
5,22:39:38.093,0.904,98.88267296552658,"[1559266501158192657, 1532215399472432396, 1605840755338654626, 1443500561356914208, 359176782673806102, 0]","[89, 88, 89, 86, 89, 0]","[11, 12, 13, 14, 12, 0]","[('0xA41dE09A63f6Cedd633f99052b44450d3BB91D44', 3960412819709808190, 197209668889419161, 1559266501158192657), ('0x17725D495A0843Ea05541fD61ba5D4082750bC08', 3845173400804470625, 54919148298321335, 1532215399472432396), ('0x37AC7AC5D09bbC6dAC1CF036b7F9DdD0EA4E052E', 3838948817849820468, 122319921209893408, 1605840755338654626), ('0x536fc4cd48ad9B3649e8aB615592E83Ec9F5fcd1', 3784108743560936623, 94860347060730855, 1443500561356914208)]",500000000000000000,"[(5, 179588391336903050)]","[705357142857130248, 196428571428575338, 437499999999994004, -339285714285699591]","[[0.0, 1.0, 1.0, 1.0, -1.0, 0.0], [1.0, 0.0, 1.0, 1.0, -1.0, 0.0], [1.0, 1.0, 0.0, 1.0, -1.0, 0.0], [1.0, 1.0, 1.0, 0.0, -1.0, 0.0], [-1.0, -1.0, -1.0, -1.0, 0.0, 0.0], [0.0, 0.0, 0.0, 0.0, 0.0, 0.0]]",[5],"['$user$0, 0.858, good, good, None, 0xA41dE09A63f6Cedd633f99052b44450d3BB91D44', '$user$1, 0.883, good, good, None, 0x17725D495A0843Ea05541fD61ba5D4082750bC08', '$user$2, 0.887, good, good, None, 0x37AC7AC5D09bbC6dAC1CF036b7F9DdD0EA4E052E', '$user$3, 0.876, good, good, None, 0x536fc4cd48ad9B3649e8aB615592E83Ec9F5fcd1', '$user$4, 0.692, bad, bad, 3, 0x118E560679B62a9F24c135A96d416548782f8cc2']","[('close', 'f4ad5325311d4d520b688f25dfeb9e084ad790ac03f8a1dd351dbbc8515aa50d', 543321), ('slot', '8f4ca64eb35fc4f8e788b4605cdc7784ad8e441a6c9d4ed0d8ec2cc30a751874', 50814), ('slot', '84b51842a623aae651b630dfba0f750811aad0fa2c9380271f6f79212c1b80a2', 50814), ('slot', '8b62739788eefb5b0cf5ab99d915f3fbbbfee7c8896befcb05625edeb4445945', 50814), ('slot', 'a71fb6ca7902fa9dafdaed26d00767238b1c162d46bceb2bd0481b8bccfc0400', 50814), ('slot', '06b438ef61e9c449400410ad1a34d82dc8355890aec16f5ef4a7c043122b1125', 50814), ('weights', '14bea26c9a7ac72a1e751d7fd7a559c46e06d55ad93ffca766de05e98f7c01f7', 73694), ('weights', '0627988491f8e674eb75b72d80deb60aa1077cc142aec0e356f81bb49ec0c27b', 56594), ('weights', '82206c7ebcbeecd0b2c1347779c5598bd768b000ef0d86a67817577d96f49475', 56594), ('weights', '760cfd98d78297caddbc33b80362a6c9558a52f640a70c009740ed3513b03f92', 56594), ('weights', '3420692ec489f42a0386aa3bb556968d383dfa88714f260a4884a0d076127b3b', 56594), ('feedback', '9385d83c8a97bb02339c5e568639697292829e2003ce6d7822117f6a2c019839', 619400), ('feedback', '07abaefe1e12e5ed10bcbcf396389e8a966616ff9b06dc6d52dc91a2cce2c7ae', 568100), ('feedback', 'cb82740d3ad31cdebafdbc730f1a4e6d3ca67eaa551bea3893d3bb1dc38d78a3', 551000), ('feedback', 'c64c1981492b6b6b8add40ab9bc1a3b7cf1b781ab7e05802cb316a91570a0724', 551000), ('feedback', 'a6b5d35e0b7ce0a34bf7d1e9515903638f0fb94d4fbcd3dd93585852acbcd041', 532168), ('contrib', 'bf1d9c46a9c86eedbd0ad3cb29c26fd3e66e73e216178f188d15132b25d1d5f9', 75223), ('contrib', 'a6656c6b1aff4427a47d997d29e280ae7ace2d6efb1810d19e35bdf514f51fe0', 58123), ('contrib', '5543a177c657153d9c626194b8a9ee2333e5fd858bb45090b0663e352a4f2178', 58123), ('contrib', 'ae64512be5f063b0229308df946571436e128319b34716e57b07a57b4f20eea6', 78035), ('close', 'ca1c806769a38bf362b0ed8983f28ed1df16c60289724e59e7cd68f244cdf9d8', 543332)]"
6,22:40:01.361,0.9156,85.64913294836879,"[1478700449942496505, 1473621907679203249, 1832890536037414182, 1575335917891681985, 239451188449204068, 0]","[91, 90, 91, 88, 90, 0]","[9, 10, 10, 12, 10, 0]","[('0xA41dE09A63f6Cedd633f99052b44450d3BB91D44', 4222379933494195128, 80566051215696152, 1478700449942496505), ('0x17725D495A0843Ea05541fD61ba5D4082750bC08', 4249431035179955389, 58593491793229147, 1473621907679203249), ('0x37AC7AC5D09bbC6dAC1CF036b7F9DdD0EA4E052E', 4175805679313733159, 227049780698759556, 1832890536037414182), ('0x536fc4cd48ad9B3649e8aB615592E83Ec9F5fcd1', 4338145873295473577, 131835356534767777, 1575335917891681985)]",400000000000000000,"[(6, 119725594224602034)]","[-366666666666706442, -266666666666675489, 1033333333333352088, 600000000000029842]","[[0.0, 1.0, 1.0, 1.0, -1.0, 0.0], [1.0, 0.0, 1.0, 1.0, -1.0, 0.0], [1.0, 1.0, 0.0, 1.0, -1.0, 0.0], [1.0, 1.0, 1.0, 0.0, -1.0, 0.0], [-1.0, -1.0, -1.0, -1.0, 0.0, 0.0], [0.0, 0.0, 0.0, 0.0, 0.0, 0.0]]",[5],"['$user$0, 0.898, good, good, None, 0xA41dE09A63f6Cedd633f99052b44450d3BB91D44', '$user$1, 0.893, good, good, None, 0x17725D495A0843Ea05541fD61ba5D4082750bC08', '$user$2, 0.912, good, good, None, 0x37AC7AC5D09bbC6dAC1CF036b7F9DdD0EA4E052E', '$user$3, 0.899, good, good, None, 0x536fc4cd48ad9B3649e8aB615592E83Ec9F5fcd1', '$user$4, 0.692, bad, bad, 3, 0x118E560679B62a9F24c135A96d416548782f8cc2']","[('close', 'ca1c806769a38bf362b0ed8983f28ed1df16c60289724e59e7cd68f244cdf9d8', 543332), ('slot', 'aeb3b9dbd1cd99a73000d1673e70b830bf985fdb08be717452822d98c03b0551', 50814), ('slot', 'cff51d0357088c575c4d968ef970edb015a2eeced43c0e602826fff64bd38959', 50814), ('slot', 'f85c59f9be5fc7473aa1879570cf1f5e495a1e26d20e8e3055595d449469f89e', 50814), ('slot', '180fb2e45bae7324828370dbe54f0fd208e9be921c16a428d4c664cb23554a0b', 50814), ('slot', 'a2c4d8792bd21ca0f89c4acfe43f8970fc331d01c2fd3d3ace3c1b7a06d1c90d', 50814), ('weights', '07be6595237228373fecb48c7da3a23207c4178d9af20a6d2d621e047a51b9cb', 73682), ('weights', 'b43ee5d1488ff1cde79ceaaf00b141afa81bc8f6ce3dd570256395bedf8e875f', 56594), ('weights', '01195210b9d188893c3e9653cd50a7af55637c8074f0b7378c3e2e1ca3bf1a83', 56594), ('weights', 'e39c59cf13b488a1094a99c4500c95d1a6ac2210810a7dd8186919dfcd746306', 56594), ('weights', '4c07640c6ea7e99fe32bcb68a61c235078ca2152dd3273760c7ebd8f1c8540a4', 56594), ('feedback', '5c303753f8072623a7a6194e49bfd6f8a25734f23470e79591d206d06ff1f5d3', 619400), ('feedback', '22e2b7437b899b08d96f07d0d86316675db24f7e8d9fe3d94483675ffeece7d2', 568100), ('feedback', 'e2dc11221b687e6bb4309a7a369ba129532994b53125f94203bcb56be3911308', 551000), ('feedback', '0cd5cb606675f37457124a1d445f0f0d134d8dbd939b39e5434e2a7b1f42be4e', 551000), ('feedback', 'a72d74ce2e199ced0dc42983c0418adb4e56ff07e47d3b88f39eb998d017823c', 532168), ('contrib', '92f112425e9beeda856ea79ef664f4056d388eff3c06f19ed2b7dcd0df719e43', 95135), ('contrib', '845f0e5e4e5bc923844e4fa9381a9fe12bc0027964c9af5911db7b80a6d1142c', 78035), ('contrib', '1a5090c2f99b1763a268bbeb559cf962c26718e1fc37ca595d8dbfa5ed0fc942', 58123), ('contrib', '7438c7f3a8406eabaab9b0da066833bf44573ec837eeffc80d23f5f863d13856', 58123), ('close', '850d2fc836b33e359f8a1fa80a9f30bbcdb193bf60c84e7a1c8e14948b62289f', 543344)]"
7,22:40:24.643,0.9261,74.82345525175333,"[1502946963403153899, 1740333555746435131, 1929876589880044026, 1526842890970366932, 0, 0]","[92, 92, 92, 90, 92, 0]","[8, 8, 9, 10, 9, 0]","[('0xA41dE09A63f6Cedd633f99052b44450d3BB91D44', 4642397173159095348, 24246513460657394, 1502946963403153899), ('0x17725D495A0843Ea05541fD61ba5D4082750bC08', 4647475715422388604, 266711648067231882, 1740333555746435131), ('0x37AC7AC5D09bbC6dAC1CF036b7F9DdD0EA4E052E', 4288207087064177671, 96986053842629844, 1929876589880044026), ('0x536fc4cd48ad9B3649e8aB615592E83Ec9F5fcd1', 4545761705209909868, 48493026921315053, 1526842890970366932)]",300000000000000000,"[(7, 239451188449204068)]","[71428571428571313, 785714285714286031, 285714285714286031, -142857142857143404]","[[0.0, 1.0, 1.0, 1.0, -1.0, 0.0], [1.0, 0.0, 1.0, 1.0, -1.0, 0.0], [1.0, 1.0, 0.0, 1.0, -1.0, 0.0], [1.0, 1.0, 1.0, 0.0, -1.0, 0.0], [-1.0, -1.0, -1.0, -1.0, 0.0, 0.0], [0.0, 0.0, 0.0, 0.0, 0.0, 0.0]]",[5],"['$user$0, 0.905, good, good, None, 0xA41dE09A63f6Cedd633f99052b44450d3BB91D44', '$user$1, 0.906, good, good, None, 0x17725D495A0843Ea05541fD61ba5D4082750bC08', '$user$2, 0.923, good, good, None, 0x37AC7AC5D09bbC6dAC1CF036b7F9DdD0EA4E052E', '$user$3, 0.905, good, good, None, 0x536fc4cd48ad9B3649e8aB615592E83Ec9F5fcd1']","[('close', '850d2fc836b33e359f8a1fa80a9f30bbcdb193bf60c84e7a1c8e14948b62289f', 543344), ('slot', '03e791b05ac1e091566bed0411a69e9daf2508d8da35f8274cb869a5448c6afc', 50814), ('slot', '5b2dd8558347af3ad8cc0e484af51d3f87cd9bb8f2cf617df4253b2fad91034a', 50814), ('slot', 'f90739550e1e416bd3ef3d04e8ed02ac14252e7c9ef84b569ff67d33b9e02271', 50814), ('slot', '5d8c7116609321b137241cbd4e3531abe1b03f3811d56182881776c6e9079d52', 50802), ('slot', 'd53a5bc0e05fc70c2f2393ce9224f722dc3ee245968520ab1dae44f80a0599bf', 50814), ('weights', 'f337b2c746fc771b66e09c9fd7ea4c9deb78a55efdf8d6a361f20151e6400b2c', 73694), ('weights', '77f5f525d9dd111728d9715aaa1ff221802bd7bc5c45b61f7c5a31345e026682', 56594), ('weights', '196c730e7eb955c5371757b5dd96d46d2cc534ce6529ec9380c4104e63aaa930', 56594), ('weights', '68f1c6a03a16e48b95059ca77525249c513a697256407d73e2c6eeda6db62287', 56594), ('weights', '87dd4c2c817fee608cb2989fb6dbae28466bf5deb9d9278905a6c51ccdac45df', 56594), ('feedback', 'a8fd4b03eecab4a5d7b31a6381cae5fa5624465bce4a642a27171c7ca88844d9', 619400), ('feedback', 'e7d62d30f191789d4379703e9ac0c08c7c1495d409f3a3d43cca1bdca5cd478a', 568100), ('feedback', '4c031cd6e859f3d2542f766a678e71cd07c69417a0ddd44da3acb270d5f475ab', 551000), ('feedback', '12371761121230ce109d1318c97460281a4af41a900b92d33d2117ed1cf2a947', 551000), ('feedback', '79ae093f2c98efa66e8d48078ae125a1b4dc3276fa099b75524827eeba87c6a9', 532168), ('contrib', 'c1c4e56b9ae9b87d562fac0059b779a5e2dd18776c7d9aff0c6ea444e706e7f9', 75211), ('contrib', 'd2061050b0cb2d6a4f1ce2b81d125976508d3055068cf2f1b02c5d7a01b2f739', 58123), ('contrib', 'cff284618f06a955c784a6ce16945708cf90f195155e0e87b82eab8750e09012', 58123), ('contrib', '12f98f73f7e53b13d9c72442d99e23f654058330ad0928bad70367cd7a7d5ad4', 78035), ('close', '490367d05caec2c92c0776cbc7e4a1bbd2f6be971e14b86e44cf45f029d790d5', 502192)]"
8,22:40:46.032,0.9337,67.28470197319984,"[1498482677688868192, 1721583555746435138, 1982555161308615461, 1597378605256081196, 0, 0]","[92, 92, 94, 90, 0, 0]","[7, 7, 8, 9, 0, 0]","[('0xA41dE09A63f6Cedd633f99052b44450d3BB91D44', 5197053036596846089, 4464285714285707, 1498482677688868192), ('0x17725D495A0843Ea05541fD61ba5D4082750bC08', 4959666444253564857, 18749999999999993, 1721583555746435138), ('0x37AC7AC5D09bbC6dAC1CF036b7F9DdD0EA4E052E', 4770123410119955962, 52678571428571435, 1982555161308615461), ('0x536fc4cd48ad9B3649e8aB615592E83Ec9F5fcd1', 5173157109029633056, 70535714285714264, 1597378605256081196)]",200000000000000000,[],"[-44642857142857067, -187499999999999916, 526785714285714301, 705357142857142571]","[[0.0, 1.0, 1.0, 1.0, 0.0, 0.0], [1.0, 0.0, 1.0, 1.0, 0.0, 0.0], [1.0, 1.0, 0.0, 1.0, 0.0, 0.0], [1.0, 1.0, 1.0, 0.0, 0.0, 0.0], [0.0, 0.0, 0.0, 0.0, 0.0, 0.0], [0.0, 0.0, 0.0, 0.0, 0.0, 0.0]]",[],"['$user$0, 0.925, good, good, None, 0xA41dE09A63f6Cedd633f99052b44450d3BB91D44', '$user$1, 0.925, good, good, None, 0x17725D495A0843Ea05541fD61ba5D4082750bC08', '$user$2, 0.929, good, good, None, 0x37AC7AC5D09bbC6dAC1CF036b7F9DdD0EA4E052E', '$user$3, 0.914, good, good, None, 0x536fc4cd48ad9B3649e8aB615592E83Ec9F5fcd1']","[('close', '490367d05caec2c92c0776cbc7e4a1bbd2f6be971e14b86e44cf45f029d790d5', 502192), ('slot', '539338ce7583baff9423f1750dd688342644d2a812aa85bcdb43481db9175284', 50814), ('slot', '723c45d0aba587b74fa6607a8d303308f42b87068b067f719eb00c13569fd4c0', 50814), ('slot', '2ee6b9c06fa0c101b01a848a6fdbc883cae8e307863bdd65ecd1e9f616a0b65d', 50814), ('slot', '13b0477f624539753b885592b4555a7c2d6d35d73a85d376425e3acef9548d01', 50814), ('weights', '20ec9d0c0c0b6398bd8f998834c916d05b73c40c59db62c424fbac9ef35c9358', 73694), ('weights', '1d79397bde4ac8be12098f51766021cc869b39f45be651d0fdcde6c0f72a5d51', 56594), ('weights', '99ca21ffcad8f5c3c555e28fd58c935c96aa74c1b4b5b98987b0a58feb366513', 56594), ('weights', 'a075465dc0b993aeb3da4c7102adfef1e6c79abf9ce302e3355bb6cf0c99faa2', 56594), ('feedback', 'e51c5e6eb1fbcf31317c0a09f6cb1161850d8c37d1db5aed76d558f1d7d7cd3a', 521426), ('feedback', '229600435c793ccc186a965810350d953b220c5fe1423972c871589a8850a76b', 487226), ('feedback', '8330307503e752b847cf2cebfa5e05bc57326c84601e3150468579f6d55ba9a9', 470126), ('feedback', '59da4f4d1d2e05bf3ab785e5a6cf73441703efce427ebf82fe57cb6b18b7648a', 470126), ('contrib', '559ae9c0d8633475d15cafe5caaf584ea779277141c45d26b4a9830137c175d0', 95123), ('contrib', '153567b2d071c139c76be031549c69fd9ba842bc396e8186c12162e7bf04fe85', 78035), ('contrib', 'cb9e762660ee6d41e05958ab0808f6d88e5acc87398d0756b194896020fe2414', 58123), ('contrib', 'c6c29ecbca25db344332c65fd03b1d35fd5ebac79bab6512e02427ee3bd26a8d', 58123), ('close', '82721583532115451efc3171f215e7e54b61135e8ed82276260e0cc15c6ce603', 410464)]"
9,22:41:07.421,0.9431,58.98831286653876,"[1504732677688868192, 1740333555746435138, 2013805161308615461, 1641128605256081196, 0, 0]","[93, 94, 94, 92, 0, 0]","[6, 7, 7, 8, 0, 0]","[('0xA41dE09A63f6Cedd633f99052b44450d3BB91D44', 5301517322311131795, 6250000000000000, 1504732677688868192), ('0x17725D495A0843Ea05541fD61ba5D4082750bC08', 5078416444253564849, 18750000000000000, 1740333555746435138), ('0x37AC7AC5D09bbC6dAC1CF036b7F9DdD0EA4E052E', 4817444838691384526, 31250000000000000, 2013805161308615461), ('0x536fc4cd48ad9B3649e8aB615592E83Ec9F5fcd1', 5202621394743918791, 43750000000000000, 1641128605256081196)]",100000000000000000,[],"[62500000000000000, 187500000000000000, 312500000000000000, 437500000000000000]","[[0.0, 1.0, 1.0, 1.0, 0.0, 0.0], [1.0, 0.0, 1.0, 1.0, 0.0, 0.0], [1.0, 1.0, 0.0, 1.0, 0.0, 0.0], [1.0, 1.0, 1.0, 0.0, 0.0, 0.0], [0.0, 0.0, 0.0, 0.0, 0.0, 0.0], [0.0, 0.0, 0.0, 0.0, 0.0, 0.0]]",[],"['$user$0, 0.923, good, good, None, 0xA41dE09A63f6Cedd633f99052b44450d3BB91D44', '$user$1, 0.938, good, good, None, 0x17725D495A0843Ea05541fD61ba5D4082750bC08', '$user$2, 0.931, good, good, None, 0x37AC7AC5D09bbC6dAC1CF036b7F9DdD0EA4E052E', '$user$3, 0.923, good, good, None, 0x536fc4cd48ad9B3649e8aB615592E83Ec9F5fcd1']","[('close', '82721583532115451efc3171f215e7e54b61135e8ed82276260e0cc15c6ce603', 410464), ('slot', '34499db03d9712eb3178781d8d86064f80135cba6fac875feb750139b82e88de', 50814), ('slot', '433639d7be404e6afdbfc0386dcf9dd7574044cac38b7fd4cbeef1a5aa4f0347', 50790), ('slot', 'c91bd57c04ac3b3d86ae1a2c39204bcb4ffa2c84d3a667cb6efbd12c6e5a305e', 50802), ('slot', 'c875769a59e016815292a0395f620bbf2ad075a5d99c42dc82321c0402fe08d3', 50814), ('weights', 'fc5cb5f2f7ee5967dccc54c445dba6db03334f49d3aa9e920d797b1e8e07ea0a', 73694), ('weights', '1f5f0d4b9a196267434e40fae3aa373a2d3fd8a6e6c79d29c22e795847f60660', 56594), ('weights', '90a240dada06b85d17b88da8893a2e87c8a47e7a70035b36267151863e8693fe', 56582), ('weights', 'c9c829a33e6814a0aac6665b6adb095fc748859885ad12cf8f4b1f3ef9a8b0ae', 56594), ('feedback', 'c42ce9035707f311d66dc8561233a6e599c643fd36ad76db705eb7e5d0db06f0', 521426), ('feedback', '270104d3d0c2c3203be1ca90c126dfc3363b105d1a8e2acf8a136c8cb6b5405f', 487226), ('feedback', '30b0d6d3f1140d514f0e1668aa24f11d1c03439b48f79ef9c32747defd395832', 470126), ('feedback', '4b7fe40b069bd5974fba6ea818a2e2d603ec96164d6049c17d8b33016a6352c0', 470126), ('contrib', '3e0e6ac25cd8725edeb3d6b70c36b4ea4b55d4bd8e51ab393f308ba5a45f715b', 75199), ('contrib', '36cfe122c5f2d0009087c6cdfbe495726982f7b0b4c423dfcb451b9ff62bbca8', 58111), ('contrib', '31c38c8143540fc301c254e9b76abd422d38a867bf893e580190f7f23193bbad', 58111), ('contrib', '8ad2fc2aeb2a0cae28f543c6378f5369d82d90a4f074a4dd93da3aed1b0e5f3e', 58111), ('close', '68966f8e1e2dd7d3a311c75f1c79ae4d451278630b40fdded402ed7bb4624dcb', 410442)]"
10,22:41:28.694,0.9466,53.69239182025194,"[1508680046109920817, 1794280924167487761, 2041436740255983841, 1655602289466607565, 0, 0]","[94, 94, 94, 93, 0, 0]","[6, 6, 6, 7, 0, 0]","[('0xA41dE09A63f6Cedd633f99052b44450d3BB91D44', 5395267322311131795, 3947368421052625, 1508680046109920817), ('0x17725D495A0843Ea05541fD61ba5D4082750bC08', 5159666444253564849, 53947368421052623, 1794280924167487761), ('0x37AC7AC5D09bbC6dAC1CF036b7F9DdD0EA4E052E', 4886194838691384526, 27631578947368380, 2041436740255983841), ('0x536fc4cd48ad9B3649e8aB615592E83Ec9F5fcd1', 5258871394743918791, 14473684210526369, 1655602289466607565)]",0,[],"[39473684210526258, 539473684210526216, 276315789473683792, 144736842105263691]","[[0.0, 1.0, 1.0, 1.0, 0.0, 0.0], [1.0, 0.0, 1.0, 1.0, 0.0, 0.0], [1.0, 1.0, 0.0, 1.0, 0.0, 0.0], [1.0, 1.0, 1.0, 0.0, 0.0, 0.0], [0.0, 0.0, 0.0, 0.0, 0.0, 0.0], [0.0, 0.0, 0.0, 0.0, 0.0, 0.0]]",[],"['$user$0, 0.935, good, good, None, 0xA41dE09A63f6Cedd633f99052b44450d3BB91D44', '$user$1, 0.941, good, good, None, 0x17725D495A0843Ea05541fD61ba5D4082750bC08', '$user$2, 0.942, good, good, None, 0x37AC7AC5D09bbC6dAC1CF036b7F9DdD0EA4E052E', '$user$3, 0.925, good, good, None, 0x536fc4cd48ad9B3649e8aB615592E83Ec9F5fcd1']","[('close', '68966f8e1e2dd7d3a311c75f1c79ae4d451278630b40fdded402ed7bb4624dcb', 410442), ('slot', 'a3441ec18ff3d927b930ed3c49d15b5046d9e20c795a13a35857c6759465e472', 50802), ('slot', '4ca17dd8f0f998c90c46476747edace70021ec4f9b8babc400eb1a10b873f508', 50814), ('slot', 'bf467c9e5e9911717eca88b59e4032b5e21501694de8cd6b342275e6f45a6984', 50814), ('slot', '8e06fb05be90184595ebd5492b481c9b20757b3208b6ad524ed4b21f04aef899', 50814), ('weights', '9213b1e48ed64c667a2ba62341fa65a4efebd07fb6b8d7ce55dfc0e6c963a324', 73682), ('weights', 'a957f50b4a47527d47756bbb81c869c983212c3a489a6db6b9632fade6168ae3', 56594), ('weights', '487280c5413d0e8e06dddb8c087eb466cecc3225afff4f38c787ab57fd7a4eea', 56594), ('weights', '013f866ebdd1f2b60d5473dbe28d4375d6d2bea8468bafe335f05d0c5a5c3f1b', 56594), ('feedback', '591578721016a5faf81d48865e43d5f311d63fcc108888710e0be1be5eca843b', 521426), ('feedback', '956913e34574f0f8c6a0a60ee012981ae45b819a000fa46c02a7743888c55ae7', 487226), ('feedback', '0b5fd3d028fb8612c4fa06a6b7e8c67f29946469d7abb992bc917e6800c58743', 470126), ('feedback', '11e1dfb36d3785c0fcd262730c2bacb7318296524593f03ed25d5182332f24e9', 470126), ('contrib', '84cdcc534e89d016e7e91badc83129ec80bea2f087446001c709ecae0642a316', 75211), ('contrib', '6f90a9e8136d376d1588c8cbf7fba2af0f6eaa5cf54194ffb858b1e3298e3c67', 58123), ('contrib', 'df6a498e4f04880203e17eb41809f24a4aafbe254182dbe8b8cac6ce949767e9', 58123), ('contrib', 'e17fc8363b7812bc535d1944dd3594ddb650b939c41e258f3e1f298db5262973', 58123), ('close', 'bd2b5dd5a3f747de53fcad5b117be012708cf74c223670a06da00c40ddc4a53d', 410442)]"
# $gasCosts$[755829, 728203, 728203, 711103, 711103, 612273, 75223, 58123, 58123, 58123, 58123, 736903, 648603, 631503, 631503, 631503, 612273, 75223, 58123, 58123, 58123, 58123, 715375, 646963, 629875, 629875, 605043, 612273, 75223, 58123, 58123, 58123, 619400, 568100, 551000, 551000, 532168, 75211, 58123, 58123, 58123, 619400, 568100, 551000, 551000, 532168, 75223, 58123, 58123, 78035, 619400, 568100, 551000, 551000, 532168, 95135, 78035, 58123, 58123, 619400, 568100, 551000, 551000, 532168, 75211, 58123, 58123, 78035, 521426, 487226, 470126, 470126, 95123, 78035, 58123, 58123, 521426, 487226, 470126, 470126, 75199, 58111, 58111, 58111, 521426, 487226, 470126, 470126, 75211, 58123, 58123, 58123],[126674, 126674, 126674, 126674, 126674],[50814, 50814, 50814, 50802, 50814, 50814, 50814, 50814, 50814, 50814, 50814, 50814, 50814, 50814, 50814, 50814, 50814, 50802, 50814, 50814, 50814, 50814, 50814, 50814, 50814, 50814, 50814, 50814, 50814, 50814, 50814, 50814, 50814, 50814, 50814, 50814, 50802, 50814, 50814, 50814, 50814, 50814, 50814, 50790, 50802, 50814, 50802, 50814, 50814, 50814],[73694, 56594, 56594, 56594, 56594, 56594, 73694, 56594, 56594, 56594, 56582, 56594, 73694, 56594, 56594, 56594, 56582, 56594, 73694, 56594, 56594, 56594, 56594, 73694, 56594, 56594, 56594, 56594, 73682, 56594, 56594, 56594, 56594, 73694, 56594, 56594, 56594, 56594, 73694, 56594, 56594, 56594, 73694, 56594, 56582, 56594, 73682, 56594, 56594, 56594],[671004, 643640, 618388, 543321, 543332, 543344, 502192, 410464, 410442, 410442],[],[]
# TOTAL EXPERIMENT TIME: 239.91 seconds
