# Author Nykjaer
# ------Specs--------# cpu_name:  (processor model)
# cpu_cores: 6 (physical cores)
# ram_gb: 13.5 (system memory in GB)
# gpu_name: NVIDIA GeForce RTX 3060 Laptop GPU (graphics processor)
# os_name: Linux (operating system)
# ------Config--------# good_contributors: 4 (honest participants)
# bad_contributors: 1 (malicious participants)
# freeriders: 1 (contribute 0)
# inactive: 0 (never join)
# reward: 1000000000000000000 (total reward pool)
# minimum_rounds: 10 (rounds to simulate)
# min_buy_in: 1000000000000000000 (lower buy-in bound)
# max_buy_in: 1000000000000000000 (upper buy-in bound)
# standard_buy_in: 1000000000000000000 (default buy-in)
# epochs: 1 (local epochs per round)
# batch_size: 32 (training batch size)
# punish_factor: 3 (penalty multiplier)
# first_round_fee: 50 (fee for first round)
# fork: True (True=local fork, False=real net)
# contribution_score_strategy: dotproduct (scoring method)
# use_outlier_detection: False (Whether to use outlier detection)
# freerider_start_round: 1 (When freeriders should start freeriding)
# freerider_noise_scale: 1.0 (How much noise a freeder should add)
round,time,globalAcc,globalLoss,GRS,accAvgPerUser,lossAvgPerUser,rewards,conctractBalanceRewards,punishments,contributionScores,feedbackMatrix,disqualifiedUsers,userStatuses,GasTransactions
# $startingUserConfig$['$user$0, 0, good, good, None, 0xA41dE09A63f6Cedd633f99052b44450d3BB91D44', '$user$1, 0, good, good, None, 0x17725D495A0843Ea05541fD61ba5D4082750bC08', '$user$2, 0, good, good, None, 0x37AC7AC5D09bbC6dAC1CF036b7F9DdD0EA4E052E', '$user$3, 0, good, good, None, 0x536fc4cd48ad9B3649e8aB615592E83Ec9F5fcd1', '$user$4, 0, good, bad, 3, 0x118E560679B62a9F24c135A96d416548782f8cc2', '$user$5, 0, good, freerider, 1, 0xA2F37A08a8488CB8551a0D03f7A73f4156757de7']
0,02:01:36.285,0,721.4639892578125,"[1000000000000000000, 1000000000000000000, 1000000000000000000, 1000000000000000000, 1000000000000000000, 1000000000000000000]",[],[],[],1000000000000000000,[],[],,[],"['$user$0, 0, good, good, None, 0xA41dE09A63f6Cedd633f99052b44450d3BB91D44', '$user$1, 0, good, good, None, 0x17725D495A0843Ea05541fD61ba5D4082750bC08', '$user$2, 0, good, good, None, 0x37AC7AC5D09bbC6dAC1CF036b7F9DdD0EA4E052E', '$user$3, 0, good, good, None, 0x536fc4cd48ad9B3649e8aB615592E83Ec9F5fcd1', '$user$4, 0, good, bad, 3, 0x118E560679B62a9F24c135A96d416548782f8cc2', '$user$5, 0, good, freerider, 1, 0xA2F37A08a8488CB8551a0D03f7A73f4156757de7']","[('register', '91f8251b93dc777e2aef350e9ba63e47529c5081ac3ef29e757fd86f71441710', 126674), ('register', 'bc67a5fc951980cf4409c0751a79fd67b1d8c2056cffe7085916cf26742fcf8b', 126674), ('register', '26818423aca46a71a8b31f52520faee951a252300becb4a73484fbc025b2b1ba', 126674), ('register', '650f5297d184ae99aa31a5a6d2ca8531de54093af77bca3bd2ec32c513c0bff7', 126674), ('register', 'd2a100acabf443248ca56589076813da285cded56df46579fbe44e975a57ec16', 126674)]"
1,02:02:05.295,0.3872,713.2763671875,"[1152773713196499055, 1153455328041821954, 1153911988510648923, 1152769269173724340, 1153756367743972392, 333333333333333334]","[6, 7, 7, 9, 7, 7]","[74, 74, 74, 74, 74, 74]","[('0xA41dE09A63f6Cedd633f99052b44450d3BB91D44', 4000000000000000000, 152773713196499055, 1152773713196499055), ('0x17725D495A0843Ea05541fD61ba5D4082750bC08', 3000000000000000000, 153455328041821954, 1153455328041821954), ('0x37AC7AC5D09bbC6dAC1CF036b7F9DdD0EA4E052E', 4000000000000000000, 153911988510648923, 1153911988510648923), ('0x118E560679B62a9F24c135A96d416548782f8cc2', 4000000000000000000, 153756367743972392, 1153756367743972392)]",900000000000000000,"[(1, 166666666666666666)]","[199270069599151611, 200159132480621337, 200754776597023010, 199264273047447204, 200551792979240417]","[[0.0, 1.0, 1.0, 0.0, 1.0, -1.0], [1.0, 0.0, 1.0, 0.0, 1.0, -1.0], [1.0, 1.0, 0.0, 0.0, 1.0, -1.0], [1.0, 1.0, 1.0, 0.0, 1.0, -1.0], [1.0, 0.0, 1.0, 0.0, 0.0, -1.0], [0.0, 0.0, 0.0, 0.0, 0.0, 0.0]]",[6],"['$user$0, 0.737, good, good, None, 0xA41dE09A63f6Cedd633f99052b44450d3BB91D44', '$user$1, 0.677, good, good, None, 0x17725D495A0843Ea05541fD61ba5D4082750bC08', '$user$2, 0.695, good, good, None, 0x37AC7AC5D09bbC6dAC1CF036b7F9DdD0EA4E052E', '$user$3, 0.608, good, good, None, 0x536fc4cd48ad9B3649e8aB615592E83Ec9F5fcd1', '$user$4, 0.741, good, bad, 3, 0x118E560679B62a9F24c135A96d416548782f8cc2', '$user$5, 0, freerider, freerider, 1, 0xA2F37A08a8488CB8551a0D03f7A73f4156757de7']","[('slot', '1adebc16b74e7928eac4b3bd46b9c1f06f0b938f0a03a5e2566c8d73adb331f7', 50814), ('slot', '436f7cb6f98cd1c881f07805a3f7639e8b18186ef6d7e49b0f67ff7ba19cdbb0', 50814), ('slot', 'ed07061fb50a7e881d9bd6c65df37014c30bc7fe6745d1eaa438e9b8bbd2ced2', 50814), ('slot', 'a699d965f0f5e52f0218327e19840c5fc71f45580b6aee5ecb12384242532af0', 50814), ('slot', '1dd05516114e9f7ea4303aacd652cab722d07b2237b58d599c7c4b8414e6ff34', 50814), ('slot', '1b8bc23787f0f809196592b73c3a3a20e43947abc5f5425f989b16cf15a73d0a', 50814), ('weights', 'a392eaabee2f582a9bf796855814ddae83bef89667ac897552891e5cc53db6d1', 73694), ('weights', '2cb8d327a1105f7796958d2f66b6254f995dd453187c88c2e4a4462439b96e89', 56594), ('weights', 'a396cc0c5770ef52b7fb6c467f0755af5a128830dfdaf6be80392a5425e520ed', 56594), ('weights', '60fc74b0455cbc3ef62d66a97056f46c6b53493f76349ed3284c2b2f987f9476', 56594), ('weights', '78ddca974f1680ab637a76d892a0f8f443ab766aeb874de64040590cc777b99f', 56594), ('weights', 'd6ac7aa2e58e885f8e7b62186e38deb5b2497b1adac398509cc29d37d9230e8e', 56594), ('feedback', '38ebd0ef6f10acd829ebc781ed288fe555b1eae70a43603329a1ae4e1b025f49', 362227), ('feedback', '451ec153fb28ae038391bf1792c7927a88bcff1ca6fa93c92c9882a13acba373', 310927), ('feedback', 'e2949d9dbf0f00928ead078fd7310faa0d77e9ec41fdd3cc2f9f7b6230965ab7', 293827), ('feedback', 'df445aa81a45839f88400961401193acfe543f6aaed7c427b39b112161237de5', 317501), ('feedback', '894fb5f22f7f0e237830dcaa3f66ba6efb404a6c4c836bcedea2e28ac368d569', 270153), ('feedback', 'e8be1d437cee654e47dd4ff7a1f8178d3e7656636481cc3533a4cd36d400e084', 218683), ('contrib', '761b93ad34c1bae1d6bf2095c75a2795b66b6e81260eb20ba75ecdaffedf00d5', 75223), ('contrib', '36dc17ab766d9708acc2ee12bbb5bc312d2791dcd8e79ee3dc54d7f2a65a0388', 58123), ('contrib', '5ce9ea54e26c00f31c6490fa5327b42808f665ac84a3b7643bfc93e778eb7d4d', 58123), ('contrib', 'cf503d8f7e732054cb1443198a537a7718ff1a662335199da54aa9b83c807d32', 58123), ('contrib', '2e06d89bf43f7a7600291a48859e5a4b77ea179d7f33d8a1e8dd744a07180a40', 58123), ('close', '58c863d36bc97b19ea576ca6f193c1fb639ccec01d03b8b6214385e2e5e62b20', 668764)]"
2,02:02:34.152,0.681,430.7245845794678,"[1194983732227204762, 1195682818851678703, 1196148790891677276, 1195022690821813362, 1195939744985403670, 222222222222222223]","[34, 37, 37, 39, 38, 41]","[73, 73, 73, 73, 73, 73]","[('0xA41dE09A63f6Cedd633f99052b44450d3BB91D44', 4613892953470167609, 42210019030705707, 1194983732227204762), ('0x17725D495A0843Ea05541fD61ba5D4082750bC08', 4613211338624844710, 42227490809856749, 1195682818851678703), ('0x37AC7AC5D09bbC6dAC1CF036b7F9DdD0EA4E052E', 4612754678156017741, 42236802381028353, 1196148790891677276), ('0x536fc4cd48ad9B3649e8aB615592E83Ec9F5fcd1', 4613897397492942324, 42253421648089022, 1195022690821813362), ('0x118E560679B62a9F24c135A96d416548782f8cc2', 4612910298922694272, 42183377241431278, 1195939744985403670)]",800000000000000000,"[(2, 111111111111111111)]","[199942171573638916, 200024932622909545, 200069040060043334, 200147762894630432, 199815973639488220]","[[0.0, 1.0, 1.0, 1.0, 1.0, -1.0], [1.0, 0.0, 1.0, 1.0, 1.0, -1.0], [1.0, 1.0, 0.0, 1.0, 1.0, -1.0], [1.0, 1.0, 1.0, 0.0, 1.0, -1.0], [1.0, 1.0, 1.0, 1.0, 0.0, -1.0], [0.0, 0.0, 0.0, 0.0, 0.0, 0.0]]",[6],"['$user$0, 0.661, good, good, None, 0xA41dE09A63f6Cedd633f99052b44450d3BB91D44', '$user$1, 0.625, good, good, None, 0x17725D495A0843Ea05541fD61ba5D4082750bC08', '$user$2, 0.668, good, good, None, 0x37AC7AC5D09bbC6dAC1CF036b7F9DdD0EA4E052E', '$user$3, 0.596, good, good, None, 0x536fc4cd48ad9B3649e8aB615592E83Ec9F5fcd1', '$user$4, 0.652, good, bad, 3, 0x118E560679B62a9F24c135A96d416548782f8cc2', '$user$5, 0, freerider, freerider, 1, 0xA2F37A08a8488CB8551a0D03f7A73f4156757de7']","[('close', '58c863d36bc97b19ea576ca6f193c1fb639ccec01d03b8b6214385e2e5e62b20', 668764), ('slot', '8e73d33282666177b1dcc4db964b0175146e9c8c7b8dd4e451ba707409e09cf6', 50814), ('slot', 'a070cbc2910c333e7aeed05cbd85f76c86e766d856494b22b990743773c609af', 50814), ('slot', 'e333d045df583070939330102908bbb05c2660e7eb6f4e63e8503506fb67842b', 50814), ('slot', '8a98210d0fc783b83f5c7d1ae6f8cd453117b94d4b581d7cc4a27e785019101b', 50814), ('slot', 'e69f7e2862b6dbd3e819ac39c1acb6bf32aba4eaff26df111dc5f476952e7098', 50814), ('slot', '4ecd334a8348eef6c93afa6d7c84dad12b14afad8629608e5742ea69d53d0c95', 50814), ('weights', '43c54948c6b130c2ad0a26e513c95b6885de5564904dee7e7e15a45690553871', 73694), ('weights', 'fd3a26a705dca41bead5cb64fa28f4f7be961738817ba0b6691f6b190c6abfa1', 56594), ('weights', 'f222da3de628a07379343d77efe401e488b936c1ea340e8631a29c11984c9a0c', 56594), ('weights', 'a1f69a1e9366ad8c561191d35b9afc3a0a9df875f570a6ae132d640499e0a3b5', 56594), ('weights', 'ec24b46a776f20186156a2f075f249f7ca8b7851bd76bc48345441fe03504a8a', 56594), ('weights', '2ec58d7b8782783e50a67a6a859161951e1af85f06e30bd9bef41afcccf15cc4', 56594), ('feedback', 'b12f783306e5114732d9e9aee5da44f76a6c6cda09a3e4d4506030d4f7305f11', 343301), ('feedback', 'd343ddd278d99b5ebbd6ffbaa22f5b46e56d9eeae49400d6a2d0217ae5d07ac9', 274901), ('feedback', '653b310bedccfe796dd2e2219bb2a22384c1cecaed63cef00ea2ffe2bc54e58e', 257801), ('feedback', '2b698d9f3c63e905fb983b12ee83d89611593656159e150353a5cb1473b50ab4', 237901), ('feedback', '5224a50672ac810cfedf7f96d2afaa2069441c1f3fd889eaf01ff0fb1fe95600', 277701), ('feedback', '0120daf5797a8e6444155a2c70ab6f6d95ebbc368a4a34a53ce58a8436a8348c', 218683), ('contrib', 'b02cbbf7f113728b8d87406588b7ceae46a51db78ad98cab721a5f0ed815bf45', 75223), ('contrib', 'ed9e0e33119993d2b94c8230ff9a1c098ee6c06bed7c4a2fbee3ff1870109090', 58123), ('contrib', '3875326d7939e6d4c3434f31c798ed1729bcc98b9563d9269c848e380bb2f92b', 58123), ('contrib', 'e5a9fd04a2fec5acac769ad465c7167d7f8ec6be1399545421cc3e0fc71ee93c', 58123), ('contrib', '2e135d157c914849fde9584b4ba96e6a241aebaa772122fae462dd2b6e31256d', 58123), ('close', '7d0be39cd457f463e27dc1fbb0a211856aec151dd7bd715629dc048766708da1', 643640)]"
3,02:03:00.692,0.8478,169.29363811016083,"[1375199445461147821, 1375921465794134985, 1376325790736635955, 1375260134684478786, 797293163323602447, 0]","[67, 66, 68, 65, 68, 70]","[45, 45, 45, 45, 44, 43]","[('0xA41dE09A63f6Cedd633f99052b44450d3BB91D44', 2390914555579765671, 180215713233943059, 1375199445461147821), ('0x17725D495A0843Ea05541fD61ba5D4082750bC08', 2390215468955291730, 180238646942456282, 1375921465794134985), ('0x37AC7AC5D09bbC6dAC1CF036b7F9DdD0EA4E052E', 2389749496915293157, 180176999844958679, 1376325790736635955), ('0x536fc4cd48ad9B3649e8aB615592E83Ec9F5fcd1', 2390875596985157071, 180237443862665424, 1375260134684478786)]",700000000000000000,"[(3, 398646581661801223), (3, 222222222222222223)]","[249997898936271667, 250029712915420532, 249944195151329040, 250028043985366821]","[[0.0, 1.0, 1.0, 1.0, -1.0, -1.0], [1.0, 0.0, 1.0, 1.0, -1.0, -1.0], [1.0, 1.0, 0.0, 1.0, -1.0, -1.0], [1.0, 1.0, 1.0, 0.0, -1.0, -1.0], [-1.0, -1.0, -1.0, -1.0, 0.0, -1.0], [0.0, 0.0, 0.0, 0.0, 0.0, 0.0]]","[5, 6]","['$user$0, 0.788, good, good, None, 0xA41dE09A63f6Cedd633f99052b44450d3BB91D44', '$user$1, 0.833, good, good, None, 0x17725D495A0843Ea05541fD61ba5D4082750bC08', '$user$2, 0.809, good, good, None, 0x37AC7AC5D09bbC6dAC1CF036b7F9DdD0EA4E052E', '$user$3, 0.806, good, good, None, 0x536fc4cd48ad9B3649e8aB615592E83Ec9F5fcd1', '$user$4, 0.652, bad, bad, 3, 0x118E560679B62a9F24c135A96d416548782f8cc2']","[('close', '7d0be39cd457f463e27dc1fbb0a211856aec151dd7bd715629dc048766708da1', 643640), ('slot', '569a8ed9aa10f199b517a3aa86f5974bf45ac4273ecb7ebaa89bf83df71ae877', 50814), ('slot', '3870fa7aad8f9c3dca27f3c430e5b1baaaffaf2522088ba7f914586789bf0bc3', 50814), ('slot', '42b7621e01528ff844fd5fe3136464ef7ce1569aeb5e1e18ec387abea1f29481', 50814), ('slot', '4f210260bc91139faa9af5930a1db48d580cd52553b2f8281c341ec57adf1e30', 50814), ('slot', 'f6700916fee93ecf3ae819f5eb3eb64143b0760d352f49e27c85efe8d1a17bae', 50802), ('slot', '23e419926da8b2b2742f433f0b7a81d0b8a5e5f7016d7a6f0453908c0be12074', 50814), ('weights', 'ff1d2d24f9e2d5ed6bffbd3af44380eeeb18e9c45dcf8b43b480e359fa0356fa', 73694), ('weights', '40c8862a5953d45814b829d3acfe552653b05fcfee37fdec813c9f35d1dd04a2', 56594), ('weights', 'f030dc3582ba297d7e5c0f7b0cc882f155e068ab8dee929dcab84a0523e04c23', 56594), ('weights', 'f9924a70a5be0a7053a740807fc5597d619c35cc2dd36da776749d725fbe3f08', 56594), ('weights', '416292f9dd28bd165a98b321d3c1f809d099df47aca34f0b0abef55498856c76', 56594), ('weights', 'd613bcd8afcc9d5c3bee645cd467afc384b2b11199e28c2a917eb235a8dbc302', 56594), ('feedback', 'c14dbacd2a65977ae0375a98bd4ee18ba71719146bf6db84aa98db9ab1fa9efc', 321749), ('feedback', '7c1e6079fe61f594b5cd709f0122cb752bb3637b77cd6c6b0dc39f3a6b330118', 253349), ('feedback', '4c2717154f44f27f93084864a3d634439e21705cce45387441aa648e68ab1619', 236249), ('feedback', '1dd5d9a2c263f8b5ce6c6242c902b0860814904f8eb0d4e7f6e681fa5fa1f21d', 236249), ('feedback', '3a47a26e725c43578e3b5556e7a6348c6bfcb1874d0cddce9dd1b1b8a7e739ee', 231293), ('feedback', 'e8b49c147a4edee4bb0a1179868e081e1afcff40d14ea4a620d350e9bc90ac76', 218683), ('contrib', '660dadec6fd098c98ca5ea11dbc508757dbdddcbeaab82e3f3218568ec51987d', 75223), ('contrib', 'df69dd6060c391d46081dd751abc73bddcc11be0fba74962a46db17eccabe527', 58123), ('contrib', '3a3080359ddbfaef16632488d34aed03a759021e9c034c79f0657098d12f6f4f', 58123), ('contrib', '69c30186da6c9c111e7b9de560a633c68c38abd11e4f31591f45902a807f1c0b', 58123), ('close', '1b9cfe3514d3be02f9812cb3f5e1bca7ce9a4ccc4b3ee766d4bcf3e4c3bbd7ca', 618388)]"
4,02:03:25.549,0.8807,124.42668882757425,"[1466654902620501439, 1467402910052284826, 1467710540967993894, 1466702870810151535, 531528775549068298, 0]","[83, 85, 83, 83, 86, 0]","[17, 17, 18, 19, 17, 0]","[('0xA41dE09A63f6Cedd633f99052b44450d3BB91D44', 3330214227891647279, 91455457159353618, 1466654902620501439), ('0x17725D495A0843Ea05541fD61ba5D4082750bC08', 3329492207558660115, 91481444258149841, 1467402910052284826), ('0x37AC7AC5D09bbC6dAC1CF036b7F9DdD0EA4E052E', 3329087882616159145, 91384750231357939, 1467710540967993894), ('0x536fc4cd48ad9B3649e8aB615592E83Ec9F5fcd1', 3330153538668316314, 91442736125672749, 1466702870810151535)]",600000000000000000,"[(4, 265764387774534149)]","[250039249658584594, 250110298395156860, 249845936894416809, 250004470348358154]","[[0.0, 1.0, 1.0, 1.0, -1.0, 0.0], [1.0, 0.0, 1.0, 1.0, -1.0, 0.0], [1.0, 1.0, 0.0, 1.0, -1.0, 0.0], [1.0, 1.0, 1.0, 0.0, -1.0, 0.0], [-1.0, -1.0, -1.0, -1.0, 0.0, 0.0], [0.0, 0.0, 0.0, 0.0, 0.0, 0.0]]",[5],"['$user$0, 0.844, good, good, None, 0xA41dE09A63f6Cedd633f99052b44450d3BB91D44', '$user$1, 0.852, good, good, None, 0x17725D495A0843Ea05541fD61ba5D4082750bC08', '$user$2, 0.862, good, good, None, 0x37AC7AC5D09bbC6dAC1CF036b7F9DdD0EA4E052E', '$user$3, 0.858, good, good, None, 0x536fc4cd48ad9B3649e8aB615592E83Ec9F5fcd1', '$user$4, 0.652, bad, bad, 3, 0x118E560679B62a9F24c135A96d416548782f8cc2']","[('close', '1b9cfe3514d3be02f9812cb3f5e1bca7ce9a4ccc4b3ee766d4bcf3e4c3bbd7ca', 618388), ('slot', 'e6c9329ed325ca97beb433a46da43e262293e0a722e91895ad8096f5b428db12', 50814), ('slot', '14f96e4539d5dc1c278b556d6c0737b2eb69cc3d5714128ac4da2dbb502a8e2d', 50814), ('slot', 'c8f8494cc21016a52e72a8b3252da4267dcf490f4ecd250fa8878223f4c8459a', 50814), ('slot', 'f041ab9534d0c1134f6632322e5125a10770446e3bc53aed481487b9c61b7b80', 50814), ('slot', '81d31f85d15ba373014f23c4fd46a32ea9a833052ac6b5fa83a63780f73616ab', 50814), ('weights', '23c62af09924ec26da3511891f332aba76dbda87d6217f2273fef0b824e5f2f8', 73694), ('weights', '99373494c227b18b34abb32461e2b640fc3a6167e4a12f3ec70aa6936b8ed6c2', 56594), ('weights', '3f2805b2bccbc0acfed989dcce4e0961f1f8385e1da84ebffd967ec2cc4c8020', 56594), ('weights', '613f0df53cae3904aac750a90e86ad8295df37409ae388bcc21dc852f2d361f8', 56594), ('weights', 'a2c792677b6bcc04328ad558ffb999e451eff368b574fa3ae2dc338ef86cf27c', 56594), ('feedback', '1834260b7a1f475edd3707a4e5cd01ca193d39933b65cf16e25a7f71de008e3a', 270522), ('feedback', '841dc7e919be9df9525669aabd6b2364b1c4bbf275bc3107ef68e6db574d0704', 219222), ('feedback', '2edfaae80d6e549a76fcf5c5ebf618c24c0e87210e75aebeb3ea858223b88de4', 202122), ('feedback', '21c7e1b9d7fac633a53ec29aa8a14eae8e545a251c9630ee72796e232ef97c5b', 202122), ('feedback', 'e954a7212fd0aa88a62b3b8109a440f27c1a947da19d39ce0c211469626031f0', 203166), ('contrib', 'e3dc1868d750bd16f0423e9590f3c5cbd12d2963d67e84e7dc82f5cac9c60903', 75223), ('contrib', '589799c79b704fb34010c467014cfd432bbb76a944e218dcc27e3d22735eb316', 58123), ('contrib', '8b6f7c1c1d9d084d6193356b24bf5bc56680d6ff335daa2632264db35ee3654f', 58123), ('contrib', '08d5fce483d1fd6d52ee36ea3c34a945c4aed0f14bef4ef90496d25213433daf', 58123), ('close', 'e9d3be62c8ef5762bafacd85fd6f750b10836cbe4a0afc994941f37b11209968', 543321)]"
5,02:03:49.527,0.9042,99.56376394629478,"[1535937938453431660, 1536724712397993450, 1536974243107517370, 1536010589008345312, 354352517032712199, 0]","[88, 89, 89, 86, 88, 0]","[12, 12, 13, 14, 12, 0]","[('0xA41dE09A63f6Cedd633f99052b44450d3BB91D44', 3870287546281361957, 69283035832930221, 1535937938453431660), ('0x17725D495A0843Ea05541fD61ba5D4082750bC08', 3869539538849578570, 69321802345708624, 1536724712397993450), ('0x37AC7AC5D09bbC6dAC1CF036b7F9DdD0EA4E052E', 3869231907933869502, 69263702139523476, 1536974243107517370), ('0x536fc4cd48ad9B3649e8aB615592E83Ec9F5fcd1', 3870239578091711861, 69307718198193777, 1536010589008345312)]",500000000000000000,"[(5, 177176258516356099)]","[249960184097290039, 250100046396255493, 249890431761741638, 250049233436584472]","[[0.0, 1.0, 1.0, 1.0, -1.0, 0.0], [1.0, 0.0, 1.0, 1.0, -1.0, 0.0], [1.0, 1.0, 0.0, 1.0, -1.0, 0.0], [1.0, 1.0, 1.0, 0.0, -1.0, 0.0], [-1.0, -1.0, -1.0, -1.0, 0.0, 0.0], [0.0, 0.0, 0.0, 0.0, 0.0, 0.0]]",[5],"['$user$0, 0.868, good, good, None, 0xA41dE09A63f6Cedd633f99052b44450d3BB91D44', '$user$1, 0.888, good, good, None, 0x17725D495A0843Ea05541fD61ba5D4082750bC08', '$user$2, 0.891, good, good, None, 0x37AC7AC5D09bbC6dAC1CF036b7F9DdD0EA4E052E', '$user$3, 0.885, good, good, None, 0x536fc4cd48ad9B3649e8aB615592E83Ec9F5fcd1', '$user$4, 0.652, bad, bad, 3, 0x118E560679B62a9F24c135A96d416548782f8cc2']","[('close', 'e9d3be62c8ef5762bafacd85fd6f750b10836cbe4a0afc994941f37b11209968', 543321), ('slot', '0b489a48e56027625102d3a1029a88ef55f5aff2ffb28a7830d4640cf95e44b2', 50814), ('slot', 'e60131c680707ed235391093f7f58aa457a06e59b20463087079f9a610f22826', 50814), ('slot', '234653b693dad850e46e2e15015e30332ccb426f9a0dd3a3df23d479ef5933c6', 50814), ('slot', '2c4265b1315885548a238202482e30f1ee6ba7fc338cf86b721bb469e66e1bf9', 50814), ('slot', 'f905542e7fba94b3b77d0020abf17dd8c0e230c4084f284b6c7a786ab469bbd2', 50814), ('weights', '655eeed583d7548875c68547adde27cff58658628a966d6f3f7c2fd3b3fcf557', 73694), ('weights', '2cb9c49bb21de358da777a1c44fec974e55f99fc2012aa6d57e770e7929edc52', 56594), ('weights', '0d15a194052e181b198a1b4cb6da1f31c69f22d0b447df969f277a2a4375cbaa', 56594), ('weights', 'ed1719b27aaab979653f9291eecd6826d695124fc6a48593115e871518d57865', 56594), ('weights', 'b11f4e455902f4de4c7d021c543d5318e7eca696f078f0ab22d98266543792be', 56594), ('feedback', '95c7820f8b5f64c40c1ef16cdbcd87fd1da09e474ea8e7ff3e5d69ae7c3cf63d', 270522), ('feedback', '11d20dcf79bf69134694516e39e411c6c6b20bfabbafcf5f07334d9f7cb59265', 219222), ('feedback', '33f1b74e679ea36898a7bfae970b7010fcc84e4d4b5c22464adfde4a199fcd19', 202122), ('feedback', 'b930707c09309274f94eb884641e9357fab9f330965530f1a65aad29406f62b1', 202122), ('feedback', 'f9df8afc9f5e87072c1a764e00d3164d52b785c77283b97317a77543246416a8', 203166), ('contrib', 'e6aebcc8c83fd09877920ccfea5039c4686a8dc26d33e9e595bcbb3adaf5649d', 75223), ('contrib', 'a242f2cecbac1c5f2a506badccf5080c59217b2d864437996838124d20e41fb4', 58123), ('contrib', '9d3faab5e81f330c32df49cbc8160cc3ec92e51622166485d421313e5fd8978a', 58123), ('contrib', '04cd1448ae08f2f4cd7d6c51a99b4d41b884858a61b0bcba524d6e8567860b3a', 58123), ('close', 'cb85c3b32f84f57211548fecc89bdc795ff38e1b20db522a97c83c49595f1e5d', 543321)]"
6,02:04:13.628,0.9166,85.88378119841218,"[1590468148550203737, 1591267461782600628, 1591482059297295190, 1590547319014758968, 236235011355141466, 0]","[90, 90, 91, 88, 90, 0]","[9, 10, 10, 12, 10, 0]","[('0xA41dE09A63f6Cedd633f99052b44450d3BB91D44', 4255357027481143933, 54530210096772077, 1590468148550203737), ('0x17725D495A0843Ea05541fD61ba5D4082750bC08', 4254570253536582143, 54542749384607178, 1591267461782600628), ('0x37AC7AC5D09bbC6dAC1CF036b7F9DdD0EA4E052E', 4254320722827058223, 54507816189777820, 1591482059297295190), ('0x536fc4cd48ad9B3649e8aB615592E83Ec9F5fcd1', 4255284376926230281, 54536730006413656, 1590547319014758968)]",400000000000000000,"[(6, 118117505677570733)]","[250003814697265625, 250061303377151489, 249901145696640014, 250033706426620483]","[[0.0, 1.0, 1.0, 1.0, -1.0, 0.0], [1.0, 0.0, 1.0, 1.0, -1.0, 0.0], [1.0, 1.0, 0.0, 1.0, -1.0, 0.0], [1.0, 1.0, 1.0, 0.0, -1.0, 0.0], [-1.0, -1.0, -1.0, -1.0, 0.0, 0.0], [0.0, 0.0, 0.0, 0.0, 0.0, 0.0]]",[5],"['$user$0, 0.903, good, good, None, 0xA41dE09A63f6Cedd633f99052b44450d3BB91D44', '$user$1, 0.901, good, good, None, 0x17725D495A0843Ea05541fD61ba5D4082750bC08', '$user$2, 0.908, good, good, None, 0x37AC7AC5D09bbC6dAC1CF036b7F9DdD0EA4E052E', '$user$3, 0.907, good, good, None, 0x536fc4cd48ad9B3649e8aB615592E83Ec9F5fcd1', '$user$4, 0.652, bad, bad, 3, 0x118E560679B62a9F24c135A96d416548782f8cc2']","[('close', 'cb85c3b32f84f57211548fecc89bdc795ff38e1b20db522a97c83c49595f1e5d', 543321), ('slot', 'c15e68b9dcda49dcd31c90a86628af084f8ad49c8baf0c1dab1cd680f58ac592', 50814), ('slot', 'c8f7068a0022716812d6617ff1ce8f729ea484d939384a91c72b76fbdfbbb184', 50814), ('slot', 'cf3da70fd188f49596f2b6ec086742bfdcc4d88abd8aecc3ec1d25a6314f5339', 50814), ('slot', '5e0f7573345d2d3d1bed11f2a5fa55c71e5c9c9f1dd6b24ac3cb4c794730e514', 50814), ('slot', 'a52c73ef75d3e4ced0e33bb7eb84d49a078261d4b88d5bd33982ce4fb67aa839', 50814), ('weights', 'b49dbfe785b07266670b76664c718346f652111594bfbf65903d03e5be5ae58e', 73694), ('weights', '4bd026559b9ccd2ef13c388bf3cd8cadcb6aafa756576d55ec394df5d2b45835', 56594), ('weights', 'ab1a7eccd08cd72a9b3abaf76a22854b2106ccc66685ab72725e8a4fed429151', 56594), ('weights', '49985e3fc6d48a3816ec35c78f552f01af5a28ea8c3ddea077583046e27b7af7', 56594), ('weights', '19188ce26839cd66756a9f681b0b44a247553715eaf877ca74bcefcb156fedd1', 56594), ('feedback', 'ab5279348119c272473fae0ea0717af9e96ae0aa3d5142b4f80a10d167f4cd6d', 270522), ('feedback', '9dd2c3198e0e73accbb8eb88810bc9cc8a3dd3fbf1c6894cf2837293fc9899e7', 219222), ('feedback', '4ff537766712e8abc18a4564e94868d32d9cbe29689cd1b6a75a35b0e475cabb', 202122), ('feedback', 'fbaf8bfdc54685c31667408aad09d319b66efba85071306e3114341938150e2d', 202122), ('feedback', 'e66a35b6888c19ef391590100db45fae30c530b90ab68bfe3102d5e23a826956', 203166), ('contrib', '220f1f8adbbf22e562e0f595192615f95fae5ada51c42f4d1f7eac4c8d4fb328', 75223), ('contrib', '1fcbd23e04b3783d5cad1ed999c6c2c0731067cd4c2be290df48e8817c5fdc51', 58123), ('contrib', 'a257507e11ffc88043c8c9fa59040d6b9d3936c33f853cff38927c2bce9c3fac', 58123), ('contrib', 'c10da9ce125672300eee459bd19c0086efdfd799341d1855c219a39a914a3f1d', 58123), ('close', 'aa0e7c29c9e42996a1e5978c033d71cb5c6770ab4cf7b2a0dac675ab132ff27d', 543321)]"
7,02:04:37.577,0.9278,73.44500872120261,"[1674528136426176581, 1675371269679837910, 1675481031826943048, 1674619562067042447, 0, 0]","[92, 92, 92, 89, 92, 0]","[8, 8, 9, 10, 9, 0]","[('0xA41dE09A63f6Cedd633f99052b44450d3BB91D44', 4537061828739513320, 84059987875972844, 1674528136426176581), ('0x17725D495A0843Ea05541fD61ba5D4082750bC08', 4536262515507116429, 84103807897237282, 1675371269679837910), ('0x37AC7AC5D09bbC6dAC1CF036b7F9DdD0EA4E052E', 4536047917992421867, 83998972529647858, 1675481031826943048), ('0x536fc4cd48ad9B3649e8aB615592E83Ec9F5fcd1', 4536982658274958089, 84072243052283479, 1674619562067042447)]",300000000000000000,"[(7, 236235011355141466)]","[250003635883331298, 250133961439132690, 249822169542312622, 250040084123611450]","[[0.0, 1.0, 1.0, 1.0, -1.0, 0.0], [1.0, 0.0, 1.0, 1.0, -1.0, 0.0], [1.0, 1.0, 0.0, 1.0, -1.0, 0.0], [1.0, 1.0, 1.0, 0.0, -1.0, 0.0], [-1.0, -1.0, -1.0, -1.0, 0.0, 0.0], [0.0, 0.0, 0.0, 0.0, 0.0, 0.0]]",[5],"['$user$0, 0.917, good, good, None, 0xA41dE09A63f6Cedd633f99052b44450d3BB91D44', '$user$1, 0.916, good, good, None, 0x17725D495A0843Ea05541fD61ba5D4082750bC08', '$user$2, 0.926, good, good, None, 0x37AC7AC5D09bbC6dAC1CF036b7F9DdD0EA4E052E', '$user$3, 0.91, good, good, None, 0x536fc4cd48ad9B3649e8aB615592E83Ec9F5fcd1']","[('close', 'aa0e7c29c9e42996a1e5978c033d71cb5c6770ab4cf7b2a0dac675ab132ff27d', 543321), ('slot', '7463379eea1fe6b5d28f82fa101588075cdad4f9ad95d8aed8c5ee619d6a5580', 50814), ('slot', '38f1813c2f2a325f694632a671f73be1448cbf6e7dcf4ddf423d370f807a1d66', 50814), ('slot', '953d599b6548b502ba470a6b648e3fea784671dd61246d52a56994b822e1e9fc', 50814), ('slot', 'da8318aa7d4759213dbdf30ff172cc48d43aee0d73e42113e71f679b5d0f98fb', 50802), ('slot', 'a69417287ea78be5626843c4376fc1b784d6c79731693464d3a7e13e7519a43d', 50814), ('weights', '2cd597601f9e16e943ae2fe1b2f2e7ae0c620296ac29d076cca1c24573d87ec4', 73694), ('weights', 'fad3b8db3af32a3798c1ae456f6d9a0d3361bc2ad8d2893752dfc2a3364a76a5', 56594), ('weights', '0217720c4e7859d34f2f99b1c94e7b7710ae3161019c1cb6494f37e26977f8b3', 56594), ('weights', '11f8890c4c3e6a6851f6c86f323561bcead6a3b05095137f38be3cfc03586250', 56594), ('weights', 'd82d9ddd50e5c876d384b07c945c443a6d377e975bc255e6540809bfab719afd', 56594), ('feedback', 'e849fb205602a8c00ebc9b68551b2a00e64db41fd52f34438a0718464707b842', 270522), ('feedback', '866a31559d5f4d53264c20846049d023aff477025a98d885ccc9f669a1cdb014', 219222), ('feedback', 'dde90235ba9c932d3c1ed503942f6e987fc2bfc05f524f72861fd258a24505bd', 202122), ('feedback', 'e2cc7366a2be09642ad5ccfaf1ecbd141039d4cfded82657a104f9badbee4b88', 202122), ('feedback', '445dfb2a6b9f7a5de6985aa27b884feee96573bfdaf770cfbb0268f5f05742a9', 203166), ('contrib', '0fb3531c59a8fddbdd1f065566417f850cc4d2685eb4a13d757a3be7b5ad7c62', 75223), ('contrib', '119cd330dcfcaa4585b2fa2fd1a6ce33a107f1d6cc0aadf06c4a8d83a92264bc', 58123), ('contrib', '684358960a9c77fe602c04d692483460e4acbe07b61ecd96049a2966f4c751ac', 58123), ('contrib', '544a797ed220bef1d2c1dfa388e0a5c1d0720274799a140e8d73180c9032ed17', 58123), ('close', '56059f3997f295a7f43a1ac38cf8877e26f26c2d166da25eb563805b5634b863', 502181)]"
8,02:04:59.589,0.936,64.75703573599458,"[1699530994096662609, 1700386665188660240, 1700461002801564177, 1699621337913112958, 0, 0]","[93, 92, 94, 91, 0, 0]","[7, 7, 7, 9, 0, 0]","[('0xA41dE09A63f6Cedd633f99052b44450d3BB91D44', 5025471863573823405, 25002857670486028, 1699530994096662609), ('0x17725D495A0843Ea05541fD61ba5D4082750bC08', 5024628730320162076, 25015395508822330, 1700386665188660240), ('0x37AC7AC5D09bbC6dAC1CF036b7F9DdD0EA4E052E', 5024518968173056938, 24979970974621129, 1700461002801564177), ('0x536fc4cd48ad9B3649e8aB615592E83Ec9F5fcd1', 5025380437932957539, 25001775846070511, 1699621337913112958)]",200000000000000000,[],"[250028550624847412, 250153928995132446, 249799683690071105, 250017732381820678]","[[0.0, 1.0, 1.0, 1.0, 0.0, 0.0], [1.0, 0.0, 1.0, 1.0, 0.0, 0.0], [1.0, 1.0, 0.0, 1.0, 0.0, 0.0], [1.0, 1.0, 1.0, 0.0, 0.0, 0.0], [0.0, 0.0, 0.0, 0.0, 0.0, 0.0], [0.0, 0.0, 0.0, 0.0, 0.0, 0.0]]",[],"['$user$0, 0.916, good, good, None, 0xA41dE09A63f6Cedd633f99052b44450d3BB91D44', '$user$1, 0.928, good, good, None, 0x17725D495A0843Ea05541fD61ba5D4082750bC08', '$user$2, 0.936, good, good, None, 0x37AC7AC5D09bbC6dAC1CF036b7F9DdD0EA4E052E', '$user$3, 0.915, good, good, None, 0x536fc4cd48ad9B3649e8aB615592E83Ec9F5fcd1']","[('close', '56059f3997f295a7f43a1ac38cf8877e26f26c2d166da25eb563805b5634b863', 502181), ('slot', '6f95b9e078e4d42e854c25a9e70f6e600284f67b5374ae01ac80840aa519e2fc', 50814), ('slot', '1c12da57866e856f7f46b18e974db0e3a89d8e26b060d1be4e6585a6899e8bda', 50814), ('slot', 'a2584619de743d673336b3a895b1591200a5b9860e4d24dbda269e98ec2bcf08', 50790), ('slot', '08ebb0053a5d915b6c72ca5b290a7e5972c5cb180f1be28342b9b71b4328640e', 50814), ('weights', '5d818aa8160abdc26692e94c0578c18bc6b1a65308a0f1a1a097f2d48f1b1750', 73694), ('weights', '9135e40053cfcca8c247e328d481b5792f90a67a0987d90c2ac1aa80b467c34a', 56594), ('weights', 'fe3262c2a59a7e26ad7be9da095bd738c07055e558268d3adf25aadc741c52e9', 56594), ('weights', '96da570d3fee36433c202e6e5fc841e05811d8bb5bdeed92211abca0ca3af9c4', 56594), ('feedback', '8489918f99ce4851b4af4503f228266ce904ebf5a7b332cedb310b052284bf0e', 217307), ('feedback', '526ab4e205a4bb91aba6e28a2e8dc06aae70a9a0df9113c1bfedb7dd691d89b8', 183107), ('feedback', '2cb2e647cbb6e24fd56bbe5545e0ea1b7867fb4bca81730887facaa50c144868', 166007), ('feedback', '59445eb48658079ab424680a65dcbf5829e167608cde6a05651bba3159cc5646', 166007), ('contrib', '6d2bd2301b93c4c05c730a2298bf50fd7907ba55ea60a022dbbe5ef9ebb195eb', 75223), ('contrib', '628f849525d67541805ffa4f2494f7d05a74ee2b08080f60b402e538eb31e667', 58123), ('contrib', 'b8d0bc2ca38235c2b34ed20fc73295ea44e60f0c6af3c94539e4ef6d136de2a5', 58123), ('contrib', '33952e30e45b79a496b1e2befa41ca5c1989e9c86e0ed48f40809f071f76601a', 58123), ('close', 'c4a4666988bc0ad9c89d95301f9f2b5fd315f9c5934c2670299db1fbcc2cbac6', 410442)]"
9,02:05:21.539,0.9418,58.784791976213455,"[1724529809081765693, 1725397913703219293, 1725446277100885096, 1724626000114129899, 0, 0]","[93, 94, 95, 91, 0, 0]","[6, 6, 7, 8, 0, 0]","[('0xA41dE09A63f6Cedd633f99052b44450d3BB91D44', 5100469005903337375, 24998814985103084, 1724529809081765693), ('0x17725D495A0843Ea05541fD61ba5D4082750bC08', 5099613334811339744, 25011248514559053, 1725397913703219293), ('0x37AC7AC5D09bbC6dAC1CF036b7F9DdD0EA4E052E', 5099538997198435807, 24985274299320919, 1725446277100885096), ('0x536fc4cd48ad9B3649e8aB615592E83Ec9F5fcd1', 5100378662086887026, 25004662201016941, 1724626000114129899)]",100000000000000000,[],"[249988138675689697, 250112473964691162, 249852731823921203, 250046610832214355]","[[0.0, 1.0, 1.0, 1.0, 0.0, 0.0], [1.0, 0.0, 1.0, 1.0, 0.0, 0.0], [1.0, 1.0, 0.0, 1.0, 0.0, 0.0], [1.0, 1.0, 1.0, 0.0, 0.0, 0.0], [0.0, 0.0, 0.0, 0.0, 0.0, 0.0], [0.0, 0.0, 0.0, 0.0, 0.0, 0.0]]",[],"['$user$0, 0.931, good, good, None, 0xA41dE09A63f6Cedd633f99052b44450d3BB91D44', '$user$1, 0.931, good, good, None, 0x17725D495A0843Ea05541fD61ba5D4082750bC08', '$user$2, 0.943, good, good, None, 0x37AC7AC5D09bbC6dAC1CF036b7F9DdD0EA4E052E', '$user$3, 0.919, good, good, None, 0x536fc4cd48ad9B3649e8aB615592E83Ec9F5fcd1']","[('close', 'c4a4666988bc0ad9c89d95301f9f2b5fd315f9c5934c2670299db1fbcc2cbac6', 410442), ('slot', '6ba0cf65e13d2b7c3395be1f988a8eba3d0abfa039185703cb43aec3ede2a743', 50814), ('slot', '0f064834f574ebd92d8b0a3f3fde9d847014105c4a0f709b87f900d48b30300d', 50802), ('slot', '5c59894f853641144ac37eb48306ad5ccdc856bbc8080752b8a0c8648d54d571', 50814), ('slot', '65197dfb245de6d3aa71e168c71eb40b6437eebfd54298301436e724aaa58a6d', 50814), ('weights', '1a64250cb84ee656a8e6bc9d4e3b33d1d8895888eed117d209df2de2bddff24b', 73694), ('weights', 'f6f7549646cb7e97a9f03dab70f096a8dced25d9399bc04c7fb8ddebbc8e1973', 56594), ('weights', '2ee508b3c81873fefad13a3fb2b19f505986b54d9b79ddf2425269125cc84982', 56594), ('weights', '7c3e0c2c96a091581b602d7b808defc23e6b9d91a4a53bf40ce80875d19ca4b8', 56594), ('feedback', '2e1083206b83828e2b86f7b7f6c7aaabd3ab51fd6600b70ec9579a4f94e8972a', 217307), ('feedback', '53e8b66ee2a2e3d63fb2d853398963f3e1cc3f46e5baf50e5e8d6b5f4e587c25', 183107), ('feedback', '381b22b494c8860739aebf63ceb665816e2c01f25fb8cb58aaffb0ed30e4db55', 166007), ('feedback', '7e4216edfb5744be60918a6741cd0f193d28427dbcee58054a01bb1e30d3fc2a', 166007), ('contrib', '38796b06b46b6c5e6b1a465a38fbc53166d71ecd633078cd10326e876bc0d6e9', 75223), ('contrib', 'f3f6dbf8fb5bc07348c0cedc1b764e0ae8ac0f227a7ea51f22166c1ed7b5fed2', 58123), ('contrib', '1e4c1d78c324254b70f06b4b3a9299497b99b8d9e3a651b6e1ffbeca413a9d40', 58123), ('contrib', 'c04cfef907dc31425c6990797fee313723ec31d9fec5f2117f05ebc0fe65bb81', 58123), ('close', '085e05a8cf7ea39d3bc38fc140ddfe4cff648dd3bbfaddbcb595aad3851ca24d', 410442)]"
10,02:05:43.606,0.9479,52.48418874666095,"[1749538474108549342, 1750411040138462142, 1750425163641814152, 1749625322111174342, 0, 0]","[94, 94, 95, 92, 0, 0]","[6, 6, 6, 7, 0, 0]","[('0xA41dE09A63f6Cedd633f99052b44450d3BB91D44', 5175470190918234288, 25008665026783649, 1749538474108549342), ('0x17725D495A0843Ea05541fD61ba5D4082750bC08', 5174602086296780688, 25013126435242849, 1750411040138462142), ('0x37AC7AC5D09bbC6dAC1CF036b7F9DdD0EA4E052E', 5174553722899114885, 24978886540929056, 1750425163641814152), ('0x536fc4cd48ad9B3649e8aB615592E83Ec9F5fcd1', 5175373999885870082, 24999321997044443, 1749625322111174342)]",0,[],"[250086605548858642, 250131219625473022, 249788820743560791, 249993175268173217]","[[0.0, 1.0, 1.0, 1.0, 0.0, 0.0], [1.0, 0.0, 1.0, 1.0, 0.0, 0.0], [1.0, 1.0, 0.0, 1.0, 0.0, 0.0], [1.0, 1.0, 1.0, 0.0, 0.0, 0.0], [0.0, 0.0, 0.0, 0.0, 0.0, 0.0], [0.0, 0.0, 0.0, 0.0, 0.0, 0.0]]",[],"['$user$0, 0.942, good, good, None, 0xA41dE09A63f6Cedd633f99052b44450d3BB91D44', '$user$1, 0.944, good, good, None, 0x17725D495A0843Ea05541fD61ba5D4082750bC08', '$user$2, 0.94, good, good, None, 0x37AC7AC5D09bbC6dAC1CF036b7F9DdD0EA4E052E', '$user$3, 0.929, good, good, None, 0x536fc4cd48ad9B3649e8aB615592E83Ec9F5fcd1']","[('close', '085e05a8cf7ea39d3bc38fc140ddfe4cff648dd3bbfaddbcb595aad3851ca24d', 410442), ('slot', '36955952b634a86298917ec9e76c4b464a985845e9b0d86c0b4bb856837beb8e', 50814), ('slot', '60d331fa22e593c871dddcbeda265fb0ab28c1aab7fe6f297bc81498f44650c1', 50814), ('slot', 'b7f08536ff445f20d4b2ecfc866bba09325a2dc2b718aa41775c0406a555c4de', 50802), ('slot', 'ffe1589714582996a5825706bb3167a974580365c95a93668fff93d99ee4bbb8', 50814), ('weights', '3c99076a10507270697f12ea348f65f8e4dd6c5da3786036f7037264768c6152', 73694), ('weights', '36b798d5fa068bdc3df16aa5391877579a87a07883c826a469e19ad4739e70c4', 56594), ('weights', 'a5eb5dbd7869162263405e58faf3ed1aff7462a4e598b09504e802fcfc232394', 56594), ('weights', '459a6ff3be7df05247ca2aa95512f2c65a9470ab18b4bcce033327c8894e9080', 56594), ('feedback', 'a4023e1f929869398c72a64092de1b56e999950a45b520669f43f47e60700ad4', 217307), ('feedback', 'e4608adb557250a82d691fc00984101275e5b3cebf4dee3f09dda23c8c0ebf52', 183107), ('feedback', '1b94bda4a4956c8bb991597f47c1c5dfc0c501c19a4c129d89cc5c4b7798de9c', 166007), ('feedback', 'bbb0b256c8d6c0db9754a1f72dc8003a989e1732d0572d9e6cda8c3bb44a8fbd', 166007), ('contrib', '3612c728c50feaab00e8f8de05a6dba07902b291394bdec50f6ebd928021ff56', 75223), ('contrib', '847bb830a8c659c4b73d350fe23d11071db495d2aab4a748dcde32f035dcda7f', 58123), ('contrib', '2e898884dcb041d322d0a9a89f7995823fdfabfbbfaf821cc76396d28b1de149', 58123), ('contrib', 'd3469f8819ceaecf4709ef641c6fefc8ff988434690336feb123a6fe092c9ce7', 58123), ('close', '33e2527ee786d5153b6c9cae91c6459c0893c3042921a63cd2f42caf74bed050', 410442)]"
# $gasCosts$[362227, 310927, 293827, 317501, 270153, 218683, 75223, 58123, 58123, 58123, 58123, 343301, 274901, 257801, 237901, 277701, 218683, 75223, 58123, 58123, 58123, 58123, 321749, 253349, 236249, 236249, 231293, 218683, 75223, 58123, 58123, 58123, 270522, 219222, 202122, 202122, 203166, 75223, 58123, 58123, 58123, 270522, 219222, 202122, 202122, 203166, 75223, 58123, 58123, 58123, 270522, 219222, 202122, 202122, 203166, 75223, 58123, 58123, 58123, 270522, 219222, 202122, 202122, 203166, 75223, 58123, 58123, 58123, 217307, 183107, 166007, 166007, 75223, 58123, 58123, 58123, 217307, 183107, 166007, 166007, 75223, 58123, 58123, 58123, 217307, 183107, 166007, 166007, 75223, 58123, 58123, 58123],[126674, 126674, 126674, 126674, 126674],[50814, 50814, 50814, 50814, 50814, 50814, 50814, 50814, 50814, 50814, 50814, 50814, 50814, 50814, 50814, 50814, 50802, 50814, 50814, 50814, 50814, 50814, 50814, 50814, 50814, 50814, 50814, 50814, 50814, 50814, 50814, 50814, 50814, 50814, 50814, 50814, 50802, 50814, 50814, 50814, 50790, 50814, 50814, 50802, 50814, 50814, 50814, 50814, 50802, 50814],[73694, 56594, 56594, 56594, 56594, 56594, 73694, 56594, 56594, 56594, 56594, 56594, 73694, 56594, 56594, 56594, 56594, 56594, 73694, 56594, 56594, 56594, 56594, 73694, 56594, 56594, 56594, 56594, 73694, 56594, 56594, 56594, 56594, 73694, 56594, 56594, 56594, 56594, 73694, 56594, 56594, 56594, 73694, 56594, 56594, 56594, 73694, 56594, 56594, 56594],[668764, 643640, 618388, 543321, 543321, 543321, 502181, 410442, 410442, 410442],[],[]
# TOTAL EXPERIMENT TIME: 249.70 seconds
