# Author Nykjaer
# ------Specs--------# cpu_name:  (processor model)
# cpu_cores: 6 (physical cores)
# ram_gb: 13.5 (system memory in GB)
# gpu_name: NVIDIA GeForce RTX 3060 Laptop GPU (graphics processor)
# os_name: Linux (operating system)
# ------Config--------# good_contributors: 4 (honest participants)
# bad_contributors: 1 (malicious participants)
# freeriders: 1 (contribute 0)
# inactive: 0 (never join)
# reward: 1000000000000000000 (total reward pool)
# minimum_rounds: 10 (rounds to simulate)
# min_buy_in: 1000000000000000000 (lower buy-in bound)
# max_buy_in: 1000000000000000000 (upper buy-in bound)
# standard_buy_in: 1000000000000000000 (default buy-in)
# epochs: 1 (local epochs per round)
# batch_size: 32 (training batch size)
# punish_factor: 3 (penalty multiplier)
# first_round_fee: 50 (fee for first round)
# fork: True (True=local fork, False=real net)
# contribution_score_strategy: naive (scoring method)
# use_outlier_detection: False (Whether to use outlier detection)
# freerider_start_round: 5 (When freeriders should start freeriding)
# freerider_noise_scale: 0.1 (How much noise a freeder should add)
round,time,globalAcc,globalLoss,GRS,accAvgPerUser,lossAvgPerUser,rewards,conctractBalanceRewards,punishments,contributionScores,feedbackMatrix,disqualifiedUsers,userStatuses,GasTransactions
# $startingUserConfig$['$user$0, 0, good, good, None, 0xA41dE09A63f6Cedd633f99052b44450d3BB91D44', '$user$1, 0, good, good, None, 0x17725D495A0843Ea05541fD61ba5D4082750bC08', '$user$2, 0, good, good, None, 0x37AC7AC5D09bbC6dAC1CF036b7F9DdD0EA4E052E', '$user$3, 0, good, good, None, 0x536fc4cd48ad9B3649e8aB615592E83Ec9F5fcd1', '$user$4, 0, good, bad, 3, 0x118E560679B62a9F24c135A96d416548782f8cc2', '$user$5, 0, good, freerider, 5, 0xA2F37A08a8488CB8551a0D03f7A73f4156757de7']
0,00:24:27.939,0,721.6690673828125,"[1000000000000000000, 1000000000000000000, 1000000000000000000, 1000000000000000000, 1000000000000000000, 1000000000000000000]",[],[],[],1000000000000000000,[],[],,[],"['$user$0, 0, good, good, None, 0xA41dE09A63f6Cedd633f99052b44450d3BB91D44', '$user$1, 0, good, good, None, 0x17725D495A0843Ea05541fD61ba5D4082750bC08', '$user$2, 0, good, good, None, 0x37AC7AC5D09bbC6dAC1CF036b7F9DdD0EA4E052E', '$user$3, 0, good, good, None, 0x536fc4cd48ad9B3649e8aB615592E83Ec9F5fcd1', '$user$4, 0, good, bad, 3, 0x118E560679B62a9F24c135A96d416548782f8cc2', '$user$5, 0, good, freerider, 5, 0xA2F37A08a8488CB8551a0D03f7A73f4156757de7']","[('register', '1dcdee168ffc270b08584fbd70ba97d9e556ecb6fbad522f852ad3f1e14a3eb3', 126674), ('register', 'a62081108ddee3a3ae325f33b3fa6c03bc272f25117958f74b05d21f4ada15ca', 126674), ('register', '6e92775607f08b679ac92c670463ba2597f4fc2bca5deecb54b214d0d552f2a0', 126674), ('register', '528be44a80fcd57cd3df918971a8faa194740cc92ac09b2b3ca9b5bc2ad21f18', 126674), ('register', 'd8f9a85104506cffcd2d7ebab468e28430fe336b6a9d0c1a5c6848c4406b16cf', 126674)]"
1,00:24:59.969,0.2499,714.7869262695312,"[1016666666666666666, 1016666666666666666, 1016666666666666666, 1016666666666666666, 1016666666666666666, 1016666666666666666]","[9, 8, 7, 8, 7, 9]","[74, 74, 74, 74, 74, 74]","[('0xA41dE09A63f6Cedd633f99052b44450d3BB91D44', 5000000000000000000, 16666666666666666, 1016666666666666666), ('0x17725D495A0843Ea05541fD61ba5D4082750bC08', 5000000000000000000, 16666666666666666, 1016666666666666666), ('0x37AC7AC5D09bbC6dAC1CF036b7F9DdD0EA4E052E', 5000000000000000000, 16666666666666666, 1016666666666666666), ('0x536fc4cd48ad9B3649e8aB615592E83Ec9F5fcd1', 5000000000000000000, 16666666666666666, 1016666666666666666), ('0x118E560679B62a9F24c135A96d416548782f8cc2', 1000000000000000000, 16666666666666666, 1016666666666666666), ('0xA2F37A08a8488CB8551a0D03f7A73f4156757de7', 5000000000000000000, 16666666666666666, 1016666666666666666)]",900000000000000000,[],"[166666666666666666, 166666666666666666, 166666666666666666, 166666666666666666, 166666666666666666, 166666666666666666]","[[0.0, 1.0, 1.0, 1.0, -1.0, 1.0], [1.0, 0.0, 1.0, 1.0, 1.0, 1.0], [1.0, 1.0, 0.0, 1.0, 0.0, 1.0], [1.0, 1.0, 1.0, 0.0, 1.0, 1.0], [1.0, 1.0, 1.0, 1.0, 0.0, 1.0], [1.0, 1.0, 1.0, 1.0, 0.0, 0.0]]",[],"['$user$0, 0.755, good, good, None, 0xA41dE09A63f6Cedd633f99052b44450d3BB91D44', '$user$1, 0.69, good, good, None, 0x17725D495A0843Ea05541fD61ba5D4082750bC08', '$user$2, 0.722, good, good, None, 0x37AC7AC5D09bbC6dAC1CF036b7F9DdD0EA4E052E', '$user$3, 0.691, good, good, None, 0x536fc4cd48ad9B3649e8aB615592E83Ec9F5fcd1', '$user$4, 0.644, good, bad, 3, 0x118E560679B62a9F24c135A96d416548782f8cc2', '$user$5, 0.747, good, freerider, 5, 0xA2F37A08a8488CB8551a0D03f7A73f4156757de7']","[('slot', 'd9efe5d47514dbb3a7996647774389d8d591aa0222b3ae3083710a78e13cb668', 50814), ('slot', 'eb06e46d7c1107981a5c663ce730f5eb6f0d583ee84ec6ca374b398991535f6a', 50814), ('slot', '5945bc522980bbfdc0c194e0bd68e3742bc82c03a612b0f6f9db23184a2baa81', 50814), ('slot', 'c493256acf5d4ae19b317315a450fa1df5a553a68e10e9fed5f6372509e899d8', 50814), ('slot', 'b834b45759e62dd6bc2a3c852e2132afa6b7442b16d46b2fe8a362b72cf0ff4f', 50814), ('slot', '12e14f18347106635204825c0ebab0eee71e32ac7ad8fae8382f9ad22437a309', 50814), ('weights', '4030e90ee2db908635bcf7fdfa5e54b6df56f96fc16241564b1fc23f09894a24', 73694), ('weights', '6baadb7be3c3a67111b7e26aa852aecc21591f132963d5c35520aea287faada0', 56594), ('weights', '0768023a0ee9a0635e3ed004a6109463c73c8c4d9ed43a39faa94021ebabaac4', 56594), ('weights', '0938a7ee3bf679c44fc2f2d38579f7d548ff0b1dccf0a3e422bd2aea221bff94', 56582), ('weights', '8948bde42f7cc53c7837270443598a57aff494c1c452a95241c02b8fea076efb', 56582), ('weights', '36532952e0761e97d26f7ee1d2363d92ca63509d346437e4e37715eb880bf3d7', 56594), ('feedback', 'b3330a9e31b350c62addabd3b8ec1ba728f144a02bbadaca5a2da8aff2d65a03', 403001), ('feedback', 'df57fa4c7e370c0887dc35ca0bbf3bf3a619d90a367bf2f5d96b675671f8136b', 349353), ('feedback', '2962a63fddaff620453ed737342d96ff271dfe28600c3db98984760614a0d847', 313379), ('feedback', '6b7d955db0b07f9e92c9fd47965a703e59efaf9fabbc87dac68e07df37fb6fb8', 354153), ('feedback', '209e3cb9b69074bec8b515d3b73851c0fc3095f86a8be927f7cecc2b02c79e81', 337053), ('feedback', '98047ff17a164bfeb09915ac0b3514956117d1579adb3d678b362cfd37aee237', 313379), ('contrib', '17f75b77e53b2c4829da8a5aac8e02fb1b878281afed8b522f365d3ba85f22d6', 75223), ('contrib', 'a09f71983d841e04ac7c0b7b166c3c4478c24544aadfd2dce4cbb1b0ed6c315f', 58123), ('contrib', 'ecc79f1a9df809046259b918a04ddb50673777f5097ba5613bcfea82b1540e75', 58123), ('contrib', '04bc94718df0f27bad75912ceb4e441f4058de8cf24400d2094d488fdf58c253', 58123), ('contrib', '35e54d28869e8dd8e1d4a5d6a014ed9be6c9e8aa991b6d27378437cb24c46fb4', 58123), ('contrib', 'ab8639b2e9384fb9e27786a1ac2efde12760db01460d5a07b5b3cc5a473ca77e', 58123), ('close', 'ccbb2957f7503556ad07ccbc04fd05113728e4f453480a20c19f75fed3c283b6', 641581)]"
2,00:25:34.178,0.6548,519.9565887451172,"[1033333333333333332, 1033333333333333332, 1033333333333333332, 1033333333333333332, 1033333333333333332, 1033333333333333332]","[24, 24, 25, 23, 23, 26]","[73, 73, 73, 73, 73, 73]","[('0xA41dE09A63f6Cedd633f99052b44450d3BB91D44', 5083333333333333330, 16666666666666666, 1033333333333333332), ('0x17725D495A0843Ea05541fD61ba5D4082750bC08', 5083333333333333330, 16666666666666666, 1033333333333333332), ('0x37AC7AC5D09bbC6dAC1CF036b7F9DdD0EA4E052E', 5083333333333333330, 16666666666666666, 1033333333333333332), ('0x536fc4cd48ad9B3649e8aB615592E83Ec9F5fcd1', 3049999999999999998, 16666666666666666, 1033333333333333332), ('0x118E560679B62a9F24c135A96d416548782f8cc2', 2033333333333333332, 16666666666666666, 1033333333333333332), ('0xA2F37A08a8488CB8551a0D03f7A73f4156757de7', 5083333333333333330, 16666666666666666, 1033333333333333332)]",800000000000000000,[],"[166666666666666666, 166666666666666666, 166666666666666666, 166666666666666666, 166666666666666666, 166666666666666666]","[[0.0, 1.0, 1.0, 1.0, 0.0, 1.0], [1.0, 0.0, 1.0, 1.0, 1.0, 1.0], [1.0, 1.0, 0.0, 0.0, 0.0, 1.0], [1.0, 1.0, 1.0, 0.0, 1.0, 1.0], [1.0, 1.0, 1.0, 1.0, 0.0, 1.0], [1.0, 1.0, 1.0, 0.0, 0.0, 0.0]]",[],"['$user$0, 0.62, good, good, None, 0xA41dE09A63f6Cedd633f99052b44450d3BB91D44', '$user$1, 0.569, good, good, None, 0x17725D495A0843Ea05541fD61ba5D4082750bC08', '$user$2, 0.654, good, good, None, 0x37AC7AC5D09bbC6dAC1CF036b7F9DdD0EA4E052E', '$user$3, 0.578, good, good, None, 0x536fc4cd48ad9B3649e8aB615592E83Ec9F5fcd1', '$user$4, 0.566, good, bad, 3, 0x118E560679B62a9F24c135A96d416548782f8cc2', '$user$5, 0.701, good, freerider, 5, 0xA2F37A08a8488CB8551a0D03f7A73f4156757de7']","[('close', 'ccbb2957f7503556ad07ccbc04fd05113728e4f453480a20c19f75fed3c283b6', 641581), ('slot', '668c5dfece8ea2bb32fe58c0331722a6c4aa58dfd07319d1086475e0a65e2987', 50814), ('slot', 'ad9d42536ccb4ad14ea98c8b9eac50b433fceafd38970d81a49cafa8fb07d1e4', 50814), ('slot', 'ea2cbb61bc0b49baa99e00ea6ab6363cedeb93141c5a7333aa2944c330b58dc0', 50814), ('slot', '14c8507833f031af86ae6fb431b3e9121c0bc7dd6b267c8504c047e6737f56aa', 50814), ('slot', 'f7bfddc4646959b1e9bdf82c70b6477c27b6cbef4aa5812301792ffe786a609b', 50814), ('slot', '622658d6b04b67b22c8724d0e7b5559251bb633a5dbdc179b32327514fd140ba', 50814), ('weights', 'e561db6d6c8d2d09fe69f58b82569c0f2e6ec04f2bdaf2d951ef85e9b52ce710', 73694), ('weights', 'c0d05720ad634aa60527c460f855a15e277f819b16364734ff419b882fc24d76', 56594), ('weights', '4f2d6c2751b30df593dd408b0b0db2125b2cc0d2794cd47f7ae481be82d6b10b', 56594), ('weights', 'eac706898999474c8bc544ca755e215cd8177703c2c31b319564cf75b7f54bd6', 56582), ('weights', 'e33f11fd3bfdb53af36bc8e1c9efe08a52e54ee1c879e1fb295a73abf341ec6d', 56582), ('weights', 'a937ec68edd82e5758412fa3ab1f88367ad41e6c4af5d4845187c2a6ea482f0e', 56594), ('feedback', '29f0b0dc8351f50b0677fc8bc4fd70494f4ee6c982cb0df2f9f6bba3ff511f99', 302179), ('feedback', 'c0ce942842be72aff51c995021d038777e519e2fe10774fe85ac6f0d8b87846a', 271753), ('feedback', 'f7e84894adc8999a0c8b5b8b606b3cb4d0ba7c3a9bff87eeb7c1c6c3a49e129a', 228005), ('feedback', '36bb78915495b017d9eae25530a2be4914fea6d4419c79bf0aa5518376757f5b', 237553), ('feedback', '290b048a465774369f60ff0f0b453be7ba8841c28662acd91d87625bee100f0f', 237553), ('feedback', 'f92ddb1bbaf2e4a3680da700f768acb891f03819c307dcc3ec6148afd5308340', 228005), ('contrib', '1b395eb600ddc9139507c12761687e54cd40ec5ba89f01ec818b00649657310d', 75223), ('contrib', '2f469c1c9c03dee2b8fddaaa9103db8c61ec4cce977a528886f20f5662a2311d', 58123), ('contrib', '323b00f6715676be97d3af79fc17a9bd79d0fdd70d4b33351404d912b83f1a08', 58123), ('contrib', 'd68bf0d94eb3712aeec715b9faa5ec1f0fba3abe52f32e6292f6cc48198632d6', 58123), ('contrib', 'd57d7a29ed8d42bc34c318edfcd4494c58ce9a8e386db5bb6d383db55ec5ebff', 58123), ('contrib', '3a487faeb56667e26c4532d426d77b92780f32540832256bad2bcf8368000605', 58123), ('close', '40770c626616b6f80620cb9a9bfb889fe52439199b2f12348b2b1726d6cae592', 611186)]"
3,00:26:02.722,0.8252,185.33849906921387,"[1122222222222222220, 1122222222222222220, 1122222222222222220, 1122222222222222220, 688888888888888888, 1122222222222222220]","[64, 63, 65, 63, 66, 68]","[54, 54, 54, 54, 54, 53]","[('0xA41dE09A63f6Cedd633f99052b44450d3BB91D44', 3099999999999999996, 88888888888888888, 1122222222222222220), ('0x17725D495A0843Ea05541fD61ba5D4082750bC08', 3099999999999999996, 88888888888888888, 1122222222222222220), ('0x37AC7AC5D09bbC6dAC1CF036b7F9DdD0EA4E052E', 3099999999999999996, 88888888888888888, 1122222222222222220), ('0x536fc4cd48ad9B3649e8aB615592E83Ec9F5fcd1', 3099999999999999996, 88888888888888888, 1122222222222222220), ('0xA2F37A08a8488CB8551a0D03f7A73f4156757de7', 3099999999999999996, 88888888888888888, 1122222222222222220)]",700000000000000000,"[(3, 344444444444444444)]","[200000000000000000, 200000000000000000, 200000000000000000, 200000000000000000, 200000000000000000]","[[0.0, 1.0, 1.0, 1.0, -1.0, 1.0], [1.0, 0.0, 1.0, 1.0, -1.0, 1.0], [1.0, 1.0, 0.0, 1.0, -1.0, 1.0], [1.0, 1.0, 1.0, 0.0, -1.0, 1.0], [-1.0, -1.0, -1.0, -1.0, 0.0, -1.0], [1.0, 1.0, 1.0, 1.0, -1.0, 0.0]]",[5],"['$user$0, 0.769, good, good, None, 0xA41dE09A63f6Cedd633f99052b44450d3BB91D44', '$user$1, 0.78, good, good, None, 0x17725D495A0843Ea05541fD61ba5D4082750bC08', '$user$2, 0.794, good, good, None, 0x37AC7AC5D09bbC6dAC1CF036b7F9DdD0EA4E052E', '$user$3, 0.767, good, good, None, 0x536fc4cd48ad9B3649e8aB615592E83Ec9F5fcd1', '$user$4, 0.566, bad, bad, 3, 0x118E560679B62a9F24c135A96d416548782f8cc2', '$user$5, 0.802, good, freerider, 5, 0xA2F37A08a8488CB8551a0D03f7A73f4156757de7']","[('close', '40770c626616b6f80620cb9a9bfb889fe52439199b2f12348b2b1726d6cae592', 611186), ('slot', '075c8ea971ca02ee8a641f69c899d475f6b3e8b25bcce3ca214555e062127cba', 50814), ('slot', '2729003b875eef935a3c644b5661afdacee492e67b1ec9fcfde032b9b30f8e7a', 50814), ('slot', '092759628756daa62947b4f7335075f7f14c8e8add8d17947960ab7e5234ce97', 50814), ('slot', '820123e9e6d34773112e3b71d49adf5ee13bd2fc461c566111ef6d0b67bad970', 50814), ('slot', '0d86e385c52ba7c52c64fd549e58c9387f7a0747e863be21b5fe4d8dcd10b912', 50814), ('slot', '720a6c4d3666c576a1718aafc12bc66d4481aecbed80ab8b04b27940657e75c3', 50814), ('weights', 'bcb0d3a352fa012542814230d6c5a679dba9a0c7d205167e388ed6f6cf43f296', 73694), ('weights', 'd1cdff2210055ebf2934ee9590de217232cdb4a7bb69dd686312d6348385bb67', 56582), ('weights', '676e714f069e44f95a8f704ce604a591068fbe1c259099e4e731f3937771bfad', 56594), ('weights', 'd4d9e3ccdf18bcd40a4eae5a1e1a1208a616b9deb4a7372214fd766aafc42382', 56582), ('weights', '5ab6eb8828ab146c40efaff59302a2c95cf6f70a641d88c0b044f3ad2e0a444f', 56594), ('weights', 'b09b5a54c20b50a05e621e2e5207571ced515131f12c237467e4675285c0a875', 56594), ('feedback', 'a42782b4607dd2f899c09a93767e6acb4159d116130a390d72f58e5337ca871c', 323401), ('feedback', '902f6e05b73f1742e77c5974398f26086765f6a01b44a902eb2a6c651f7165be', 253001), ('feedback', 'a669238a87442176b5406518e40b5176bb2049eeddc06392b216cb0cadc8e822', 257801), ('feedback', '920754d6963a2a5d22de2bc36a1ef0d3150b4b5af3e1abbf6203bdd9fafbe8ab', 235901), ('feedback', '0aa42becb06d7ca6a7592192c42d2ddc769f7694f3f36fb4e0f6ff100cb57d1e', 229293), ('feedback', 'c71c55f0ad854308fc1992e5023976a31a4be3fadbdc19626b2dd46a900fe140', 257801), ('contrib', '1da819dcaa514834838958a68d86d209139d871d296a2a0744a226851f253eb1', 75199), ('contrib', 'f6a38e7dc40f692638dc2e8df720d02bb5772ccdd6c74e835b556c292dbb1458', 58099), ('contrib', 'ec8d52f379f258b54df1161196dca882fcf2fafc7418c3d18954af5da4212cea', 58099), ('contrib', '985e06a099277ac30e1d32ed79f51977878cf6c879a2c843d6fa41c689b9c218', 58099), ('contrib', '0e77d0cee51c5290e3f9837af6b6bedee479acd1265e1cbf52b314b8c7f6f510', 58099), ('close', '4085c606f9b2871d740b28ee967a0daea3f43f1dc68106c4fb37e69ef5febb0d', 643640)]"
4,00:26:31.318,0.8724,134.4370455890894,"[1188148148148148145, 1188148148148148145, 1188148148148148145, 1188148148148148145, 459259259259259259, 1188148148148148145]","[81, 82, 81, 80, 83, 83]","[18, 19, 20, 21, 18, 18]","[('0xA41dE09A63f6Cedd633f99052b44450d3BB91D44', 3799999999999999992, 65925925925925925, 1188148148148148145), ('0x17725D495A0843Ea05541fD61ba5D4082750bC08', 3799999999999999992, 65925925925925925, 1188148148148148145), ('0x37AC7AC5D09bbC6dAC1CF036b7F9DdD0EA4E052E', 3799999999999999992, 65925925925925925, 1188148148148148145), ('0x536fc4cd48ad9B3649e8aB615592E83Ec9F5fcd1', 3799999999999999992, 65925925925925925, 1188148148148148145), ('0xA2F37A08a8488CB8551a0D03f7A73f4156757de7', 3799999999999999992, 65925925925925925, 1188148148148148145)]",600000000000000000,"[(4, 229629629629629629)]","[200000000000000000, 200000000000000000, 200000000000000000, 200000000000000000, 200000000000000000]","[[0.0, 1.0, 1.0, 1.0, -1.0, 1.0], [1.0, 0.0, 1.0, 1.0, -1.0, 1.0], [1.0, 1.0, 0.0, 1.0, -1.0, 1.0], [1.0, 1.0, 1.0, 0.0, -1.0, 1.0], [-1.0, -1.0, -1.0, -1.0, 0.0, -1.0], [1.0, 1.0, 1.0, 1.0, -1.0, 0.0]]",[5],"['$user$0, 0.827, good, good, None, 0xA41dE09A63f6Cedd633f99052b44450d3BB91D44', '$user$1, 0.851, good, good, None, 0x17725D495A0843Ea05541fD61ba5D4082750bC08', '$user$2, 0.861, good, good, None, 0x37AC7AC5D09bbC6dAC1CF036b7F9DdD0EA4E052E', '$user$3, 0.828, good, good, None, 0x536fc4cd48ad9B3649e8aB615592E83Ec9F5fcd1', '$user$4, 0.566, bad, bad, 3, 0x118E560679B62a9F24c135A96d416548782f8cc2', '$user$5, 0.859, good, freerider, 5, 0xA2F37A08a8488CB8551a0D03f7A73f4156757de7']","[('close', '4085c606f9b2871d740b28ee967a0daea3f43f1dc68106c4fb37e69ef5febb0d', 643640), ('slot', 'f22b5a0f0125aba2c650822396b033e5b55deaf53f3d07389452390bf7202403', 50814), ('slot', '500833d05b6b8bad4d8fcc7ed9966d86bcc6379c1101fba8c9428be0f05d3f7c', 50814), ('slot', 'e6ffe55243e9065facc37e1d1f722c41f28e26672e9ec8f9a7a177d1c95eebf5', 50814), ('slot', '10bb86e685537b607ddfc19bbf263096d1946b084dbc6907f503529f17a7c6f3', 50802), ('slot', '345c1ab4604d4bfab25ddb41e9f019dfb63a971c4c17c1abcdfd3b9607344348', 50814), ('slot', '102388b95ada8489824964cfc51f6a09bdd98e3a3625a6c29ea74731bab858cb', 50814), ('weights', 'edb13c6bb14ebbdd83c45331bd2e0d5c7c70217bb8442d61ddda6168b86b4962', 73694), ('weights', 'fd30eef800634b2adf8bb6e6be3d5ea84b6016146970157730b4ea546a1a857f', 56594), ('weights', '733264d59b9d64ab7b884bd0f2e2ed21be7c744c8e38c04e41f0f8dc432dc154', 56594), ('weights', 'b17225f5d235cc5bbe7727f2880e4afcf086975dc8eb427218b276b1a029825b', 56582), ('weights', 'b550f1391c62fcdefbdf655ac49ea9bfa5a0180fb3c9a6635eac5c3a11160ea9', 56594), ('weights', '6cfd81d6a891870cb53fee7a81a594474b1924611f6141a25e89e9ec9efa1cbe', 56594), ('feedback', '802826d84ab8d548184ecf7c86e492b8300057927360e6f2effd2ddb786bdf9f', 323401), ('feedback', 'ea666313244f6c9aa0f99de106ef45e29c2cdad7e9431f324370bfe86af56ddd', 255001), ('feedback', '6727cc77e2d3d10b87074b9fc0951c5063dd55365f546559b916164ca6b35df3', 237901), ('feedback', '7e089c72f5777dc6bd949495aa29f3ef21ed405d6b794c2b4a4af4d8940aab43', 237901), ('feedback', 'f8da2654a60c540eb85b19ac1ebb05f779429546bb7264d66019ccb6a80ee7a1', 239293), ('feedback', '3255de6296b58e61b7df146b418ab9ec9ea183ce466538fe3e5cbb4c00a2a035', 237901), ('contrib', 'b3b98f182e001edcd4bee7e098a8dbf6c4540f19369917f692d098fb09ff2845', 75199), ('contrib', 'e0a8db4963170417db18a39ce50428765a153d3ead0dad99f91c22ce451078af', 58099), ('contrib', '353c28da0c14273ffd3fe49b689aca89d98bd1166c08fb98f58421c413171dc8', 58099), ('contrib', 'bc062392b1c03c97e3dcbb72724e753cfa144585b4a395289c2bb2447ca296fc', 58099), ('contrib', '31388f1c51a7f28e628d742d291fd29479188b277f605324860f9146508eb5ae', 58099), ('close', '807bbd548d205512e6a092763b5fc6b1b117b65f6653816183e4d005b49f1ea4', 643640)]"
5,00:26:58.750,0.8954,108.82735231891274,"[1350432098765432095, 1350432098765432095, 1350432098765432095, 1350432098765432095, 306172839506172840, 792098765432098764]","[87, 88, 88, 85, 88, 88]","[13, 13, 14, 15, 13, 13]","[('0xA41dE09A63f6Cedd633f99052b44450d3BB91D44', 3105185185185185176, 162283950617283950, 1350432098765432095), ('0x17725D495A0843Ea05541fD61ba5D4082750bC08', 3105185185185185176, 162283950617283950, 1350432098765432095), ('0x37AC7AC5D09bbC6dAC1CF036b7F9DdD0EA4E052E', 3105185185185185176, 162283950617283950, 1350432098765432095), ('0x536fc4cd48ad9B3649e8aB615592E83Ec9F5fcd1', 3105185185185185176, 162283950617283950, 1350432098765432095)]",500000000000000000,"[(5, 153086419753086419), (5, 396049382716049381)]","[250000000000000000, 250000000000000000, 250000000000000000, 250000000000000000]","[[0.0, 1.0, 1.0, 1.0, -1.0, -1.0], [1.0, 0.0, 1.0, 1.0, -1.0, -1.0], [1.0, 1.0, 0.0, 1.0, -1.0, -1.0], [1.0, 1.0, 1.0, 0.0, -1.0, -1.0], [-1.0, -1.0, -1.0, -1.0, 0.0, -1.0], [0.0, 0.0, 0.0, 0.0, 0.0, 0.0]]","[5, 6]","['$user$0, 0.868, good, good, None, 0xA41dE09A63f6Cedd633f99052b44450d3BB91D44', '$user$1, 0.867, good, good, None, 0x17725D495A0843Ea05541fD61ba5D4082750bC08', '$user$2, 0.879, good, good, None, 0x37AC7AC5D09bbC6dAC1CF036b7F9DdD0EA4E052E', '$user$3, 0.867, good, good, None, 0x536fc4cd48ad9B3649e8aB615592E83Ec9F5fcd1', '$user$4, 0.566, bad, bad, 3, 0x118E560679B62a9F24c135A96d416548782f8cc2', '$user$5, 0.859, freerider, freerider, 5, 0xA2F37A08a8488CB8551a0D03f7A73f4156757de7']","[('close', '807bbd548d205512e6a092763b5fc6b1b117b65f6653816183e4d005b49f1ea4', 643640), ('slot', '954e610199ee0f7d11288c200f2fa2fa2d4433591d41e9ff4f24465daa809430', 50814), ('slot', '66fa12e00262b9e96ee03e7d530f49f672eaf4714ded151396154e7788d18744', 50814), ('slot', '1ee5cc3e54cd5b45390566409def8ecbf574a1492dd8ff9a912fd45e7a422926', 50814), ('slot', '2f99f9a6f397a3c8bff63642f18e4ee6b0ab4c444b2a825d88ec1f46ec09beb3', 50814), ('slot', 'a5eb376d7373ada694c49f905767bb9ed7f93c99da704ae9ea13e92ce97abe2d', 50814), ('slot', '7576ae5058c9d1c086d83567598f1577eda27324d75f9da6e92887a5e62805fd', 50814), ('weights', 'f792a6beff3d32737fbe2c44904cf93081509da2c9dfafde0f6134c17c787801', 73694), ('weights', 'f488c05d954d80c8876a14881eff2c176f058c417b231f58faf28d3c98ee0522', 56594), ('weights', '80d3aaaffcbb8dc08fd75dd935a9b2070f67a1235ec5251979b0a96a1defdf17', 56594), ('weights', '59d255898521475bd7c2dd3503f53c2365d386ba03b7e2a4f970f0974eef3f18', 56570), ('weights', 'ac27662336e41011094c224426aa26908e762aff380de28f3f9fad8741664060', 56582), ('weights', 'e2a3b1dd307de0adff98fbcd3d5b326e910b0d16c38cbb34e65ec4a78d3f2e72', 56594), ('feedback', '867e22cba53b314523cf8cca79f9a88c8a37bd68144636afcf6d1b08ab3fa9ec', 321749), ('feedback', 'c61590850ca43175877aa0c1db8e2aad334f3df8d7c886fcc2a1fac0f666d8f0', 253349), ('feedback', '9d104ab2c22ef9c8f503c447600bb93b65dbe40060f26e2778faa4a562f9d625', 236249), ('feedback', 'dc9dafdb6d25ba265f0ab9bc3b35aec668faadc7e7789841a81101659975151f', 236249), ('feedback', '70e778acd9a42041755aad5ddd223e04215e2e7e237eea5c2018a20050cada4d', 239293), ('feedback', '2174f6670f39829d7291276492e9fd5485c5f0b9740fc6235099d98dbb7aefa1', 210683), ('contrib', '805c2d1c79404139d41455633e459bc17c3c164817e2d087da838a4608b2050d', 75199), ('contrib', 'eb4ed938e4df4c3afefe0eae9c2b24385934cb43c98a9a12735445affd890a24', 58099), ('contrib', '7f98d7a96f6d3d6f30bd97f2eae3e4dd755aaf7d3b544d8c341e434575ec6b39', 58099), ('contrib', 'cf202551ed3136ac8e1a6785d858b39b37f0a54610689b4ac3c19951e1f81695', 58099), ('close', '5b1b5a6498156bbd182b133c0e4894266d5b0a54a2dc20b026c36e7ec711482a', 658515)]"
6,00:27:25.774,0.9079,92.5605631172657,"[1517983539094650202, 1517983539094650202, 1517983539094650202, 1517983539094650202, 528065843621399176, 0]","[89, 89, 91, 88, 90, 89]","[10, 11, 11, 13, 11, 11]","[('0xA41dE09A63f6Cedd633f99052b44450d3BB91D44', 3745123456790123445, 167551440329218107, 1517983539094650202), ('0x17725D495A0843Ea05541fD61ba5D4082750bC08', 3745123456790123445, 167551440329218107, 1517983539094650202), ('0x37AC7AC5D09bbC6dAC1CF036b7F9DdD0EA4E052E', 3745123456790123445, 167551440329218107, 1517983539094650202), ('0x536fc4cd48ad9B3649e8aB615592E83Ec9F5fcd1', 3745123456790123445, 167551440329218107, 1517983539094650202)]",400000000000000000,"[(6, 264032921810699588), (6, 306172839506172840)]","[250000000000000000, 250000000000000000, 250000000000000000, 250000000000000000]","[[0.0, 1.0, 1.0, 1.0, -1.0, -1.0], [1.0, 0.0, 1.0, 1.0, -1.0, -1.0], [1.0, 1.0, 0.0, 1.0, -1.0, -1.0], [1.0, 1.0, 1.0, 0.0, -1.0, -1.0], [-1.0, -1.0, -1.0, -1.0, 0.0, -1.0], [0.0, 0.0, 0.0, 0.0, 0.0, 0.0]]","[6, 5]","['$user$0, 0.885, good, good, None, 0xA41dE09A63f6Cedd633f99052b44450d3BB91D44', '$user$1, 0.879, good, good, None, 0x17725D495A0843Ea05541fD61ba5D4082750bC08', '$user$2, 0.904, good, good, None, 0x37AC7AC5D09bbC6dAC1CF036b7F9DdD0EA4E052E', '$user$3, 0.884, good, good, None, 0x536fc4cd48ad9B3649e8aB615592E83Ec9F5fcd1', '$user$5, 0.859, freerider, freerider, 5, 0xA2F37A08a8488CB8551a0D03f7A73f4156757de7']","[('close', '5b1b5a6498156bbd182b133c0e4894266d5b0a54a2dc20b026c36e7ec711482a', 658515), ('slot', '6e0f28f18fc08e41635471244b56017f397575e18c3d77a9d34cff9e2c091815', 50778), ('slot', '5ba76671ede5ee779c736095fb9f6b8cde8df74dfef297e4ae53ad6fe59e66dd', 50814), ('slot', 'bc50ab2d4bedcc4cffc2920e9c14332d70a4022e8ff20e2fbd3d285bd7b22928', 50814), ('slot', '44327be7cae3ec92ff08e11dd1b772749ff0e216463b69d1500fb9868c832e33', 50814), ('slot', 'bf31e20d681b7fc5a721a1e339c8f368cca33f2716df8b1962df3584499b9f16', 50814), ('slot', 'b26893d2e0d21dcf74d217e5e6bbbbd0c1118d7a70548e64b53d3582b2b0b5f9', 50814), ('weights', '0888638952d58cbbc101855f6f80fe6d7047088b831d84f636f54b04338c34cf', 73694), ('weights', 'df05185b25e09399a8835218aaf4fcd4b74d3973835ad5ac917e650e993bd584', 56594), ('weights', '0bd4b06f9dff4e9ac55db41232a1f09a277467d95369c5180f6c680a0a264c01', 56594), ('weights', '9caf0c152c07f0a73b7c91ba0fabcfbf9b0ec630848737e28802838f0c65a46b', 56582), ('weights', 'bf68557614ec2981c197da6339ce9ff30db1790b8245a5f8e9fd4e02e93fd540', 56582), ('weights', 'd23f62ff1daaaa3f0a655d67b5ab120e64f066dc60dd8b02c8bfc5179b559b45', 56594), ('feedback', '26b11df256e2d5616320fa88b68b77abf60fd8ef023d62b80dfc9aa2652c5d3d', 323749), ('feedback', '994f73cceecedd392a88d36e4b2d1a0be74af1830b047049baaa08e6da04a740', 255349), ('feedback', '5909c6baa1e755c158a148624e8a83d10b6a05f2dbaa56a720978ba260ee95e8', 238249), ('feedback', '219184c43a90dde2bcd86cef45737995ca4606be802b3a301bdec3fda22a862b', 238249), ('feedback', '34cdc763bca76d49dbd7556d62732a859503a8307db8516aaa4de9e512ed5db3', 239293), ('feedback', 'd30c6b837ffcb4e0be3fb07220210f4e3715b6b83caa4b2b897aca59dd075213', 218683), ('contrib', '6ceb2852195d6e4f6eece6220d855a1570bca84600560303540d2ea3a4041646', 75199), ('contrib', 'fd0b360ec7fcdeec4becd2ed190df79b1fb318833118cd22cdc82e72ecfb6fd0', 58099), ('contrib', 'b0d95d2dc6bc0d2922089c46e38c47e322f1bbe5d12520d625ac92ebccd9d76b', 58099), ('contrib', '3cf07d7cda8be1309d301d0de8959bbe05d4d1f72e5029e29c809a0cd4deb6cf', 58099), ('close', '0a1c6a6b9c6034b6d42e40513081db24cf54b3af33352c6f80e40027e75825e5', 618388)]"
7,00:27:50.204,0.9179,81.73115738108754,"[1586989026063100133, 1586989026063100133, 1586989026063100133, 1586989026063100133, 352043895747599451, 0]","[91, 90, 92, 89, 0, 90]","[9, 9, 9, 11, 0, 10]","[('0xA41dE09A63f6Cedd633f99052b44450d3BB91D44', 4553950617283950606, 69005486968449931, 1586989026063100133), ('0x17725D495A0843Ea05541fD61ba5D4082750bC08', 4553950617283950606, 69005486968449931, 1586989026063100133), ('0x37AC7AC5D09bbC6dAC1CF036b7F9DdD0EA4E052E', 4553950617283950606, 69005486968449931, 1586989026063100133), ('0x536fc4cd48ad9B3649e8aB615592E83Ec9F5fcd1', 4553950617283950606, 69005486968449931, 1586989026063100133)]",300000000000000000,"[(7, 176021947873799725)]","[250000000000000000, 250000000000000000, 250000000000000000, 250000000000000000]","[[0.0, 1.0, 1.0, 1.0, 0.0, -1.0], [1.0, 0.0, 1.0, 1.0, 0.0, -1.0], [1.0, 1.0, 0.0, 1.0, 0.0, -1.0], [1.0, 1.0, 1.0, 0.0, 0.0, -1.0], [0.0, 0.0, 0.0, 0.0, 0.0, 0.0], [0.0, 0.0, 0.0, 0.0, 0.0, 0.0]]",[5],"['$user$0, 0.911, good, good, None, 0xA41dE09A63f6Cedd633f99052b44450d3BB91D44', '$user$1, 0.904, good, good, None, 0x17725D495A0843Ea05541fD61ba5D4082750bC08', '$user$2, 0.906, good, good, None, 0x37AC7AC5D09bbC6dAC1CF036b7F9DdD0EA4E052E', '$user$3, 0.893, good, good, None, 0x536fc4cd48ad9B3649e8aB615592E83Ec9F5fcd1', '$user$5, 0.859, freerider, freerider, 5, 0xA2F37A08a8488CB8551a0D03f7A73f4156757de7']","[('close', '0a1c6a6b9c6034b6d42e40513081db24cf54b3af33352c6f80e40027e75825e5', 618388), ('slot', 'd21fb00e4cec8fb30ad8ff6bef03a465088a2082d3cc6a228f2e0a97519db984', 50814), ('slot', 'f1706f2cbcb7a6a37586e485808dd77202d9a4e9e4a496f9251ff090c02d9257', 50814), ('slot', 'fee4e2c289563b69bdd86dc286c1d912d06c045e52a7d053a7987348aef058e8', 50814), ('slot', '2ec3835f14c8c1e8487a8db8b5d911ff7d11a8c6e551c7e6d17403f7b46770e0', 50814), ('slot', '7b54472a6fbf24c978f0e14a6f73e072a0f31aba6f66f488293231a9ef1c4cb7', 50814), ('weights', 'a99035928845adaf244df6e5d901cb4f040c815374f63bbe97b08efc7eeee2c1', 73694), ('weights', '9a55c25208b65661f3daacd7fda5ebaf1c1710b9308d82e799a5ff2ea4a18471', 56594), ('weights', '1cdf926ae26660360b06d343152bb421444750f6a9f311b20f03d08ad9320c7b', 56594), ('weights', '87a5b5ca0f92119473544b962e2b8d17a9328f765e72681f7d923fb5305868cb', 56582), ('weights', 'd078a0befd134483f55f742e1a7b06292dbed25325bb4f001dde6d91b3555b1a', 56594), ('feedback', '9fc45cc2f23ebb6323d7b84f2321ebc62446386a91a952f061cd2bb4f4928ce6', 270522), ('feedback', 'af8056017a23c44ea2394ca3b0f5c81c4d7a0d146e5ee9cea7b4b4fa3e118c3d', 219222), ('feedback', 'ca6e678af60394cfad36789dfb9e4e2fea8a6c74d220a6397e9f3f0968b26977', 202122), ('feedback', '37539b5d9daec7e7f606806418862cb2ce5b1e3acd1307b8fb06e09c484dc73c', 202122), ('feedback', '19a5237b8ef82de175b598d6b18564d7f1e742459b98e86f8d960c27d9e1601b', 186678), ('contrib', '25f84c66dbee1da063d8bad8c58dad8857577955cec8a9cd6fd85fb1c307e40d', 75199), ('contrib', '16814cd508c0028014c701251917deba1459772d79868991d20b078bda19b888', 58099), ('contrib', '27bd6f79c6cdebaab824c1c70043098637be66d006be7d64568605288bd42ba1', 58099), ('contrib', '7a80d78ca2050f8938dd03c8fc59546c14ee715391274bfdb1c88ac8480a8484', 58099), ('close', '93129e0d80e1b570e67a73fc2d732799d699450f6c049aec8614b50cdaeadbbe', 543321)]"
8,00:28:14.605,0.928,71.74559495970607,"[1641326017375400087, 1641326017375400087, 1641326017375400087, 1641326017375400087, 234695930498399634, 0]","[92, 92, 93, 89, 0, 90]","[8, 8, 8, 10, 0, 9]","[('0xA41dE09A63f6Cedd633f99052b44450d3BB91D44', 4760967078189300399, 54336991312299954, 1641326017375400087), ('0x17725D495A0843Ea05541fD61ba5D4082750bC08', 4760967078189300399, 54336991312299954, 1641326017375400087), ('0x37AC7AC5D09bbC6dAC1CF036b7F9DdD0EA4E052E', 4760967078189300399, 54336991312299954, 1641326017375400087), ('0x536fc4cd48ad9B3649e8aB615592E83Ec9F5fcd1', 4760967078189300399, 54336991312299954, 1641326017375400087)]",200000000000000000,"[(8, 117347965249199817)]","[250000000000000000, 250000000000000000, 250000000000000000, 250000000000000000]","[[0.0, 1.0, 1.0, 1.0, 0.0, -1.0], [1.0, 0.0, 1.0, 1.0, 0.0, -1.0], [1.0, 1.0, 0.0, 1.0, 0.0, -1.0], [1.0, 1.0, 1.0, 0.0, 0.0, -1.0], [0.0, 0.0, 0.0, 0.0, 0.0, 0.0], [0.0, 0.0, 0.0, 0.0, 0.0, 0.0]]",[5],"['$user$0, 0.914, good, good, None, 0xA41dE09A63f6Cedd633f99052b44450d3BB91D44', '$user$1, 0.908, good, good, None, 0x17725D495A0843Ea05541fD61ba5D4082750bC08', '$user$2, 0.925, good, good, None, 0x37AC7AC5D09bbC6dAC1CF036b7F9DdD0EA4E052E', '$user$3, 0.908, good, good, None, 0x536fc4cd48ad9B3649e8aB615592E83Ec9F5fcd1', '$user$5, 0.859, freerider, freerider, 5, 0xA2F37A08a8488CB8551a0D03f7A73f4156757de7']","[('close', '93129e0d80e1b570e67a73fc2d732799d699450f6c049aec8614b50cdaeadbbe', 543321), ('slot', '774fc3afdac002a2513f8aed8ec8b45827b0a16cda197d1ab0d4436fa84e4720', 50814), ('slot', '40254c8da44892c0e12482059b6a9ad9cc1af7c68b33b6d1dbb14218fb364e01', 50814), ('slot', 'eff7e88624f9889543adc6fa8afa9270fb94002d57933205004fa787abbb7525', 50814), ('slot', '80bbe5a0689db9697543c5e0061def1d67d13bde46747226bb1adf9d7526ed11', 50814), ('slot', '600a68c6d6ca39f8445c0940002169554738f28fa9b3379daa03e18b57fcbc12', 50814), ('weights', '765d696c9c030a51ba10fb9fd7f48a43efbf5db9b55017c38302e9537ecd48e9', 73694), ('weights', '5c4a156a7ece70321e4e8b8abdf3d5cd2af8656c5a1a75cfe607be058a6c945d', 56594), ('weights', '2306f035902ec409bbe6616a13106314c08a0ca5504409877a4c9062b258720d', 56594), ('weights', 'b8b9e9b7855f48f2d4dfceab5969f079d4750e22f77623a72ada451912d98be9', 56582), ('weights', 'e775015bdb4a16dc722be06a8d5bf83c471e122eeb38b8dfff347f1eebdfd83f', 56594), ('feedback', '626a6ed734c0d9d34b57a00a21b9cefe2d5a3f55a9784acb2b3387841503146f', 270522), ('feedback', '7a731fd75cc469f1113bc0ae191d44f704dd70ed180c94e7e1621396afd17a0b', 219222), ('feedback', '52f551280ad058d31fc49082fabb323721c84de8d707217aac3da48dd135f87e', 202122), ('feedback', '32b5396611b6007bf77caeb5c8fff74507ae6cffab462a127905cfc60412e2ed', 202122), ('feedback', '45a01697f3e2ce9d6cf8ef0c47ce8a7b7fad8e76e0124a6cb94cbb52a7e0b093', 186678), ('contrib', '6a278aefea48071454d3290c22625fe91a85c95674441f94b2add98e9e53f563', 75199), ('contrib', 'c3fe167bb5477bba222be5283135b28933c4717040bde2cd41f6863d6b1754d2', 58099), ('contrib', 'ac48d52c8ab10e979436a1c5069c806869dc1e0c7d61dcd113b04ca201879054', 58099), ('contrib', 'd4cedcb78520290e7b68ab81a9cc548b0341761c8fbef35c27c3abf433463a12', 58099), ('close', '50579ac088ed9edcd925122db9e791d94418cc7e8c1cbc8fda73e8d69fd90402', 543321)]"
9,00:28:39.126,0.9369,63.788376953452826,"[1724999999999999995, 1724999999999999995, 1724999999999999995, 1724999999999999995, 0, 0]","[93, 93, 94, 91, 0, 92]","[7, 7, 7, 9, 0, 8]","[('0xA41dE09A63f6Cedd633f99052b44450d3BB91D44', 4923978052126200261, 83673982624599908, 1724999999999999995), ('0x17725D495A0843Ea05541fD61ba5D4082750bC08', 4923978052126200261, 83673982624599908, 1724999999999999995), ('0x37AC7AC5D09bbC6dAC1CF036b7F9DdD0EA4E052E', 4923978052126200261, 83673982624599908, 1724999999999999995), ('0x536fc4cd48ad9B3649e8aB615592E83Ec9F5fcd1', 4923978052126200261, 83673982624599908, 1724999999999999995)]",100000000000000000,"[(9, 234695930498399634)]","[250000000000000000, 250000000000000000, 250000000000000000, 250000000000000000]","[[0.0, 1.0, 1.0, 1.0, 0.0, -1.0], [1.0, 0.0, 1.0, 1.0, 0.0, -1.0], [1.0, 1.0, 0.0, 1.0, 0.0, -1.0], [1.0, 1.0, 1.0, 0.0, 0.0, -1.0], [0.0, 0.0, 0.0, 0.0, 0.0, 0.0], [0.0, 0.0, 0.0, 0.0, 0.0, 0.0]]",[5],"['$user$0, 0.921, good, good, None, 0xA41dE09A63f6Cedd633f99052b44450d3BB91D44', '$user$1, 0.93, good, good, None, 0x17725D495A0843Ea05541fD61ba5D4082750bC08', '$user$2, 0.933, good, good, None, 0x37AC7AC5D09bbC6dAC1CF036b7F9DdD0EA4E052E', '$user$3, 0.918, good, good, None, 0x536fc4cd48ad9B3649e8aB615592E83Ec9F5fcd1']","[('close', '50579ac088ed9edcd925122db9e791d94418cc7e8c1cbc8fda73e8d69fd90402', 543321), ('slot', 'fa44b7816da0564f846b340b8cc49b5785b827f0dc0dcdc29d76c6fb5f134747', 50814), ('slot', '4d440ccd78ed45c438f6eb8da25a8d1c8fd96bd2e0cb552390d995225df39067', 50814), ('slot', '090d646a3bfda140c84d6cb542744c4d20f777c2299a79935c09a32a915b2123', 50814), ('slot', '4317ebedf4436dec3f33ab562e8756aeede77449a349466facfeb4e0837b2469', 50814), ('slot', '04b561344852717529f37aef6d81423d0ac0618071e7655b82e4a1c5235ded95', 50814), ('weights', '425144ce439b06568079748699095f9b9edd3125741ee16dbdf50bbd9483bb1d', 73694), ('weights', '9457c8b78d4e470fdd69259cb77908182d1e7eb9b0d9883cf07f14ca1ef6542d', 56582), ('weights', '9799fd7f7be803db811f6ef4559a885526c1670abd2c10c97d04598779ed9e1f', 56594), ('weights', '1594d9d0da1339ebd938aa0394d64d49d5dd88a4f48147a91b488af34ace98b7', 56582), ('weights', '79f3589a35e5f3e0ef61fa0f1bad30013cdd1338de72900d136069e4e264eecb', 56594), ('feedback', '7909061a325e31eb9de42ba4fc3d7089f8d2005173e524c96adeadb8624b75be', 270522), ('feedback', '92b67409791151c0c354e9544b2a2a5d6ebf93bd98c06823a9a2d07380a755d3', 219222), ('feedback', 'c03aa1e2baf3cb5e7224e040e810755eeb65650a5854aef8c877fe22ce7e7ec4', 202122), ('feedback', 'ac17e00b96860f744cc1fce7b8d22e7a0f6a2181f274558753940256f33f5fb6', 202122), ('feedback', '29c1c2ebb9954c075e4aeafd437a4159e8c5e5d3adbb2c4fbd8e537fdf80e31e', 186678), ('contrib', 'aa23673aab57b1611c8cc9954c8d65ed028e158d088a2a9d578f0db4fa0c2b89', 75199), ('contrib', '44ab4d253edfae7fb0e5a6dffa68ca379215cf2b5c38e7c75bc7b32c41708744', 58099), ('contrib', 'b1de3cb2c186d4267815e65a5a85a45cace3002e84ed14cbf4a9f82d0428b80a', 58099), ('contrib', 'f14d5be748217aefbffdc93ee1c8fdb092693d871774568a202e6d7cb52c8594', 58099), ('close', '26a8fc3995577056f827e61066ce5e92f2454ecf001e6890fdda296db2027ec3', 502181)]"
10,00:29:02.004,0.9423,58.41195426508784,"[1749999999999999995, 1749999999999999995, 1749999999999999995, 1749999999999999995, 0, 0]","[94, 94, 94, 92, 0, 0]","[6, 7, 7, 8, 0, 0]","[('0xA41dE09A63f6Cedd633f99052b44450d3BB91D44', 5174999999999999985, 25000000000000000, 1749999999999999995), ('0x17725D495A0843Ea05541fD61ba5D4082750bC08', 5174999999999999985, 25000000000000000, 1749999999999999995), ('0x37AC7AC5D09bbC6dAC1CF036b7F9DdD0EA4E052E', 5174999999999999985, 25000000000000000, 1749999999999999995), ('0x536fc4cd48ad9B3649e8aB615592E83Ec9F5fcd1', 5174999999999999985, 25000000000000000, 1749999999999999995)]",0,[],"[250000000000000000, 250000000000000000, 250000000000000000, 250000000000000000]","[[0.0, 1.0, 1.0, 1.0, 0.0, 0.0], [1.0, 0.0, 1.0, 1.0, 0.0, 0.0], [1.0, 1.0, 0.0, 1.0, 0.0, 0.0], [1.0, 1.0, 1.0, 0.0, 0.0, 0.0], [0.0, 0.0, 0.0, 0.0, 0.0, 0.0], [0.0, 0.0, 0.0, 0.0, 0.0, 0.0]]",[],"['$user$0, 0.934, good, good, None, 0xA41dE09A63f6Cedd633f99052b44450d3BB91D44', '$user$1, 0.939, good, good, None, 0x17725D495A0843Ea05541fD61ba5D4082750bC08', '$user$2, 0.939, good, good, None, 0x37AC7AC5D09bbC6dAC1CF036b7F9DdD0EA4E052E', '$user$3, 0.924, good, good, None, 0x536fc4cd48ad9B3649e8aB615592E83Ec9F5fcd1']","[('close', '26a8fc3995577056f827e61066ce5e92f2454ecf001e6890fdda296db2027ec3', 502181), ('slot', '007c70187bb3628da3ed9d7f688d503421032f6e650eaa29d5fe4befd84cd8e3', 50814), ('slot', 'ae0ae265aba6936cbacdbe247a568f44d39cc9eec3a4327fb0d43d8291c31ab4', 50814), ('slot', 'c67d44b55bde8d0678ccba5cc3eac10cc3c003ebd784fc977c7803795f3a7370', 50814), ('slot', '69694cb02753260a555543d8ea7ebfa5c9f7ce50c80b085d92f551d8b7eae61a', 50814), ('weights', 'f468d7b8ac139e4bb7f900b5912af6fd717e26fb74e7eeff926003ce3cf81b56', 73694), ('weights', '8a4a6bbe2061fbbaffa168489ff047c99892d0fea618d355c7a4f84c675ec2a3', 56594), ('weights', 'bdc39dd41ebdd0dd3996849930b7581ccfd7625767072a7304fc90aedcd0ea01', 56594), ('weights', '4890e786d2d65029e876f8034901d477967007f4e3b7b2b7c419a0b5eb1a12f2', 56582), ('feedback', 'eedd3848a85f1604ded5bfcd5bb4471522347de766fed30f5b9522874776ae68', 217307), ('feedback', 'e2ec2a368db472b083609b5d409fbe965b2d1a5b3f5ec29412106ae6220284a9', 183107), ('feedback', 'ff1ff62620f9e53e4295fcc67f7a0ad44053d743e3fbc594046070c47b0d6b29', 166007), ('feedback', 'a6b928702e4c5b95e3bc1ffa7dfd181e17ee5ddee7c509308fac2f62a5b0efb0', 166007), ('contrib', '2c4e18f8c4a60163b16f7cf665b7c79d1385f51accf6fafc631fc8eb2347cac1', 75199), ('contrib', 'ebfc8bc346ed59eb0dce75693560ad9f948df168bc5cc35887f6aa9626abb6b5', 58099), ('contrib', 'efd100ffceb497078579d400db8f3ce18fc79501cbd1f9e139e905e27828c7f4', 58099), ('contrib', '43e81a5c42e5cb41806879c7a28636b286d3e08a9c03d718fbf7e49f210d35e2', 58099), ('close', 'f850577a0450fff0c95089daab384ee724efc173475671414dc52bab617457fc', 410442)]"
# $gasCosts$[403001, 349353, 313379, 354153, 337053, 313379, 75223, 58123, 58123, 58123, 58123, 58123, 302179, 271753, 228005, 237553, 237553, 228005, 75223, 58123, 58123, 58123, 58123, 58123, 323401, 253001, 257801, 235901, 229293, 257801, 75199, 58099, 58099, 58099, 58099, 323401, 255001, 237901, 237901, 239293, 237901, 75199, 58099, 58099, 58099, 58099, 321749, 253349, 236249, 236249, 239293, 210683, 75199, 58099, 58099, 58099, 323749, 255349, 238249, 238249, 239293, 218683, 75199, 58099, 58099, 58099, 270522, 219222, 202122, 202122, 186678, 75199, 58099, 58099, 58099, 270522, 219222, 202122, 202122, 186678, 75199, 58099, 58099, 58099, 270522, 219222, 202122, 202122, 186678, 75199, 58099, 58099, 58099, 217307, 183107, 166007, 166007, 75199, 58099, 58099, 58099],[126674, 126674, 126674, 126674, 126674],[50814, 50814, 50814, 50814, 50814, 50814, 50814, 50814, 50814, 50814, 50814, 50814, 50814, 50814, 50814, 50814, 50814, 50814, 50814, 50814, 50814, 50802, 50814, 50814, 50814, 50814, 50814, 50814, 50814, 50814, 50778, 50814, 50814, 50814, 50814, 50814, 50814, 50814, 50814, 50814, 50814, 50814, 50814, 50814, 50814, 50814, 50814, 50814, 50814, 50814, 50814, 50814, 50814, 50814, 50814],[73694, 56594, 56594, 56582, 56582, 56594, 73694, 56594, 56594, 56582, 56582, 56594, 73694, 56582, 56594, 56582, 56594, 56594, 73694, 56594, 56594, 56582, 56594, 56594, 73694, 56594, 56594, 56570, 56582, 56594, 73694, 56594, 56594, 56582, 56582, 56594, 73694, 56594, 56594, 56582, 56594, 73694, 56594, 56594, 56582, 56594, 73694, 56582, 56594, 56582, 56594, 73694, 56594, 56594, 56582],[641581, 611186, 643640, 643640, 658515, 618388, 543321, 543321, 502181, 410442],[],[]
# TOTAL EXPERIMENT TIME: 276.57 seconds
