# Author Nykjaer
# ------Specs--------# cpu_name:  (processor model)
# cpu_cores: 6 (physical cores)
# ram_gb: 13.5 (system memory in GB)
# gpu_name: NVIDIA GeForce RTX 3060 Laptop GPU (graphics processor)
# os_name: Linux (operating system)
# ------Config--------# good_contributors: 4 (honest participants)
# bad_contributors: 1 (malicious participants)
# freeriders: 1 (contribute 0)
# inactive: 0 (never join)
# reward: 1000000000000000000 (total reward pool)
# minimum_rounds: 10 (rounds to simulate)
# min_buy_in: 1000000000000000000 (lower buy-in bound)
# max_buy_in: 1000000000000000000 (upper buy-in bound)
# standard_buy_in: 1000000000000000000 (default buy-in)
# epochs: 1 (local epochs per round)
# batch_size: 32 (training batch size)
# punish_factor: 3 (penalty multiplier)
# first_round_fee: 50 (fee for first round)
# fork: True (True=local fork, False=real net)
# contribution_score_strategy: naive (scoring method)
# use_outlier_detection: False (Whether to use outlier detection)
# freerider_start_round: 3 (When freeriders should start freeriding)
# freerider_noise_scale: 0.0 (How much noise a freeder should add)
round,time,globalAcc,globalLoss,GRS,accAvgPerUser,lossAvgPerUser,rewards,conctractBalanceRewards,punishments,contributionScores,feedbackMatrix,disqualifiedUsers,userStatuses,GasTransactions
# $startingUserConfig$['$user$0, 0, good, good, None, 0xA41dE09A63f6Cedd633f99052b44450d3BB91D44', '$user$1, 0, good, good, None, 0x17725D495A0843Ea05541fD61ba5D4082750bC08', '$user$2, 0, good, good, None, 0x37AC7AC5D09bbC6dAC1CF036b7F9DdD0EA4E052E', '$user$3, 0, good, good, None, 0x536fc4cd48ad9B3649e8aB615592E83Ec9F5fcd1', '$user$4, 0, good, bad, 3, 0x118E560679B62a9F24c135A96d416548782f8cc2', '$user$5, 0, good, freerider, 3, 0xA2F37A08a8488CB8551a0D03f7A73f4156757de7']
0,23:53:50.760,0,720.2467651367188,"[1000000000000000000, 1000000000000000000, 1000000000000000000, 1000000000000000000, 1000000000000000000, 1000000000000000000]",[],[],[],1000000000000000000,[],[],,[],"['$user$0, 0, good, good, None, 0xA41dE09A63f6Cedd633f99052b44450d3BB91D44', '$user$1, 0, good, good, None, 0x17725D495A0843Ea05541fD61ba5D4082750bC08', '$user$2, 0, good, good, None, 0x37AC7AC5D09bbC6dAC1CF036b7F9DdD0EA4E052E', '$user$3, 0, good, good, None, 0x536fc4cd48ad9B3649e8aB615592E83Ec9F5fcd1', '$user$4, 0, good, bad, 3, 0x118E560679B62a9F24c135A96d416548782f8cc2', '$user$5, 0, good, freerider, 3, 0xA2F37A08a8488CB8551a0D03f7A73f4156757de7']","[('register', 'b71f6fc8a10fb481d692a75f0062a4ff605a38dad78655d3ab7f2d2e9177de3e', 126674), ('register', 'e4e0820ca86158b1e492acd97191f846b429883902689a66514762704b1f177e', 126674), ('register', '50d76985cc344f4a20a7d91a0d1dc449f82f4ba10687ba020c9dde1ec25ad2d5', 126674), ('register', 'a8c9c2c75c29229b77a0efd93a1b59ad0f86ad7250eaede8465092db498a14e6', 126674), ('register', 'e740b99fc316e6e75d75fab3fa4a481941c6ca8c4fd4610e46a238fcc6362c27', 126674)]"
1,23:54:21.456,0.1169,717.96044921875,"[1016666666666666666, 1016666666666666666, 1016666666666666666, 1016666666666666666, 1016666666666666666, 1016666666666666666]","[6, 7, 7, 6, 6, 6]","[74, 74, 74, 74, 74, 74]","[('0xA41dE09A63f6Cedd633f99052b44450d3BB91D44', 5000000000000000000, 16666666666666666, 1016666666666666666), ('0x17725D495A0843Ea05541fD61ba5D4082750bC08', 2000000000000000000, 16666666666666666, 1016666666666666666), ('0x37AC7AC5D09bbC6dAC1CF036b7F9DdD0EA4E052E', 3000000000000000000, 16666666666666666, 1016666666666666666), ('0x536fc4cd48ad9B3649e8aB615592E83Ec9F5fcd1', 3000000000000000000, 16666666666666666, 1016666666666666666), ('0x118E560679B62a9F24c135A96d416548782f8cc2', 3000000000000000000, 16666666666666666, 1016666666666666666), ('0xA2F37A08a8488CB8551a0D03f7A73f4156757de7', 5000000000000000000, 16666666666666666, 1016666666666666666)]",900000000000000000,[],"[166666666666666666, 166666666666666666, 166666666666666666, 166666666666666666, 166666666666666666, 166666666666666666]","[[0.0, -1.0, 0.0, 0.0, 0.0, 1.0], [1.0, 0.0, 1.0, 1.0, 1.0, 1.0], [1.0, 1.0, 0.0, 1.0, 1.0, 1.0], [1.0, 1.0, 1.0, 0.0, 1.0, 1.0], [1.0, 1.0, 1.0, 1.0, 0.0, 1.0], [1.0, 0.0, 0.0, 0.0, 0.0, 0.0]]",[],"['$user$0, 0.757, good, good, None, 0xA41dE09A63f6Cedd633f99052b44450d3BB91D44', '$user$1, 0.603, good, good, None, 0x17725D495A0843Ea05541fD61ba5D4082750bC08', '$user$2, 0.616, good, good, None, 0x37AC7AC5D09bbC6dAC1CF036b7F9DdD0EA4E052E', '$user$3, 0.618, good, good, None, 0x536fc4cd48ad9B3649e8aB615592E83Ec9F5fcd1', '$user$4, 0.667, good, bad, 3, 0x118E560679B62a9F24c135A96d416548782f8cc2', '$user$5, 0.776, good, freerider, 3, 0xA2F37A08a8488CB8551a0D03f7A73f4156757de7']","[('slot', '632a1b4e2fd87738319a102f2a974d616ea10b6f667d7b5a3b9160cc67d372a6', 50814), ('slot', 'f961fe63ab4657cb58c8b3d1087665560b3825f90a474c036646b2996e87ce77', 50814), ('slot', '9127a4b12bf300d95b76d414effde670415e7adb119d7c3409ec2f6161619f5e', 50814), ('slot', '809922c37ad1a8057a901e308803e132354cb6a42759ce675a894ca337be70c5', 50814), ('slot', 'ba6b1517812a52d70f261a17ef0be24455876c93c9eb69aa8eb42a7a8dee8144', 50814), ('slot', 'e1c356e9be82314983da413cf4e782ab4a983604e74402d04433740de411dc37', 50814), ('weights', '8d219ae8f43ec0592525e392fbfa386b17786c60d75658d3c981701c73df2a73', 73694), ('weights', '25fe705f60448682b193a567aa7e52d514e872fd4fde36e3cb73907a8aaa5887', 56594), ('weights', 'e20e44666733679eaaf7a5befb50054a45185d2c2b4f651698762a82420b11df', 56594), ('weights', '6ead79f5c6de56a2a310127349111c7ee6ba3e3607aa678014df90b475e46b1f', 56582), ('weights', '638efa3d04aa414eeb0bdebda3fe84b946130ce5514959a843c68710e411a256', 56594), ('weights', 'a421a74fece4b02ef5229770cb0f04e81af749072ab409a2f8ff27a7785bbf34', 56594), ('feedback', '3afbe7ed5ab1a0473bd0014810f0c49c1944109b69a4133e7081eb2686e82e22', 280679), ('feedback', '250156e206155c75a41e88489d2f46352f8c0bbe75602234201d14d62f055103', 405453), ('feedback', 'd9debd814447bf8509f9c1f6e77e2e20a691c1df67982a0ee32586f3ee583d45', 332253), ('feedback', '27b2ae7b95f2258dd29b3f13e8b1be5c4b2b692c2e22e24c55ce6e294ffbe449', 354153), ('feedback', '58da830e92399e5040ca15181c8418376cbf4ef2d2742033a9429f89ce10059b', 337053), ('feedback', '4fba1e7f5946f01504c13276e8a790101aa45714f92aab9c3e761e3e595fdf7c', 242357), ('contrib', 'd261841f84d92c72fffa705fdf6fa26335fb169d811ec6504b13597af029269c', 75223), ('contrib', '2721e60088d0cbc12f948aca0cf0d89ce63da8ff405d0506c1cef26a58cfdb6c', 58123), ('contrib', 'f8b40913a3ee9f92e55eb7e9241744213f5c690731d3e8a0afb67c1b83e5ad3b', 58123), ('contrib', '1ea62a0da38e0bc28cd80fe328d5c954f08f25b69c6514b3ed997027b1d983de', 58123), ('contrib', '54e5108e3a7bfa6ffa2c71ed058f08640df2e0652dbfbccb22fb2c98ec3d73f7', 58123), ('contrib', 'c4ce5e28e7995449bf3bf9cbfab732864dfab32e63c8a6541d99d8b7b8fd7c5f', 58123), ('close', '95d7c32bd63d629044d5250104e4d758c7e77925f70d5e02262f3a2d4bf38e19', 641581)]"
2,23:54:50.783,0.3619,687.3301086425781,"[1033333333333333332, 1033333333333333332, 1033333333333333332, 1033333333333333332, 1033333333333333332, 1033333333333333332]","[10, 10, 11, 12, 11, 14]","[73, 73, 73, 73, 73, 73]","[('0xA41dE09A63f6Cedd633f99052b44450d3BB91D44', 4066666666666666664, 16666666666666666, 1033333333333333332), ('0x17725D495A0843Ea05541fD61ba5D4082750bC08', 4066666666666666664, 16666666666666666, 1033333333333333332), ('0x37AC7AC5D09bbC6dAC1CF036b7F9DdD0EA4E052E', 4066666666666666664, 16666666666666666, 1033333333333333332), ('0x536fc4cd48ad9B3649e8aB615592E83Ec9F5fcd1', 5083333333333333330, 16666666666666666, 1033333333333333332), ('0x118E560679B62a9F24c135A96d416548782f8cc2', 1016666666666666666, 16666666666666666, 1033333333333333332), ('0xA2F37A08a8488CB8551a0D03f7A73f4156757de7', 5083333333333333330, 16666666666666666, 1033333333333333332)]",800000000000000000,[],"[166666666666666666, 166666666666666666, 166666666666666666, 166666666666666666, 166666666666666666, 166666666666666666]","[[0.0, 1.0, 1.0, 1.0, 1.0, 1.0], [1.0, 0.0, 1.0, 1.0, 0.0, 1.0], [1.0, 1.0, 0.0, 1.0, 1.0, 1.0], [0.0, 0.0, 0.0, 0.0, -1.0, 1.0], [1.0, 1.0, 1.0, 1.0, 0.0, 1.0], [1.0, 1.0, 1.0, 1.0, 0.0, 0.0]]",[],"['$user$0, 0.271, good, good, None, 0xA41dE09A63f6Cedd633f99052b44450d3BB91D44', '$user$1, 0.31, good, good, None, 0x17725D495A0843Ea05541fD61ba5D4082750bC08', '$user$2, 0.268, good, good, None, 0x37AC7AC5D09bbC6dAC1CF036b7F9DdD0EA4E052E', '$user$3, 0.375, good, good, None, 0x536fc4cd48ad9B3649e8aB615592E83Ec9F5fcd1', '$user$4, 0.233, good, bad, 3, 0x118E560679B62a9F24c135A96d416548782f8cc2', '$user$5, 0.354, good, freerider, 3, 0xA2F37A08a8488CB8551a0D03f7A73f4156757de7']","[('close', '95d7c32bd63d629044d5250104e4d758c7e77925f70d5e02262f3a2d4bf38e19', 641581), ('slot', 'bd4819656a7892696e08df04e31ddbd7777d23dbe142382a902dac345f80225e', 50814), ('slot', 'e0797d8e1b6c92f07240da9027f16af9a8f291944bea1df48e0df288389eaf59', 50802), ('slot', '6add75fefefe282ec9b8b92c4c6aeb00ecc8b5e2ae706c6fc172774e35e7e9ac', 50814), ('slot', '10960e7e80182debd602490eaf30e315790f74500adf4c2d6992ca086b2a603e', 50814), ('slot', '4f07dd72178f87ab4d747202a9847cfa34dbaf5cd559fd484b01d3c16109caf9', 50814), ('slot', '3b91d87a9a24d69a0cf5935706cb2641a015a186f6be1719ab3b2a01a8787060', 50814), ('weights', 'bea091c9106d68cb9862d2dac24ac0ff7a948c725ba47716209ef48dd5a6f9e2', 73694), ('weights', '2ac305c6e98df5690016a75d859079ffe99eacd3456f83262773ecd09b56c6b1', 56594), ('weights', '8ea68bdb5cf5ca363364b6e0cc806c60ba08b189607d87df09eabccff754b72e', 56594), ('weights', 'd7b6c0c3362becb31a1821ebef0c14c0a547b8598524839a5c9406632b95f08f', 56570), ('weights', '62a42c8d5123174467fcc0e411f83041c26ff6069cd2a6c348d35442ea7f86eb', 56594), ('weights', '20a72648cf8dda8f56fd9f0736fb3b44143489fcf559b419f1091a9bbedde539', 56594), ('feedback', '03321ea214f1dc01d50f89de7de8d04e598bd38ae44a50932de0e8104ef26835', 402653), ('feedback', '63cc5330359eb81c18f73d5c8a276994ba23ccb067cd82bf2edea10ece9ae8f2', 248879), ('feedback', 'dfcda642a2e3885fb94ed21d6856c7026f24b62964c923f37d37d91cbc36e126', 237553), ('feedback', '40efa4fcd5284ab319b19fb8a114e7024fda81ec3b4c030f42d7ad0294ca5783', 218579), ('feedback', '779cfcf03310ef83e263fac3333b1510b7bbddb43dfc6b69c1186d72c6c42c13', 237553), ('feedback', 'a144ca24bf9a807cf22795edb0046343a10b8d901ba9fc6e528ac2c8f836eca6', 293479), ('contrib', '17528b4960c8a3c5a1c1a26ab14c2cd52a43e18818a50bb5144d3ff8dba0b5a7', 75223), ('contrib', 'f77df2146cb228f3511f6a81ea6d57443bf026c6aadc18805c28981c0d489bf7', 58123), ('contrib', 'c21ec07a8cc8888d1bf88d977a46560e22ad581775a2bfee60e102482d928a80', 58123), ('contrib', 'eb1f14b29fb5fc6cf0116bf9fc6053abeddae77542f3e87e31a5b37860f30ee2', 58123), ('contrib', '44f40c919d80c3e2a8f982112edfdd035bbba1c02ea70ffa17549969ad0b15a5', 58123), ('contrib', '1cfa83b18ac3e087771a98f4d13f29a3c48e7dd134fb808182e623ad670e3d33', 58123), ('close', '4de39ecf2d7c07c48055fa0e41e5bcb4f71b936a7ad8698e975ea5fd2822b709', 611186)]"
3,23:55:17.070,0.77,239.91889333724976,"[1230555555555555554, 1230555555555555554, 1230555555555555554, 1230555555555555554, 688888888888888888, 688888888888888888]","[35, 37, 37, 34, 37, 40]","[70, 70, 70, 70, 70, 70]","[('0xA41dE09A63f6Cedd633f99052b44450d3BB91D44', 2066666666666666664, 197222222222222222, 1230555555555555554), ('0x17725D495A0843Ea05541fD61ba5D4082750bC08', 2066666666666666664, 197222222222222222, 1230555555555555554), ('0x37AC7AC5D09bbC6dAC1CF036b7F9DdD0EA4E052E', 2066666666666666664, 197222222222222222, 1230555555555555554), ('0x536fc4cd48ad9B3649e8aB615592E83Ec9F5fcd1', 2066666666666666664, 197222222222222222, 1230555555555555554)]",700000000000000000,"[(3, 344444444444444444), (3, 344444444444444444)]","[250000000000000000, 250000000000000000, 250000000000000000, 250000000000000000]","[[0.0, 1.0, 1.0, 1.0, -1.0, -1.0], [1.0, 0.0, 1.0, 1.0, -1.0, -1.0], [1.0, 1.0, 0.0, 1.0, -1.0, -1.0], [1.0, 1.0, 1.0, 0.0, -1.0, -1.0], [-1.0, -1.0, -1.0, -1.0, 0.0, -1.0], [0.0, 0.0, 0.0, 0.0, 0.0, 0.0]]","[5, 6]","['$user$0, 0.718, good, good, None, 0xA41dE09A63f6Cedd633f99052b44450d3BB91D44', '$user$1, 0.723, good, good, None, 0x17725D495A0843Ea05541fD61ba5D4082750bC08', '$user$2, 0.727, good, good, None, 0x37AC7AC5D09bbC6dAC1CF036b7F9DdD0EA4E052E', '$user$3, 0.735, good, good, None, 0x536fc4cd48ad9B3649e8aB615592E83Ec9F5fcd1', '$user$4, 0.233, bad, bad, 3, 0x118E560679B62a9F24c135A96d416548782f8cc2', '$user$5, 0.354, freerider, freerider, 3, 0xA2F37A08a8488CB8551a0D03f7A73f4156757de7']","[('close', '4de39ecf2d7c07c48055fa0e41e5bcb4f71b936a7ad8698e975ea5fd2822b709', 611186), ('slot', '15c15637b1c90d0d06307c4b6264fc4cf1abf23369d510e6dd2ab668d7794614', 50802), ('slot', '14670c42d019adbc14d845befe8f04f0ecee49211a2c7ca97114ce790cbf5e5e', 50814), ('slot', '9893b6bd123ea64e8559e8d13351ca48ba9a93f1adcfc964826389bc1d8bb3d7', 50814), ('slot', '0fd8d12ca1ad76f7a81d477339356c8c6cea365662d60c5622d63600e22dcf1c', 50814), ('slot', 'a875213a05386ff1222c21f0fcc291d8a9e402c427a64a0613268ebb041a66eb', 50814), ('slot', '3a1a0bc7ad766053be5e2a695b496b2e265a55323a582a13e934e14107a887f2', 50814), ('weights', '99620fcc81ce071815f60658fe44073ffa3362904da89e68b6b453d2276a0d93', 73694), ('weights', 'a5f540faaa86ccbd6778af002b1d69a89010ad68113d237ba56e2841ea58cb6d', 56594), ('weights', '26e1d40242f79e2b9355b83b3f587d7a75ace3ba27562b25e7584ac8a8a5545e', 56594), ('weights', '03551ba2d384b476498e0910382952b2cfcf359db244dec37616441d9db0fd62', 56582), ('weights', '80c1ba20e40d3ecbf6ce3b41f3fea726793afd0a1de5e041bd7267c943a8c8d3', 56582), ('weights', '51af72006c6aa933b07ce26a0ea5cea628b1c99a4582f932b28e221295d17b2f', 56594), ('feedback', 'dd291a06e140a7a39bcb9fc050fee4613b61c116188d581997812be624eef874', 319749), ('feedback', 'dc900e9a5de1b08c27baf5c1d50b6a36b143b7248d295366ee3d36087f0eb05b', 253349), ('feedback', '7b4dd7230b9f2cc07afe14eea497ee6ed39705f882d35e503fb12421ec62ca6d', 234249), ('feedback', '3f6fa099f00cf7f91e425406fe07ca8e7912d847973268cdaaff28594cfafe7c', 295949), ('feedback', '5c7872ccd1e4bf796fd044e62a29f324677a33138b0f2f17937b0e825bcaf14c', 229293), ('feedback', '52bacc841b6fd41156316489952b413693c5a014bfec06a928475acca3090cb7', 210683), ('contrib', '68ebdf4fd21d20f55401d8b65e38cf930465514aae5dd130c6792714ce8bdb80', 75199), ('contrib', '92154419c9c9fddb71470fe3a42c30c499bd3ea7aee83862b12af50f9f377919', 58099), ('contrib', '3d6c6bf59ff0413d6a3ddf52050a9d1a05887cbce0ad52356df523bdc86b1d22', 58099), ('contrib', 'bdb0d87d3c54ba3bc1da4a4a2869a272a91ff0b40ea6fca48a1f886dda6b9a2d', 58099), ('close', '65885955fe883d5982271ae5e9b22b2f8dfd5b61061539c5257b00747f0a8789', 658515)]"
4,23:55:43.085,0.8414,166.52307817339897,"[1296481481481481479, 1296481481481481479, 1296481481481481479, 1296481481481481479, 459259259259259259, 754814814814814813]","[75, 74, 76, 75, 77, 77]","[25, 25, 25, 26, 24, 24]","[('0xA41dE09A63f6Cedd633f99052b44450d3BB91D44', 3002777777777777774, 65925925925925925, 1296481481481481479), ('0x17725D495A0843Ea05541fD61ba5D4082750bC08', 3002777777777777774, 65925925925925925, 1296481481481481479), ('0x37AC7AC5D09bbC6dAC1CF036b7F9DdD0EA4E052E', 3002777777777777774, 65925925925925925, 1296481481481481479), ('0x536fc4cd48ad9B3649e8aB615592E83Ec9F5fcd1', 3002777777777777774, 65925925925925925, 1296481481481481479), ('0xA2F37A08a8488CB8551a0D03f7A73f4156757de7', 541666666666666666, 65925925925925925, 754814814814814813)]",600000000000000000,"[(4, 229629629629629629)]","[200000000000000000, 200000000000000000, 200000000000000000, 200000000000000000, 200000000000000000]","[[0.0, 1.0, 1.0, 1.0, -1.0, 0.0], [1.0, 0.0, 1.0, 1.0, -1.0, 0.0], [1.0, 1.0, 0.0, 1.0, -1.0, 1.0], [1.0, 1.0, 1.0, 0.0, -1.0, 0.0], [-1.0, -1.0, -1.0, -1.0, 0.0, -1.0], [0.0, 0.0, 0.0, 0.0, 0.0, 0.0]]",[5],"['$user$0, 0.833, good, good, None, 0xA41dE09A63f6Cedd633f99052b44450d3BB91D44', '$user$1, 0.829, good, good, None, 0x17725D495A0843Ea05541fD61ba5D4082750bC08', '$user$2, 0.825, good, good, None, 0x37AC7AC5D09bbC6dAC1CF036b7F9DdD0EA4E052E', '$user$3, 0.836, good, good, None, 0x536fc4cd48ad9B3649e8aB615592E83Ec9F5fcd1', '$user$4, 0.233, bad, bad, 3, 0x118E560679B62a9F24c135A96d416548782f8cc2', '$user$5, 0.354, freerider, freerider, 3, 0xA2F37A08a8488CB8551a0D03f7A73f4156757de7']","[('close', '65885955fe883d5982271ae5e9b22b2f8dfd5b61061539c5257b00747f0a8789', 658515), ('slot', 'fa610a8e78912f36fc7ecffeb182c6e64a5b7ea684c95fdb6b70ba6552113cb9', 50814), ('slot', 'bf308fb38720f94fe9ea6686dc06a787fefbe9119e416040086578957b3a668d', 50814), ('slot', 'dbeda9d443c3ffa5bb3dbfd3c1d24fcf30799fc8b5ad41a9e4d2ff2384989f9f', 50814), ('slot', '594e056af10e3ef565d2df9285363c97ce9d4a9578c9620587bab80c42d8760c', 50814), ('slot', '595cd3fb7b4f21e13334fd082a5d99911548ee156f3f3ec0f98e47ae7cade50c', 50814), ('slot', '5f9cfaaef1c5a4ec40bf0d3a6d426ad56b1f75e503bee6393e458891481795f3', 50814), ('weights', '7dd0d409529dccaebf469d7fab4eba0198bf23e9ad6bca80d725e815c58752c4', 73694), ('weights', 'f2e51272b5854684afaeb0982c1c89aeda7e9f8730df3904e96dc6c20741e002', 56594), ('weights', 'acb03f3404017b8a65e434b41d03806aa685b2baf10d7a109030cd4ba00d5a29', 56594), ('weights', '06579a48e28eb720e367c23e3f300b461900fb888e95a67b3c6951b19cad4167', 56582), ('weights', 'e67064d4cc0900c954f751c0a8208f5603e72908ae243781ca3f75c2ae53c3a6', 56594), ('weights', 'cd29f2120b576fcf125578a07b60822b711c9a437ba16c82982555b8a3df3f15', 56594), ('feedback', 'b961e3fb8eb5c5028b7afd9e507e41af45d3a5cd0d2f63509baa9d19ffb844f1', 302527), ('feedback', '58ff392cd7e92c80096ee679418d3f108eea0c8e8235d31a48a447b32e76a7e8', 251227), ('feedback', '1aeb83d6aeab6fe61fa82aecb2ebf92122f057880e08ab4cfa402043748b60e8', 274901), ('feedback', 'b0f7f474766e34749953e5e6ef572d47bc6cf72623c3a85e85aa3377e50d52a8', 234127), ('feedback', '91aecc909358906518632cc6ecb9d7f4756743f956fc40c5d79b8830d9cce7ea', 239293), ('feedback', '1b4c91e57b702ef646c5064a564e7545d3f0bb9f6de00ccd126bbe4986006cf2', 218683), ('contrib', 'e2d7eab53904998c0cffd71d744562981c561f7b5791dbeac02ed7ce7de206b6', 75199), ('contrib', '0f2bf51b3f1e157961bb5f39773a1038292b3b564ca5f84dd905580eb73d5b06', 58099), ('contrib', '99486ef8cb882dea41fe27f40a94f8f82ff5772312863eacf53732f6d1f6c77b', 58099), ('contrib', 'c530463eaaeab2619165f5b9ca1462b7d1578338eca672135ad046f2a9caec79', 58099), ('contrib', 'fc964245f9d8888d1904c127a96c25a60f78be71af3994e6413663df65b53540', 58099), ('close', 'fc37c1500c4ecddc7feafb5ec87c4a5ac42998c19d2ead824972733e0442837c', 643640)]"
5,23:56:09.102,0.8729,132.49329159408808,"[1347098765432098762, 1347098765432098762, 1347098765432098762, 1347098765432098762, 306172839506172840, 805432098765432096]","[84, 84, 84, 82, 85, 85]","[16, 17, 18, 19, 16, 16]","[('0xA41dE09A63f6Cedd633f99052b44450d3BB91D44', 3430185185185185178, 50617283950617283, 1347098765432098762), ('0x17725D495A0843Ea05541fD61ba5D4082750bC08', 3430185185185185178, 50617283950617283, 1347098765432098762), ('0x37AC7AC5D09bbC6dAC1CF036b7F9DdD0EA4E052E', 3430185185185185178, 50617283950617283, 1347098765432098762), ('0x536fc4cd48ad9B3649e8aB615592E83Ec9F5fcd1', 3430185185185185178, 50617283950617283, 1347098765432098762), ('0xA2F37A08a8488CB8551a0D03f7A73f4156757de7', 4726666666666666657, 50617283950617283, 805432098765432096)]",500000000000000000,"[(5, 153086419753086419)]","[200000000000000000, 200000000000000000, 200000000000000000, 200000000000000000, 200000000000000000]","[[0.0, 1.0, 1.0, 1.0, -1.0, 1.0], [1.0, 0.0, 1.0, 1.0, -1.0, 1.0], [1.0, 1.0, 0.0, 1.0, -1.0, 1.0], [1.0, 1.0, 1.0, 0.0, -1.0, 1.0], [-1.0, -1.0, -1.0, -1.0, 0.0, -1.0], [0.0, 0.0, 0.0, 0.0, 0.0, 0.0]]",[5],"['$user$0, 0.855, good, good, None, 0xA41dE09A63f6Cedd633f99052b44450d3BB91D44', '$user$1, 0.855, good, good, None, 0x17725D495A0843Ea05541fD61ba5D4082750bC08', '$user$2, 0.868, good, good, None, 0x37AC7AC5D09bbC6dAC1CF036b7F9DdD0EA4E052E', '$user$3, 0.847, good, good, None, 0x536fc4cd48ad9B3649e8aB615592E83Ec9F5fcd1', '$user$4, 0.233, bad, bad, 3, 0x118E560679B62a9F24c135A96d416548782f8cc2', '$user$5, 0.354, freerider, freerider, 3, 0xA2F37A08a8488CB8551a0D03f7A73f4156757de7']","[('close', 'fc37c1500c4ecddc7feafb5ec87c4a5ac42998c19d2ead824972733e0442837c', 643640), ('slot', '252903449d6eb781224eb16dc24748873f9fa06c4685d93fe7161198e44a7796', 50802), ('slot', '9f74cfbc0040a2d573a1900abe174733872b5bd203c21b061567b7a8be2d3714', 50814), ('slot', 'fce11c2a7db59cb9374bb42cc4a4d808544c4c367d3093cf4bd456307c956c1d', 50814), ('slot', 'fa79b36b36093b8ec713123d07bd72d9a0026143180099ab026a47d031b9c9cb', 50814), ('slot', '5e3e6192525d9aeb360ef30601b7b8190a4e5442e537299b535d5785d4e0f8dc', 50802), ('slot', '7e56ac7504bc9478c30bcf0e42a9918f136bed81b4d4c4786bb181ff680b5397', 50814), ('weights', 'a412334c9bfa4d1ace00fb6f69a1634faaddc91cdbadbea2e1cb6202b081c52b', 73694), ('weights', '032fe861964251b3eda762bd7adf4e14a4b2c69cd9f706cad8202bab476a4cdb', 56594), ('weights', '5b423057d613eb2162eb4a01b31405f958ed708c22b0a694689faf4c868ed23a', 56594), ('weights', '3d99bb4eb5e9a8f78afb56d1093e84f3482abd47b843014065cb4d5adffa45be', 56582), ('weights', 'e9297d875d5c10414d9bf62079fb9263019f5895c978e1486aea99e8cb8537c0', 56582), ('weights', 'd31f35b9203ed6ac0e6c6957497548fc63c81984684bb9c3bc9c351a05575ed1', 56582), ('feedback', '04c8361b4b69239452c8cebad1cb88e0571ea44a8bbdd04288306c71a8c1a710', 343301), ('feedback', 'e5454b819b6172cac2eb38422bcbbba433656a5951be58b383f51dce413ac63a', 274901), ('feedback', 'f9b425abaf74cea9cffc8f7f1709bb0d3e4ea211bd037b4811c9cdba99979872', 237901), ('feedback', '55357708aa3ab36851158df34dcde6cea6d380c35d94f2df2414ea7327c6a0f3', 257801), ('feedback', 'a7e8bb06a9781020df8dd9e1aabe225cd39c455476f894e5f298a1531ead0060', 239293), ('feedback', '1ac158883d3a6fc2c51daf49bf95ed2ac64876ce24039896588f4dcbcbabec11', 218683), ('contrib', '4a3d3f967e2f95a813844303cb3b6bf38cf284d3e4ab2d4b5969da860d7a9d74', 75199), ('contrib', 'c46e6953b4710686c170fe42ddf3f570a08c5bfb9b1e9b3e7306a52013b38d12', 58099), ('contrib', 'c634f929f2f728c30d7abf3404124ea054550654223d6d36239c70db9970cd3c', 58099), ('contrib', '944279f8259849db34353608bd82acd621610fa03c0dd0ef1dfcb3f9cab75e6b', 58099), ('contrib', '4d272e70a5392c4da01b431282b30702055a0596af6cf148c96388c3e936d568', 58099), ('close', '9c4906ec7b17143e5ca7df28078afccc33b5fe503e574968919d3eef010757ba', 643640)]"
6,23:56:35.486,0.8906,111.58700079470873,"[1428333333333333330, 1428333333333333330, 1428333333333333330, 1428333333333333330, 886666666666666664, 0]","[87, 87, 87, 86, 88, 86]","[13, 13, 14, 15, 13, 13]","[('0xA41dE09A63f6Cedd633f99052b44450d3BB91D44', 3735123456790123446, 81234567901234568, 1428333333333333330), ('0x17725D495A0843Ea05541fD61ba5D4082750bC08', 3735123456790123446, 81234567901234568, 1428333333333333330), ('0x37AC7AC5D09bbC6dAC1CF036b7F9DdD0EA4E052E', 3735123456790123446, 81234567901234568, 1428333333333333330), ('0x536fc4cd48ad9B3649e8aB615592E83Ec9F5fcd1', 3735123456790123446, 81234567901234568, 1428333333333333330), ('0xA2F37A08a8488CB8551a0D03f7A73f4156757de7', 5082222222222222208, 81234567901234568, 886666666666666664)]",400000000000000000,"[(6, 306172839506172840)]","[200000000000000000, 200000000000000000, 200000000000000000, 200000000000000000, 200000000000000000]","[[0.0, 1.0, 1.0, 1.0, -1.0, 1.0], [1.0, 0.0, 1.0, 1.0, -1.0, 1.0], [1.0, 1.0, 0.0, 1.0, -1.0, 1.0], [1.0, 1.0, 1.0, 0.0, -1.0, 1.0], [-1.0, -1.0, -1.0, -1.0, 0.0, -1.0], [0.0, 0.0, 0.0, 0.0, 0.0, 0.0]]",[5],"['$user$0, 0.86, good, good, None, 0xA41dE09A63f6Cedd633f99052b44450d3BB91D44', '$user$1, 0.865, good, good, None, 0x17725D495A0843Ea05541fD61ba5D4082750bC08', '$user$2, 0.882, good, good, None, 0x37AC7AC5D09bbC6dAC1CF036b7F9DdD0EA4E052E', '$user$3, 0.873, good, good, None, 0x536fc4cd48ad9B3649e8aB615592E83Ec9F5fcd1', '$user$5, 0.354, freerider, freerider, 3, 0xA2F37A08a8488CB8551a0D03f7A73f4156757de7']","[('close', '9c4906ec7b17143e5ca7df28078afccc33b5fe503e574968919d3eef010757ba', 643640), ('slot', '1ee8dc172bfb1cd85f86737d6f2ff7cb10b21c582abe49d1d39f1ad5715633a9', 50790), ('slot', 'ea92e75382e7d905935d8ede7f9ae04f3eb72ff6e6a337cff0d5fe4d1c9ad79e', 50814), ('slot', '0419e1f84fb8ae305feb42a2242d22398c99264fa2e9743e2c941c68a3a2c9f5', 50814), ('slot', 'fd4fe2bef5e4849d8e0f5022fc58c19806ad1d29785564d9fbf90cb58aebbb3c', 50814), ('slot', 'c090e94118276b0cd6ce6872c8539fa306a764103e7c53c5ed6129dc35923ef9', 50814), ('slot', '3b8366a22d54bc3c8d9f87114d3a597b512d7d602ea9296975ab56a9feed48b6', 50802), ('weights', '4eae515fb606fc9e356de88724c74e75bbb876eea0351e70b9cfa86930c0649b', 73694), ('weights', '89abf175906da62aee4a9121353234da9ba60a0e9c386dfac9a41c7d3774598e', 56594), ('weights', 'aa74628fadd03ff0a917fea31f40518b37c950af0fdb9815f987703a2a88731e', 56594), ('weights', 'b81e6f293fd0f98839fcf59c24a193183138c546e79db614245d785039c0d015', 56582), ('weights', '9887b36099ea8f8733bb47cfc640e3458c826444d3ac5a1328764d7baf64429b', 56594), ('weights', 'bcb326f43bfdade1249e2e788145531e3cfa8014bc8614ab4c687482589287fb', 56594), ('feedback', '447d19bee8abedaf32506ebf0b4d9d81a2d6e24d77f8bdece77d4a19259d3157', 323401), ('feedback', 'b006bd33b739508253c8bd0c26f3ac9beb0db2d9882a6bbe22b7da26798a5e12', 255001), ('feedback', 'fb37ffe617709e79dc19261df49bee06e4f7eaece4a91d9b12788092e7a4f1ac', 237901), ('feedback', '8e46e7e2d6a6f978c2e04be6c05bf3609869f96a343ba84cb8f0ca352e4d478e', 237901), ('feedback', '45ebaecad425f0e0e5872ff13e4f4e7a631fb40cea919a82d09d99b6106113a9', 239293), ('feedback', '3253ad4167b705ea9b4fd5a6a64dc6f262aece4b5654c6f847b4ae80fbbe6732', 218683), ('contrib', '756e462277d756b6fc70624f13bb3f3ba10366baace3532c6c5410f0a3616449', 75199), ('contrib', 'd5ded408e5d16927f0735fa1d4b263353f3ea647af61b684263a7a7016a2bd0c', 58099), ('contrib', '67402a3b735fff2b26f5a9735e5fa3e5cc27cc03bb26e6b6fe397b3bc59a9c05', 58099), ('contrib', '0faa8af9d0cdaf81d5fe2ee64ff02525c9fd12aad34cee3e00a373491a86f60f', 58099), ('contrib', 'f1bc5e822ed2f758d9a4a5f86d6fae9041b55112d5e82d59708ec8fb34da90ad', 58099), ('close', 'd4da9a253ce4882f775ca1613d1405a395cd3e79a8d6c0f3bc6100e04bed0d5e', 606020)]"
7,23:56:59.629,0.9051,96.60486989468336,"[1448333333333333330, 1448333333333333330, 1448333333333333330, 1448333333333333330, 906666666666666664, 0]","[90, 90, 90, 88, 0, 89]","[10, 11, 12, 13, 0, 11]","[('0xA41dE09A63f6Cedd633f99052b44450d3BB91D44', 4284999999999999990, 20000000000000000, 1448333333333333330), ('0x17725D495A0843Ea05541fD61ba5D4082750bC08', 4284999999999999990, 20000000000000000, 1448333333333333330), ('0x37AC7AC5D09bbC6dAC1CF036b7F9DdD0EA4E052E', 4284999999999999990, 20000000000000000, 1448333333333333330), ('0x536fc4cd48ad9B3649e8aB615592E83Ec9F5fcd1', 4284999999999999990, 20000000000000000, 1448333333333333330), ('0xA2F37A08a8488CB8551a0D03f7A73f4156757de7', 5713333333333333320, 20000000000000000, 906666666666666664)]",300000000000000000,[],"[200000000000000000, 200000000000000000, 200000000000000000, 200000000000000000, 200000000000000000]","[[0.0, 1.0, 1.0, 1.0, 0.0, 1.0], [1.0, 0.0, 1.0, 1.0, 0.0, 1.0], [1.0, 1.0, 0.0, 1.0, 0.0, 1.0], [1.0, 1.0, 1.0, 0.0, 0.0, 1.0], [0.0, 0.0, 0.0, 0.0, 0.0, 0.0], [0.0, 0.0, 0.0, 0.0, 0.0, 0.0]]",[],"['$user$0, 0.899, good, good, None, 0xA41dE09A63f6Cedd633f99052b44450d3BB91D44', '$user$1, 0.898, good, good, None, 0x17725D495A0843Ea05541fD61ba5D4082750bC08', '$user$2, 0.902, good, good, None, 0x37AC7AC5D09bbC6dAC1CF036b7F9DdD0EA4E052E', '$user$3, 0.884, good, good, None, 0x536fc4cd48ad9B3649e8aB615592E83Ec9F5fcd1', '$user$5, 0.354, freerider, freerider, 3, 0xA2F37A08a8488CB8551a0D03f7A73f4156757de7']","[('close', 'd4da9a253ce4882f775ca1613d1405a395cd3e79a8d6c0f3bc6100e04bed0d5e', 606020), ('slot', 'cd059fd8a4ddb8e075dac0055ee56ce96dac948f6dff185582b7b3bd327251ea', 50814), ('slot', 'c0b9788cf3a5f3f32424e4636175d58aef6d3f3a9c0a519f6c1feaccd2f46389', 50814), ('slot', 'c679d7cf6b6a176c1236acbb6487f679e418a4847ed225053cc40eba703bc4b6', 50814), ('slot', '9e4a7788481bbcc811bc6d88d84b758e99c63698b25485441720acc96be056b2', 50814), ('slot', 'ac1028a4ddd7f6f5f9c2ec0c553d599fb7ad1ca442573dfb82d27d341054bdb8', 50802), ('weights', '6e5ffb6843a29cb3ce9da487b0f30ca86382b66a5438febff337d01c3e39d223', 73694), ('weights', '48cf2afd004bebd0ccc02eaacf5d81018de685b5192e8b60d68f7a5e2b88ca50', 56570), ('weights', '961576e3629d51dd7bda584a0acdfa2a4847af97cb451710d903eb7e04d23759', 56594), ('weights', '80ec0ee1d4d8e0685474f8f1533713d221dfb456ba0a7b5f522a49f4fba6385d', 56582), ('weights', '888f6f7dabecf864058759032d75a03603ff740549498aa1a5882f36824bcdcd', 56582), ('feedback', '1a90d9f7283b450d84e3f2609c816035ce9abca174cfea7abd66ab5208ebbe23', 270174), ('feedback', '54320e64253e6964a2bdca2000914e3b832c07ed6c7f539dcab85c30bd43279a', 218874), ('feedback', 'eccdbd332d300f2523c036872f15fbad247d8d9a6c2914333e98cd78877d5dbd', 201774), ('feedback', '148d464c79be44aaab9ed8afd866b1f88afdcb3eff68e0f002c4a2f19819c653', 201774), ('feedback', 'a6dfe68f02bea8e2b5e7e6bc196f648e4bf19d81eca6f758d28cd7a2330c8863', 186678), ('contrib', 'fe37c4d5f76a8c2fa1d724c6080ccc318c4f87a145bc99b926041ee3073e300d', 75199), ('contrib', '0709712ee46cf11b45e4b367d0345c663b0440d5dc0536300622df3f7e949923', 58099), ('contrib', '9b8e4376ff5bb1ef75e486ae8bbf45d22e249c249bb8733849c8b1d1a8c97f58', 58099), ('contrib', '3776f00457239722477464cd208e162e9b4b8192901a2b59d0d9c5b8f811fdf2', 58099), ('contrib', '6f1f75cbe4deb110450ed518da879fb3c2ac402437160511b1a2ad79a73515b6', 58099), ('close', '07ec9817c69e40a3a05531529c3e7998a3f45f937772384b9cd0ef7addfeee3b', 513374)]"
8,23:57:23.598,0.9152,85.28131449595094,"[1468333333333333330, 1468333333333333330, 1468333333333333330, 1468333333333333330, 926666666666666664, 0]","[91, 91, 91, 88, 0, 90]","[9, 10, 10, 11, 0, 10]","[('0xA41dE09A63f6Cedd633f99052b44450d3BB91D44', 4344999999999999990, 20000000000000000, 1468333333333333330), ('0x17725D495A0843Ea05541fD61ba5D4082750bC08', 4344999999999999990, 20000000000000000, 1468333333333333330), ('0x37AC7AC5D09bbC6dAC1CF036b7F9DdD0EA4E052E', 4344999999999999990, 20000000000000000, 1468333333333333330), ('0x536fc4cd48ad9B3649e8aB615592E83Ec9F5fcd1', 4344999999999999990, 20000000000000000, 1468333333333333330), ('0xA2F37A08a8488CB8551a0D03f7A73f4156757de7', 5793333333333333320, 20000000000000000, 926666666666666664)]",200000000000000000,[],"[200000000000000000, 200000000000000000, 200000000000000000, 200000000000000000, 200000000000000000]","[[0.0, 1.0, 1.0, 1.0, 0.0, 1.0], [1.0, 0.0, 1.0, 1.0, 0.0, 1.0], [1.0, 1.0, 0.0, 1.0, 0.0, 1.0], [1.0, 1.0, 1.0, 0.0, 0.0, 1.0], [0.0, 0.0, 0.0, 0.0, 0.0, 0.0], [0.0, 0.0, 0.0, 0.0, 0.0, 0.0]]",[],"['$user$0, 0.893, good, good, None, 0xA41dE09A63f6Cedd633f99052b44450d3BB91D44', '$user$1, 0.9, good, good, None, 0x17725D495A0843Ea05541fD61ba5D4082750bC08', '$user$2, 0.912, good, good, None, 0x37AC7AC5D09bbC6dAC1CF036b7F9DdD0EA4E052E', '$user$3, 0.892, good, good, None, 0x536fc4cd48ad9B3649e8aB615592E83Ec9F5fcd1', '$user$5, 0.354, freerider, freerider, 3, 0xA2F37A08a8488CB8551a0D03f7A73f4156757de7']","[('close', '07ec9817c69e40a3a05531529c3e7998a3f45f937772384b9cd0ef7addfeee3b', 513374), ('slot', 'a7259cb821b13601e72a2441d27a8e98c7321e33b93266d3d8b26bf956c6a680', 50814), ('slot', '80e83de23252edeb08e3fc5ecdf2c8d60e5603faa357f747771c8275d5c46463', 50814), ('slot', 'c0f323117b0e4beb09b96678eda0f87202eaa79dd0140ad9e39b467cd20a3ca6', 50814), ('slot', '2b8cbac153dde9a6856a6f439143f83d887e86218d4ca38db9054bd38885e378', 50814), ('slot', '7c4eb00d78cc49781e789ccb5e3f47310a3ea3bb39272be3fd93de5d49896350', 50814), ('weights', '47e6045a70df919c783ba226becc9dfccefb47451f4bdca4104d79a307403650', 73694), ('weights', '8198dd067d9250a56ad29c2c4bb30cd438b36c1b68798127af7c5f30b8557b16', 56594), ('weights', '316fe3debb725b8972d63fbbfb53ce367723cc8f03669b0f7d733ad8255f50ef', 56594), ('weights', '115dbfad7d0998389172ea2d05e61dab0c942fe0840e7365af496a715c1f8122', 56582), ('weights', '67ee00759d763a6e0dbdb0f227f38385d5e0278bf5e933b37cc31feadb9c7758', 56594), ('feedback', 'e84125d5cff2374508db729905d3143f0d81ffc2ba9a4d922b91d7546be44366', 270174), ('feedback', '5a266066d97e7fe07ccb0a5b3fddac698ae6ef3818161c58ab6decdb946dfd24', 218874), ('feedback', 'f14407caf5a4c028f7b0e98cb3a9d3a5ed9f5d2c86a5b2dab276004805e88899', 201774), ('feedback', '7412cbffa2950b6a3ae89d19308c027ec2e4f9bd30bb8fa9e7134c341444b29f', 201774), ('feedback', '2514206f3c7e8b97813d17366d023d777ce7aa31ebbd6ae8f12ab39d2a94c0e8', 186678), ('contrib', 'a7e6b226009bdf37f09a44eb4022bffe0b9bd0641c71cd7d9f5ee39e2c33feb5', 75199), ('contrib', 'ece46ea29cf5cb61e4935ca742953ce9a226e50f174c5037425fccfbfe39449a', 58099), ('contrib', '53f6da316164643ba7ed96e023ec630bc8494096c0d7653346be351a4c49b7ec', 58099), ('contrib', '83df112487f06aa43c7e5c31901d5a570e5dc0bd8e901df8ca60224e10bf06f4', 58099), ('contrib', '5ca965f7dec8aef502c0acfab18969d92551c994e5959425bbdec10f308ee3a7', 58099), ('close', '2ade1ce09909b0c33ece6ad9fa3c8ed77bf6790be6a3536ffac31136db560303', 513374)]"
9,23:57:47.298,0.9224,76.85664733499289,"[1488333333333333330, 1488333333333333330, 1488333333333333330, 1488333333333333330, 946666666666666664, 0]","[92, 91, 92, 89, 0, 90]","[8, 9, 9, 10, 0, 9]","[('0xA41dE09A63f6Cedd633f99052b44450d3BB91D44', 4404999999999999990, 20000000000000000, 1488333333333333330), ('0x17725D495A0843Ea05541fD61ba5D4082750bC08', 4404999999999999990, 20000000000000000, 1488333333333333330), ('0x37AC7AC5D09bbC6dAC1CF036b7F9DdD0EA4E052E', 4404999999999999990, 20000000000000000, 1488333333333333330), ('0x536fc4cd48ad9B3649e8aB615592E83Ec9F5fcd1', 4404999999999999990, 20000000000000000, 1488333333333333330), ('0xA2F37A08a8488CB8551a0D03f7A73f4156757de7', 5873333333333333320, 20000000000000000, 946666666666666664)]",100000000000000000,[],"[200000000000000000, 200000000000000000, 200000000000000000, 200000000000000000, 200000000000000000]","[[0.0, 1.0, 1.0, 1.0, 0.0, 1.0], [1.0, 0.0, 1.0, 1.0, 0.0, 1.0], [1.0, 1.0, 0.0, 1.0, 0.0, 1.0], [1.0, 1.0, 1.0, 0.0, 0.0, 1.0], [0.0, 0.0, 0.0, 0.0, 0.0, 0.0], [0.0, 0.0, 0.0, 0.0, 0.0, 0.0]]",[],"['$user$0, 0.912, good, good, None, 0xA41dE09A63f6Cedd633f99052b44450d3BB91D44', '$user$1, 0.921, good, good, None, 0x17725D495A0843Ea05541fD61ba5D4082750bC08', '$user$2, 0.926, good, good, None, 0x37AC7AC5D09bbC6dAC1CF036b7F9DdD0EA4E052E', '$user$3, 0.906, good, good, None, 0x536fc4cd48ad9B3649e8aB615592E83Ec9F5fcd1', '$user$5, 0.354, freerider, freerider, 3, 0xA2F37A08a8488CB8551a0D03f7A73f4156757de7']","[('close', '2ade1ce09909b0c33ece6ad9fa3c8ed77bf6790be6a3536ffac31136db560303', 513374), ('slot', 'd526c9053315fac0face19c479744787cf889ac4a2812a7f185b8fc25ea6863a', 50814), ('slot', '8318ef09b8404b8275fd61983a33402391af5b9692607c8c8d132725ac3a35aa', 50814), ('slot', '080f4d5f041e4c9790725569ca08b474f9b33d0dda2c872e6078fe391e801ea5', 50814), ('slot', 'b362d341e7ab0fffd848da497a7105ca54440a6be3941e21457ab7ef08191d99', 50814), ('slot', 'a99e98b1f4fe12abd702ebd183ad8bf43915236f0a45dc670acb957a00d0b0c8', 50814), ('weights', '577081c78b660031f2437832438ea1d2002db29e3d1c72c5b43115c72f95e5f4', 73694), ('weights', '3b28656ee654f4cd42b6c8786907ce7afbe1acd3daeb4490d734df4319e56042', 56582), ('weights', 'eaffa1b919b0418878a75f3a2bd3775df1a441c939c07182079f190e177fca48', 56594), ('weights', 'f5c1cfe271188639b6da0057abd3bd99af1423349756af7dcd02b8c7c4c0d43a', 56582), ('weights', '0140c884fcb1384bc8a1c1207b9b5a3e4a87b34109d352fd9c3273b1c39d9ae1', 56594), ('feedback', 'f72530c180e39ad63c3418c211edf5748b130ff8876ab158a7f4dc4f695d73f5', 270174), ('feedback', '04d47c568047458d7f57f3079c7103f6db00c5a70b65338e72599ec4589af200', 218874), ('feedback', '2ec9713efce74367679224836270ed2119b32e73a258e0b4fc79cb58dfbb46f6', 201774), ('feedback', '6c54d5b8ba24ca60201c8b233c2510f733949123ffcf00bce08369701f3fe333', 201774), ('feedback', '2ca975b7584e72bb0610f665896d72e1fadf5c95892b441509bda2a02de0643f', 186678), ('contrib', '199eab9a5df5537574d3abb6ee98bd48cb678885e932a2e1a9fa2e1a8e4f97c3', 75199), ('contrib', '01021e611f363467935e3465cf4afc1d28300ed6906f062475cb566bd6ffbbe6', 58099), ('contrib', '5e5e238a47dc8171d99d5f42b95639cf75e709401b753ba5b3deceb92b1a5cc0', 58099), ('contrib', 'ceb01e96bdd4495874f2a6c4a93c7f6731c46fec939cd16ce9884699611dda3c', 58099), ('contrib', '0efe9fb964c4edb9c3afce57d052cd5d6dcd835e194723fd09e0d14be001c405', 58099), ('close', '756373668fe15410f864b4cbec784834e115328827629f2f2a886a4070d2a8a2', 513374)]"
10,23:58:11.158,0.9324,69.15208337455988,"[1508333333333333330, 1508333333333333330, 1508333333333333330, 1508333333333333330, 966666666666666664, 0]","[92, 92, 94, 90, 0, 91]","[7, 8, 8, 9, 0, 8]","[('0xA41dE09A63f6Cedd633f99052b44450d3BB91D44', 4464999999999999990, 20000000000000000, 1508333333333333330), ('0x17725D495A0843Ea05541fD61ba5D4082750bC08', 4464999999999999990, 20000000000000000, 1508333333333333330), ('0x37AC7AC5D09bbC6dAC1CF036b7F9DdD0EA4E052E', 4464999999999999990, 20000000000000000, 1508333333333333330), ('0x536fc4cd48ad9B3649e8aB615592E83Ec9F5fcd1', 4464999999999999990, 20000000000000000, 1508333333333333330), ('0xA2F37A08a8488CB8551a0D03f7A73f4156757de7', 5953333333333333320, 20000000000000000, 966666666666666664)]",0,[],"[200000000000000000, 200000000000000000, 200000000000000000, 200000000000000000, 200000000000000000]","[[0.0, 1.0, 1.0, 1.0, 0.0, 1.0], [1.0, 0.0, 1.0, 1.0, 0.0, 1.0], [1.0, 1.0, 0.0, 1.0, 0.0, 1.0], [1.0, 1.0, 1.0, 0.0, 0.0, 1.0], [0.0, 0.0, 0.0, 0.0, 0.0, 0.0], [0.0, 0.0, 0.0, 0.0, 0.0, 0.0]]",[],"['$user$0, 0.922, good, good, None, 0xA41dE09A63f6Cedd633f99052b44450d3BB91D44', '$user$1, 0.926, good, good, None, 0x17725D495A0843Ea05541fD61ba5D4082750bC08', '$user$2, 0.928, good, good, None, 0x37AC7AC5D09bbC6dAC1CF036b7F9DdD0EA4E052E', '$user$3, 0.908, good, good, None, 0x536fc4cd48ad9B3649e8aB615592E83Ec9F5fcd1', '$user$5, 0.354, freerider, freerider, 3, 0xA2F37A08a8488CB8551a0D03f7A73f4156757de7']","[('close', '756373668fe15410f864b4cbec784834e115328827629f2f2a886a4070d2a8a2', 513374), ('slot', '4c2d70331ed4bc75e102450666ee3a1b65a3b8a0ba13d19ae199828f64482fcb', 50814), ('slot', '94c392636d7f5e76d5ac794f4288724531f05ac5283f7b2549996f7d7397e158', 50814), ('slot', 'd3df3555374cb4aeec8092c612079dfa0cbee2846af3e9a663d7b8e20a1244bc', 50814), ('slot', '40a97fd4a8f31ebeca501d0749a6d9afdcc25ca65ae9dd38a806f0fdc048ba18', 50814), ('slot', '3e9da0b1dffb1984a179aa2dbe2359f361b1aef1463be22f7adba5e2c65eb591', 50814), ('weights', '38747c8681e2625d822f0d6e19c00ffa9aa7d0222cbc76770241c2aff6c36e25', 73694), ('weights', 'a2d4d14c25232bf30360590d30468d7da86a7009d550078d471bcc162d40713d', 56594), ('weights', 'fbd2b57884129321ff3221e432661b1669c558095384767fe6e9c3cb38ba1a46', 56594), ('weights', '077e63e3292864c37ccf52e5a99eae6684b89f4384f659551cbec84bb331c57b', 56570), ('weights', '095b364f3b7decc6be486431247136bfe5806660e76c2e91df6fbec5143a2668', 56594), ('feedback', 'b7638a6774909e415627297b37da0ecb90a62f6e7b721f9f7a50299074696c46', 270174), ('feedback', 'c6dd98f2cec67efbd02aeeb70cd281d69d5077ec55d77717dbb953a903f7a9ba', 218874), ('feedback', '0d1a519e3824d6845dfd32cec435a6e2763328749d3a92d655c901e0cf1b7f3a', 201774), ('feedback', '7edc4d8fac263acc6370a7e79e72e66cc377fb41ccfb66ee717ec1988bf12e08', 201774), ('feedback', 'b3448937b0895d5c3a106f01cded03c48bd43c236775b5ceecb936641c8f9732', 186678), ('contrib', '5bf9489b8377ab74808060ace035b804a5f5283bb622b5c915b949c1655d0399', 75199), ('contrib', '66e2229db3de9ac5ce26811c312b801c1ff86f26cd28dbea308cb08a941c9434', 58099), ('contrib', '1f56c92e1a86cc5dd74bae5a0b08e1e49d7cefcf9831c661f1de0261cec79024', 58099), ('contrib', '6a364c1bbb778075359b106a0e5399cd3bfe15123e01e9473108c5b849bfaa46', 58099), ('contrib', 'ca5e5ba929c31b0b59b05036188ee562e81e3eb6cedeb3e2f28d18d09feceb4a', 58099), ('close', '482051187b5a22a6ef2b0e6d75293909581fa116108ffcdaecb9cd0ad51ac60f', 513374)]"
# $gasCosts$[280679, 405453, 332253, 354153, 337053, 242357, 75223, 58123, 58123, 58123, 58123, 58123, 402653, 248879, 237553, 218579, 237553, 293479, 75223, 58123, 58123, 58123, 58123, 58123, 319749, 253349, 234249, 295949, 229293, 210683, 75199, 58099, 58099, 58099, 302527, 251227, 274901, 234127, 239293, 218683, 75199, 58099, 58099, 58099, 58099, 343301, 274901, 237901, 257801, 239293, 218683, 75199, 58099, 58099, 58099, 58099, 323401, 255001, 237901, 237901, 239293, 218683, 75199, 58099, 58099, 58099, 58099, 270174, 218874, 201774, 201774, 186678, 75199, 58099, 58099, 58099, 58099, 270174, 218874, 201774, 201774, 186678, 75199, 58099, 58099, 58099, 58099, 270174, 218874, 201774, 201774, 186678, 75199, 58099, 58099, 58099, 58099, 270174, 218874, 201774, 201774, 186678, 75199, 58099, 58099, 58099, 58099],[126674, 126674, 126674, 126674, 126674],[50814, 50814, 50814, 50814, 50814, 50814, 50814, 50802, 50814, 50814, 50814, 50814, 50802, 50814, 50814, 50814, 50814, 50814, 50814, 50814, 50814, 50814, 50814, 50814, 50802, 50814, 50814, 50814, 50802, 50814, 50790, 50814, 50814, 50814, 50814, 50802, 50814, 50814, 50814, 50814, 50802, 50814, 50814, 50814, 50814, 50814, 50814, 50814, 50814, 50814, 50814, 50814, 50814, 50814, 50814, 50814],[73694, 56594, 56594, 56582, 56594, 56594, 73694, 56594, 56594, 56570, 56594, 56594, 73694, 56594, 56594, 56582, 56582, 56594, 73694, 56594, 56594, 56582, 56594, 56594, 73694, 56594, 56594, 56582, 56582, 56582, 73694, 56594, 56594, 56582, 56594, 56594, 73694, 56570, 56594, 56582, 56582, 73694, 56594, 56594, 56582, 56594, 73694, 56582, 56594, 56582, 56594, 73694, 56594, 56594, 56570, 56594],[641581, 611186, 658515, 643640, 643640, 606020, 513374, 513374, 513374, 513374],[],[]
# TOTAL EXPERIMENT TIME: 262.91 seconds
