# Author Nykjaer
# ------Specs--------# cpu_name:  (processor model)
# cpu_cores: 6 (physical cores)
# ram_gb: 13.5 (system memory in GB)
# gpu_name: NVIDIA GeForce RTX 3060 Laptop GPU (graphics processor)
# os_name: Linux (operating system)
# ------Config--------# good_contributors: 4 (honest participants)
# bad_contributors: 1 (malicious participants)
# freeriders: 1 (contribute 0)
# inactive: 0 (never join)
# reward: 1000000000000000000 (total reward pool)
# minimum_rounds: 10 (rounds to simulate)
# min_buy_in: 1000000000000000000 (lower buy-in bound)
# max_buy_in: 1000000000000000000 (upper buy-in bound)
# standard_buy_in: 1000000000000000000 (default buy-in)
# epochs: 1 (local epochs per round)
# batch_size: 32 (training batch size)
# punish_factor: 3 (penalty multiplier)
# first_round_fee: 50 (fee for first round)
# fork: True (True=local fork, False=real net)
# contribution_score_strategy: naive (scoring method)
# use_outlier_detection: False (Whether to use outlier detection)
# freerider_start_round: 3 (When freeriders should start freeriding)
# freerider_noise_scale: 1.0 (How much noise a freeder should add)
round,time,globalAcc,globalLoss,GRS,accAvgPerUser,lossAvgPerUser,rewards,conctractBalanceRewards,punishments,contributionScores,feedbackMatrix,disqualifiedUsers,userStatuses,GasTransactions
# $startingUserConfig$['$user$0, 0, good, good, None, 0xA41dE09A63f6Cedd633f99052b44450d3BB91D44', '$user$1, 0, good, good, None, 0x17725D495A0843Ea05541fD61ba5D4082750bC08', '$user$2, 0, good, good, None, 0x37AC7AC5D09bbC6dAC1CF036b7F9DdD0EA4E052E', '$user$3, 0, good, good, None, 0x536fc4cd48ad9B3649e8aB615592E83Ec9F5fcd1', '$user$4, 0, good, bad, 3, 0x118E560679B62a9F24c135A96d416548782f8cc2', '$user$5, 0, good, freerider, 3, 0xA2F37A08a8488CB8551a0D03f7A73f4156757de7']
0,00:11:10.791,0,720.76171875,"[1000000000000000000, 1000000000000000000, 1000000000000000000, 1000000000000000000, 1000000000000000000, 1000000000000000000]",[],[],[],1000000000000000000,[],[],,[],"['$user$0, 0, good, good, None, 0xA41dE09A63f6Cedd633f99052b44450d3BB91D44', '$user$1, 0, good, good, None, 0x17725D495A0843Ea05541fD61ba5D4082750bC08', '$user$2, 0, good, good, None, 0x37AC7AC5D09bbC6dAC1CF036b7F9DdD0EA4E052E', '$user$3, 0, good, good, None, 0x536fc4cd48ad9B3649e8aB615592E83Ec9F5fcd1', '$user$4, 0, good, bad, 3, 0x118E560679B62a9F24c135A96d416548782f8cc2', '$user$5, 0, good, freerider, 3, 0xA2F37A08a8488CB8551a0D03f7A73f4156757de7']","[('register', '5fa687b2a8c0883aa87f9f5b627b601c9ea0e6f2b30a8f882415cc5913b9cddc', 126674), ('register', 'b61ff32257067f7f65499225decc9002ac6d190a7a8c0a539d76d338ebaabede', 126674), ('register', '2e841eed2fdf0e748777a0e816fe172e53de65975297461706bc82ff5e0f0854', 126674), ('register', 'f760dded58131881c07e527bb6c9d6c3f17d1cb69714ae4fef9ccf47817544f9', 126674), ('register', '4a0279b4bcdfb70a819ecf94a2498774d7ffc9aa04ef00f531932ba968e07b9f', 126674)]"
1,00:11:42.347,0.1161,716.8369140625,"[1016666666666666666, 1016666666666666666, 1016666666666666666, 1016666666666666666, 1016666666666666666, 1016666666666666666]","[9, 10, 10, 12, 11, 13]","[74, 74, 74, 74, 74, 74]","[('0xA41dE09A63f6Cedd633f99052b44450d3BB91D44', 5000000000000000000, 16666666666666666, 1016666666666666666), ('0x17725D495A0843Ea05541fD61ba5D4082750bC08', 5000000000000000000, 16666666666666666, 1016666666666666666), ('0x37AC7AC5D09bbC6dAC1CF036b7F9DdD0EA4E052E', 5000000000000000000, 16666666666666666, 1016666666666666666), ('0x536fc4cd48ad9B3649e8aB615592E83Ec9F5fcd1', 5000000000000000000, 16666666666666666, 1016666666666666666), ('0x118E560679B62a9F24c135A96d416548782f8cc2', 5000000000000000000, 16666666666666666, 1016666666666666666), ('0xA2F37A08a8488CB8551a0D03f7A73f4156757de7', 5000000000000000000, 16666666666666666, 1016666666666666666)]",900000000000000000,[],"[166666666666666666, 166666666666666666, 166666666666666666, 166666666666666666, 166666666666666666, 166666666666666666]","[[0.0, 1.0, 1.0, 1.0, 1.0, 1.0], [1.0, 0.0, 1.0, 1.0, 1.0, 1.0], [1.0, 1.0, 0.0, 1.0, 1.0, 1.0], [1.0, 1.0, 1.0, 0.0, 1.0, 1.0], [1.0, 1.0, 1.0, 1.0, 0.0, 1.0], [1.0, 1.0, 1.0, 1.0, 1.0, 0.0]]",[],"['$user$0, 0.737, good, good, None, 0xA41dE09A63f6Cedd633f99052b44450d3BB91D44', '$user$1, 0.671, good, good, None, 0x17725D495A0843Ea05541fD61ba5D4082750bC08', '$user$2, 0.743, good, good, None, 0x37AC7AC5D09bbC6dAC1CF036b7F9DdD0EA4E052E', '$user$3, 0.703, good, good, None, 0x536fc4cd48ad9B3649e8aB615592E83Ec9F5fcd1', '$user$4, 0.681, good, bad, 3, 0x118E560679B62a9F24c135A96d416548782f8cc2', '$user$5, 0.725, good, freerider, 3, 0xA2F37A08a8488CB8551a0D03f7A73f4156757de7']","[('slot', '28728b764b5d3dda0e4b9c3eb4fc67f9b42207c467e3a033369d75bec632f73d', 50814), ('slot', 'ce6f0d6753487a33d499c638af03901ac1458d64d9a6714e92233eee7d29ce85', 50814), ('slot', 'a4115a1a5a4b5d7109f619a60dd4cda291f08a89a274bd5efc4d26359c15f0ce', 50814), ('slot', '8f4c72d09bff0fe0750b899534caac09c4eed2d3176b13bdf7080f11d3ba9fb0', 50814), ('slot', 'bd104a8a022270ee67a01ce0f5c7639c2eb7995bc6277725eae5d51a72725194', 50814), ('slot', 'a9f12ee152888317872316889bfc6246b1dc3888f2e29f72bdd16607075fb648', 50814), ('weights', 'eb1d867e9141154eeeca8f38a3b6ca40678903fa8c0eddcf9fe2ea0881c32dee', 73694), ('weights', 'ce5bc029ec4047ea803fef936d65f6848174aa8d5e569f3430666146fb1b9822', 56594), ('weights', 'f8d00f34726ef619d909635f14be45578b34d3791d95e08ff62e7cb4ae531da8', 56570), ('weights', '5fd759a2045af26395b11a5b4bcd22bc61afbdfd81fdd55f529a6aeb774df8dc', 56582), ('weights', '630b754c2cb195d0eda32475d4f0434577172e848b7777e463aa2f95bda665ac', 56582), ('weights', '94b71cd2a603617c67d98d4f456e80da3cb49b4c6bb79200a13ca2a8e20c4304', 56582), ('feedback', '4b8021475a877db4923f295409759ad2612feaaad154a00184726e41c3de252a', 422553), ('feedback', 'd80b00766c32624c686a64a51f0218614a416649b08f449809999b6d13eaddc6', 354153), ('feedback', '46848e3343ac6479776d486e92f66dbcd7d82527d9c6a4a90fd570a3b8aabdc2', 337053), ('feedback', 'f50fc461bf1a1bbefe1c0101f40682679c9886adcbca09595d0ec92a457c3874', 337053), ('feedback', '0f03f4a00801886619ed698a475c245528b587cf5115262e60a036aca24f587f', 337053), ('feedback', 'c598cb038e27ce06d97dd1512bfab827bcad0d60a2877a075dfce338d67ba070', 337053), ('contrib', '56f0aecf57b11fae0f25607144f8281d767633c9808a9638b495e6dc7be199bf', 75223), ('contrib', '11183dd5fc757a11ad8f3ae1129e061b4e0904fea12e2bab9b421ed95bb45221', 58123), ('contrib', '1b2e257731f4b02e67d9443411d81910b492bb039dd9e4f448cef6c437c87ff2', 58123), ('contrib', 'fc7f3807227f7e9c8ead93e782a52410053e402f5d75b9860bfabced55bc0191', 58123), ('contrib', '8fff7a96ae748e8a24e5078ef84bf068e60d1b0e865ae9b6d025d5e438b90987', 58123), ('contrib', 'fc6d53b45ce1ae1e24de9c4e0b099c4b26545be38e83cc68670c4eb7e7851bc6', 58123), ('close', '5519c7a4f1f1e3be1dd9230a2705b697b3706402bb9f4e60ab11748213b44f6f', 641581)]"
2,00:12:12.705,0.6135,639.8714294433594,"[1104444444444444443, 1104444444444444443, 1104444444444444443, 1104444444444444443, 677777777777777778, 1104444444444444443]","[10, 10, 10, 12, 11, 13]","[73, 73, 73, 73, 73, 73]","[('0xA41dE09A63f6Cedd633f99052b44450d3BB91D44', 5083333333333333330, 87777777777777777, 1104444444444444443), ('0x17725D495A0843Ea05541fD61ba5D4082750bC08', 4066666666666666664, 87777777777777777, 1104444444444444443), ('0x37AC7AC5D09bbC6dAC1CF036b7F9DdD0EA4E052E', 4066666666666666664, 87777777777777777, 1104444444444444443), ('0x536fc4cd48ad9B3649e8aB615592E83Ec9F5fcd1', 5083333333333333330, 87777777777777777, 1104444444444444443), ('0xA2F37A08a8488CB8551a0D03f7A73f4156757de7', 5083333333333333330, 87777777777777777, 1104444444444444443)]",800000000000000000,"[(2, 338888888888888888)]","[200000000000000000, 200000000000000000, 200000000000000000, 200000000000000000, 200000000000000000]","[[0.0, 1.0, 1.0, 1.0, 0.0, 1.0], [1.0, 0.0, 1.0, 1.0, 0.0, 1.0], [1.0, 1.0, 0.0, 1.0, 0.0, 1.0], [1.0, 0.0, 0.0, 0.0, -1.0, 1.0], [1.0, 1.0, 1.0, 1.0, 0.0, 1.0], [1.0, 1.0, 1.0, 1.0, -1.0, 0.0]]",[5],"['$user$0, 0.51, good, good, None, 0xA41dE09A63f6Cedd633f99052b44450d3BB91D44', '$user$1, 0.51, good, good, None, 0x17725D495A0843Ea05541fD61ba5D4082750bC08', '$user$2, 0.496, good, good, None, 0x37AC7AC5D09bbC6dAC1CF036b7F9DdD0EA4E052E', '$user$3, 0.581, good, good, None, 0x536fc4cd48ad9B3649e8aB615592E83Ec9F5fcd1', '$user$4, 0.411, good, bad, 3, 0x118E560679B62a9F24c135A96d416548782f8cc2', '$user$5, 0.6, good, freerider, 3, 0xA2F37A08a8488CB8551a0D03f7A73f4156757de7']","[('close', '5519c7a4f1f1e3be1dd9230a2705b697b3706402bb9f4e60ab11748213b44f6f', 641581), ('slot', 'dddcca592660dfbc6dbadb12cb363c157ef48844bd256e49fd44af8de156318d', 50814), ('slot', '8a9907f31fd7faa9aa41fedff55335f3d7a0d39fbfa0df449bf3e9ee1f51ac5d', 50814), ('slot', 'd32884e18fc12071da24138cb5ec2138a2ab3cba6fe952eb1e4ca57461ae7925', 50814), ('slot', '1c31f882b3a0e0c45d916e9900c27abd792f816e5d0942286c46d6336c8a8c1b', 50814), ('slot', '5f7d30c6ecd03948524ad7f04a9aaf6843852452b7f59820b54dee368e44d36b', 50802), ('slot', '901d0c0501c57576b68e193f9be2f049e2d5a54fc8bded8828757abd3bb67f4a', 50814), ('weights', '2bc57c4473ad05a5f554cf28bf5292c57dbd0474020b7a558cf0088c71f873ae', 73694), ('weights', '879a51c82beaf2d909b090da46fdb09c0f458b517119a99b94eedee19eb74501', 56582), ('weights', '01e24f5e757b12ceb9416d53d810adbaf6ceab0b760c0b712b13609961b82351', 56594), ('weights', '5bbd54ef36e31e0bfe33f4d62b39dfbecb038726d67af654d796aec39182b832', 56594), ('weights', '89ba7860d0f1031e0e70c78f5c61edc06f2bfcd3b020b6f3415feeccd8656e94', 56594), ('weights', '84fb20ef7e749856dcaccc43f261403e6c3e1e06389d9c40c99c2018e3f0e555', 56594), ('feedback', 'ccdd265494fbd3d2adf6312c4c919ac66d7d19cb370302a64be273487903fce2', 300179), ('feedback', 'bc2e97d7a7a054b1acf6682d08d0ebd395f1993f6947f43048c2e0c189617874', 248879), ('feedback', 'b1827ea2839d74437e422c48452e71c9da07cba9adc6c93316029e4719d09379', 231779), ('feedback', 'c066cd492114c92ecd795414e7ee4745556bf9e37bd4f283d32eee3f612aa0dd', 241453), ('feedback', 'a07aa9d80a81cfc9ea6749506c3e67185979af61ad1c6bc7a6ea673a4da9d465', 237553), ('feedback', '3b8ef77a862afd923aeb713f4892c8de909fa859cc09a6d178315608a5f47c5b', 235901), ('contrib', '01adaadd946fb5d943b71b09a4d7029212538565c5f5abd8e240f3f8841e8013', 75199), ('contrib', '388cc8463694c9d11aad30361d38c594f85eaa571e82562c09a9e6d15817256e', 58099), ('contrib', 'f062fdb35ca94387c6dc231e380a202da253040b26b2ea687cbb3bd7e41e6996', 58099), ('contrib', '1641180090ceebfa16d39c5dd5e01ddc1821c64eaabc6c1f445c57579fb5077e', 58099), ('contrib', '01d3184bcd2692f2067f65a2450723874c693c4d33463b6a475d2e3b52952214', 58099), ('close', 'f85f91bc3b256d8e75f9e1445792fc48c2ae48504200da49133028da803f4d8d', 643640)]"
3,00:12:39.224,0.8055,204.4893237054348,"[1277962962962962961, 1277962962962962961, 1277962962962962961, 1277962962962962961, 451851851851851852, 736296296296296296]","[60, 58, 60, 58, 62, 64]","[66, 66, 66, 66, 66, 65]","[('0xA41dE09A63f6Cedd633f99052b44450d3BB91D44', 2635555555555555551, 173518518518518518, 1277962962962962961), ('0x17725D495A0843Ea05541fD61ba5D4082750bC08', 2635555555555555551, 173518518518518518, 1277962962962962961), ('0x37AC7AC5D09bbC6dAC1CF036b7F9DdD0EA4E052E', 2635555555555555551, 173518518518518518, 1277962962962962961), ('0x536fc4cd48ad9B3649e8aB615592E83Ec9F5fcd1', 2635555555555555551, 173518518518518518, 1277962962962962961)]",700000000000000000,"[(3, 225925925925925926), (3, 368148148148148147)]","[250000000000000000, 250000000000000000, 250000000000000000, 250000000000000000]","[[0.0, 1.0, 1.0, 1.0, -1.0, -1.0], [1.0, 0.0, 1.0, 1.0, -1.0, -1.0], [1.0, 1.0, 0.0, 1.0, -1.0, -1.0], [1.0, 1.0, 1.0, 0.0, -1.0, -1.0], [-1.0, -1.0, -1.0, -1.0, 0.0, -1.0], [0.0, 0.0, 0.0, 0.0, 0.0, 0.0]]","[5, 6]","['$user$0, 0.749, good, good, None, 0xA41dE09A63f6Cedd633f99052b44450d3BB91D44', '$user$1, 0.776, good, good, None, 0x17725D495A0843Ea05541fD61ba5D4082750bC08', '$user$2, 0.77, good, good, None, 0x37AC7AC5D09bbC6dAC1CF036b7F9DdD0EA4E052E', '$user$3, 0.762, good, good, None, 0x536fc4cd48ad9B3649e8aB615592E83Ec9F5fcd1', '$user$4, 0.411, bad, bad, 3, 0x118E560679B62a9F24c135A96d416548782f8cc2', '$user$5, 0.6, freerider, freerider, 3, 0xA2F37A08a8488CB8551a0D03f7A73f4156757de7']","[('close', 'f85f91bc3b256d8e75f9e1445792fc48c2ae48504200da49133028da803f4d8d', 643640), ('slot', '47f36cfb7f8564e3fd00acdd37194773315e4f163d4aa089c0ac286cba3b071a', 50814), ('slot', '200a5e025ec277b9ab5cfc8376d5222faf6bbebf7001ebeeb261b6e187b859d8', 50814), ('slot', '39434674958a1f69d02a8bab8e2ce4eed50d8b20416b62139f4b2c36dd78f0f8', 50814), ('slot', '336206763d7b06e71daeaa348a0b8dfbe34fe16f641336f25821c9ce97526c4d', 50802), ('slot', '556ae720e99466a7a2ba4f90d92357e4c1f5ead486fe6515450620da31784241', 50814), ('slot', 'ace4b1ed4d930847f3cb6eb07d17cc7803c5b1fc26804fadede293f2c912e9f0', 50814), ('weights', '03e64ac9f1d1ae737d081c0bf7e23a15b7817e56e7ee47090b3bace5d4f58cb8', 73694), ('weights', 'fc9aee22d7f44e4d7238119e6b0fc0263e6163c88d539701f227357a4afa1220', 56594), ('weights', '0edf20d47d9826e840c2599d7514fea2d8f184f85400eea22fd07a41a225f14d', 56594), ('weights', 'c97900a34f193ffe58a75c76b76a391857dde3d9e16784b1b31163da29c42e44', 56594), ('weights', '8176a0b2a4b3e2e508ee7c52af556b8b11562bcb18ae856287322d09f1c1079f', 56582), ('weights', '565df81c19e9819ca82c7ffb2c67034b8a810a03a9f6b4ad7924e02faaeaa921', 56594), ('feedback', 'fcc81aae916480fca5df13947ef5a83b67151e6ec44232c38dfe6fd906032491', 321749), ('feedback', 'ac43e78f94a52cb2effe4e73ce3e4064e663e6668e9b33c614041617ec0b70e4', 253349), ('feedback', '8794f060dfae82465d076f708dc43f9cec2f262591b32d83224f89bd0f88bd35', 236249), ('feedback', '2b52443f72360b95da6835796d7c2e492fa2408857819efae972f72809808378', 276049), ('feedback', 'e37b7b8884ea6f2339416a2981575e6d54b4aa93f0aa995703f142f362fb8639', 229293), ('feedback', 'b3a79bf06473d46e60c600cf9ffa77fd8bd4510646a7ee1195e5c03e8962033e', 210683), ('contrib', '77ad8fae4086d15c9ce0c45c9eda7aa6a6de72a91627c6563eed1400b7109971', 75199), ('contrib', '94a3c8a56f2374da9e9806e5c32275d9fd2c9f09edaac94e872d0ca5d75899a8', 58099), ('contrib', 'bcf1559dd9cf9f5109437744a815cd5e5466531462ebbe0a5200110077f349a9', 58099), ('contrib', '9c1d902257393d034a53601ead4bed0d2e857dbd9b01678b4137fe1314731eeb', 58099), ('close', 'e7e31d4110f5c49c611e25f434f4b9513660f494ded22207a26403e6226e3ecb', 658515)]"
4,00:13:05.648,0.8641,143.10796884447336,"[1401975308641975306, 1401975308641975306, 1401975308641975306, 1401975308641975306, 301234567901234568, 490864197530864198]","[79, 80, 80, 79, 82, 82]","[21, 21, 22, 23, 20, 20]","[('0xA41dE09A63f6Cedd633f99052b44450d3BB91D44', 3382037037037037031, 124012345679012345, 1401975308641975306), ('0x17725D495A0843Ea05541fD61ba5D4082750bC08', 3382037037037037031, 124012345679012345, 1401975308641975306), ('0x37AC7AC5D09bbC6dAC1CF036b7F9DdD0EA4E052E', 3382037037037037031, 124012345679012345, 1401975308641975306), ('0x536fc4cd48ad9B3649e8aB615592E83Ec9F5fcd1', 3382037037037037031, 124012345679012345, 1401975308641975306)]",600000000000000000,"[(4, 150617283950617284), (4, 245432098765432098)]","[250000000000000000, 250000000000000000, 250000000000000000, 250000000000000000]","[[0.0, 1.0, 1.0, 1.0, -1.0, -1.0], [1.0, 0.0, 1.0, 1.0, -1.0, -1.0], [1.0, 1.0, 0.0, 1.0, -1.0, -1.0], [1.0, 1.0, 1.0, 0.0, -1.0, -1.0], [-1.0, -1.0, -1.0, -1.0, 0.0, -1.0], [0.0, 0.0, 0.0, 0.0, 0.0, 0.0]]","[5, 6]","['$user$0, 0.837, good, good, None, 0xA41dE09A63f6Cedd633f99052b44450d3BB91D44', '$user$1, 0.844, good, good, None, 0x17725D495A0843Ea05541fD61ba5D4082750bC08', '$user$2, 0.851, good, good, None, 0x37AC7AC5D09bbC6dAC1CF036b7F9DdD0EA4E052E', '$user$3, 0.814, good, good, None, 0x536fc4cd48ad9B3649e8aB615592E83Ec9F5fcd1', '$user$4, 0.411, bad, bad, 3, 0x118E560679B62a9F24c135A96d416548782f8cc2', '$user$5, 0.6, freerider, freerider, 3, 0xA2F37A08a8488CB8551a0D03f7A73f4156757de7']","[('close', 'e7e31d4110f5c49c611e25f434f4b9513660f494ded22207a26403e6226e3ecb', 658515), ('slot', '894b88b36eec04eb953fb9e0a276339d955450fb2c38dae32cba433d097bfc61', 50814), ('slot', '00bb578ce520a702a788af943f1ab93c83d61dcf27544cf2ee368adae354396e', 50814), ('slot', '1bcbfbbf281bbca8b30a0062d0f31f9239f60299f049d5020f9c8c23f8068989', 50814), ('slot', '85a83a33976c75ffa14fa34a0d40ea7c91a29be2a80a968870a259251e72f4d2', 50814), ('slot', 'd37923d2a330593e330fe45f574de1c6cad582a42f9aaf3635c54e08bb26c8a8', 50814), ('slot', 'ba121be44f0e7b2d7436d4d4c8519e2a14badaf89895114f2f7de27831148e14', 50814), ('weights', 'd8adb957c25c7864482ed464de953c92ec1c4153c042c4ab7dd02b850a88eab4', 73694), ('weights', '5565c15087c482c537773aa2644d10569bd4479db1446c81f05eee944473dbec', 56594), ('weights', '5bef3d9f4e8afea697a507e34c941285e8e81ebf3fabf6a9f20f9bf5ce0db84c', 56594), ('weights', '1d29cad6aca8c37e3b0954d694d56d44454e5dba04c7a2707ec96e1617850a81', 56594), ('weights', '71e1d7919cb391372fa43e395655b74691007532b4c9a951853f5c0f48b6054b', 56594), ('weights', '22a53fe810e53a8a75cea0ddf2229e4b669b3ef7ae4776a9e3d19b3fcacaf0f0', 56594), ('feedback', 'd42a56b480c087da4ec6c18a8d2152f5705a12adfd965fc81e83c4cdd1bf412e', 323749), ('feedback', 'f3df883640034ddb0b249d5433e0820f2bd55bbc5ec1f94cf86ab9ffd76adb01', 255349), ('feedback', '94e51007dbdafecfd98c6243841a39857646e0321c2c02e54ee53b22f2730d78', 238249), ('feedback', '55f6601108d3ac6af5e3cc3d9986ea47b8c9a380be4bee8e749e132dfe012d58', 238249), ('feedback', 'f795da65acf3b5b3a554b85f678e89edb736259a676fc1211df8c87ca60bce14', 239293), ('feedback', '62be41698ba9c4380c1fe1cc32adbbc8e816ad31fdaa06d3c260a809a2b6f5fb', 218683), ('contrib', 'a26b1a3f8f3cda11293d0d225ab357b21aaffd937761198fa17cabd751109175', 75199), ('contrib', '694abf64dc8cf9eb80a0f5326be3cc385721556984136bf49df2489056be73cf', 58099), ('contrib', '5c0244bf677c76e389e8ab83a7cd2620f016cde74e1864cf786ec4879de08355', 58099), ('contrib', '2545de7044ae0a36ecbadbbc020a89f7cda540107401bdea0a37c6676482f6f5', 58099), ('close', 'ab173d1da8953f3deabc719a791565d8224b9a0c29951e13008c305bc9620c8b', 658515)]"
5,00:13:32.291,0.8882,115.33778678625822,"[1543189300411522631, 1543189300411522631, 1543189300411522631, 1543189300411522631, 327242798353909466, 0]","[86, 87, 86, 85, 88, 87]","[14, 14, 15, 16, 14, 14]","[('0xA41dE09A63f6Cedd633f99052b44450d3BB91D44', 3904691358024691350, 141213991769547325, 1543189300411522631), ('0x17725D495A0843Ea05541fD61ba5D4082750bC08', 3904691358024691350, 141213991769547325, 1543189300411522631), ('0x37AC7AC5D09bbC6dAC1CF036b7F9DdD0EA4E052E', 3904691358024691350, 141213991769547325, 1543189300411522631), ('0x536fc4cd48ad9B3649e8aB615592E83Ec9F5fcd1', 3904691358024691350, 141213991769547325, 1543189300411522631)]",500000000000000000,"[(5, 163621399176954732), (5, 301234567901234568)]","[250000000000000000, 250000000000000000, 250000000000000000, 250000000000000000]","[[0.0, 1.0, 1.0, 1.0, -1.0, -1.0], [1.0, 0.0, 1.0, 1.0, -1.0, -1.0], [1.0, 1.0, 0.0, 1.0, -1.0, -1.0], [1.0, 1.0, 1.0, 0.0, -1.0, -1.0], [-1.0, -1.0, -1.0, -1.0, 0.0, -1.0], [0.0, 0.0, 0.0, 0.0, 0.0, 0.0]]","[6, 5]","['$user$0, 0.865, good, good, None, 0xA41dE09A63f6Cedd633f99052b44450d3BB91D44', '$user$1, 0.874, good, good, None, 0x17725D495A0843Ea05541fD61ba5D4082750bC08', '$user$2, 0.881, good, good, None, 0x37AC7AC5D09bbC6dAC1CF036b7F9DdD0EA4E052E', '$user$3, 0.868, good, good, None, 0x536fc4cd48ad9B3649e8aB615592E83Ec9F5fcd1', '$user$5, 0.6, freerider, freerider, 3, 0xA2F37A08a8488CB8551a0D03f7A73f4156757de7']","[('close', 'ab173d1da8953f3deabc719a791565d8224b9a0c29951e13008c305bc9620c8b', 658515), ('slot', '4b9be7557d84e289f17ffe5c2c175c3e1836add1f53693860e465a7a3e6d0fde', 50814), ('slot', '3979dd21aacf9ac8716eee318f59e2c81946ab5acb1821a82e59ab56bfbba19a', 50814), ('slot', 'bc7e783f876144c348c6f52e8157d07f7dd511c7c98d54a580a70f7b0e1c388c', 50814), ('slot', 'ccd3a3f955fb8cd4398770886646817b2fb1fb5ae913c21a00a8b9fdb30ae911', 50814), ('slot', 'a3721057aaaaca1255937fc942322e64a5261b6a66c880818ee0d5808536a5e7', 50814), ('slot', 'be4f58aec2ffb852e972c0bcba3be05a59cccafa7970a740d17288eea10e4486', 50814), ('weights', '98f5f315825b5c694b15ecf9cb5f54162fb43e1a0847aa3ec6abdf5d6938f78f', 73694), ('weights', 'ecf72c863b8c5f48d58f958e967d9efdbe17d1cb646b0c509123ac52bef2189b', 56582), ('weights', '442639278d57f88c8c86bae53beac835e4f020812d7e3689974fd2024da9571f', 56594), ('weights', '17fec4e01a0c3df2d30147dd100a2214304b85d8bf4a177e5c64b2da1557c6e3', 56594), ('weights', 'ea3d9de6202fe9028b634d76d7b38def6feac51b835f033b36a34df1a72be81e', 56594), ('weights', 'e5546ceee0ef99946987763525466389df87b80231a291441ab54f7a4bbfd285', 56594), ('feedback', 'ae3646341d1c83220e60836c33717178524b8443aa17f5b6e75e21fc22dd28b4', 323749), ('feedback', '49b3c1ca5ffa0e3e856b614e10fcd2af5a1c5b96d7b7a77019709f926b657163', 255349), ('feedback', 'f0c04f18be7fb6bfa889a96fb13b682a342ea8200004222c08c56887f7b6e0df', 238249), ('feedback', 'b1f80fdf7038ef386ca94885f3593f51741ef51f879de352757e8919f32f3006', 238249), ('feedback', '11376fef8e7a06da47e70aaba750832ce36d4a0282a20323da2e85b33c6b40c3', 239293), ('feedback', '9f2d9a646ed50525f9c7b22b283e18eccd0aae353c2f0627ba19d9fdc727b421', 218683), ('contrib', '49388c64af691a0193f7321f44368887b83466d7b54f2b4cd549ba66de2d3940', 75199), ('contrib', 'ab46b2085ce21fc74891b5153f5b9f48b94b2983d5ed013d936556c950fba86b', 58099), ('contrib', '6a38c4015da2bfba4b921d7a6a3bb0ac4b1a789f0ef293e5892e055b12868391', 58099), ('contrib', 'd838e0bc46d9c8243c41c2f7d2e257e3f5a677c9ea4588ffb417f22db0b97652', 58099), ('close', 'b9b7ca619c4c1b99780109dda8d5a24be73b5a87fa1715e47c09ad4c971be971', 618388)]"
6,00:13:56.534,0.9054,96.73826912790537,"[1649999999999999997, 1649999999999999997, 1649999999999999997, 1649999999999999997, 0, 0]","[89, 90, 90, 87, 0, 88]","[11, 11, 12, 13, 0, 12]","[('0xA41dE09A63f6Cedd633f99052b44450d3BB91D44', 4629567901234567893, 106810699588477366, 1649999999999999997), ('0x17725D495A0843Ea05541fD61ba5D4082750bC08', 4629567901234567893, 106810699588477366, 1649999999999999997), ('0x37AC7AC5D09bbC6dAC1CF036b7F9DdD0EA4E052E', 4629567901234567893, 106810699588477366, 1649999999999999997), ('0x536fc4cd48ad9B3649e8aB615592E83Ec9F5fcd1', 4629567901234567893, 106810699588477366, 1649999999999999997)]",400000000000000000,"[(6, 327242798353909466)]","[250000000000000000, 250000000000000000, 250000000000000000, 250000000000000000]","[[0.0, 1.0, 1.0, 1.0, 0.0, -1.0], [1.0, 0.0, 1.0, 1.0, 0.0, -1.0], [1.0, 1.0, 0.0, 1.0, 0.0, -1.0], [1.0, 1.0, 1.0, 0.0, 0.0, -1.0], [0.0, 0.0, 0.0, 0.0, 0.0, 0.0], [0.0, 0.0, 0.0, 0.0, 0.0, 0.0]]",[5],"['$user$0, 0.886, good, good, None, 0xA41dE09A63f6Cedd633f99052b44450d3BB91D44', '$user$1, 0.897, good, good, None, 0x17725D495A0843Ea05541fD61ba5D4082750bC08', '$user$2, 0.895, good, good, None, 0x37AC7AC5D09bbC6dAC1CF036b7F9DdD0EA4E052E', '$user$3, 0.894, good, good, None, 0x536fc4cd48ad9B3649e8aB615592E83Ec9F5fcd1']","[('close', 'b9b7ca619c4c1b99780109dda8d5a24be73b5a87fa1715e47c09ad4c971be971', 618388), ('slot', 'b42c3bac5b872584be30be363347e5306837c33e9fecf0ebf6522544ec3bea2f', 50814), ('slot', 'ce87427ebf65c13f7394f6dd39cc9b9ce7e7c28bd3fc530c29f53c1a720d474a', 50802), ('slot', '1690d1c677c689f3d6d688fa0753108b9c7f1b7159f6ed73a3173ad72a0a38ef', 50814), ('slot', '573f1ded5c0f364ff55f838943038ec90c3e20380f396d68f554ba52707f49b7', 50814), ('slot', '0d8124b5b3b851f0b1d1a8b076ef6574ee2c8673b1a132e5e7654f7475b69d57', 50814), ('weights', '1db71a14ff58949bb506b8f8b1ab1ea3b1015bb319e8861c781f539a96a4f903', 73694), ('weights', '984cd82ffe63ef3046a8125bcc2b0235cc1aa9150ba3fbad78394ba51100e863', 56594), ('weights', '88da3e31268f1833163e2280c6d37830732f4adb975d8c1d01baf5b22009e52b', 56594), ('weights', '225a6f8ab589a879ee28647c0056c6a523568650befd284b3be043504b09c667', 56594), ('weights', '1574b64732b45ab376e3ee46b421b6b8670b6da0185615289e80260adce91305', 56594), ('feedback', '9ea410d989377d7d59e7f6bead0136e7c46e8eae5b78e76da1f1d9bbac983359', 270522), ('feedback', 'e92fe031999a39f966590c6c4332adfd6c4e4cbff011d152e43924ba1f212584', 219222), ('feedback', '10de0b2656b834b41b1c9dd3a94f7861a3cb31033037d5e951e15e27e39a002b', 202122), ('feedback', '8f19e915bb6d10e74a538c96955e44bfc3187fa203ff003b3ba7baed69fb3d3b', 202122), ('feedback', 'd5716472b1413f278a5fb11e4ef5dcdee235b1e06b8ecf2d836877ba9f51e94e', 186678), ('contrib', 'cba5a55147cda58d23902795b25ab85cb6708f926b4ceec2b3e35110b12144b4', 75199), ('contrib', '762d52e2eacaea040846403fd5788b8e2483a03f5cb2d857b5264fc2e57354d5', 58099), ('contrib', 'ecab8a497983674a6da23febd04763936ce40ace57bb1e2a9433eba383decd62', 58099), ('contrib', '8306996c382ee620185de92e4c188abaf0d1a4f6e62a8bfb1dcdc9989c22fe71', 58099), ('close', '7a7cde06d69af5fdd2c353da95c7c1d99408ea3eb7a6e062d5736da2a9a0eac4', 502181)]"
7,00:14:18.583,0.9156,83.87514597550035,"[1674999999999999997, 1674999999999999997, 1674999999999999997, 1674999999999999997, 0, 0]","[91, 91, 91, 88, 0, 0]","[9, 10, 10, 11, 0, 0]","[('0xA41dE09A63f6Cedd633f99052b44450d3BB91D44', 4949999999999999991, 25000000000000000, 1674999999999999997), ('0x17725D495A0843Ea05541fD61ba5D4082750bC08', 4949999999999999991, 25000000000000000, 1674999999999999997), ('0x37AC7AC5D09bbC6dAC1CF036b7F9DdD0EA4E052E', 4949999999999999991, 25000000000000000, 1674999999999999997), ('0x536fc4cd48ad9B3649e8aB615592E83Ec9F5fcd1', 4949999999999999991, 25000000000000000, 1674999999999999997)]",300000000000000000,[],"[250000000000000000, 250000000000000000, 250000000000000000, 250000000000000000]","[[0.0, 1.0, 1.0, 1.0, 0.0, 0.0], [1.0, 0.0, 1.0, 1.0, 0.0, 0.0], [1.0, 1.0, 0.0, 1.0, 0.0, 0.0], [1.0, 1.0, 1.0, 0.0, 0.0, 0.0], [0.0, 0.0, 0.0, 0.0, 0.0, 0.0], [0.0, 0.0, 0.0, 0.0, 0.0, 0.0]]",[],"['$user$0, 0.898, good, good, None, 0xA41dE09A63f6Cedd633f99052b44450d3BB91D44', '$user$1, 0.906, good, good, None, 0x17725D495A0843Ea05541fD61ba5D4082750bC08', '$user$2, 0.91, good, good, None, 0x37AC7AC5D09bbC6dAC1CF036b7F9DdD0EA4E052E', '$user$3, 0.907, good, good, None, 0x536fc4cd48ad9B3649e8aB615592E83Ec9F5fcd1']","[('close', '7a7cde06d69af5fdd2c353da95c7c1d99408ea3eb7a6e062d5736da2a9a0eac4', 502181), ('slot', 'f839676f897f8d8734a171cf3d5416615d1f6e9518e7de9b6abcc34cf2a4e0c3', 50814), ('slot', '1efc5752709f9727eb57cfa726c252728389a36654faa436ce9a678b0e4118c9', 50814), ('slot', 'de329b7b425b38097f64b5898df30a6f4b7be1c89b3caf8c208e72e0ffcad0a4', 50814), ('slot', 'c21e5fad8ddd1ad8e6908f7f6f10f6308ae576d7b8d301cff2e91ef3661120b1', 50814), ('weights', 'f0e786470195ee38c7cc792249ab5259b97b5c41825526eca00c3f857676dc9d', 73694), ('weights', '6c8506e207260fbfb5128aa0c421b1d6f581edf1427c8c3a2a3891aa3d5c7a69', 56594), ('weights', 'ebf11e0e73a8337a5ee5c18de3d711f32553ba9420084e89d87e516bb2001e4c', 56594), ('weights', '408e9b99e2e2f2bae1ad815bdf166ae278f2d1cbe89fc071ea73771a8c0d0b62', 56594), ('feedback', '6f8599c3d3303b1eae88e917c0b8e4c9a3f3e10739f7a8d2b699a56545e8f354', 217307), ('feedback', 'ee4ca00b2cca3833fec77269b304f412d5107e9f0cb983aca6f1063919e5ac4f', 183107), ('feedback', 'fca112ad0df51a4469b669d4b44e7cf0b464148cf739a4609ae20a65f3d97900', 166007), ('feedback', 'f3ff5e799c2f41f3b5bd382baa4382682ce311b4e4dfdf92bc34874e1c338c25', 166007), ('contrib', '11339556a59fe4162ec36269b6e589f53f746667fa409c1a45ee7b8155ae0f7a', 75199), ('contrib', 'b0457bfd5d50008a43610c4175e3d8b519c09d355daed668c3c4cc4ee72efe73', 58099), ('contrib', 'e93d525764b7373e2c89af21266d32b1afc4c2da0edaf1bddee45c97cb43f567', 58099), ('contrib', '0d9fe0aa0fd8afe51045c041f15a382fc6ab629effa36a1b8f8229e344bb97c9', 58099), ('close', '451fcf877b00fd98277476175dbfa16faf30983dda0a2f86fcd6c23a464e6d82', 410442)]"
8,00:14:40.415,0.9285,73.08802850171924,"[1699999999999999997, 1699999999999999997, 1699999999999999997, 1699999999999999997, 0, 0]","[92, 92, 93, 90, 0, 0]","[8, 8, 8, 10, 0, 0]","[('0xA41dE09A63f6Cedd633f99052b44450d3BB91D44', 5024999999999999991, 25000000000000000, 1699999999999999997), ('0x17725D495A0843Ea05541fD61ba5D4082750bC08', 5024999999999999991, 25000000000000000, 1699999999999999997), ('0x37AC7AC5D09bbC6dAC1CF036b7F9DdD0EA4E052E', 5024999999999999991, 25000000000000000, 1699999999999999997), ('0x536fc4cd48ad9B3649e8aB615592E83Ec9F5fcd1', 5024999999999999991, 25000000000000000, 1699999999999999997)]",200000000000000000,[],"[250000000000000000, 250000000000000000, 250000000000000000, 250000000000000000]","[[0.0, 1.0, 1.0, 1.0, 0.0, 0.0], [1.0, 0.0, 1.0, 1.0, 0.0, 0.0], [1.0, 1.0, 0.0, 1.0, 0.0, 0.0], [1.0, 1.0, 1.0, 0.0, 0.0, 0.0], [0.0, 0.0, 0.0, 0.0, 0.0, 0.0], [0.0, 0.0, 0.0, 0.0, 0.0, 0.0]]",[],"['$user$0, 0.91, good, good, None, 0xA41dE09A63f6Cedd633f99052b44450d3BB91D44', '$user$1, 0.919, good, good, None, 0x17725D495A0843Ea05541fD61ba5D4082750bC08', '$user$2, 0.927, good, good, None, 0x37AC7AC5D09bbC6dAC1CF036b7F9DdD0EA4E052E', '$user$3, 0.905, good, good, None, 0x536fc4cd48ad9B3649e8aB615592E83Ec9F5fcd1']","[('close', '451fcf877b00fd98277476175dbfa16faf30983dda0a2f86fcd6c23a464e6d82', 410442), ('slot', '46a874c625861c58df393faf4f244413505d015d243485c2f103d1e52d94b297', 50814), ('slot', '17f3d9436f2253c9f4a45070cf116a41f227484ccfcd8941be8236ad967f69a9', 50814), ('slot', 'f0ec4f505d1c86069bde72c0240aebef4f7d71b4ca5cf53f4c60ccf607cf31ad', 50814), ('slot', '2e7dff619d363940ca4588b9438c2ab84ad353bcfa94cb81de53351b30b7273f', 50802), ('weights', '1b6b4da5bf1f2dc4526f6adba67bd91ebaedc50be6d14a5fc56bf56e7b06fdca', 73694), ('weights', '93c260eb5c05549461876764991782252f9c0c44e4b53f6e62b3b8c7be319da6', 56594), ('weights', 'd28c6497394667bbc74c16c04a407f833a13090b74586cd2b8013f03e358fb1d', 56594), ('weights', 'd1b27f52b747a08857a7f432e8d6bb04eb662dd6166aa22a090a5a62712a01db', 56594), ('feedback', '8a9f2a8f5a4df11a1498c445217e88ca0c9b018b2df93eea370454c5180b5db2', 217307), ('feedback', '6e91de97646a1b38fce1eb4593db0a843caa11e9a1ba97348dce1edbb49d31de', 183107), ('feedback', '8685c6aab40938cd8c893dbdd0f42dda916b7285c86ea6cec918d691cce21d37', 166007), ('feedback', 'a229f932117d999970ae304dcc688775a40d0ac6b8a6c21e8aa63d3a9644b5e6', 166007), ('contrib', '8e9abe25c8bd1b29d7502d359a1148831a99fe786ec9c4feb3089a261639ffd6', 75199), ('contrib', '2b5ea472b873520eaa6b9cd8fa367c6be86df2dbacc5db62cbb2acb152adc931', 58099), ('contrib', '0d28f6d8e4dc9a1baca5ac113e77411427bf8085f2955da106cb57768ce24225', 58099), ('contrib', 'ca6c69eda95929e9378d04acd9d379f8647ed511eaff15e573ca34f14331c629', 58099), ('close', '1958d2372e41f251aac67c42fa6911944ab29a63b22164e02d09e50386c4f01e', 410442)]"
9,00:15:02.465,0.9365,64.72693495824933,"[1724999999999999997, 1724999999999999997, 1724999999999999997, 1724999999999999997, 0, 0]","[93, 93, 94, 91, 0, 0]","[7, 7, 7, 9, 0, 0]","[('0xA41dE09A63f6Cedd633f99052b44450d3BB91D44', 5099999999999999991, 25000000000000000, 1724999999999999997), ('0x17725D495A0843Ea05541fD61ba5D4082750bC08', 5099999999999999991, 25000000000000000, 1724999999999999997), ('0x37AC7AC5D09bbC6dAC1CF036b7F9DdD0EA4E052E', 5099999999999999991, 25000000000000000, 1724999999999999997), ('0x536fc4cd48ad9B3649e8aB615592E83Ec9F5fcd1', 5099999999999999991, 25000000000000000, 1724999999999999997)]",100000000000000000,[],"[250000000000000000, 250000000000000000, 250000000000000000, 250000000000000000]","[[0.0, 1.0, 1.0, 1.0, 0.0, 0.0], [1.0, 0.0, 1.0, 1.0, 0.0, 0.0], [1.0, 1.0, 0.0, 1.0, 0.0, 0.0], [1.0, 1.0, 1.0, 0.0, 0.0, 0.0], [0.0, 0.0, 0.0, 0.0, 0.0, 0.0], [0.0, 0.0, 0.0, 0.0, 0.0, 0.0]]",[],"['$user$0, 0.911, good, good, None, 0xA41dE09A63f6Cedd633f99052b44450d3BB91D44', '$user$1, 0.919, good, good, None, 0x17725D495A0843Ea05541fD61ba5D4082750bC08', '$user$2, 0.937, good, good, None, 0x37AC7AC5D09bbC6dAC1CF036b7F9DdD0EA4E052E', '$user$3, 0.914, good, good, None, 0x536fc4cd48ad9B3649e8aB615592E83Ec9F5fcd1']","[('close', '1958d2372e41f251aac67c42fa6911944ab29a63b22164e02d09e50386c4f01e', 410442), ('slot', '20d66073d6d6b42bb3b10e1b787501d739b1ccde3b0c5799bef7a8de79ca3b14', 50814), ('slot', '3121fe1f8e4300db6904c4c39a9be5a01b3aaf88906670fac2069832d619ddb7', 50802), ('slot', '6bc61134b5b9350b8f7e328bc6a490bba93d8a5113a2eb13b6eb4c34b68503a1', 50814), ('slot', '20680bb01ad0225d3612bf399dcba81ed6b783a3064e11003fac340245fc0d42', 50814), ('weights', 'fee2d4c2cd085f2c96e024b39d9f5013ddb927f965bcf9d6a650af65051f62ec', 73682), ('weights', 'e357f2fe213da4b1803fc5a1fbfbf5f1c0938c1b98d1e799a5944fe1399e6e32', 56594), ('weights', 'ab7e5df2116ede5b582a769f64fb7f49b037342b918f34b982e694d70855accf', 56594), ('weights', 'fb084e4aedac8289c5acc9997df8c4e2da235578e10a19191142529d521cbf20', 56594), ('feedback', '6df547b9be3fd882f3d1b849b81d749a1b516fcd69d627b6a1142c01061e201a', 217307), ('feedback', '1628a4db4e862e00f39a84763b60983ba64b6a7b18bde846af20703c83e96108', 183107), ('feedback', '8dcbc07b9760d8c472abd687ead28e2a0fff387ef63578e139622615b1f9d923', 166007), ('feedback', '5f37be50308fdea4349ae0bfdad2dea566c8aa1266e91a24729106e8eea2bdf7', 166007), ('contrib', 'dc99abaafbba706f2d1b1f2407b0e3d060daf47b0f2f58f2c634a5bc2cf24712', 75199), ('contrib', 'ea11845f080b1aaf415e680cd1fa7b21e223b96e9e4c8f43bdf3f517fac42049', 58099), ('contrib', '9520c17a56166ca734238584194bf259cf85bbd4443f90b2f318c8b248897a89', 58099), ('contrib', 'f1656e4ad4dd3b98a744ad93ca4f161da27f357f6feda7fdf87724e9395ed49b', 58099), ('close', '2909f34746ee437acdc5ac9cde6b48e62745329690a03094d71fb530c2d7727e', 410442)]"
10,00:15:24.278,0.9419,58.66161125153303,"[1749999999999999997, 1749999999999999997, 1749999999999999997, 1749999999999999997, 0, 0]","[93, 94, 94, 91, 0, 0]","[6, 7, 7, 8, 0, 0]","[('0xA41dE09A63f6Cedd633f99052b44450d3BB91D44', 5174999999999999991, 25000000000000000, 1749999999999999997), ('0x17725D495A0843Ea05541fD61ba5D4082750bC08', 5174999999999999991, 25000000000000000, 1749999999999999997), ('0x37AC7AC5D09bbC6dAC1CF036b7F9DdD0EA4E052E', 5174999999999999991, 25000000000000000, 1749999999999999997), ('0x536fc4cd48ad9B3649e8aB615592E83Ec9F5fcd1', 5174999999999999991, 25000000000000000, 1749999999999999997)]",0,[],"[250000000000000000, 250000000000000000, 250000000000000000, 250000000000000000]","[[0.0, 1.0, 1.0, 1.0, 0.0, 0.0], [1.0, 0.0, 1.0, 1.0, 0.0, 0.0], [1.0, 1.0, 0.0, 1.0, 0.0, 0.0], [1.0, 1.0, 1.0, 0.0, 0.0, 0.0], [0.0, 0.0, 0.0, 0.0, 0.0, 0.0], [0.0, 0.0, 0.0, 0.0, 0.0, 0.0]]",[],"['$user$0, 0.927, good, good, None, 0xA41dE09A63f6Cedd633f99052b44450d3BB91D44', '$user$1, 0.936, good, good, None, 0x17725D495A0843Ea05541fD61ba5D4082750bC08', '$user$2, 0.937, good, good, None, 0x37AC7AC5D09bbC6dAC1CF036b7F9DdD0EA4E052E', '$user$3, 0.919, good, good, None, 0x536fc4cd48ad9B3649e8aB615592E83Ec9F5fcd1']","[('close', '2909f34746ee437acdc5ac9cde6b48e62745329690a03094d71fb530c2d7727e', 410442), ('slot', 'd728bfae976962bc46fe4b26a86216318822e5ac83d8a7fd220c25feade4e21e', 50814), ('slot', '479ea57fc1b20002a2dbcd3d3d244e1090a5e391c745c2c60627fd5368175d63', 50814), ('slot', '0962f0e84ad2f0471acee2a3d624602ac5338ab59a8d78f94c4157dfecba4eb0', 50814), ('slot', 'c47b483702da58b5dc6bebc9fe041adec49a9e12cb36a9aa9f7ba8fe50fb2743', 50814), ('weights', 'efe3371b699d1d781fb8742a829c8b870fb17b209f4b3aca542cf8f083586334', 73694), ('weights', '4cb504bcf52ed4f8af21cc50812c4d115cc551a03d9eda48bddbd07b57f96e9f', 56594), ('weights', '2b678d12abc9b24f63f62641ee2f75e8e50cb80bfb48d01e153b355606861b0c', 56594), ('weights', 'd3045316459a35e084d7405e1e046565d5765e294aa538f66849b4f04a78d2e0', 56594), ('feedback', 'b060608a1c6c79ef9749325d3ba32e4161b048d72ef2bc0d4ea37b623b7d645d', 217307), ('feedback', 'd3b9dd63548a6273c3ea00f5b9c962cad00abcea2fc12ebbeeb1846114cfca15', 183107), ('feedback', '9d586b4b0bb7059d0132bfaa11a63ce7c9932ae57270d5d362bd9eda667e27c3', 166007), ('feedback', '1f15cc3eeff5fcbf05e355728084f90902286f76d4670f9dbe21f65b23abaed9', 166007), ('contrib', '3652090df43c3ba0c4d60d5ea1942f0138c3c4d4d50068b499c6a8d846e5bcef', 75199), ('contrib', '30cbb82848eb168163eadf743d01a000420f4956c6ba4f390e4900711b5d75a1', 58099), ('contrib', '6a4d5db97bcc37aee277d6394f999105a2fc547fdaafb010e24b518b481fd118', 58099), ('contrib', 'c2ef55e9c94ce83853b840a7ba79ceaed4329e16c981fefd68631df3dea0e9f1', 58099), ('close', '2fa684f2367899cb2637f9306b94a716f1dd433ad6899e29f0d9e3aaed1c44f3', 410442)]"
# $gasCosts$[422553, 354153, 337053, 337053, 337053, 337053, 75223, 58123, 58123, 58123, 58123, 58123, 300179, 248879, 231779, 241453, 237553, 235901, 75199, 58099, 58099, 58099, 58099, 321749, 253349, 236249, 276049, 229293, 210683, 75199, 58099, 58099, 58099, 323749, 255349, 238249, 238249, 239293, 218683, 75199, 58099, 58099, 58099, 323749, 255349, 238249, 238249, 239293, 218683, 75199, 58099, 58099, 58099, 270522, 219222, 202122, 202122, 186678, 75199, 58099, 58099, 58099, 217307, 183107, 166007, 166007, 75199, 58099, 58099, 58099, 217307, 183107, 166007, 166007, 75199, 58099, 58099, 58099, 217307, 183107, 166007, 166007, 75199, 58099, 58099, 58099, 217307, 183107, 166007, 166007, 75199, 58099, 58099, 58099],[126674, 126674, 126674, 126674, 126674],[50814, 50814, 50814, 50814, 50814, 50814, 50814, 50814, 50814, 50814, 50802, 50814, 50814, 50814, 50814, 50802, 50814, 50814, 50814, 50814, 50814, 50814, 50814, 50814, 50814, 50814, 50814, 50814, 50814, 50814, 50814, 50802, 50814, 50814, 50814, 50814, 50814, 50814, 50814, 50814, 50814, 50814, 50802, 50814, 50802, 50814, 50814, 50814, 50814, 50814, 50814],[73694, 56594, 56570, 56582, 56582, 56582, 73694, 56582, 56594, 56594, 56594, 56594, 73694, 56594, 56594, 56594, 56582, 56594, 73694, 56594, 56594, 56594, 56594, 56594, 73694, 56582, 56594, 56594, 56594, 56594, 73694, 56594, 56594, 56594, 56594, 73694, 56594, 56594, 56594, 73694, 56594, 56594, 56594, 73682, 56594, 56594, 56594, 73694, 56594, 56594, 56594],[641581, 643640, 658515, 658515, 618388, 502181, 410442, 410442, 410442, 410442],[],[]
# TOTAL EXPERIMENT TIME: 255.95 seconds
