# Author Nykjaer
# ------Specs--------# cpu_name:  (processor model)
# cpu_cores: 6 (physical cores)
# ram_gb: 13.5 (system memory in GB)
# gpu_name: NVIDIA GeForce RTX 3060 Laptop GPU (graphics processor)
# os_name: Linux (operating system)
# ------Config--------# good_contributors: 4 (honest participants)
# bad_contributors: 1 (malicious participants)
# freeriders: 1 (contribute 0)
# inactive: 0 (never join)
# reward: 1000000000000000000 (total reward pool)
# minimum_rounds: 10 (rounds to simulate)
# min_buy_in: 1000000000000000000 (lower buy-in bound)
# max_buy_in: 1000000000000000000 (upper buy-in bound)
# standard_buy_in: 1000000000000000000 (default buy-in)
# epochs: 1 (local epochs per round)
# batch_size: 32 (training batch size)
# punish_factor: 3 (penalty multiplier)
# first_round_fee: 50 (fee for first round)
# fork: True (True=local fork, False=real net)
# contribution_score_strategy: dotproduct (scoring method)
# use_outlier_detection: True (Whether to use outlier detection)
# freerider_start_round: 3 (When freeriders should start freeriding)
# freerider_noise_scale: 1.0 (How much noise a freeder should add)
round,time,globalAcc,globalLoss,GRS,accAvgPerUser,lossAvgPerUser,rewards,conctractBalanceRewards,punishments,contributionScores,feedbackMatrix,disqualifiedUsers,userStatuses,GasTransactions
# $startingUserConfig$['$user$0, 0, good, good, None, 0xA41dE09A63f6Cedd633f99052b44450d3BB91D44', '$user$1, 0, good, good, None, 0x17725D495A0843Ea05541fD61ba5D4082750bC08', '$user$2, 0, good, good, None, 0x37AC7AC5D09bbC6dAC1CF036b7F9DdD0EA4E052E', '$user$3, 0, good, good, None, 0x536fc4cd48ad9B3649e8aB615592E83Ec9F5fcd1', '$user$4, 0, good, bad, 3, 0x118E560679B62a9F24c135A96d416548782f8cc2', '$user$5, 0, good, freerider, 3, 0xA2F37A08a8488CB8551a0D03f7A73f4156757de7']
0,01:18:43.090,0,720.3578491210938,"[1000000000000000000, 1000000000000000000, 1000000000000000000, 1000000000000000000, 1000000000000000000, 1000000000000000000]",[],[],[],1000000000000000000,[],[],,[],"['$user$0, 0, good, good, None, 0xA41dE09A63f6Cedd633f99052b44450d3BB91D44', '$user$1, 0, good, good, None, 0x17725D495A0843Ea05541fD61ba5D4082750bC08', '$user$2, 0, good, good, None, 0x37AC7AC5D09bbC6dAC1CF036b7F9DdD0EA4E052E', '$user$3, 0, good, good, None, 0x536fc4cd48ad9B3649e8aB615592E83Ec9F5fcd1', '$user$4, 0, good, bad, 3, 0x118E560679B62a9F24c135A96d416548782f8cc2', '$user$5, 0, good, freerider, 3, 0xA2F37A08a8488CB8551a0D03f7A73f4156757de7']","[('register', '527060c8f76fd1b3811b373fbccf9d86010709cc4f28866403559562d1bfcb08', 126674), ('register', 'b3f9e9d370846fcc952638148b9822233bed636c2653b201589d8e07735ddbac', 126674), ('register', 'aee1d906a369ac5a1d899c5f58abdebd4362f4cb9d7032cf6307bbc9ee951d1e', 126674), ('register', '2fb0d391e6125649bbb0d3ee5a600f3e969e427b2c075a7da350dc3f447b797f', 126674), ('register', 'feecd8dc860e448a5eeb21d7bb0588a139e85251653adb3e4000d4f1d10cdacd', 126674)]"
1,01:19:13.941,0.1415,717.0198364257812,"[1016597452017778813, 1016600171479575120, 1016840559981440306, 1016561850165045999, 1016718517986602277, 1016681448369557483]","[10, 10, 11, 12, 12, 11]","[74, 74, 74, 74, 74, 74]","[('0xA41dE09A63f6Cedd633f99052b44450d3BB91D44', 5000000000000000000, 16597452017778813, 1016597452017778813), ('0x17725D495A0843Ea05541fD61ba5D4082750bC08', 2000000000000000000, 16600171479575120, 1016600171479575120), ('0x37AC7AC5D09bbC6dAC1CF036b7F9DdD0EA4E052E', 5000000000000000000, 16840559981440306, 1016840559981440306), ('0x536fc4cd48ad9B3649e8aB615592E83Ec9F5fcd1', 1000000000000000000, 16561850165045999, 1016561850165045999), ('0x118E560679B62a9F24c135A96d416548782f8cc2', 5000000000000000000, 16718517986602277, 1016718517986602277), ('0xA2F37A08a8488CB8551a0D03f7A73f4156757de7', 5000000000000000000, 16681448369557483, 1016681448369557483)]",900000000000000000,[],"[165974527597427368, 166001722216606140, 168405607342720031, 165618509054183959, 167185187339782714, 166814491152763366]","[[0.0, 0.0, 1.0, 0.0, 1.0, 1.0], [1.0, 0.0, 1.0, 1.0, 1.0, 1.0], [1.0, 0.0, 0.0, 0.0, 1.0, 1.0], [1.0, 1.0, 1.0, 0.0, 1.0, 1.0], [1.0, 1.0, 1.0, 0.0, 0.0, 1.0], [1.0, 0.0, 1.0, 0.0, 1.0, 0.0]]",[],"['$user$0, 0.732, good, good, None, 0xA41dE09A63f6Cedd633f99052b44450d3BB91D44', '$user$1, 0.613, good, good, None, 0x17725D495A0843Ea05541fD61ba5D4082750bC08', '$user$2, 0.743, good, good, None, 0x37AC7AC5D09bbC6dAC1CF036b7F9DdD0EA4E052E', '$user$3, 0.625, good, good, None, 0x536fc4cd48ad9B3649e8aB615592E83Ec9F5fcd1', '$user$4, 0.71, good, bad, 3, 0x118E560679B62a9F24c135A96d416548782f8cc2', '$user$5, 0.762, good, freerider, 3, 0xA2F37A08a8488CB8551a0D03f7A73f4156757de7']","[('slot', '550aac6b71e1b10d302f78e61307c26ffbb7c184b3a2f536d92777d76473a2d7', 50814), ('slot', '92b52399bc72121e1edc146ee0a8b12717c14fb30244746df833f483e3193a2a', 50814), ('slot', '18800178e338a4616d86215faa8b5ac9b7aae0894666a299d42dae73869fcc0e', 50814), ('slot', 'f8407505f5e9ec3478b60cc2a4c212f2cefe3c8d5397f7195a8e62b97e0df836', 50814), ('slot', '897d9245e3ced44d739c1db3c688a71af58a7090878bbac823e6382e9e97b263', 50814), ('slot', '4a3ba0bbfae92925bf398714c49136eb54ca46bd6e3dccd2e67fe5f7b7e5778e', 50814), ('weights', 'ab2ee5a055f18049c6ed0c798ccb672485c1eb4aa8f103fff1dfe582101bbde7', 73694), ('weights', '2fe69ae2887d6dc4c96bf485f83b712036a8c4c8f9986dcdcde12a60bcd68e35', 56594), ('weights', '2560b7a247f1d9a245f9d33b22ac4ecbbbce4dd4328472a0f76f2f08964bd154', 56594), ('weights', '8fdf8de6c7897d79a9cbe81fbf5691eef89c2b68defc41d9ecc3466ed70eaf51', 56594), ('weights', '3cac5c6c23136e2f6317ca8f8d1aef85f7a987814547a922579518daf821e25d', 56594), ('weights', '9334370284513928594ad191f7530b885d4d62299cf1439f3780dacf054f4bec', 56594), ('feedback', '164e70388cf2bd17241ac00a507aef8af988ebd944711fd22900adfabd807d45', 341005), ('feedback', '5b5e1134bb3287e5b990023632106e95f563206db4044d68b6548df897b95277', 371253), ('feedback', 'c9da09f5568682e0241cb47858f3e2a77cd05f5611d82157ee7b3563e98c6b9f', 289705), ('feedback', 'd44db855404be425bf0b357adefb724dbadafaedd73687fc94a44a03b3b00e40', 354153), ('feedback', 'd3967646bf1f0bf9b6162f97b7ca9ba53d44c39bf48cebe9ff1372ae6517712e', 313379), ('feedback', 'f20a048b9b649acc3bbb7a0439e9867e87715c7875f5969f9f4cca3ada91094a', 289705), ('contrib', 'e306185eab57d24e28f7acf53f8ecf31515fe9a7ca59a433119434a301c11d92', 75223), ('contrib', '91a0c8b3f092a2a608b328b9434df280604d38ece829a5098d3d776b1e827829', 58123), ('contrib', 'e058b7ad3456f2993fa6e9ba4db55e2b295aa417513b7935b29167e6db4140a1', 58123), ('contrib', '15737d25a6d51252c00388cfb4636dd32a9ecbf25594b3ca6b3d9966187ca9a6', 58123), ('contrib', '75de3fe2d4a55b49e2d0df3bd15e9ffb585a893510471e30607bfaea6254ebd9', 58123), ('contrib', '0417687e604aa186e82b8fefde04752abd08535bc0afa2e547fc64a202da96bc', 58123), ('close', '02ed402cf0761407b338ac0269eff323e124d83070fa0e856bc117dea255f5bf', 641581)]"
2,01:19:44.814,0.5248,667.0059509277344,"[1033265696469133754, 1033268913629736184, 1033506302527718956, 1033230856065771985, 1033381280300508930, 1033346951007130187]","[13, 12, 14, 14, 14, 17]","[73, 73, 73, 73, 73, 73]","[('0xA41dE09A63f6Cedd633f99052b44450d3BB91D44', 5083402547982221185, 16668244451354941, 1033265696469133754), ('0x17725D495A0843Ea05541fD61ba5D4082750bC08', 4066837978355378879, 16668742150161064, 1033268913629736184), ('0x37AC7AC5D09bbC6dAC1CF036b7F9DdD0EA4E052E', 4066597589853513693, 16665742546278650, 1033506302527718956), ('0x536fc4cd48ad9B3649e8aB615592E83Ec9F5fcd1', 5083438149834953999, 16669005900725986, 1033230856065771985), ('0x118E560679B62a9F24c135A96d416548782f8cc2', 1016878881295969427, 16662762313906653, 1033381280300508930), ('0xA2F37A08a8488CB8551a0D03f7A73f4156757de7', 4066756701465396516, 16665502637572704, 1033346951007130187)]",800000000000000000,[],"[166682437062263488, 166687414050102233, 166657418012619018, 166690051555633544, 166627615690231323, 166655018925666809]","[[0.0, 1.0, 1.0, 1.0, 0.0, 1.0], [1.0, 0.0, 1.0, 1.0, 1.0, 1.0], [1.0, 1.0, 0.0, 1.0, 1.0, 1.0], [1.0, 0.0, 0.0, 0.0, -1.0, 0.0], [1.0, 1.0, 1.0, 1.0, 0.0, 1.0], [1.0, 1.0, 1.0, 1.0, 0.0, 0.0]]",[],"['$user$0, 0.471, good, good, None, 0xA41dE09A63f6Cedd633f99052b44450d3BB91D44', '$user$1, 0.434, good, good, None, 0x17725D495A0843Ea05541fD61ba5D4082750bC08', '$user$2, 0.422, good, good, None, 0x37AC7AC5D09bbC6dAC1CF036b7F9DdD0EA4E052E', '$user$3, 0.53, good, good, None, 0x536fc4cd48ad9B3649e8aB615592E83Ec9F5fcd1', '$user$4, 0.38, good, bad, 3, 0x118E560679B62a9F24c135A96d416548782f8cc2', '$user$5, 0.481, good, freerider, 3, 0xA2F37A08a8488CB8551a0D03f7A73f4156757de7']","[('close', '02ed402cf0761407b338ac0269eff323e124d83070fa0e856bc117dea255f5bf', 641581), ('slot', '7164ddc155bcf3d418c11496c32124bcd76e4ea573a754e7c97db4e1a00307d8', 50814), ('slot', '48913da55e4a0844f450ec867c8916c5c2973a79fc548490d05cd283e5666dbd', 50814), ('slot', '481f3bbaa08e0b2c6e169d10f1ee12e914409c8d78d11a2f26a4bd6e80582b36', 50814), ('slot', '14d593780258c17b4ba70cec2ed9a353b0b44259a44070a25dccc60d5c9e8300', 50814), ('slot', '313843526234b3f241f7ab1568b9d7c138e96187bebd372ad069a971caae938e', 50814), ('slot', 'd6de7b44dd80ae88d273924a838d95ce6e4d9334fa9c6cea9af2ce979b426d31', 50814), ('weights', 'a01a28581ad3a8755abd936f83b682d214528efdabd703f9d0608688bb379dc6', 73694), ('weights', 'ccd7bd304dbbe0fd1a14dae3730481c95b4ccdd0386b5b63cb005bb80449b11f', 56594), ('weights', '1cbb78dc527ff36a7f59cace9df12c3c706bbfb945b27061e26aef0474316d02', 56594), ('weights', '72ef4bf4789990071f7cb35e7d1a8d02046e87d767bcc89257af7dffaaaa8ef6', 56594), ('weights', 'd24bb082d0ef19f53123ede1e05ab07a02a497fa35fcb8b01aeb76d9e2dea0fa', 56594), ('weights', 'f5e31225930306f696118934e60580529a7d24b3ec8f52741e6f10c33d054e10', 56594), ('feedback', '53535e3b63d90c59dc5dd4e7df982c3f36925b566c76d538b6740aaffb3a86a7', 339979), ('feedback', 'ad7ff5a21566a334cb4b40bbc5a661aeb0b37882c240b2e98e8062d0b3c23eee', 271753), ('feedback', '63887dfaf42e9b6992450399bd2f28f8179ce925c174dc4da020f1b7c765b993', 277353), ('feedback', '2dd96e46419cb3c0deb5f92846fa2003cdc345be4e175dfc89a7b7d9adedf4ea', 218579), ('feedback', '5ef74c3a3d3118efe152f06ea9668fda10db2f5103d533a437de57c585f126a6', 257453), ('feedback', 'ad3fbb1f35af5b5fe8506cc17fe8785fce9c11c5df27168947fa2bdd0552e99f', 271579), ('contrib', 'dfdfb925e4b80bae838ceadfc89d50fe5b6b668899ca2a12115b1b9904e876d7', 75223), ('contrib', '01630e7b89ed57d1ef9bd92227dfadd95d211ec6937b439f61f2278949d600ab', 58123), ('contrib', '8d98f22f820864c848475bac14e326839a58c6f9a61c346bd071360cba578d75', 58123), ('contrib', '76de7a9bc114b7ae4e9cd4d00c0f412a3fd9d12654084e378b03814082c87ea3', 58123), ('contrib', 'acdccb014038b9242ae60c55cbb9eff7c3d4aaac40a1343d9538444672797f8c', 58123), ('contrib', '067df2630f77ef99bcf62619743245dbf05a3699c92403573fbe69b21c6e6aaf', 58123), ('close', '28eebf7fa6d98f50a7399906696d8c40f5ea6a7bc5d23f8a0fb14e955a5aeb1a', 611186)]"
3,01:20:10.928,0.7963,214.22430124878883,"[1230452700693073348, 1230513403060988276, 1230662048435453247, 1230553026938725711, 688920853533672620, 688897967338086792]","[49, 51, 50, 48, 54, 56]","[68, 68, 68, 68, 68, 68]","[('0xA41dE09A63f6Cedd633f99052b44450d3BB91D44', 2066624791922718195, 197187004223939594, 1230452700693073348), ('0x17725D495A0843Ea05541fD61ba5D4082750bC08', 2066621574762115765, 197244489431252092, 1230513403060988276), ('0x37AC7AC5D09bbC6dAC1CF036b7F9DdD0EA4E052E', 2066384185864132993, 197155745907734291, 1230662048435453247), ('0x536fc4cd48ad9B3649e8aB615592E83Ec9F5fcd1', 2066659632326079964, 197322170872953726, 1230553026938725711)]",700000000000000000,"[(3, 344460426766836310), (3, 344448983669043395)]","[249948859214782714, 250021725893020629, 249909237027168273, 250120192766189575]","[[0.0, 1.0, 1.0, 1.0, -1.0, -1.0], [1.0, 0.0, 1.0, 1.0, -1.0, -1.0], [1.0, 1.0, 0.0, 1.0, -1.0, -1.0], [1.0, 1.0, 1.0, 0.0, -1.0, -1.0], [-1.0, -1.0, -1.0, -1.0, 0.0, -1.0], [0.0, 0.0, 0.0, 0.0, 0.0, 0.0]]","[5, 6]","['$user$0, 0.728, good, good, None, 0xA41dE09A63f6Cedd633f99052b44450d3BB91D44', '$user$1, 0.749, good, good, None, 0x17725D495A0843Ea05541fD61ba5D4082750bC08', '$user$2, 0.759, good, good, None, 0x37AC7AC5D09bbC6dAC1CF036b7F9DdD0EA4E052E', '$user$3, 0.745, good, good, None, 0x536fc4cd48ad9B3649e8aB615592E83Ec9F5fcd1', '$user$4, 0.38, bad, bad, 3, 0x118E560679B62a9F24c135A96d416548782f8cc2', '$user$5, 0.481, freerider, freerider, 3, 0xA2F37A08a8488CB8551a0D03f7A73f4156757de7']","[('close', '28eebf7fa6d98f50a7399906696d8c40f5ea6a7bc5d23f8a0fb14e955a5aeb1a', 611186), ('slot', 'ce3d3979e39342a61b620552bcad20e4ef6b5936c253547ffb64e1eff0f0e68e', 50814), ('slot', '38d20a002df150857552ccbf2b70cd0b7b4202a9f023bcb52fdaa7b9e7a3f128', 50814), ('slot', '54abe05701a8fb0624b3da524a6f27eecd031cdf07c8afb8bf0ea201f5ec6696', 50814), ('slot', 'ae961d20e3587be0cc14416591499e279161ace3c0fb696bb96d953aa2d6003e', 50814), ('slot', '42c2f94587564709185f615e26ff7ef009c480b0b7143f56b7617ccdd2c83293', 50802), ('slot', '0e0cb463b9a83057c56a21ad7376fb33a8c277a5b2ccdc7079d2a1d0974f1a13', 50814), ('weights', '417e299268bf0c5bfa7af9aea968a88a32a0bfab39d6bfd312673117f3943b18', 73694), ('weights', '47cd7ea46e2b94e1f3c17174c89ac1c490c8faa4afc27642a259aa8f43a68240', 56594), ('weights', '7e282b61a945a49cf3d38ea660270e39262c7004a28116ce5aabcba60121d001', 56594), ('weights', 'f8a0664da9d2338457a3c0eebe684f0c0f0642203aaebb4c3de9fb503f8ba8ff', 56594), ('weights', '170ba4a4970b1fa878f0b2ebe64dbfbfc767fd7de5f3954e12e569a557fbec47', 56594), ('weights', '4fdc37018bbdceecbfc139f662f2ecbf0c7dddf00da0ab694611c38b3c9ca30f', 56594), ('feedback', '9833b97bdf8403c2a36b85a1e8c82abe04f3e517317b40ecbdb5937ee4fdebad', 321749), ('feedback', 'c775db804286f9a506776bb2142dc2cc2d4541bef3b1279eefa93168cfba887c', 251349), ('feedback', '02813e99403083027b88cb27778e82ba4777609d31e22ddab2cd0a50a4a2e8b5', 234249), ('feedback', '3b173e2fa76a8f010955e99c70f6592e9b10b05e9c46fcc789b9ec2a1e414eb3', 278049), ('feedback', 'becf9db951ec411bd6b093af76de893b8d7abb9d361dec445519daca390b82b0', 229293), ('feedback', '2a66db074f81947f9c01d6c987368d77166c0a9ed323009f24f277d3b4b95ae1', 210683), ('contrib', '0bf20fbde76660215306d4a7f432e3f3b6e573fc072690920c56874c1462909c', 75223), ('contrib', '3d3d3c7fc1b036721c43d3787944e12fc95a5de50044426d8788b097a58888ea', 58123), ('contrib', '16ba079ac2b4199f265788757826dbb15087713c00eddd33c6525f63eaf8bd50', 58123), ('contrib', '98cfe312e7d6b00037dd6ed5d5b7079a4f944da7d903fb718ece70caf61d6534', 58123), ('close', '15585110a662dc1c29695a5ad6b90349243e5ee5306d18f2a1a3f6e9e8dc576a', 658515)]"
4,01:20:37.053,0.8641,144.14895051717758,"[1370307931653375435, 1370314372552680853, 1370448892110943533, 1370382923101827228, 459280569022448414, 459265311558724528]","[78, 79, 78, 78, 80, 80]","[22, 22, 23, 24, 21, 21]","[('0xA41dE09A63f6Cedd633f99052b44450d3BB91D44', 3002807624901494614, 139855230960302087, 1370307931653375435), ('0x17725D495A0843Ea05541fD61ba5D4082750bC08', 3002746922533579686, 139800969491692577, 1370314372552680853), ('0x37AC7AC5D09bbC6dAC1CF036b7F9DdD0EA4E052E', 3002598277159114715, 139786843675490286, 1370448892110943533), ('0x536fc4cd48ad9B3649e8aB615592E83Ec9F5fcd1', 3002707298655842251, 139829896163101517, 1370382923101827228)]",600000000000000000,"[(4, 229640284511224206), (4, 229632655779362264)]","[250066190958023071, 249969169497489929, 249943912029266357, 250020891427993774]","[[0.0, 1.0, 1.0, 1.0, -1.0, -1.0], [1.0, 0.0, 1.0, 1.0, -1.0, -1.0], [1.0, 1.0, 0.0, 1.0, -1.0, -1.0], [1.0, 1.0, 1.0, 0.0, -1.0, -1.0], [-1.0, -1.0, -1.0, -1.0, 0.0, -1.0], [0.0, 0.0, 0.0, 0.0, 0.0, 0.0]]","[5, 6]","['$user$0, 0.848, good, good, None, 0xA41dE09A63f6Cedd633f99052b44450d3BB91D44', '$user$1, 0.85, good, good, None, 0x17725D495A0843Ea05541fD61ba5D4082750bC08', '$user$2, 0.84, good, good, None, 0x37AC7AC5D09bbC6dAC1CF036b7F9DdD0EA4E052E', '$user$3, 0.839, good, good, None, 0x536fc4cd48ad9B3649e8aB615592E83Ec9F5fcd1', '$user$4, 0.38, bad, bad, 3, 0x118E560679B62a9F24c135A96d416548782f8cc2', '$user$5, 0.481, freerider, freerider, 3, 0xA2F37A08a8488CB8551a0D03f7A73f4156757de7']","[('close', '15585110a662dc1c29695a5ad6b90349243e5ee5306d18f2a1a3f6e9e8dc576a', 658515), ('slot', '980534ee5427b9d49313c501318a01d6cfa02a297414a7f9ebdf9c5e5c8d3156', 50814), ('slot', '9acd995489c87a444101d1b6a84104a8c0effda62372ebd96a81f50f14b4826a', 50814), ('slot', '97e8795bdb783da2a357e5b25098d99250d6e02625a42d0479f9462528b162c4', 50814), ('slot', 'ad8742e36a360b6f8ee3fd09ed86423f9cbb7ebcb57af670e91fe5fb06017b68', 50814), ('slot', '4c189044945df3064a1d44ed77d5f95f7b015acc0dc8a23fe5d5b72a90a36ce4', 50814), ('slot', '0e60dbc6125e70e29205ec31b38649cfeb71962a5ebe3e1897b22ae27f915107', 50814), ('weights', '1e2388f3fa8a70005083ad0756d5bdc0ebedd0da709d5d061fb131d8c441773b', 73682), ('weights', '6d50664f2147c4e783b171bb142f8dff82dbee58cce6a9e8bc6597f1e5fed95b', 56594), ('weights', '95edcf11f3ef6291a187b17cbd5e2b9a388b06881ce712b48968839d7c8ad105', 56594), ('weights', '20015a54eaf6dcc70d55262a1cdf31988e156b35b3578a2f643131dc08e1be9b', 56582), ('weights', '7a2828660eb453121a7bed2c37416f0f9bb758d9d1235b3d515adcaf74eb7596', 56594), ('weights', 'c3f48a6fdb8e09cf8f9a22e246ff1d9b1dfffe9df4a0bb6e44b95fa084470cf4', 56594), ('feedback', '001b73eed2354b479f914d4981d00ce298f79566acee73dd7267f59877a92919', 323749), ('feedback', 'f7c8502b41231f0334a9d758d0a0c3751c1585245d10e8c89adb586a16c33feb', 255349), ('feedback', 'beeff47622f90baba2774ca109693166019c2e91cbec92ff1437b8021cf70751', 238249), ('feedback', '3d94581cfeb02e78ff33005e6c69e0dff4ba25e7e00b0195cc9f4d4894b34043', 238249), ('feedback', 'cbc523e84a33c922dfc0e84138d10c9e34c8cf8d0451dc8869545f01b64543b7', 239293), ('feedback', 'd54ea2b3b93ee04aae2a43e298517a84904fecb94d462af2840280aa4d69f2ac', 218683), ('contrib', 'ae1c48c144999e454a8a5ae8622046c6df1401435925c451fd10febf2d9adcda', 75223), ('contrib', 'aa47ec14a847729840416537fd78c0392216ea00679d6fcd24fb99730beee370', 58123), ('contrib', '607a02430ed27ee437436c7adb7fa13776da0701a44bf2ffca4b1c72a4233215', 58123), ('contrib', '16095c8ac238143e99008587100c5e1585be2eee90ad5937499c7a1faa0241b9', 58123), ('close', 'ed038387dc1a7bc0e91d2df059d344f07cc655d3a4aeb08d374fd08795596e0b', 658515)]"
5,01:21:03.170,0.8927,112.46877977624536,"[1471851306324158979, 1471888936182027313, 1471984561843972257, 1471911275262392811, 306187046014965610, 306176874372483019]","[86, 88, 86, 84, 87, 87]","[14, 14, 15, 16, 14, 14]","[('0xA41dE09A63f6Cedd633f99052b44450d3BB91D44', 3651865618743003200, 101543374670783544, 1471851306324158979), ('0x17725D495A0843Ea05541fD61ba5D4082750bC08', 3651859177843697782, 101574563629346460, 1471888936182027313), ('0x37AC7AC5D09bbC6dAC1CF036b7F9DdD0EA4E052E', 3651724658285435102, 101535669733028724, 1471984561843972257), ('0x536fc4cd48ad9B3649e8aB615592E83Ec9F5fcd1', 3651790627294551407, 101528352160565583, 1471911275262392811)]",500000000000000000,"[(5, 153093523007482804), (5, 153088437186241509)]","[249994799494743347, 250071585178375244, 249975830316543579, 249957814812660217]","[[0.0, 1.0, 1.0, 1.0, -1.0, -1.0], [1.0, 0.0, 1.0, 1.0, -1.0, -1.0], [1.0, 1.0, 0.0, 1.0, -1.0, -1.0], [1.0, 1.0, 1.0, 0.0, -1.0, -1.0], [-1.0, -1.0, -1.0, -1.0, 0.0, -1.0], [0.0, 0.0, 0.0, 0.0, 0.0, 0.0]]","[5, 6]","['$user$0, 0.851, good, good, None, 0xA41dE09A63f6Cedd633f99052b44450d3BB91D44', '$user$1, 0.876, good, good, None, 0x17725D495A0843Ea05541fD61ba5D4082750bC08', '$user$2, 0.882, good, good, None, 0x37AC7AC5D09bbC6dAC1CF036b7F9DdD0EA4E052E', '$user$3, 0.863, good, good, None, 0x536fc4cd48ad9B3649e8aB615592E83Ec9F5fcd1', '$user$4, 0.38, bad, bad, 3, 0x118E560679B62a9F24c135A96d416548782f8cc2', '$user$5, 0.481, freerider, freerider, 3, 0xA2F37A08a8488CB8551a0D03f7A73f4156757de7']","[('close', 'ed038387dc1a7bc0e91d2df059d344f07cc655d3a4aeb08d374fd08795596e0b', 658515), ('slot', 'c33c2298ad2b61920a1edde96588e44c2bfb4ba7fa68400d7db05f0c4e8df48b', 50814), ('slot', 'b551b7f710bdfe2ef144a1d95fdc129fec0da33acb275a61fc7f98772da10f3b', 50814), ('slot', '5a061a5e7075896d7789811834bd8d73f39ff6ab2294003495459f0eb3ff4b83', 50802), ('slot', '62e29bb833a642cdc847c02ac105d8923cf92a29aac67f80d151a8a13d47d473', 50814), ('slot', '54c784705869a62619b79a3f011fdafeccfc050dd7d34e447d252e33ec8cfbf2', 50814), ('slot', '70d399f310a42b85417ff8fad9b349354a208a0e7e68ca2dc176fec0cf3de6b4', 50814), ('weights', '19ae13aca18e921692cdb074df3ccf1542468e8efc60552ead1bcffdc29dbd3c', 73694), ('weights', '6a77ffb72368db85d4ce555700b016cfda8e7f8eba4fb90bac6c253ee8dcde33', 56594), ('weights', 'cc1b60b448ad2070f4b0c2a0b97f03af5c68533c43b51d266f9aa5f75866a0b9', 56594), ('weights', 'd5019d51615dbd26a36bbd4f3f7270c1f31dd1b4ef08cf8b1e229cb0401e994e', 56594), ('weights', 'f2137d3dd1d94fccd21ea4b88d3e948ffb4d7cc7c299c458b2de8850f41be910', 56594), ('weights', 'a6db824eba925accad32bea5e76fb499452d34fc95ce9dc0f4371be6c2e86975', 56594), ('feedback', '9a72ea753886864d627ea46e3e6cd87c98760e45fd5034434c6479ea8f2f75da', 323749), ('feedback', '573967570a4a4cd72c85e71c47c8ecbae9bf1913218616833b734747e113ef6a', 255349), ('feedback', 'bdd0ff511bc0e8664e9d007ad0b7ed1a2f45feb78d792b05616e5c12db765e3e', 238249), ('feedback', 'ca8f9f4df3a025832a8276b2c95b284c198001a35928ecccb483510dc3c04611', 238249), ('feedback', '9f7d3a6903c5c8395e522f3987716def593b2179a97d97dede972e046c0fc333', 239293), ('feedback', '99968aa26262b0857856bc19c54d988eda26b3e60f42c06784a1c4ca4134741b', 218683), ('contrib', '9a83e8c10b4d12e1a125e74c031cc8f97d97a3d0c675938b4d6213dd7ab7e269', 75223), ('contrib', '6438aa0b503b695976f90f54a52b088b0bd6bae5c0d3f2ebdfa52c43aae38473', 58123), ('contrib', '6b1ba1b14c28c151f6660645e36a7737a06d852c20a22989d06812766f8d1e43', 58123), ('contrib', '866a8b9571e58dca40b09d4938cd13749d509090cade06580510d3eba815ac46', 58123), ('close', '0f168a1f4d154426201020d4fa5ef7123b19c513e61ab1be16c6fc2b58ed6c43', 658515)]"
6,01:21:29.070,0.9078,94.96297575905919,"[1649971398191963823, 1650057347751320256, 1649961499165584547, 1650009754891131361, 0, 0]","[90, 90, 90, 87, 90, 89]","[10, 11, 12, 13, 11, 12]","[('0xA41dE09A63f6Cedd633f99052b44450d3BB91D44', 4109597727273426771, 178120091867804844, 1649971398191963823), ('0x17725D495A0843Ea05541fD61ba5D4082750bC08', 4109560097415558437, 178168411569292943, 1650057347751320256), ('0x37AC7AC5D09bbC6dAC1CF036b7F9DdD0EA4E052E', 4109464471753613493, 177976937321612290, 1649961499165584547), ('0x536fc4cd48ad9B3649e8aB615592E83Ec9F5fcd1', 4109537758335192939, 178098479628738550, 1650009754891131361)]",400000000000000000,"[(6, 306187046014965610), (6, 306176874372483019)]","[250040888786315917, 250108718872070312, 249839931726455688, 250010550022125244]","[[0.0, 1.0, 1.0, 1.0, -1.0, -1.0], [1.0, 0.0, 1.0, 1.0, -1.0, -1.0], [1.0, 1.0, 0.0, 1.0, -1.0, -1.0], [1.0, 1.0, 1.0, 0.0, -1.0, -1.0], [-1.0, -1.0, -1.0, -1.0, 0.0, -1.0], [0.0, 0.0, 0.0, 0.0, 0.0, 0.0]]","[5, 5]","['$user$0, 0.883, good, good, None, 0xA41dE09A63f6Cedd633f99052b44450d3BB91D44', '$user$1, 0.895, good, good, None, 0x17725D495A0843Ea05541fD61ba5D4082750bC08', '$user$2, 0.894, good, good, None, 0x37AC7AC5D09bbC6dAC1CF036b7F9DdD0EA4E052E', '$user$3, 0.883, good, good, None, 0x536fc4cd48ad9B3649e8aB615592E83Ec9F5fcd1']","[('close', '0f168a1f4d154426201020d4fa5ef7123b19c513e61ab1be16c6fc2b58ed6c43', 658515), ('slot', 'bed3754b23c3f94b419f4c1330b673385699a49e951e24ce572cf0f61a99bc84', 50814), ('slot', 'd86665ce3e406a9310daa62afaa4307941c77ed4c657f16faac647e24939fe00', 50814), ('slot', '793ba97c43c064f9d20d4bf2a5f6821d20603a04a63c6b31120e991803babe62', 50814), ('slot', '3f78fe6c9bc66197c057859d13fd2e2d1b93dccedd1f4a55c11093369a5adffe', 50802), ('slot', '6e7500869ac20f945202e59479266c06c3c50f7379e1842f7a1fbbc248a0942f', 50814), ('slot', '123fa9dc51a811f372073aa6dd8c22788bf7857e05bf9cfae9fa07c0559e43f9', 50814), ('weights', 'f8c06ef54c1731cd4850300b0466c297cbff4d8459d8c135a047180e6f11264c', 73694), ('weights', 'c2ba7ea805d1df5f5ec4f5615fb623e82c734a759178a610602ef9d458adb5cd', 56594), ('weights', '282ba9d8ec0048777419c21fdfdf16b7b4512ece511ef4da9c8ce63000e26b80', 56594), ('weights', 'd44f52098a90e97fb8c0ef0612a8f51e9c85dab094cc6992e3ae768708f8bebd', 56594), ('weights', '37a88539c7132fb6b0f09fee33e553879368c46a4b8346b50c1cf68f33bdffdf', 56594), ('weights', 'cef6f61da88a0a79fbfe4657cb8ace7d3f8909c8c9e01898487a100cc81df94c', 56582), ('feedback', 'bf53d60d2caa6875252ffef3fc64a38f187fe819b1ae5c8fc9d1ed0bc32988fc', 323749), ('feedback', 'f3e1216179ea5cc2322b6aa1c1c9580ae1b2b6cffe6658b97842c5bdbdb5808f', 255349), ('feedback', 'c3910bbcadab869a8ae9aa38cbad353afe6e0cd04dbb9b3dc20d5ddf7135bc8b', 238249), ('feedback', 'dcf1639fb42c8bd9021e92597d3df0605150a7f8c1a815d4c757010682548b99', 238249), ('feedback', '61bd2f4b5f810d832a20e33bfa2de4e62f50e147398f4911f9cb9c6f3431a669', 239293), ('feedback', 'ff1a8f02265c42364f49d3fb7356fb6393b489e3e6661644ef4befb7dc0d21a9', 218683), ('contrib', 'fd1a4df80bb5d126e5edbc7788e470527313cc4b97e855cf1c2326a2b0912c49', 75223), ('contrib', 'fd0b848bd3f2f40d16debfd0e2f777bfe8346caa9c0ebbad7cebcdef519da903', 58123), ('contrib', '4ea2aae96f06be302519af57c50b250efc72f0279af6ebbdaaff5a1574718e2a', 58123), ('contrib', 'd4cd4a3905c1b1f945601314ac0c08bb95624f88c99640e0b0767b9af8f68339', 58123), ('close', 'ff5d407f2b6295e49830149bd09430ba66dde33354182fb74922ca95b3ba0af2', 570900)]"
7,01:21:51.182,0.9179,81.99193859472871,"[1674974509182216570, 1675069408379919548, 1674957971687832988, 1674998110750030880, 0, 0]","[91, 91, 91, 88, 0, 0]","[9, 9, 10, 11, 0, 0]","[('0xA41dE09A63f6Cedd633f99052b44450d3BB91D44', 4950028601808036164, 25003110990252747, 1674974509182216570), ('0x17725D495A0843Ea05541fD61ba5D4082750bC08', 4949942652248679731, 25012060628599292, 1675069408379919548), ('0x37AC7AC5D09bbC6dAC1CF036b7F9DdD0EA4E052E', 4950038500834415440, 24996472522248441, 1674957971687832988), ('0x536fc4cd48ad9B3649e8aB615592E83Ec9F5fcd1', 4949990245108868626, 24988355858899519, 1674998110750030880)]",300000000000000000,[],"[250031083822250366, 250120580196380615, 249964699149131774, 249883532524108886]","[[0.0, 1.0, 1.0, 1.0, 0.0, 0.0], [1.0, 0.0, 1.0, 1.0, 0.0, 0.0], [1.0, 1.0, 0.0, 1.0, 0.0, 0.0], [1.0, 1.0, 1.0, 0.0, 0.0, 0.0], [0.0, 0.0, 0.0, 0.0, 0.0, 0.0], [0.0, 0.0, 0.0, 0.0, 0.0, 0.0]]",[],"['$user$0, 0.892, good, good, None, 0xA41dE09A63f6Cedd633f99052b44450d3BB91D44', '$user$1, 0.899, good, good, None, 0x17725D495A0843Ea05541fD61ba5D4082750bC08', '$user$2, 0.911, good, good, None, 0x37AC7AC5D09bbC6dAC1CF036b7F9DdD0EA4E052E', '$user$3, 0.9, good, good, None, 0x536fc4cd48ad9B3649e8aB615592E83Ec9F5fcd1']","[('close', 'ff5d407f2b6295e49830149bd09430ba66dde33354182fb74922ca95b3ba0af2', 570900), ('slot', '135581ec65ec19193db8204a41b7238cfe0b81a9578b7fba1303b9b3711e9ae4', 50814), ('slot', '038560ae051b5439eaa742c0382f864203a0a9d5318f1b40d459e65f63df4267', 50814), ('slot', '864c777928c4b6d2c027969339cc0f9878abe829feec1b929047bb3b5109df7f', 50814), ('slot', 'f30db2edff172ba72358e791d8cf10be96e3894ee6ee1c9b16a4341c27bcaed6', 50802), ('weights', '05a05d409b371322c20487e318c859473f9f126bc12055629bc1dd69b6b4637c', 73694), ('weights', 'f0b751833146898fd6bb851b0f3735dee1fab2f48a1a6e38d0d5e9f534e45d6e', 56594), ('weights', '48c3c2fb291f8a8c96dd2cad293a6ac1beb05ebd195deef23d3c7298bcf9c423', 56594), ('weights', '0e269fb646c292c37d5e472934b0929e21d76e25e7c5f43183b5c0d78526ad48', 56594), ('feedback', '7c07476433e48c0adb3dc4a9aa5022c934249eb954e30fa82f21b671f8f6e678', 217307), ('feedback', '5cda64744efff55d8f74c47233841aba0583ace8715e095dcd0c41887b5c4c73', 183107), ('feedback', 'f0e850e62586fc02d011161a5ec2d4d48b2f041a39409dea8bc420523d985604', 166007), ('feedback', '3443cb2851147457d4c1a86ab2e29e22d1de94c5d7ad2902b684ab3e0fdc57b0', 166007), ('contrib', '2a639259bae4305951227b2171692497c9322f5b2982999cabb3f5bab7fe59f0', 75223), ('contrib', 'c5ffc057c2a4ddc7d0791d1ebc54605c3e22c66f6929014d0ba0828540024a42', 58123), ('contrib', '0c60c50c528f8f6516fd649db473432c6b1cbd345504ce24e4d7d66a3ce5354b', 58123), ('contrib', '4ccbfb494114e766e04d9723b72a0d963a9761fda836095e883baae6bf73c3ad', 58123), ('close', 'f2bd38c9fc6a9a25d66ad669bd318099836620cb489005b1cdcbd25f9f4ae82e', 410442)]"
8,01:22:13.250,0.9289,71.49486521631479,"[1699969614895384867, 1700080863648611499, 1699954661394577811, 1699994860061425807, 0, 0]","[92, 92, 92, 89, 0, 0]","[8, 8, 9, 10, 0, 0]","[('0xA41dE09A63f6Cedd633f99052b44450d3BB91D44', 5025025490817783416, 24995105713168297, 1699969614895384867), ('0x17725D495A0843Ea05541fD61ba5D4082750bC08', 5024930591620080438, 25011455268691951, 1700080863648611499), ('0x37AC7AC5D09bbC6dAC1CF036b7F9DdD0EA4E052E', 5025042028312166998, 24996689706744823, 1699954661394577811), ('0x536fc4cd48ad9B3649e8aB615592E83Ec9F5fcd1', 5025001889249969106, 24996749311394927, 1699994860061425807)]",200000000000000000,[],"[249951034784317016, 250114530324935913, 249966874718666076, 249967470765113830]","[[0.0, 1.0, 1.0, 1.0, 0.0, 0.0], [1.0, 0.0, 1.0, 1.0, 0.0, 0.0], [1.0, 1.0, 0.0, 1.0, 0.0, 0.0], [1.0, 1.0, 1.0, 0.0, 0.0, 0.0], [0.0, 0.0, 0.0, 0.0, 0.0, 0.0], [0.0, 0.0, 0.0, 0.0, 0.0, 0.0]]",[],"['$user$0, 0.906, good, good, None, 0xA41dE09A63f6Cedd633f99052b44450d3BB91D44', '$user$1, 0.918, good, good, None, 0x17725D495A0843Ea05541fD61ba5D4082750bC08', '$user$2, 0.917, good, good, None, 0x37AC7AC5D09bbC6dAC1CF036b7F9DdD0EA4E052E', '$user$3, 0.911, good, good, None, 0x536fc4cd48ad9B3649e8aB615592E83Ec9F5fcd1']","[('close', 'f2bd38c9fc6a9a25d66ad669bd318099836620cb489005b1cdcbd25f9f4ae82e', 410442), ('slot', '955b730d90c3b878d3c591670c757170418a50a73db33457ed744854de117eed', 50814), ('slot', '5122aac1e0c878f4cb92d4e5a245e27fb40169c1ffbc9a3578a6397ca966f7cd', 50814), ('slot', '86f30467e7f0df3fd75005ac776dbbab3a26e75fd7019b4bc173f127705c762c', 50802), ('slot', '69b7904208a9866866f9c8a146a62ba007aa7d4f80e9674852874d79054e249f', 50814), ('weights', '551ec9e0ebf66f5d9e2aa73f7af67b0722b77a5196a5f25a58d46ce624c54eca', 73694), ('weights', '06cd9bd3d33fb0c3f2d3e0bc5bfa50dfc1b85e1100deccb5059a6e2ae4e40f5b', 56594), ('weights', 'ca2be264184932f2bde5a97e60acd5e187335c0672f45f96c46250f95766fe34', 56594), ('weights', 'de86fc3c71de79ed32236e17a9986e3b78b6a04ee9e4a3c81e6d7b54c61340b4', 56594), ('feedback', '31027237b2de7d186b0d978ab1668c4cf4cf9bd05ce859829ecd9cf8ae23de15', 217307), ('feedback', 'a0fbf5bac42ade84fefea814745851536b94f23c4540561944ad8b6b029efebf', 183107), ('feedback', 'a698636b7d54c686af3033b0654b501783dc43ccc61db50cd48f32fbe6cd3c96', 166007), ('feedback', '0155c1c24fe55aac83aab8d7a6e1923766b52dbd4a810a9ac231c08646384eb5', 166007), ('contrib', 'b6b17dc4bd86fd3551220f1ac7fb7013664f2383670c16bf38bc0e963a1fa9ec', 75223), ('contrib', '852149bcb924a1a7ee2a334c66f4378eaf21bc5e8cbe4fdc60f81cefda175fa3', 58123), ('contrib', 'fd16fef006c1eae5ae08f620656ce9572f705ece896cb36b483f11ae85b63f80', 58123), ('contrib', '825c95b1feb1e503ace1d918347202aecff5644be269acf030f5a10e66bdf00b', 58123), ('close', '688dd1c3e9694f2493935cf5944b3a912947316307b1da45561df79fe0ca1769', 410442)]"
9,01:22:35.262,0.938,64.46895767375827,"[1724969153331937521, 1725092792400142947, 1724941052537196863, 1724997001730722652, 0, 0]","[93, 93, 94, 91, 0, 0]","[7, 7, 8, 9, 0, 0]","[('0xA41dE09A63f6Cedd633f99052b44450d3BB91D44', 5100030385104615117, 24999538436552654, 1724969153331937521), ('0x17725D495A0843Ea05541fD61ba5D4082750bC08', 5099919136351388485, 25011928751531448, 1725092792400142947), ('0x37AC7AC5D09bbC6dAC1CF036b7F9DdD0EA4E052E', 5100045338605422173, 24986391142619052, 1724941052537196863), ('0x536fc4cd48ad9B3649e8aB615592E83Ec9F5fcd1', 5100005139938574177, 25002141669296845, 1724997001730722652)]",100000000000000000,[],"[249995395541191101, 250119298696517944, 249863922595977783, 250021427869796752]","[[0.0, 1.0, 1.0, 1.0, 0.0, 0.0], [1.0, 0.0, 1.0, 1.0, 0.0, 0.0], [1.0, 1.0, 0.0, 1.0, 0.0, 0.0], [1.0, 1.0, 1.0, 0.0, 0.0, 0.0], [0.0, 0.0, 0.0, 0.0, 0.0, 0.0], [0.0, 0.0, 0.0, 0.0, 0.0, 0.0]]",[],"['$user$0, 0.918, good, good, None, 0xA41dE09A63f6Cedd633f99052b44450d3BB91D44', '$user$1, 0.931, good, good, None, 0x17725D495A0843Ea05541fD61ba5D4082750bC08', '$user$2, 0.936, good, good, None, 0x37AC7AC5D09bbC6dAC1CF036b7F9DdD0EA4E052E', '$user$3, 0.919, good, good, None, 0x536fc4cd48ad9B3649e8aB615592E83Ec9F5fcd1']","[('close', '688dd1c3e9694f2493935cf5944b3a912947316307b1da45561df79fe0ca1769', 410442), ('slot', '9a5078b19f11b6f9218a66812ad69e39545710f03f8ceaef6b4d19e5c3597586', 50814), ('slot', '4bf582a79915f4ee3a57cc2a54c7d80813b25b7d4ba1b3fad9f4c21c232d8ab0', 50814), ('slot', '43405dc3cec28849d29fd5c0ae59a43adac7e59d317fb9d8c95ed56bc581c0a8', 50814), ('slot', '5a300bc6229dd7de652969d6a9bd4f1223b71dd59cd3499ba0f67b4c204289b6', 50814), ('weights', '43069887caa745925f7281e029e52c05c8412ab1c1ec6ec4df52934535e868ac', 73694), ('weights', '8e5ed600f45579fb345f12b2c664c62640b4a3cd30b88dbf1534ac877aee2211', 56594), ('weights', '95fab64eda179c02f5ecd9e87b587c704d725eaf802d68ee66f7c9070283b1ed', 56594), ('weights', '94c5fbdab724f38e775126987b279a9fd694a7cb55fcd5484f9c7b7844921bfc', 56594), ('feedback', '469f78740b7f8f2e472e77f33f94ae4924650fe97c7582c942d3fa1039f576ae', 217307), ('feedback', '8fee2b0f51e3da801605bbc710530422a789c9a2f7144040eef01abeffae3504', 183107), ('feedback', 'ecc0652e8e83e3269474516a3e065d826f0e911ff85e8329b958568b1a8cc6c0', 166007), ('feedback', '3de17aef76797026b2f151a3d4ddc760be83ce652a66d1557ec778cf9740a55f', 166007), ('contrib', '40cc92cc83994e84d2893483f7ae2113a9bedf1fba09acf23eabb7f6b028b932', 75223), ('contrib', 'c45148756f1dae4027cdc721f8047a615b65d5aa02968f7768b1143cf36a9e01', 58123), ('contrib', '2e0a22fe4ba786c03a257affb1ac2e6a378e00d2a4a826356435522c845853bb', 58123), ('contrib', '4a7c45eb1a9cb392f4ab5a3212c19e828a6bd8180abc551925b6da15b53a6dce', 58123), ('close', 'a779c02c5e30861ebf59268b79d4b575c7d19dd1f31f32febe0122debf16f462', 410442)]"
10,01:22:57.251,0.9446,56.68655787408352,"[1749974077421387774, 1750104407111966218, 1749921431430271091, 1750000084036374898, 0, 0]","[94, 94, 94, 92, 0, 0]","[6, 6, 7, 8, 0, 0]","[('0xA41dE09A63f6Cedd633f99052b44450d3BB91D44', 5175030846668062462, 25004924089450253, 1749974077421387774), ('0x17725D495A0843Ea05541fD61ba5D4082750bC08', 5174907207599857036, 25011614711823271, 1750104407111966218), ('0x37AC7AC5D09bbC6dAC1CF036b7F9DdD0EA4E052E', 5175058947462803120, 24980378893074228, 1749921431430271091), ('0x536fc4cd48ad9B3649e8aB615592E83Ec9F5fcd1', 5175002998269277331, 25003082305652246, 1750000084036374898)]",0,[],"[250049203634262084, 250116109848022460, 249803751707077026, 250030785799026489]","[[0.0, 1.0, 1.0, 1.0, 0.0, 0.0], [1.0, 0.0, 1.0, 1.0, 0.0, 0.0], [1.0, 1.0, 0.0, 1.0, 0.0, 0.0], [1.0, 1.0, 1.0, 0.0, 0.0, 0.0], [0.0, 0.0, 0.0, 0.0, 0.0, 0.0], [0.0, 0.0, 0.0, 0.0, 0.0, 0.0]]",[],"['$user$0, 0.937, good, good, None, 0xA41dE09A63f6Cedd633f99052b44450d3BB91D44', '$user$1, 0.936, good, good, None, 0x17725D495A0843Ea05541fD61ba5D4082750bC08', '$user$2, 0.94, good, good, None, 0x37AC7AC5D09bbC6dAC1CF036b7F9DdD0EA4E052E', '$user$3, 0.923, good, good, None, 0x536fc4cd48ad9B3649e8aB615592E83Ec9F5fcd1']","[('close', 'a779c02c5e30861ebf59268b79d4b575c7d19dd1f31f32febe0122debf16f462', 410442), ('slot', 'f7029752fd8aaf128f04b1e4826520953c6e8bf55829fb34cf3316dfe278fc06', 50814), ('slot', 'a41b314c69f2d0265403b293cb50daaab0533e52edafbfe594766a7997fd0c26', 50814), ('slot', 'e65a1315136edb28a640d153d86ba3cfd696e90403bf9491ba2c2f2fa5143d5e', 50814), ('slot', 'f28f6e04f17d958ec0cce7fa93a1282c2202d8e8d7f78a8c68243959aa104ac6', 50814), ('weights', '4ce3c8caa511d370ef97787dfadf85844d08c746a00bb3e6ca52de030aa9aa50', 73694), ('weights', '526665d8e08132f2738c900bd84b76ca967099826a19038ad8c98b4b79ddfaa5', 56594), ('weights', '4e3139b8eac347e54c71485f358ac9d33470832a7e1329a77ee7a8a25feecf5c', 56594), ('weights', '54ad1369ad24fdd822598b63d6845d28074e40cf306d62c2821768362e8e695f', 56594), ('feedback', '5e9b61b1404645b68f948ff56d21e2a242c18f5a1f8302a0854ab3aeabdd4455', 217307), ('feedback', '1178fcc97e6b604fffac8c72fb65c4ff9069cb03dcb9e4a8cff3917f3fc81893', 183107), ('feedback', '29d862f9cfe7d97ffeb4befa552c1a50857fea9095ba1b955996bcf01349fedc', 166007), ('feedback', 'c07c7b8c5dbcb859a809135796e19016628c918f51711edbf9b5529dccd3a03e', 166007), ('contrib', '6386a5d26a25b542763413f482b75f7baa1ac27b29e18f4ee82ac3ff3a1d96b1', 75223), ('contrib', 'fde049a39940d05fa15b2aa9d951597729f4becffeb9e5011049c948d0ffba50', 58123), ('contrib', 'c052313fa55582502b3841a7934585111b42429208c164cf51b175384aac3b37', 58123), ('contrib', 'd46a54d755a6f437579c177848d83d1e92250adc5fcf4bb94427036cfebc7d16', 58123), ('close', 'c6ef7fced5b529c3c88be0987df4eb70b4ef8da92584afcdea299ca9513bd1d4', 410442)]"
# $gasCosts$[341005, 371253, 289705, 354153, 313379, 289705, 75223, 58123, 58123, 58123, 58123, 58123, 339979, 271753, 277353, 218579, 257453, 271579, 75223, 58123, 58123, 58123, 58123, 58123, 321749, 251349, 234249, 278049, 229293, 210683, 75223, 58123, 58123, 58123, 323749, 255349, 238249, 238249, 239293, 218683, 75223, 58123, 58123, 58123, 323749, 255349, 238249, 238249, 239293, 218683, 75223, 58123, 58123, 58123, 323749, 255349, 238249, 238249, 239293, 218683, 75223, 58123, 58123, 58123, 217307, 183107, 166007, 166007, 75223, 58123, 58123, 58123, 217307, 183107, 166007, 166007, 75223, 58123, 58123, 58123, 217307, 183107, 166007, 166007, 75223, 58123, 58123, 58123, 217307, 183107, 166007, 166007, 75223, 58123, 58123, 58123],[126674, 126674, 126674, 126674, 126674],[50814, 50814, 50814, 50814, 50814, 50814, 50814, 50814, 50814, 50814, 50814, 50814, 50814, 50814, 50814, 50814, 50802, 50814, 50814, 50814, 50814, 50814, 50814, 50814, 50814, 50814, 50802, 50814, 50814, 50814, 50814, 50814, 50814, 50802, 50814, 50814, 50814, 50814, 50814, 50802, 50814, 50814, 50802, 50814, 50814, 50814, 50814, 50814, 50814, 50814, 50814, 50814],[73694, 56594, 56594, 56594, 56594, 56594, 73694, 56594, 56594, 56594, 56594, 56594, 73694, 56594, 56594, 56594, 56594, 56594, 73682, 56594, 56594, 56582, 56594, 56594, 73694, 56594, 56594, 56594, 56594, 56594, 73694, 56594, 56594, 56594, 56594, 56582, 73694, 56594, 56594, 56594, 73694, 56594, 56594, 56594, 73694, 56594, 56594, 56594, 73694, 56594, 56594, 56594],[641581, 611186, 658515, 658515, 658515, 570900, 410442, 410442, 410442, 410442],[],[]
# TOTAL EXPERIMENT TIME: 256.59 seconds
