# Author Nykjaer
# ------Specs--------# cpu_name:  (processor model)
# cpu_cores: 6 (physical cores)
# ram_gb: 13.5 (system memory in GB)
# gpu_name: NVIDIA GeForce RTX 3060 Laptop GPU (graphics processor)
# os_name: Linux (operating system)
# ------Config--------# good_contributors: 4 (honest participants)
# bad_contributors: 1 (malicious participants)
# freeriders: 1 (contribute 0)
# inactive: 0 (never join)
# reward: 1000000000000000000 (total reward pool)
# minimum_rounds: 10 (rounds to simulate)
# min_buy_in: 1000000000000000000 (lower buy-in bound)
# max_buy_in: 1000000000000000000 (upper buy-in bound)
# standard_buy_in: 1000000000000000000 (default buy-in)
# epochs: 1 (local epochs per round)
# batch_size: 32 (training batch size)
# punish_factor: 3 (penalty multiplier)
# first_round_fee: 50 (fee for first round)
# fork: True (True=local fork, False=real net)
# contribution_score_strategy: naive (scoring method)
# use_outlier_detection: False (Whether to use outlier detection)
# freerider_start_round: 5 (When freeriders should start freeriding)
# freerider_noise_scale: 1.0 (How much noise a freeder should add)
round,time,globalAcc,globalLoss,GRS,accAvgPerUser,lossAvgPerUser,rewards,conctractBalanceRewards,punishments,contributionScores,feedbackMatrix,disqualifiedUsers,userStatuses,GasTransactions
# $startingUserConfig$['$user$0, 0, good, good, None, 0xA41dE09A63f6Cedd633f99052b44450d3BB91D44', '$user$1, 0, good, good, None, 0x17725D495A0843Ea05541fD61ba5D4082750bC08', '$user$2, 0, good, good, None, 0x37AC7AC5D09bbC6dAC1CF036b7F9DdD0EA4E052E', '$user$3, 0, good, good, None, 0x536fc4cd48ad9B3649e8aB615592E83Ec9F5fcd1', '$user$4, 0, good, bad, 3, 0x118E560679B62a9F24c135A96d416548782f8cc2', '$user$5, 0, good, freerider, 5, 0xA2F37A08a8488CB8551a0D03f7A73f4156757de7']
0,00:33:43.480,0,720.66552734375,"[1000000000000000000, 1000000000000000000, 1000000000000000000, 1000000000000000000, 1000000000000000000, 1000000000000000000]",[],[],[],1000000000000000000,[],[],,[],"['$user$0, 0, good, good, None, 0xA41dE09A63f6Cedd633f99052b44450d3BB91D44', '$user$1, 0, good, good, None, 0x17725D495A0843Ea05541fD61ba5D4082750bC08', '$user$2, 0, good, good, None, 0x37AC7AC5D09bbC6dAC1CF036b7F9DdD0EA4E052E', '$user$3, 0, good, good, None, 0x536fc4cd48ad9B3649e8aB615592E83Ec9F5fcd1', '$user$4, 0, good, bad, 3, 0x118E560679B62a9F24c135A96d416548782f8cc2', '$user$5, 0, good, freerider, 5, 0xA2F37A08a8488CB8551a0D03f7A73f4156757de7']","[('register', '92f4a1355693b7e5a95510068a98a8c786b77c74052105e0bc4bf9a56bd0c7ce', 126674), ('register', '7423706c90235ce344f10faec85c74b4fa7027e010647a9a2cf18821f7d68194', 126674), ('register', '4b50f40deb15bad4190f2826759f2b7e155478dcfffce276028b4b42ac20b2f3', 126674), ('register', 'aab1c71c9402ac1847b9bc18d9e13a52df5dec4cf65fe9bff003697dd7a03ded', 126674), ('register', 'ffee8ff7f371ed2d70530d27e6c6856761d3042aa2646cb88c1d9fba1d814b45', 126674)]"
1,00:36:35.915,0.3274,713.2413330078125,"[1016666666666666666, 1016666666666666666, 1016666666666666666, 1016666666666666666, 1016666666666666666, 1016666666666666666]","[14, 16, 18, 17, 15, 16]","[74, 74, 74, 74, 74, 74]","[('0xA41dE09A63f6Cedd633f99052b44450d3BB91D44', 5000000000000000000, 16666666666666666, 1016666666666666666), ('0x17725D495A0843Ea05541fD61ba5D4082750bC08', 5000000000000000000, 16666666666666666, 1016666666666666666), ('0x37AC7AC5D09bbC6dAC1CF036b7F9DdD0EA4E052E', 5000000000000000000, 16666666666666666, 1016666666666666666), ('0x536fc4cd48ad9B3649e8aB615592E83Ec9F5fcd1', 5000000000000000000, 16666666666666666, 1016666666666666666), ('0x118E560679B62a9F24c135A96d416548782f8cc2', 5000000000000000000, 16666666666666666, 1016666666666666666), ('0xA2F37A08a8488CB8551a0D03f7A73f4156757de7', 5000000000000000000, 16666666666666666, 1016666666666666666)]",900000000000000000,[],"[166666666666666666, 166666666666666666, 166666666666666666, 166666666666666666, 166666666666666666, 166666666666666666]","[[0.0, 1.0, 1.0, 1.0, 1.0, 1.0], [1.0, 0.0, 1.0, 1.0, 1.0, 1.0], [1.0, 1.0, 0.0, 1.0, 1.0, 1.0], [1.0, 1.0, 1.0, 0.0, 1.0, 1.0], [1.0, 1.0, 1.0, 1.0, 0.0, 1.0], [1.0, 1.0, 1.0, 1.0, 1.0, 0.0]]",[],"['$user$0, 0.717, good, good, None, 0xA41dE09A63f6Cedd633f99052b44450d3BB91D44', '$user$1, 0.72, good, good, None, 0x17725D495A0843Ea05541fD61ba5D4082750bC08', '$user$2, 0.751, good, good, None, 0x37AC7AC5D09bbC6dAC1CF036b7F9DdD0EA4E052E', '$user$3, 0.694, good, good, None, 0x536fc4cd48ad9B3649e8aB615592E83Ec9F5fcd1', '$user$4, 0.728, good, bad, 3, 0x118E560679B62a9F24c135A96d416548782f8cc2', '$user$5, 0.763, good, freerider, 5, 0xA2F37A08a8488CB8551a0D03f7A73f4156757de7']","[('slot', 'f2ad912d0c85870269d1b454dc55865756f0f340434b3e90c1bb58cfc26f73df', 50814), ('slot', '6b698fc76f8817ce11cd9d66009fe7d94a3fcdd92f1add3b8f4300151257ce72', 50802), ('slot', '0086f04a862bfabadcdcfae2f2bbf321991e77310dc2740626c5f23e1aed8336', 50814), ('slot', 'b8c57c6011f60e71940da03dd758444a59ca5d7e37ffbf74820cf42598b3d800', 50814), ('slot', '4119b738962b8a3bd41ea439be62400ec67e85fa28804f4c087ba4238a1887f7', 50814), ('slot', '67f8391c06278e393ea09b34ee131192ebc90548cff11bf860f35a55d186e885', 50814), ('weights', '9546e1db3cc7c415a0c28f5ea7f022273ccb591c90255d13a3ff77f47fc6eef7', 73694), ('weights', 'd7c8b74c50fcc1381826fdd9462b27a12735d97c713acdad118438ea0e394e34', 56594), ('weights', '02468cf9850eda298963fc020a351fae00701b050cc2e259b86ad17e09a20385', 56594), ('weights', 'b572bde09f57d0576eb07dc1c820d0d56819c2678979e7a3f52718657e27ba24', 56582), ('weights', '02778779a9fdfe46d913288d81dac5b2e6723ba1e74142e3eac6ead07d742cb7', 56594), ('weights', '380b6af70fe18784805f45fcbfd812d44211e8038749c5ce8644c8dc6298d696', 56594), ('feedback', '1d9465f7f37293bb6c9f981292490122965f8e4f2d8ccfb0cef3d279803dc2d3', 422553), ('feedback', '902624ae42c6d0a56f30ee95b3f3f52962c776b0861e99e506847047d62c2d08', 354153), ('feedback', 'a336cbc791b2b317524eb039ed363da909e5a2997ce42932e35f1dd7b3a7eccf', 337053), ('feedback', '46803ece9616d0bd4fc966f8bc69b84aa23f11ff8ba47ab1d5c206873900b7d2', 337053), ('feedback', '93b4d5dec613610c711415edeb469d4fb181277519e6b2fb55845f8ca0be4798', 337053), ('feedback', '33e98cf5ecfdab175b46e1eb33db4a8b9341012a8f12fc71acebd467813bde33', 337053), ('contrib', '9f2ddfd744c7fc50fd338590089180ca5927670cad2a32399f0eb9446ebb19b0', 75223), ('contrib', '8f65cc4d9421aeb5c182c5902b5fb234b354752cdc524ca90976b7cfcd825f9b', 58123), ('contrib', '3871329c99ea384caeb1b08a27a228964b6acf316e9f502a44beafc3cf3baa1b', 58123), ('contrib', '225ae9d5ea278f4f30f2bd0975f40aeedb94e22a259228171c999b624d7fac4b', 58123), ('contrib', '6daa53521e76ed54ebbacb7a433feec13d63b39b422c5942db3bcbc41cb127da', 58123), ('contrib', 'b35d076895a67955e550cb855bf68d8139d99fdb8c09f5e2ba0592f7beb92855', 58123), ('close', '87f78aa5ab876b28c63597b4964c50329f44eddebafc6450c8511a3c06f25833', 641581)]"
2,00:37:05.444,0.6919,387.55192708969116,"[1033333333333333332, 1033333333333333332, 1033333333333333332, 1033333333333333332, 1033333333333333332, 1033333333333333332]","[29, 31, 33, 30, 32, 35]","[73, 73, 73, 73, 73, 73]","[('0xA41dE09A63f6Cedd633f99052b44450d3BB91D44', 5083333333333333330, 16666666666666666, 1033333333333333332), ('0x17725D495A0843Ea05541fD61ba5D4082750bC08', 5083333333333333330, 16666666666666666, 1033333333333333332), ('0x37AC7AC5D09bbC6dAC1CF036b7F9DdD0EA4E052E', 5083333333333333330, 16666666666666666, 1033333333333333332), ('0x536fc4cd48ad9B3649e8aB615592E83Ec9F5fcd1', 5083333333333333330, 16666666666666666, 1033333333333333332), ('0x118E560679B62a9F24c135A96d416548782f8cc2', 5083333333333333330, 16666666666666666, 1033333333333333332), ('0xA2F37A08a8488CB8551a0D03f7A73f4156757de7', 5083333333333333330, 16666666666666666, 1033333333333333332)]",800000000000000000,[],"[166666666666666666, 166666666666666666, 166666666666666666, 166666666666666666, 166666666666666666, 166666666666666666]","[[0.0, 1.0, 1.0, 1.0, 1.0, 1.0], [1.0, 0.0, 1.0, 1.0, 1.0, 1.0], [1.0, 1.0, 0.0, 1.0, 1.0, 1.0], [1.0, 1.0, 1.0, 0.0, 1.0, 1.0], [1.0, 1.0, 1.0, 1.0, 0.0, 1.0], [1.0, 1.0, 1.0, 1.0, 1.0, 0.0]]",[],"['$user$0, 0.672, good, good, None, 0xA41dE09A63f6Cedd633f99052b44450d3BB91D44', '$user$1, 0.602, good, good, None, 0x17725D495A0843Ea05541fD61ba5D4082750bC08', '$user$2, 0.665, good, good, None, 0x37AC7AC5D09bbC6dAC1CF036b7F9DdD0EA4E052E', '$user$3, 0.62, good, good, None, 0x536fc4cd48ad9B3649e8aB615592E83Ec9F5fcd1', '$user$4, 0.652, good, bad, 3, 0x118E560679B62a9F24c135A96d416548782f8cc2', '$user$5, 0.705, good, freerider, 5, 0xA2F37A08a8488CB8551a0D03f7A73f4156757de7']","[('close', '87f78aa5ab876b28c63597b4964c50329f44eddebafc6450c8511a3c06f25833', 641581), ('slot', 'b386af75ae20b79d22c3ced2d19e4ca66baae2ca594fa1819ae1b6d83bf0765e', 50814), ('slot', '2efaf8a6d06c25323abb10f1edc3d4c2f20aed1f5672c477880034df44285617', 50814), ('slot', 'c34998c8fc237ceb4a9605bfdf8088781c67d5f0e0b4fbbd162017b994313124', 50802), ('slot', '8cbb896fd4b07751a38beee7e604333f9a7ecce04144a2d9296765d2c0ad5ab9', 50814), ('slot', 'aa43173a59f4e103c7f376284777ebdd66f993b6257a8b8c499478e7d62dee22', 50814), ('slot', 'ecff9441e49a6b3743fdb247bcf1f40c5ba89e45bfb9dc4577fc0883bae57ace', 50814), ('weights', '03d8a9b62b3795fab87f72b144874bca79f8bbc3697aa1074bcc4fd9fc65f69d', 73694), ('weights', 'dd29d9c0412d02f52217639531479d5e014486d92d673c1d482b760ee315c912', 56594), ('weights', '34abecc4307d921a888f5ebf9fa5ebf4e1254c6103289c1a4d1d7965f5dd1b8a', 56594), ('weights', 'c41a96058085464d88d13cc822ef9f49be88427b3d6829b70b626063345879ad', 56594), ('weights', 'a52e02481bab28950c3dc6796200a9981302714297b34d8cbe28d51c41005bbc', 56594), ('weights', '9ce42d3071a07f1474656e95135367a34c8427d2f501685653943df78d7753fd', 56594), ('feedback', 'b95c2898a1ffa798e147f2f4eb39d6f09ff78bd3878a51a4e930c17a193dff4e', 323053), ('feedback', 'e7ce7218196dce5ec5c26b40d4711dd5a068be7791ee3b100b36d1d8ee9d4d55', 254653), ('feedback', '21e1db3a8a447ab7a5cc6ce5f86cb4bcde0609a00870e2af8f72c9061c5c5cff', 237553), ('feedback', 'a5f5428434e5ac8cea076e7207c570c6d96b448c5788022b3fee0f72fbe7d9a2', 237553), ('feedback', 'd2fb5bfcafce76bd70d4c0239c372e4673464443454921ea2bebcdff041b1eb3', 237553), ('feedback', '8ab7d89219cf7120f6d757df48946ed9a2df07dd91835197bd75c3f0f1a72a0e', 237553), ('contrib', '2b07b36d555ec9e5604b500b5f02bbc4022fecddb364ac8ac440c64059ffa88d', 75223), ('contrib', '3f9030e149cc29c43be22ca1f13b4da6693c35713deaa697cdaf217b34afe055', 58123), ('contrib', '6e7abd6980eae3155c3281c6be91f708a18ffaf7e646c6404f987bf48062c9f3', 58123), ('contrib', '6b570a020e8d837ecd46eb84fa8611b0c7c6bbef9b61969b20baee12f591c76a', 58123), ('contrib', 'f8725361ce624ed9902d7070e1443fcc6041f70495fbcca0e0359844f1ab7c71', 58123), ('contrib', 'a74687ff3d8bc99eba0eac99c0f8bc2f0750ee60856c6698b2992292dbeff31c', 58123), ('close', '141cfc970714756fd963df758dc4021e18d1945f31190a52c1f9b2a4c7083e18', 611186)]"
3,00:37:34.499,0.8387,171.60757233202457,"[1122222222222222220, 1122222222222222220, 1122222222222222220, 1122222222222222220, 688888888888888888, 1122222222222222220]","[67, 67, 69, 66, 70, 71]","[40, 40, 40, 41, 40, 39]","[('0xA41dE09A63f6Cedd633f99052b44450d3BB91D44', 3099999999999999996, 88888888888888888, 1122222222222222220), ('0x17725D495A0843Ea05541fD61ba5D4082750bC08', 3099999999999999996, 88888888888888888, 1122222222222222220), ('0x37AC7AC5D09bbC6dAC1CF036b7F9DdD0EA4E052E', 3099999999999999996, 88888888888888888, 1122222222222222220), ('0x536fc4cd48ad9B3649e8aB615592E83Ec9F5fcd1', 3099999999999999996, 88888888888888888, 1122222222222222220), ('0xA2F37A08a8488CB8551a0D03f7A73f4156757de7', 3099999999999999996, 88888888888888888, 1122222222222222220)]",700000000000000000,"[(3, 344444444444444444)]","[200000000000000000, 200000000000000000, 200000000000000000, 200000000000000000, 200000000000000000]","[[0.0, 1.0, 1.0, 1.0, -1.0, 1.0], [1.0, 0.0, 1.0, 1.0, -1.0, 1.0], [1.0, 1.0, 0.0, 1.0, -1.0, 1.0], [1.0, 1.0, 1.0, 0.0, -1.0, 1.0], [-1.0, -1.0, -1.0, -1.0, 0.0, -1.0], [1.0, 1.0, 1.0, 1.0, -1.0, 0.0]]",[5],"['$user$0, 0.778, good, good, None, 0xA41dE09A63f6Cedd633f99052b44450d3BB91D44', '$user$1, 0.81, good, good, None, 0x17725D495A0843Ea05541fD61ba5D4082750bC08', '$user$2, 0.811, good, good, None, 0x37AC7AC5D09bbC6dAC1CF036b7F9DdD0EA4E052E', '$user$3, 0.779, good, good, None, 0x536fc4cd48ad9B3649e8aB615592E83Ec9F5fcd1', '$user$4, 0.652, bad, bad, 3, 0x118E560679B62a9F24c135A96d416548782f8cc2', '$user$5, 0.806, good, freerider, 5, 0xA2F37A08a8488CB8551a0D03f7A73f4156757de7']","[('close', '141cfc970714756fd963df758dc4021e18d1945f31190a52c1f9b2a4c7083e18', 611186), ('slot', 'e0ea96a5bc672dbcb376b2bbba8f5a2b4c5f780eed5f8e722d10fd814b98fa01', 50802), ('slot', '01de46e5e3713223a0a25566a8ee9555f80edd52a70112950de43622ad3f317c', 50814), ('slot', '283388fcac6099e04a884c697716762cd93c3bc2466821abdbd86d76a0f0ed5a', 50814), ('slot', '6fa800080253486937d8cd936f1bbd61fcef0f5ab6c6ad223d5b02b5558562cf', 50814), ('slot', '71c670fb59f2b6855308d9aa8e6f08b2d7958fe66305f3dd270113dadab7d7e2', 50802), ('slot', 'c46fac794d9022971c1f7114b2b9e77f09931d32f5dee5eae6d5fd3159f0bc5a', 50802), ('weights', '6296aebeadb0d1ac0caefed9f416a2d9036b537040c58972b83f3061cb0bde83', 73694), ('weights', 'fd111956cd2502cfb3cb1c1b6dee58808bbfbd2f3d7685c7c3e95ccadb30dfac', 56594), ('weights', '65aec261ee42d8ad0ce7b2ea22e632d00a41ff360bd34ee5cbd1d733fcf76f70', 56594), ('weights', '54b6e2a61950c7008c293cd14f191a8655bbb02ddb3125f410e65111d321f7fb', 56594), ('weights', '630c0cb6e16aae876f70157fcce1b515d77b66458f784b87b325bb1fbf404cf0', 56594), ('weights', '692470aab4d9256b001a68f17242818cf8447a0c6d2a3113cf7acb9a54739531', 56594), ('feedback', '3ffdf78904c8181200dc9aaec87cf6145cac56a2499d000769e75327898e342e', 321401), ('feedback', 'b9cfab544fce5747b9e2da8bd1cc63596ce4b1aaff9f508dbc5683db22f85323', 253001), ('feedback', '1a133fad0b8ccdd4f3a635e0d4c7df6bfd43bc8af117b1cff3a2a53557546ecf', 235901), ('feedback', '3b204e583a9db87cf7a051a197e6b944231b34a114678462df4d7a75cee124c7', 235901), ('feedback', 'de2974183309d6da91af03773a85b29c2e980f4cd1ad9716484eaf82544f3ef3', 229293), ('feedback', '70b1f99962caf796f5745cd3d4001ac0733c1d2b48fd54f6aaf0805fc1eb1b16', 235901), ('contrib', '48a89478fadd68f83a5bd07f3529967beebcc2af2ffa680430d57bcfe40f44e8', 75199), ('contrib', '995a81c0048712721b70f3a6190ec53d2e8102711ce17e817abb629ae72921ee', 58099), ('contrib', '28369ca526488d5932397d10e1c0d2a848ea4483c81bd43fd73272edfeae9fda', 58099), ('contrib', 'd2ef2a6d45569d892df8b67a0a4ce46f3a12bc6513fb26d932541aa0ad90133a', 58099), ('contrib', '2aa3550ea617b387610e4a74e0995231e4930d9141a04630746f7fee039efb7d', 58099), ('close', '170cb8a8a9175349167ec25dd728d4e7f13bd9fc663531db794165fe14347134', 643640)]"
4,00:38:03.605,0.8798,126.26300171017647,"[1188148148148148145, 1188148148148148145, 1188148148148148145, 1188148148148148145, 459259259259259259, 1188148148148148145]","[83, 85, 84, 82, 85, 84]","[17, 17, 18, 19, 17, 17]","[('0xA41dE09A63f6Cedd633f99052b44450d3BB91D44', 3799999999999999992, 65925925925925925, 1188148148148148145), ('0x17725D495A0843Ea05541fD61ba5D4082750bC08', 3799999999999999992, 65925925925925925, 1188148148148148145), ('0x37AC7AC5D09bbC6dAC1CF036b7F9DdD0EA4E052E', 3799999999999999992, 65925925925925925, 1188148148148148145), ('0x536fc4cd48ad9B3649e8aB615592E83Ec9F5fcd1', 3799999999999999992, 65925925925925925, 1188148148148148145), ('0xA2F37A08a8488CB8551a0D03f7A73f4156757de7', 3799999999999999992, 65925925925925925, 1188148148148148145)]",600000000000000000,"[(4, 229629629629629629)]","[200000000000000000, 200000000000000000, 200000000000000000, 200000000000000000, 200000000000000000]","[[0.0, 1.0, 1.0, 1.0, -1.0, 1.0], [1.0, 0.0, 1.0, 1.0, -1.0, 1.0], [1.0, 1.0, 0.0, 1.0, -1.0, 1.0], [1.0, 1.0, 1.0, 0.0, -1.0, 1.0], [-1.0, -1.0, -1.0, -1.0, 0.0, -1.0], [1.0, 1.0, 1.0, 1.0, -1.0, 0.0]]",[5],"['$user$0, 0.845, good, good, None, 0xA41dE09A63f6Cedd633f99052b44450d3BB91D44', '$user$1, 0.859, good, good, None, 0x17725D495A0843Ea05541fD61ba5D4082750bC08', '$user$2, 0.869, good, good, None, 0x37AC7AC5D09bbC6dAC1CF036b7F9DdD0EA4E052E', '$user$3, 0.844, good, good, None, 0x536fc4cd48ad9B3649e8aB615592E83Ec9F5fcd1', '$user$4, 0.652, bad, bad, 3, 0x118E560679B62a9F24c135A96d416548782f8cc2', '$user$5, 0.87, good, freerider, 5, 0xA2F37A08a8488CB8551a0D03f7A73f4156757de7']","[('close', '170cb8a8a9175349167ec25dd728d4e7f13bd9fc663531db794165fe14347134', 643640), ('slot', 'c0f650636cb22117254c85370cd7215611ba5ba5eef6cfb929e6fada467bb8b7', 50814), ('slot', 'd49fb696f747cd3ec77c3aceb4f293cd850302d9a96f06193d74ddb8c99d7595', 50814), ('slot', '991de294963d3c3bdf40f3f18e3ac7cc4d02759d1558a03ff1970a55abb0422e', 50814), ('slot', 'c2081514a6b0ee3dd2d75f8439467dc61290a09cd7e26aeec45bc262670ccf28', 50814), ('slot', 'b40c38921cfa2b16fdaf9faf443df7a7253b353d5f54d84eb534248292a3fb63', 50814), ('slot', 'ebde054d6bd412d758fc5585f7096e8f9652e81024df4f631ac11fc447810eff', 50814), ('weights', 'e610b9dcc70e812968aac70426eef93a481755edc1b42d98689ce5bdb8786c19', 73694), ('weights', 'a61d51e1876ad2e07b8c9cf6188561fa5e88cde2df57d914f30b7a316c550e1b', 56594), ('weights', 'e15b64dc432dc353307054dd11e7985d487f4ff36ab313e6ec69bc061ed8e9af', 56594), ('weights', '832b55a2252792e653278ffb090d907911852e579504ac4ed015f04f83f9f8ea', 56594), ('weights', '3de45924c61ca56d2d09b370f69abbc282ce66ed08c163bf2b1fe1cf1fbcbf3c', 56594), ('weights', 'f3bf290e7321925ea17f3c6b0f3d19f82d9a230eb8cdde629e90a2432cb24e28', 56594), ('feedback', 'aed9e137308cc4dc7ed3e5a937564912daf53767b63e30ea52d9a3fc2b932527', 323401), ('feedback', '47dfc84ee0c77ae96de5a9e0f96d8da6c968e9a5601e625d2c43faed0c4f1b7e', 255001), ('feedback', '94392992c3ef428c8541d2563f464ca586af1de3ab2243de980042ae8a325ecf', 237901), ('feedback', '56877b3fbe61c8432d45734351784244f185c78db0bad6114a01f847efa6fb7e', 237901), ('feedback', '3a6af6b19ff4e3214525a25aaae51bb8f1801a8bed9971bd6ca55485d0dc4ea7', 239293), ('feedback', 'c8f29ff77b9a22798b918455acf854b852f6ead4d2a7846645d6b509551cd4e7', 237901), ('contrib', 'b3b9fb2223e21113793bc574f4cb398f3b2be8019f8b2aca9eaf9284e5d4a133', 75199), ('contrib', 'e0595a3052f6ff95d98005471e14d5ab27ca6773ed4dd1b7614dad4e6b9814bb', 58099), ('contrib', 'ff0b3cbec51669112d101e7df929bbff17817c2a495f4b5f883ac773def6b504', 58099), ('contrib', 'fa221c7ccd5bfbe7fb97e28d486db1cdb24f8e2c75ae4245b40cbce3de98ed8c', 58099), ('contrib', 'f4868bc55f8d5d076e89b093a47f205acf989371f4a42180202d1fe11897c154', 58099), ('close', '35ac8491d24a60cd62d92c72bd2de04340b460d2d75a488b7d28b76488d23ebf', 643640)]"
5,00:38:31.031,0.8973,103.570296715945,"[1350432098765432095, 1350432098765432095, 1350432098765432095, 1350432098765432095, 306172839506172840, 792098765432098764]","[89, 88, 88, 86, 88, 88]","[12, 13, 13, 15, 12, 13]","[('0xA41dE09A63f6Cedd633f99052b44450d3BB91D44', 3105185185185185176, 162283950617283950, 1350432098765432095), ('0x17725D495A0843Ea05541fD61ba5D4082750bC08', 3105185185185185176, 162283950617283950, 1350432098765432095), ('0x37AC7AC5D09bbC6dAC1CF036b7F9DdD0EA4E052E', 3105185185185185176, 162283950617283950, 1350432098765432095), ('0x536fc4cd48ad9B3649e8aB615592E83Ec9F5fcd1', 3105185185185185176, 162283950617283950, 1350432098765432095)]",500000000000000000,"[(5, 153086419753086419), (5, 396049382716049381)]","[250000000000000000, 250000000000000000, 250000000000000000, 250000000000000000]","[[0.0, 1.0, 1.0, 1.0, -1.0, -1.0], [1.0, 0.0, 1.0, 1.0, -1.0, -1.0], [1.0, 1.0, 0.0, 1.0, -1.0, -1.0], [1.0, 1.0, 1.0, 0.0, -1.0, -1.0], [-1.0, -1.0, -1.0, -1.0, 0.0, -1.0], [0.0, 0.0, 0.0, 0.0, 0.0, 0.0]]","[5, 6]","['$user$0, 0.88, good, good, None, 0xA41dE09A63f6Cedd633f99052b44450d3BB91D44', '$user$1, 0.872, good, good, None, 0x17725D495A0843Ea05541fD61ba5D4082750bC08', '$user$2, 0.878, good, good, None, 0x37AC7AC5D09bbC6dAC1CF036b7F9DdD0EA4E052E', '$user$3, 0.875, good, good, None, 0x536fc4cd48ad9B3649e8aB615592E83Ec9F5fcd1', '$user$4, 0.652, bad, bad, 3, 0x118E560679B62a9F24c135A96d416548782f8cc2', '$user$5, 0.87, freerider, freerider, 5, 0xA2F37A08a8488CB8551a0D03f7A73f4156757de7']","[('close', '35ac8491d24a60cd62d92c72bd2de04340b460d2d75a488b7d28b76488d23ebf', 643640), ('slot', 'db242d2a47d899c75cf3398acd5ef80c2507da8a6b2a9b4fa68cabdadf3d6978', 50814), ('slot', 'd720442eb0600a6c870e9a49fce17d4cdf1e9316bb487e73137a06369c7bf0ca', 50814), ('slot', 'e7c5af9e642dc3a58165f0c9812f024d95f067e7d0c5f37ed43bcbc603aef66b', 50814), ('slot', 'fcbca1d6b8c356e1049ca7c4c97f5138a339f9a2c27c26242f0406466e36f010', 50802), ('slot', 'e841d87c01af57a7e93b0117d3ba0844705cde8f70f288d1b7efc89aca402348', 50814), ('slot', '37f659a0f9925cd81acd236b19634becbad8bcb11ac5c4875c090b6303e9995a', 50814), ('weights', 'be80c81c855626cd7e9afc675e07ffee18a4929e407383486314cabdea2044f4', 73694), ('weights', '395dcfc10a10079fb79053692479dd207872415d965dc3120c547f3234e86e56', 56594), ('weights', 'ce6e7964f92b94cfbbc315a92438529bc50288b494ade8207b71047d511b54b9', 56582), ('weights', '5e62119b3766c8f5d27cbd4aefdd79189c2212d78f87e3a34f16ec5d248680ba', 56594), ('weights', '68513ab27c5f26f7063d04c46dcaf05f836e4770d0db3b1b571c77570b08f193', 56594), ('weights', '019a136d7e928865aba564e28e3598a6050569d8fb38b9857245b8b23aeb3324', 56594), ('feedback', '60291bfd6e20f75138df0565dac674f9c79eb4a2cf836502dcc4fdb9dce555d2', 321749), ('feedback', '836c2fc5a2f904dad7e7b181ad61ddb3fb54f641f4566ddee3503ecc59f22098', 253349), ('feedback', '2fec72312cd246e8a33a176d938cebe6e0946d061c7f838705f52a689146bbf4', 236249), ('feedback', '06f56aef299cbdc09970a5a03f159bc1e94fb5b9a18af111b793a62d4cad3c40', 236249), ('feedback', '876e71716a3a5a3e400bf45c5f0b26ee2b359fcb1b2d42b96dac4db39eabc805', 239293), ('feedback', 'e41d0780eba0f1869331c226d33efa35242fcdad048b3a79d2a7bbe1b22ee903', 210683), ('contrib', 'cf60294236fd0bf2e96a371c0db8f937fdaefbfb6d97a0106a537381f708b23f', 75199), ('contrib', '1fbfb77b739e768e0c2f3ada5bbff184f8ae15ad7f00167a3d0f722b83d46936', 58099), ('contrib', 'bb09c58956b3d5b0a6babf7cbbf603db3b6163152c4a05b82067d1eb3e1a4832', 58099), ('contrib', '189e1cf73a3ebbe9dae5136539066617d106e7a676b5eee999903fef950f8fb3', 58099), ('close', '969debcd5897c3e9cfb0a5ac7eeee4aa34c5f51c079f2fc2b1e4838eedc35932', 658515)]"
6,00:38:58.238,0.9117,88.2553972452879,"[1517983539094650202, 1517983539094650202, 1517983539094650202, 1517983539094650202, 528065843621399176, 0]","[90, 90, 90, 88, 89, 89]","[10, 10, 11, 12, 10, 11]","[('0xA41dE09A63f6Cedd633f99052b44450d3BB91D44', 3745123456790123445, 167551440329218107, 1517983539094650202), ('0x17725D495A0843Ea05541fD61ba5D4082750bC08', 3745123456790123445, 167551440329218107, 1517983539094650202), ('0x37AC7AC5D09bbC6dAC1CF036b7F9DdD0EA4E052E', 3745123456790123445, 167551440329218107, 1517983539094650202), ('0x536fc4cd48ad9B3649e8aB615592E83Ec9F5fcd1', 3745123456790123445, 167551440329218107, 1517983539094650202)]",400000000000000000,"[(6, 264032921810699588), (6, 306172839506172840)]","[250000000000000000, 250000000000000000, 250000000000000000, 250000000000000000]","[[0.0, 1.0, 1.0, 1.0, -1.0, -1.0], [1.0, 0.0, 1.0, 1.0, -1.0, -1.0], [1.0, 1.0, 0.0, 1.0, -1.0, -1.0], [1.0, 1.0, 1.0, 0.0, -1.0, -1.0], [-1.0, -1.0, -1.0, -1.0, 0.0, -1.0], [0.0, 0.0, 0.0, 0.0, 0.0, 0.0]]","[6, 5]","['$user$0, 0.901, good, good, None, 0xA41dE09A63f6Cedd633f99052b44450d3BB91D44', '$user$1, 0.892, good, good, None, 0x17725D495A0843Ea05541fD61ba5D4082750bC08', '$user$2, 0.899, good, good, None, 0x37AC7AC5D09bbC6dAC1CF036b7F9DdD0EA4E052E', '$user$3, 0.893, good, good, None, 0x536fc4cd48ad9B3649e8aB615592E83Ec9F5fcd1', '$user$5, 0.87, freerider, freerider, 5, 0xA2F37A08a8488CB8551a0D03f7A73f4156757de7']","[('close', '969debcd5897c3e9cfb0a5ac7eeee4aa34c5f51c079f2fc2b1e4838eedc35932', 658515), ('slot', 'a8b6d963ffb24768763e540279410e3e89369b841e553e206140b50f6f0bb4c0', 50814), ('slot', '850c0619cf10058ada061cdefdee0ccff7edcb1fb5aac07b5064a625a6ce12be', 50814), ('slot', '662c1f990f1fbd880cd2ba1065159daf5efc42a04e5b3691bc73f1e9a60a2ba4', 50814), ('slot', 'fb8e493b34ffcd11e205ca07bd1da55c6ba660a43b3eea08d82b6e1c60cf931c', 50814), ('slot', 'ac858c50304264dcb07c1cc505fdb7c23a949793f912c174ff553f9d61c4ef0f', 50814), ('slot', '5c3d63b1a649d89c119dadf992e5a768a94ce41ea7cc3e521c0e6e2ac1880471', 50814), ('weights', 'a6c64d767322de4fdd0828314c20ba3c89f56f0f65e26558e22d48ac2d02c132', 73694), ('weights', '1f0af92df9a637158e116e67706266f6adc08f71ab32e2501a85153e7b469c46', 56594), ('weights', '6a49d9d8dab7014e8ad15b28af08716850b35d0404ae2bfd10b40209aa99b1cb', 56594), ('weights', 'a03576a67a3200784e4df57f9045e92ad1f5960127696b881d2cc90438b0220b', 56594), ('weights', '239f2af9508b801c83acdc3e02a59e6660d70d7bfdfb10199f78ba9fa357241b', 56594), ('weights', 'b24f7a4bfd3e949a4b8a7a02b1b675dcd12c17267c22bf4b8f431d791a880d25', 56594), ('feedback', '2e5939c0c54fc42d391b8c77086126596d9e0ae32b959bef90a4d3d6dc35e075', 323749), ('feedback', 'bf047413ff0e2638a4cfd7fd0927253f9c85c67b6b3c92e03351418065f25382', 255349), ('feedback', '750a1a7849ea584e96c5617366cac66c0acfe7add19c1199b12e23ef540b5518', 238249), ('feedback', '5a220be0f7ca19cef5c989ec8fd9305cebd2264ec9c308e235e975cd1ae77cf4', 238249), ('feedback', '346d53b56b6c1e9107f1a98c7d40c2558165b9676ec60dec874fcbfd4c8d39a3', 239293), ('feedback', '1e150ab516794dafcf284d37bdde8f9addcb74d803c72ee262add13d9e09e499', 218683), ('contrib', 'dec323fa15af275ebb906d145b91e63f283c70e49413176145be451d04e409f2', 75199), ('contrib', 'e264a948fd01843cbb277ae50fe09dd2c23aaac7f7860c320851cebd54ca7caa', 58099), ('contrib', '585cd59349d9ef6346f2751a2e9248f0e148863e63539c50f45c142c4579c91c', 58099), ('contrib', '6f1ccf1a5e8b4ae71ab1edd6b473e63581e001c26cc8849c84f9fc2b39cd1caf', 58099), ('close', 'c231a9c59b3228ee392083951815afc746161dba0e4a0649d84f812113f545a3', 618388)]"
7,00:39:23.249,0.9235,76.74906677007675,"[1586989026063100133, 1586989026063100133, 1586989026063100133, 1586989026063100133, 352043895747599451, 0]","[91, 90, 92, 89, 0, 90]","[8, 9, 9, 10, 0, 10]","[('0xA41dE09A63f6Cedd633f99052b44450d3BB91D44', 4553950617283950606, 69005486968449931, 1586989026063100133), ('0x17725D495A0843Ea05541fD61ba5D4082750bC08', 4553950617283950606, 69005486968449931, 1586989026063100133), ('0x37AC7AC5D09bbC6dAC1CF036b7F9DdD0EA4E052E', 4553950617283950606, 69005486968449931, 1586989026063100133), ('0x536fc4cd48ad9B3649e8aB615592E83Ec9F5fcd1', 4553950617283950606, 69005486968449931, 1586989026063100133)]",300000000000000000,"[(7, 176021947873799725)]","[250000000000000000, 250000000000000000, 250000000000000000, 250000000000000000]","[[0.0, 1.0, 1.0, 1.0, 0.0, -1.0], [1.0, 0.0, 1.0, 1.0, 0.0, -1.0], [1.0, 1.0, 0.0, 1.0, 0.0, -1.0], [1.0, 1.0, 1.0, 0.0, 0.0, -1.0], [0.0, 0.0, 0.0, 0.0, 0.0, 0.0], [0.0, 0.0, 0.0, 0.0, 0.0, 0.0]]",[5],"['$user$0, 0.898, good, good, None, 0xA41dE09A63f6Cedd633f99052b44450d3BB91D44', '$user$1, 0.91, good, good, None, 0x17725D495A0843Ea05541fD61ba5D4082750bC08', '$user$2, 0.918, good, good, None, 0x37AC7AC5D09bbC6dAC1CF036b7F9DdD0EA4E052E', '$user$3, 0.904, good, good, None, 0x536fc4cd48ad9B3649e8aB615592E83Ec9F5fcd1', '$user$5, 0.87, freerider, freerider, 5, 0xA2F37A08a8488CB8551a0D03f7A73f4156757de7']","[('close', 'c231a9c59b3228ee392083951815afc746161dba0e4a0649d84f812113f545a3', 618388), ('slot', 'e32d8885eb872e495e8b164184871b9318c26be81c17910cfc9cc68206ab6a1e', 50814), ('slot', 'af632e4312302a7b97084be770f9dd0d61360a13ac499f1e2975caf13570107e', 50814), ('slot', '89e8b066c82e714741c3d43d59fef253292576b7b3ba86baf0802c4c181a073c', 50802), ('slot', '9443422f4ac5f580cde859f2a4cc808e9b0b8ac4ef3100b453acee13b4796320', 50814), ('slot', '1fdc07c9c81e0698807789dd6a0063c38d69a1a435416bcf753c7ceece167bce', 50814), ('weights', 'fbdda72797dafb1f067d81a8cbc617aaf4cbc796a2020a29e7bc70cbb258bca2', 73694), ('weights', '2b60ab446eb28f0c746941bf1b106561a8a592530f86c033d50769c2c0b57093', 56582), ('weights', '7bc13058b2d0c47d8d66022c128704ea4f6eb3b231460e7ab7ef48733f6e02c4', 56594), ('weights', 'a381d3e19a2b764a67cbd257e189ef54903cb9e991700f7cbfcb91ce85cd5e4b', 56594), ('weights', 'f3f4f969540ce4ce8030d407f49af6aa1531eaa3e7bbb1d6518171cf0e98e69d', 56594), ('feedback', 'e9cd72201c4cd077200499fe4faad29e1dcdc2e06db032d78038ca9f3e5dbe7d', 270522), ('feedback', '9707fe2e7a5efc06fbb49aa3513d2714f6e20f9f19c91729ffbc39bf26ce8f2a', 219222), ('feedback', '24f221c16e21002da96c9fc2e56d54634406beff8084d71e489f3e84d60a1ef8', 202122), ('feedback', 'fc982aef6480b5677e9de5b52c4cf456ca4901586b67e8905c7bf09241ab3ee0', 202122), ('feedback', 'a9a984ad118e8e83ccdd4a130aead99b53bcea7ab4e1a40e72a28cd8ea4a54c0', 186678), ('contrib', '0a5a5fb1a414d43d7b2e4cc4f0277a0372f553302a8bbbb0fbd6f7c816ac378f', 75199), ('contrib', 'c2f45729c00ba26759ee72d666eee02177972530ddb23ee623f064ca5591f396', 58099), ('contrib', '327854c4701b123664c7d7548ff4d35c9eed012b2bf6a5bd550bfcd26226dde9', 58099), ('contrib', '610a7c71d79a60ab3d98aea8455a8f291981c2d073b4593d3850c0edd5f256d5', 58099), ('close', '251fa40a4c5af1f7387b4961930f13ff276f293046ae3967ce3d5ed9f226487a', 543321)]"
8,00:39:47.367,0.9305,69.1631540209055,"[1641326017375400087, 1641326017375400087, 1641326017375400087, 1641326017375400087, 234695930498399634, 0]","[92, 92, 93, 90, 0, 91]","[7, 8, 8, 9, 0, 9]","[('0xA41dE09A63f6Cedd633f99052b44450d3BB91D44', 4760967078189300399, 54336991312299954, 1641326017375400087), ('0x17725D495A0843Ea05541fD61ba5D4082750bC08', 4760967078189300399, 54336991312299954, 1641326017375400087), ('0x37AC7AC5D09bbC6dAC1CF036b7F9DdD0EA4E052E', 4760967078189300399, 54336991312299954, 1641326017375400087), ('0x536fc4cd48ad9B3649e8aB615592E83Ec9F5fcd1', 4760967078189300399, 54336991312299954, 1641326017375400087)]",200000000000000000,"[(8, 117347965249199817)]","[250000000000000000, 250000000000000000, 250000000000000000, 250000000000000000]","[[0.0, 1.0, 1.0, 1.0, 0.0, -1.0], [1.0, 0.0, 1.0, 1.0, 0.0, -1.0], [1.0, 1.0, 0.0, 1.0, 0.0, -1.0], [1.0, 1.0, 1.0, 0.0, 0.0, -1.0], [0.0, 0.0, 0.0, 0.0, 0.0, 0.0], [0.0, 0.0, 0.0, 0.0, 0.0, 0.0]]",[5],"['$user$0, 0.913, good, good, None, 0xA41dE09A63f6Cedd633f99052b44450d3BB91D44', '$user$1, 0.915, good, good, None, 0x17725D495A0843Ea05541fD61ba5D4082750bC08', '$user$2, 0.93, good, good, None, 0x37AC7AC5D09bbC6dAC1CF036b7F9DdD0EA4E052E', '$user$3, 0.907, good, good, None, 0x536fc4cd48ad9B3649e8aB615592E83Ec9F5fcd1', '$user$5, 0.87, freerider, freerider, 5, 0xA2F37A08a8488CB8551a0D03f7A73f4156757de7']","[('close', '251fa40a4c5af1f7387b4961930f13ff276f293046ae3967ce3d5ed9f226487a', 543321), ('slot', '0f59710f9d0e31d2971f4e2f9fbe83297633f1becbc56455492792653e1b123e', 50814), ('slot', 'eac08e1919483a589f1ed8aeb4e7aac19807f2870ba69f960fb700bf4dc07903', 50814), ('slot', '38f22464f827444a9474b533de559ef5301044252fd70a3038fcccdce497d724', 50802), ('slot', '7423e8fcdb72b83b83119e2e098d1cc5ebae3180b64c42b495cd51e7bac23f6e', 50802), ('slot', '6a831bf8c9aa66d90d6b10702f8e3282ce2ed568fd9adf621523d1d9c2c24879', 50814), ('weights', '936faa2a6f9db87da5595397c4903519bf2c89b7ca97f8349590a3ea0c37d2b9', 73694), ('weights', 'ba52c2b76125902edf5163d610d77161aeda16b81729a7a89714ad291d59298a', 56594), ('weights', 'b0134fcdcd11b5bc8be1b1119722fbd6af57afe5b5c21b2273c2cc7d9e606c9c', 56594), ('weights', '7b285baa841f12f72a097775530e9b48e187c57b3192867dc911944bdb5f0e0b', 56582), ('weights', '23f20b91facb091bcde35a77962ffbb158d5937e661841bdb9abb2682396fe87', 56594), ('feedback', '7fabe00904431747c18508b566088f3cb453778d4d4a7a2c2a6d1df4f3202ba9', 270522), ('feedback', 'b438562993db792acdcd120426aa29c4ff54132055639c3570f2ef21b22fb3ff', 219222), ('feedback', '0051916678b3f56f9290aa9125d0814e0f0ed6c06400912243451c15386f1a42', 202122), ('feedback', 'c709445104ae4c38b1b9fce6fb3042eb71d2eabb7440739a1c67e761814c632e', 202122), ('feedback', '7a1b15083869550bec8c37dfe9b1139b05e78133a357e95a4f702adc46c4093c', 186678), ('contrib', '2d073f82edea0b04927cd526be9d810901c4393a24aa575690809279926a4bac', 75199), ('contrib', 'd6547bbfc5c2cbbc1b0995f62478d3880e1b9af2dccd2dd6d1879b9404fde4b0', 58099), ('contrib', 'd4cda500eace51799b14d9179635407fb0e2fe762f35d8ba8be7ddf57f884547', 58099), ('contrib', '87dcc18157ab804434c81857e92070a4fddf06a510871949ff65d9ec88752237', 58099), ('close', '0e29c138dcd7bfd3e691f30b76c8c57f365d3b703c380d7bca10c53d30c6b7d4', 543321)]"
9,00:40:12.440,0.9396,61.54629993438721,"[1724999999999999995, 1724999999999999995, 1724999999999999995, 1724999999999999995, 0, 0]","[93, 93, 94, 91, 0, 92]","[7, 7, 7, 8, 0, 8]","[('0xA41dE09A63f6Cedd633f99052b44450d3BB91D44', 4923978052126200261, 83673982624599908, 1724999999999999995), ('0x17725D495A0843Ea05541fD61ba5D4082750bC08', 4923978052126200261, 83673982624599908, 1724999999999999995), ('0x37AC7AC5D09bbC6dAC1CF036b7F9DdD0EA4E052E', 4923978052126200261, 83673982624599908, 1724999999999999995), ('0x536fc4cd48ad9B3649e8aB615592E83Ec9F5fcd1', 4923978052126200261, 83673982624599908, 1724999999999999995)]",100000000000000000,"[(9, 234695930498399634)]","[250000000000000000, 250000000000000000, 250000000000000000, 250000000000000000]","[[0.0, 1.0, 1.0, 1.0, 0.0, -1.0], [1.0, 0.0, 1.0, 1.0, 0.0, -1.0], [1.0, 1.0, 0.0, 1.0, 0.0, -1.0], [1.0, 1.0, 1.0, 0.0, 0.0, -1.0], [0.0, 0.0, 0.0, 0.0, 0.0, 0.0], [0.0, 0.0, 0.0, 0.0, 0.0, 0.0]]",[5],"['$user$0, 0.922, good, good, None, 0xA41dE09A63f6Cedd633f99052b44450d3BB91D44', '$user$1, 0.936, good, good, None, 0x17725D495A0843Ea05541fD61ba5D4082750bC08', '$user$2, 0.939, good, good, None, 0x37AC7AC5D09bbC6dAC1CF036b7F9DdD0EA4E052E', '$user$3, 0.918, good, good, None, 0x536fc4cd48ad9B3649e8aB615592E83Ec9F5fcd1']","[('close', '0e29c138dcd7bfd3e691f30b76c8c57f365d3b703c380d7bca10c53d30c6b7d4', 543321), ('slot', '44d8c03009529bb61910aa58a39751b573dc6dc643ce83ea1a3cc237e78c2cc6', 50814), ('slot', '63764211caf1b58cddc452f2d05e9cae7b059bdf1569bd53a8ff212aca3fa772', 50814), ('slot', '1724b71aaeacf17f6f03984d3a2605afef79e05540673d7f66143af35454b2c1', 50814), ('slot', 'f298a94e7cc2aedb4b05853068dbd85b4300e94f59a867a03099739990c3c9b4', 50814), ('slot', 'de165d03faf5f0f70a6433806df2b219d46bae783833ff9465c977c2432caa11', 50814), ('weights', 'ea91250ca37775538beff742328de1967521187a46148ea80bdf87f5eb271bed', 73694), ('weights', 'b592372bd79cc85d4f62f33ad9ea1d6db592a816c275bcdd9f9564bd5b531d78', 56594), ('weights', '38e4afb162a33cd55e5bb4af638baff225e776b9bde30354e417028823498db9', 56594), ('weights', 'e109c92008b1614166f9e61a1bfc12d1218794629444429ec3795cfc807d78d0', 56594), ('weights', '911187b4f8a0b67c663c22ea44cbe5c0281b61c982ba698a211fd2e8fd264ead', 56594), ('feedback', '2e826afce15978d73933041caf9af204061187500b4584e176851d2c12b56e68', 270522), ('feedback', '5015c91f6fa8e1385eed723f8666ae0d7ee122af988a29fbb481b8d8a45cc2cd', 219222), ('feedback', '29d84028468b23308aac3759a87612bcb1535637c7963d9da77e0be0a14381db', 202122), ('feedback', '3ec3cbaa0a936a44cd9a29d85263534f0a9f943fc0c4bfa7fb716af8c0971243', 202122), ('feedback', 'af549a8a89119a53f25e4c945a79e8666663729416df99fb7987f08a42d6e329', 186678), ('contrib', 'a39485a4ced784c8708a58ceb0042432d43de4b09114de4b59439036c7782ba7', 75199), ('contrib', '8a1107d029222bfb24734275b4d16413520aeae19483bb042d96d837d7da6d56', 58099), ('contrib', '5fc7408ccc5f08b22a4275944363c02ecb85ae838468f9c929bf961cafd67ec7', 58099), ('contrib', '5d975d4d29b401d78b02606bc0db1623f0b1874708b0f116fbe46267cb591d4e', 58099), ('close', '19843401782d7754593ee959569e9d2aea14ca18976ab857c51543bb8940cb8c', 502181)]"
10,00:40:35.564,0.945,55.38034199923277,"[1749999999999999995, 1749999999999999995, 1749999999999999995, 1749999999999999995, 0, 0]","[94, 94, 95, 92, 0, 0]","[6, 6, 6, 7, 0, 0]","[('0xA41dE09A63f6Cedd633f99052b44450d3BB91D44', 5174999999999999985, 25000000000000000, 1749999999999999995), ('0x17725D495A0843Ea05541fD61ba5D4082750bC08', 5174999999999999985, 25000000000000000, 1749999999999999995), ('0x37AC7AC5D09bbC6dAC1CF036b7F9DdD0EA4E052E', 5174999999999999985, 25000000000000000, 1749999999999999995), ('0x536fc4cd48ad9B3649e8aB615592E83Ec9F5fcd1', 5174999999999999985, 25000000000000000, 1749999999999999995)]",0,[],"[250000000000000000, 250000000000000000, 250000000000000000, 250000000000000000]","[[0.0, 1.0, 1.0, 1.0, 0.0, 0.0], [1.0, 0.0, 1.0, 1.0, 0.0, 0.0], [1.0, 1.0, 0.0, 1.0, 0.0, 0.0], [1.0, 1.0, 1.0, 0.0, 0.0, 0.0], [0.0, 0.0, 0.0, 0.0, 0.0, 0.0], [0.0, 0.0, 0.0, 0.0, 0.0, 0.0]]",[],"['$user$0, 0.93, good, good, None, 0xA41dE09A63f6Cedd633f99052b44450d3BB91D44', '$user$1, 0.94, good, good, None, 0x17725D495A0843Ea05541fD61ba5D4082750bC08', '$user$2, 0.941, good, good, None, 0x37AC7AC5D09bbC6dAC1CF036b7F9DdD0EA4E052E', '$user$3, 0.926, good, good, None, 0x536fc4cd48ad9B3649e8aB615592E83Ec9F5fcd1']","[('close', '19843401782d7754593ee959569e9d2aea14ca18976ab857c51543bb8940cb8c', 502181), ('slot', '8bc1d098f0ecf4eae589b6c217a7cce7005c522129eb2b59504cdd21f8f383cb', 50814), ('slot', '0e304a2336f90b4ff319762b606b6cec0f83e8906d95528fa22b1ba600781c9d', 50814), ('slot', 'ffd22db737df5ad0f857498856d1521a84f2f1498ce22fb6036aff2119f8e012', 50814), ('slot', 'c4c03d7064574fc2154a58b815aeef06c9cc8f20e4a84f82f322b8700c70aa01', 50814), ('weights', '8af409c4f897ecd24d3c9d21f26f1f4253b02458e6df384308380e74dc434887', 73694), ('weights', 'ac91eba071787d1340406f197b1beb2635caff13046d6886d41d2f2a5453805b', 56594), ('weights', '9ad7f80623010db2ee912d2105d90a9532eb7894cf6f956ccc99013fa1f16252', 56582), ('weights', 'ffecc6e7483b86a2ceaeddb11acb986a70a6f1c24b550024be7b2e16b498bc2b', 56594), ('feedback', 'a1f04fedffbb6bb27f87343062a82dd52614742089a640400ebce6a5cbc3b54d', 217307), ('feedback', '5f2b0eea944fb5231b40771fd4effc0b2d7e2759a8f850579965a6d700b22205', 183107), ('feedback', '86c8c5cfe49ad97a2f076289464216673b93b474515489b6bb7fe4264f46d594', 166007), ('feedback', '82f1b2b8ca1f3b19992cb6bf6afac1b62da8b1920ee81e3811ef4e6b41fb7553', 166007), ('contrib', '6812867a43bf45ccbfff6fd85bf46961b6da31d56cf00edd6f2efb8a719ae5e4', 75199), ('contrib', '00ba5d6e07477fb474a8221dde84e40c613abb937392a0acc1e9f11180c8902e', 58099), ('contrib', '6e8f35a971d429d47376288ed079526154cc109a29c430bd2037ac8271e940da', 58099), ('contrib', '047e3afbb7579a950baad25ea35bd28a035c138acf609d038f01321ed33e8092', 58099), ('close', '86170709de2ff017ac0139ca13ef57a6ba6050f6c5e71ce353b147a17fb4958f', 410442)]"
# $gasCosts$[422553, 354153, 337053, 337053, 337053, 337053, 75223, 58123, 58123, 58123, 58123, 58123, 323053, 254653, 237553, 237553, 237553, 237553, 75223, 58123, 58123, 58123, 58123, 58123, 321401, 253001, 235901, 235901, 229293, 235901, 75199, 58099, 58099, 58099, 58099, 323401, 255001, 237901, 237901, 239293, 237901, 75199, 58099, 58099, 58099, 58099, 321749, 253349, 236249, 236249, 239293, 210683, 75199, 58099, 58099, 58099, 323749, 255349, 238249, 238249, 239293, 218683, 75199, 58099, 58099, 58099, 270522, 219222, 202122, 202122, 186678, 75199, 58099, 58099, 58099, 270522, 219222, 202122, 202122, 186678, 75199, 58099, 58099, 58099, 270522, 219222, 202122, 202122, 186678, 75199, 58099, 58099, 58099, 217307, 183107, 166007, 166007, 75199, 58099, 58099, 58099],[126674, 126674, 126674, 126674, 126674],[50814, 50802, 50814, 50814, 50814, 50814, 50814, 50814, 50802, 50814, 50814, 50814, 50802, 50814, 50814, 50814, 50802, 50802, 50814, 50814, 50814, 50814, 50814, 50814, 50814, 50814, 50814, 50802, 50814, 50814, 50814, 50814, 50814, 50814, 50814, 50814, 50814, 50814, 50802, 50814, 50814, 50814, 50814, 50802, 50802, 50814, 50814, 50814, 50814, 50814, 50814, 50814, 50814, 50814, 50814],[73694, 56594, 56594, 56582, 56594, 56594, 73694, 56594, 56594, 56594, 56594, 56594, 73694, 56594, 56594, 56594, 56594, 56594, 73694, 56594, 56594, 56594, 56594, 56594, 73694, 56594, 56582, 56594, 56594, 56594, 73694, 56594, 56594, 56594, 56594, 56594, 73694, 56582, 56594, 56594, 56594, 73694, 56594, 56594, 56582, 56594, 73694, 56594, 56594, 56594, 56594, 73694, 56594, 56582, 56594],[641581, 611186, 643640, 643640, 658515, 618388, 543321, 543321, 502181, 410442],[],[]
# TOTAL EXPERIMENT TIME: 414.53 seconds
