# Author Nykjaer
# ------Specs--------# cpu_name:  (processor model)
# cpu_cores: 6 (physical cores)
# ram_gb: 13.5 (system memory in GB)
# gpu_name: NVIDIA GeForce RTX 3060 Laptop GPU (graphics processor)
# os_name: Linux (operating system)
# ------Config--------# good_contributors: 4 (honest participants)
# bad_contributors: 1 (malicious participants)
# freeriders: 1 (contribute 0)
# inactive: 0 (never join)
# reward: 1000000000000000000 (total reward pool)
# minimum_rounds: 10 (rounds to simulate)
# min_buy_in: 1000000000000000000 (lower buy-in bound)
# max_buy_in: 1000000000000000000 (upper buy-in bound)
# standard_buy_in: 1000000000000000000 (default buy-in)
# epochs: 1 (local epochs per round)
# batch_size: 32 (training batch size)
# punish_factor: 3 (penalty multiplier)
# first_round_fee: 50 (fee for first round)
# fork: True (True=local fork, False=real net)
# contribution_score_strategy: accuracy (scoring method)
# use_outlier_detection: False (Whether to use outlier detection)
# freerider_start_round: 3 (When freeriders should start freeriding)
# freerider_noise_scale: 0.5 (How much noise a freeder should add)
round,time,globalAcc,globalLoss,GRS,accAvgPerUser,lossAvgPerUser,rewards,conctractBalanceRewards,punishments,contributionScores,feedbackMatrix,disqualifiedUsers,userStatuses,GasTransactions
# $startingUserConfig$['$user$0, 0, good, good, None, 0xA41dE09A63f6Cedd633f99052b44450d3BB91D44', '$user$1, 0, good, good, None, 0x17725D495A0843Ea05541fD61ba5D4082750bC08', '$user$2, 0, good, good, None, 0x37AC7AC5D09bbC6dAC1CF036b7F9DdD0EA4E052E', '$user$3, 0, good, good, None, 0x536fc4cd48ad9B3649e8aB615592E83Ec9F5fcd1', '$user$4, 0, good, bad, 3, 0x118E560679B62a9F24c135A96d416548782f8cc2', '$user$5, 0, good, freerider, 3, 0xA2F37A08a8488CB8551a0D03f7A73f4156757de7']
0,23:04:31.815,0,721.1513061523438,"[1000000000000000000, 1000000000000000000, 1000000000000000000, 1000000000000000000, 1000000000000000000, 1000000000000000000]",[],[],[],1000000000000000000,[],[],,[],"['$user$0, 0, good, good, None, 0xA41dE09A63f6Cedd633f99052b44450d3BB91D44', '$user$1, 0, good, good, None, 0x17725D495A0843Ea05541fD61ba5D4082750bC08', '$user$2, 0, good, good, None, 0x37AC7AC5D09bbC6dAC1CF036b7F9DdD0EA4E052E', '$user$3, 0, good, good, None, 0x536fc4cd48ad9B3649e8aB615592E83Ec9F5fcd1', '$user$4, 0, good, bad, 3, 0x118E560679B62a9F24c135A96d416548782f8cc2', '$user$5, 0, good, freerider, 3, 0xA2F37A08a8488CB8551a0D03f7A73f4156757de7']","[('register', '82ad9343867723ec5716879d0b81b03eb09d14709c374fff99714abbe30c8abc', 126674), ('register', 'dc202593716ee193bee5f648af5437b1a567457fdcc3f5b2200cbf6e97edd690', 126674), ('register', '708cf9bead0bfe5542876c7669aad44cbfee6ce4832712ce825ea9cb01a20e24', 126674), ('register', '04b5591ad732113cfbf88bd41921d0f8cba56f036df15baa593ceb86cbb9676f', 126674), ('register', '9e48bc0d9186f9412fd80a678f4a41f97be9e9ca9f62d0445f2b621d90c09a58', 126674)]"
1,23:05:01.507,0.1713,717.0809936523438,"[1013558125305795029, 1014394640943800865, 1021554412977097985, 1017489153790805430, 1020235926375855997, 1012767740606644692]","[10, 10, 10, 10, 11, 11]","[74, 74, 74, 74, 74, 74]","[('0xA41dE09A63f6Cedd633f99052b44450d3BB91D44', 5000000000000000000, 13558125305795029, 1013558125305795029), ('0x17725D495A0843Ea05541fD61ba5D4082750bC08', 5000000000000000000, 14394640943800865, 1014394640943800865), ('0x37AC7AC5D09bbC6dAC1CF036b7F9DdD0EA4E052E', 5000000000000000000, 21554412977097985, 1021554412977097985), ('0x536fc4cd48ad9B3649e8aB615592E83Ec9F5fcd1', 4000000000000000000, 17489153790805430, 1017489153790805430), ('0x118E560679B62a9F24c135A96d416548782f8cc2', 5000000000000000000, 20235926375855997, 1020235926375855997), ('0xA2F37A08a8488CB8551a0D03f7A73f4156757de7', 5000000000000000000, 12767740606644692, 1012767740606644692)]",900000000000000000,[],"[135581253057950296, 143946409438008654, 215544129770979864, 174891537908054311, 202359263758559976, 127677406066446924]","[[0.0, 1.0, 1.0, 1.0, 1.0, 1.0], [1.0, 0.0, 1.0, 1.0, 1.0, 1.0], [1.0, 1.0, 0.0, 0.0, 1.0, 1.0], [1.0, 1.0, 1.0, 0.0, 1.0, 1.0], [1.0, 1.0, 1.0, 1.0, 0.0, 1.0], [1.0, 1.0, 1.0, 1.0, 1.0, 0.0]]",[],"['$user$0, 0.711, good, good, None, 0xA41dE09A63f6Cedd633f99052b44450d3BB91D44', '$user$1, 0.662, good, good, None, 0x17725D495A0843Ea05541fD61ba5D4082750bC08', '$user$2, 0.739, good, good, None, 0x37AC7AC5D09bbC6dAC1CF036b7F9DdD0EA4E052E', '$user$3, 0.661, good, good, None, 0x536fc4cd48ad9B3649e8aB615592E83Ec9F5fcd1', '$user$4, 0.734, good, bad, 3, 0x118E560679B62a9F24c135A96d416548782f8cc2', '$user$5, 0.735, good, freerider, 3, 0xA2F37A08a8488CB8551a0D03f7A73f4156757de7']","[('slot', 'bb7a27c4659387d031c96ddc1fd65b26d899350b2d3a4db1c1acf10c16bf0052', 50814), ('slot', '6b64a163fc98792560befe47845f29ecfe90eeb9a2be8c03e6ee49bab0f170f5', 50814), ('slot', 'd1d5ee02a435d5a743a20ef3564516faa3a8f5bc41e653fc58741318e35acc5e', 50802), ('slot', 'f60723055752d721e2d4a4c747778894e3dcf38731e386e3f4e8b359724680ce', 50814), ('slot', '5471960d25f831d7e82aed36e0644bb7e1d6d9815d4503faa3bdf58e9bfbfb36', 50814), ('slot', '342bc20c2088b98bdc69ff95a89352bb3f2282d3356579bc5dff1d62197f91ba', 50814), ('weights', 'dcde24e40aa36512a9f522196803fe9931817efd2a6d5e1d70d9669848c4bc40', 73694), ('weights', '56c1b5e7518f8d5bf60c2784da81f294093bd9dd5190024a19ae0df1450a7b13', 56582), ('weights', 'e250deb7a3938ee774c82bff572b842d37124fa6e671e24c91d9a9c5fb64c3c0', 56594), ('weights', '532da6afecd4d31ad9bceb8357f6dd7272bfa0b41d1004588d49d52d39731077', 56582), ('weights', 'd6ab45723dc3a8e90f327e0753d56dc69457ba12fa9595e0fe251a49107672dd', 56594), ('weights', '330d41dd243bae9b3b85047c65eca82e0e95fb536848273ee58acf4b26c97f4e', 56594), ('feedback', '6c06de713c6aa507de7170bd8c8d7f3af011fb8980ceaadc3dcc61527c1c123b', 816143), ('feedback', 'bfeb587470e238eb9ebfd5881f0461ca71d9cd6c01839f0b662dec7a07ad5b55', 747743), ('feedback', '168154e218b686b30a89add97fcebf70cd7180ba6dee805e42647673f81b5fcd', 706969), ('feedback', '2e6bb42b7f97eefa3247da2ffce07e2cc56b74ed0fb2f05c9624836cf994c047', 730643), ('feedback', '958ebc370941215903892e8f30c237b5c99ddc31aba87a3aa79ff6b333c0e128', 730643), ('feedback', '567402b0c823a4b85dec51a59b0268efe603aa1e3a682b709889b6fdecf99ab5', 730643), ('contrib', 'add6e5b10ac1524f13a9bdb341b40341d6d357ec1c0825a715729fdec24e01bb', 75223), ('contrib', 'fe234836d7a33ce1f8bd7770b333dddef045b3b9b77d4617d8e9e57ce37962fe', 58123), ('contrib', 'a3798f37111b71d139b94be9461d08025abb51be438bcff36aabe1055fddd38d', 58123), ('contrib', 'da8b500f2d0d710e3a7a21cd85d6a6b09e28ab8eb9c4a2f8433e0eede128471a', 58123), ('contrib', '45f3cc5a9211828d8ed2c422fff5f30f7c69e0b5bec0d81d5c3dcf85520d2c75', 58123), ('contrib', '8815ca1b3f0cc9332b03ce70cebf957dc1836d50df25ba6a9635d109dfa1020c', 58123), ('close', '405ca379cd3be397ce6fc691d2a1b2a6f28581779cc563b73f57a6cbfe56ba2a', 641581)]"
2,23:05:30.476,0.5707,654.5337524414062,"[1121267741359543208, 1119586178495729180, 1021554412977097985, 1139336415408988135, 680157284250570665, 1118097967508070822]","[15, 16, 17, 16, 17, 21]","[73, 73, 73, 73, 73, 73]","[('0xA41dE09A63f6Cedd633f99052b44450d3BB91D44', 5086441874694204969, 107709616053748179, 1121267741359543208), ('0x17725D495A0843Ea05541fD61ba5D4082750bC08', 4068116205265393703, 105191537551928315, 1119586178495729180), ('0x536fc4cd48ad9B3649e8aB615592E83Ec9F5fcd1', 5082510846209194568, 121847261618182705, 1139336415408988135), ('0xA2F37A08a8488CB8551a0D03f7A73f4156757de7', 4069743105602549876, 105330226901426130, 1118097967508070822)]",800000000000000000,"[(2, 340078642125285332)]","[197006690553952479, 192400989314138959, 195072454577163323, 222865205948568345, 192654659606176864]","[[0.0, 1.0, 1.0, 1.0, -1.0, 1.0], [1.0, 0.0, 1.0, 1.0, 0.0, 1.0], [1.0, 1.0, 0.0, 1.0, 1.0, 1.0], [1.0, 0.0, 0.0, 0.0, -1.0, 0.0], [1.0, 1.0, 1.0, 1.0, 0.0, 1.0], [1.0, 1.0, 1.0, 1.0, 0.0, 0.0]]",[5],"['$user$0, 0.495, good, good, None, 0xA41dE09A63f6Cedd633f99052b44450d3BB91D44', '$user$1, 0.465, good, good, None, 0x17725D495A0843Ea05541fD61ba5D4082750bC08', '$user$2, 0.448, good, good, None, 0x37AC7AC5D09bbC6dAC1CF036b7F9DdD0EA4E052E', '$user$3, 0.563, good, good, None, 0x536fc4cd48ad9B3649e8aB615592E83Ec9F5fcd1', '$user$4, 0.394, good, bad, 3, 0x118E560679B62a9F24c135A96d416548782f8cc2', '$user$5, 0.535, good, freerider, 3, 0xA2F37A08a8488CB8551a0D03f7A73f4156757de7']","[('close', '405ca379cd3be397ce6fc691d2a1b2a6f28581779cc563b73f57a6cbfe56ba2a', 641581), ('slot', '192caf16410d6431741ea66c34eb0a729eb1529c180454d04d045c6fd39c5481', 50814), ('slot', 'b044af5aa8e728e32ad9ca50ad7b16527c0ca75d4907a26f7da92a0013d67ad7', 50814), ('slot', '41dbc6f4a3691b20d3af91876c7c5aad4c03d3e80fd960fad80ef6aea0ae711e', 50814), ('slot', '127f9ca8254d0e0be820ac5db0303697519d52776540276e41d3d2e07b16238d', 50814), ('slot', 'a64dc361cfbd328325e13d9a34410a5d26f09e1be106de8bb279a60105e5c4bd', 50814), ('slot', 'b4f6a760dedb03c4ce22ca299377e5596d136ef8046d42be77a2f28340934fa6', 50814), ('weights', '60dc2ecf81d20604480d395a358a6751ba025c9fd5bcf91ddb3da5b9393f38a7', 73694), ('weights', '4c067dc5cb30f8087cf002b19aba96262924caf5c3e3d3e9b88b26b2dff3e7d0', 56594), ('weights', '6e6c486fdab4e07f4a30ee6cae73c78ae59cb16352f904672e63e60fbb0bcdde', 56594), ('weights', 'f677c8bd4aea88c24faa518203e005df5be3d36a57481255ac9cdd6916c0dc70', 56594), ('weights', '9ac82b6ab1fc790f8f649094839a423c3a3d7173f453e40ca421c469cb9f144f', 56594), ('weights', '69aa6fc302dd60c6588efc8abca1c6cbd9cb313fda46bd72516c9325713eb722', 56570), ('feedback', 'b4afb387cd7f7749f2c2c9480aea7f60b89b23215aa40ab02229319471f40c01', 714991), ('feedback', 'a484af85126822b056cc523daf7b5e021d476656ef5a6f286212c02f02e55d7b', 642469), ('feedback', 'f84e7d0068192e758ccfd70662f4ffdec15d4cb0429ba0e39fb437cebc49666b', 651043), ('feedback', '4ca9c2812b5597326174124210d6e61efa05803ab16c30ab35d1bdf1ce14b5b7', 612169), ('feedback', 'afb5232ee47dcc523b8340847d238a353781635490892c6a47c6ca5c72422dca', 631143), ('feedback', 'c851a5319290ae7b65c83c4df825c1018a56ea9cf6ca0d103cc755c9123c9211', 625369), ('contrib', '726cb53ed281c4853be60009afd3c40ea9aa76cd9f981f73bb3cd65dd0c6bd95', 75223), ('contrib', '0b779af0879218fe2bd790f49c809498591d0856bff423173be4e17379d942ef', 58123), ('contrib', '149add31b56890ad946b66ddb9f2b6cccb4f94faec1b09699e6018b9d85380f9', 58123), ('contrib', 'e9b0f64a5488800a3a83b90cdfb07050ad25e2ded984769f4d4733e44880f98d', 58123), ('contrib', 'd87557c5643ec8a49a513dfe2cd1acb850c5de8e28aca2c7cdd9a03541932451', 58123), ('close', '0c8a1c826425d40f9d3cbf3e7be9b020915707cd94ca13caf3bdfa88d1e03b5c', 622881)]"
3,23:05:56.444,0.8059,209.79140523076057,"[1281555722829644152, 1299665900254357501, 1204764304741123225, 1315177237669114123, 453438189500380444, 745398645005380548]","[56, 55, 57, 54, 59, 60]","[67, 67, 67, 67, 67, 67]","[('0xA41dE09A63f6Cedd633f99052b44450d3BB91D44', 2600319722631244635, 160287981470100944, 1281555722829644152), ('0x17725D495A0843Ea05541fD61ba5D4082750bC08', 2602001285495058663, 180079721758628321, 1299665900254357501), ('0x37AC7AC5D09bbC6dAC1CF036b7F9DdD0EA4E052E', 2700033051013689858, 183209891764025240, 1204764304741123225), ('0x536fc4cd48ad9B3649e8aB615592E83Ec9F5fcd1', 2582251048581799708, 175840822260125988, 1315177237669114123)]",700000000000000000,"[(3, 226719094750190221), (3, 372699322502690274)]","[229173235242599415, 257470660360833769, 261946050096339089, 251410054300227669]","[[0.0, 1.0, 1.0, 1.0, -1.0, -1.0], [1.0, 0.0, 1.0, 1.0, -1.0, -1.0], [1.0, 1.0, 0.0, 1.0, -1.0, -1.0], [1.0, 1.0, 1.0, 0.0, -1.0, -1.0], [-1.0, -1.0, -1.0, -1.0, 0.0, -1.0], [0.0, 0.0, 0.0, 0.0, 0.0, 0.0]]","[5, 6]","['$user$0, 0.751, good, good, None, 0xA41dE09A63f6Cedd633f99052b44450d3BB91D44', '$user$1, 0.767, good, good, None, 0x17725D495A0843Ea05541fD61ba5D4082750bC08', '$user$2, 0.768, good, good, None, 0x37AC7AC5D09bbC6dAC1CF036b7F9DdD0EA4E052E', '$user$3, 0.772, good, good, None, 0x536fc4cd48ad9B3649e8aB615592E83Ec9F5fcd1', '$user$4, 0.394, bad, bad, 3, 0x118E560679B62a9F24c135A96d416548782f8cc2', '$user$5, 0.535, freerider, freerider, 3, 0xA2F37A08a8488CB8551a0D03f7A73f4156757de7']","[('close', '0c8a1c826425d40f9d3cbf3e7be9b020915707cd94ca13caf3bdfa88d1e03b5c', 622881), ('slot', '50c03e8b5668003829f057b8e1cc911f42f8c6ea53c6e89ccdb61bd57be2724a', 50814), ('slot', '710815451e16ea7ce49138afa7dfd5588bfd50cd8a227f5911a11df566523894', 50802), ('slot', '2ce28d3d0c321dd4217921c81e278af6b12ac777e511038555022d9c36f4d091', 50802), ('slot', 'a280fc922a2403fcc46d319a82053051f704fe767bf3138e563e3c6bfe935741', 50814), ('slot', '7cea0feb3c13abff9a1dfd4b8f96521a8bda993d169ac5c95d61ffed27e06924', 50802), ('slot', '9ea0bea0d594553d8f3ada827b19f0a2c2918f953947e0d977eaa5b413b9a025', 50814), ('weights', 'e72bdff60653fa341be946472297d4121dac05cbecfbf8550f78230851027cc7', 73694), ('weights', '3f872113521c6648d309d648b4b65d304c5ba519a6a818625b969d5599676967', 56594), ('weights', 'd41a98c4739b14fc4843aa71f076fb1fbd543838dba0f1f257aed7e44e9aa1ca', 56594), ('weights', '9f2c4356de740509f36def6f144ec410bf8a1a877dc14d65f460bc8281723a9d', 56594), ('weights', '9f2381644c916b2b06277d302d57858eb46ed1b75692ba8d6abf50f21aa35391', 56594), ('weights', '6ebe3306385a103f6779f522dfddd002d7c3622ed7d9cf68ed12f30d56355fc4', 56582), ('feedback', '4e80b3302cb4276b5a9883509b22b767457957ed3ef00c5b0da64a8ab8f158df', 715375), ('feedback', '9da5d5962923475b426af8f4b0a9873dbd564d50df58a48e8b4f00a4f4ca6999', 646975), ('feedback', '6982cad1b82703268de5f9d1104b0bd8311eef6e9729f31fa1851255b945d761', 629863), ('feedback', 'ca58d5419d22744f8f42913eb93d0192e7741d218bffb36a04b235ad222202ca', 671675), ('feedback', '84051a0c9bdb6c6a780cb466081de95395dd7ad402b473baac8d6446c3b505f5', 603043), ('feedback', '0c5f54975abb27afe3c80e6da5c30f5bf78a0680f64c666831f2c0ced2cbc990', 604273), ('contrib', '5ea8bb6693d4c2c7b3690be1ebfce35c57dc47367c78ffc446752c8627604672', 75223), ('contrib', '8c64120893a5fa71ebb69c366d124e49a7981b7e87432a22cdebc3b7eea5edc7', 58123), ('contrib', 'a268d431c29d35e68f169e69e7da70231048acf1e0dcf16080c7f55b0d8f953c', 58123), ('contrib', 'f4b58b193eada4fac460ff105efbece74b6029a42b95b362d7f65218094b771a', 58123), ('close', '44eeb9ebd3b572bcf690a5fb9458010bcb20132146aaf2095d05f450420d2d45', 658515)]"
4,23:06:22.290,0.8667,141.12548556923866,"[1353767023350718453, 1427474967463639345, 1363716894118947386, 1455816558729520812, 302292126333586963, 496932430003587032]","[79, 80, 79, 79, 81, 81]","[21, 22, 22, 23, 21, 21]","[('0xA41dE09A63f6Cedd633f99052b44450d3BB91D44', 3366169253164214405, 72211300521074301, 1353767023350718453), ('0x17725D495A0843Ea05541fD61ba5D4082750bC08', 3348059075739501056, 127809067209281844, 1427474967463639345), ('0x37AC7AC5D09bbC6dAC1CF036b7F9DdD0EA4E052E', 3442960671252735332, 158952589377824161, 1363716894118947386), ('0x536fc4cd48ad9B3649e8aB615592E83Ec9F5fcd1', 3332547738324744434, 140639321060406689, 1455816558729520812)]",600000000000000000,"[(4, 151146063166793481), (4, 248466215001793516)]","[144534679543459165, 255816505706760288, 318151887620719941, 281496927129060603]","[[0.0, 1.0, 1.0, 1.0, -1.0, -1.0], [1.0, 0.0, 1.0, 1.0, -1.0, -1.0], [1.0, 1.0, 0.0, 1.0, -1.0, -1.0], [1.0, 1.0, 1.0, 0.0, -1.0, -1.0], [-1.0, -1.0, -1.0, -1.0, 0.0, -1.0], [0.0, 0.0, 0.0, 0.0, 0.0, 0.0]]","[5, 6]","['$user$0, 0.828, good, good, None, 0xA41dE09A63f6Cedd633f99052b44450d3BB91D44', '$user$1, 0.823, good, good, None, 0x17725D495A0843Ea05541fD61ba5D4082750bC08', '$user$2, 0.856, good, good, None, 0x37AC7AC5D09bbC6dAC1CF036b7F9DdD0EA4E052E', '$user$3, 0.83, good, good, None, 0x536fc4cd48ad9B3649e8aB615592E83Ec9F5fcd1', '$user$4, 0.394, bad, bad, 3, 0x118E560679B62a9F24c135A96d416548782f8cc2', '$user$5, 0.535, freerider, freerider, 3, 0xA2F37A08a8488CB8551a0D03f7A73f4156757de7']","[('close', '44eeb9ebd3b572bcf690a5fb9458010bcb20132146aaf2095d05f450420d2d45', 658515), ('slot', 'b8db919f38981933971a7c1fb82c3a59e174797e75e023f5b8821fbeff2fa3ac', 50814), ('slot', 'f69e93428dede5923845b65e557ddcffba1c7c285360a4994482300faf5ac1bb', 50814), ('slot', '341b5e68efd4b36b8481fbfcde8e81b40a3b18f8d332abc71ea651fbcc918fcd', 50814), ('slot', '16b81588da99d7943adab7f4868564f64bc70e8a8db0eb382173852fe9868265', 50814), ('slot', 'dba1f874d1d5a8961aedde37df1ea9a22ae770994347fe9afc7ce9cab768706c', 50814), ('slot', '47f994688c08486fa5c926d468965d650c925d70ec30c78346afedb119a2d445', 50814), ('weights', 'ae9a3897abe2822943846dbae0e6d1ff444c59ec2c0fced4460b4198a14ae89b', 73694), ('weights', '1919e96841baa48718fc28d625abf3fa06a44ceb245dc6326712902c66292783', 56594), ('weights', 'c304626fe9922b0e7891a02fc409be1fead6deedde67a3e5fd52f63defb8d0c7', 56594), ('weights', 'aa82b8de70a765977bbfe371acc65b6e7205dde6663c85b636d5069d61181d07', 56594), ('weights', '0ec78b7e1bc478984268c0ad7c0531d01303839f75887725ffa354f1b702926e', 56594), ('weights', '44a603947ef975e4a79f95447079c4214fe5ecf89d271fc7ee2e387c76d540bd', 56594), ('feedback', '9cc5113e17f48e07ea54f368501cd1806b80b24eed452588509b871965370213', 717375), ('feedback', '43319440ae598b0a47d903c1e5451c2307e332493a5e5cb28bae593c66045653', 648975), ('feedback', '05126e81cf7373a33a588dba1ccefa61eb4902e344f039bc7c2d3920b23ebb1c', 631875), ('feedback', '4d74cbc2dddd2909b33208b561d702e35fb6bb8ad8c74c85eb09a8658ced4409', 631875), ('feedback', '17d41288f256386ab1b11cb4227cf2322958444d339ba5b01f8c30d7483e97de', 613043), ('feedback', '4202496a414c42cf9245ae8fdcc31672331aff76241657775c827e0929c5f0be', 612273), ('contrib', '15adaa1ad33d37ef2052440d8afc4c53404d576d4b501f04d0f7105ad643b03f', 75223), ('contrib', '690e8a8b6592865a4d7cdbbd698737dc37763073f503754eba2bcd6689481548', 58123), ('contrib', '93f32ae34ee32e6c8cb75d0e19b1c68129053cba3c0df154e577bc553896aff5', 58123), ('contrib', '4a7d92b5b6b903c2b8634029db17a7ecc3c99d0695cdcf7aaf28ff995056763e', 58123), ('close', 'ef3614b64c6fd22627394f2191f270be5d7162cd7a246c19b05d58567a5e0440', 658515)]"
5,23:06:48.302,0.8946,110.48324375972152,"[1383414364493709945, 1536369229955670542, 1545113659121801878, 1703814459759759601, 331288286669058022, 0]","[86, 87, 87, 85, 87, 86]","[13, 14, 15, 16, 14, 14]","[('0xA41dE09A63f6Cedd633f99052b44450d3BB91D44', 3944716293978520580, 29647341142991492, 1383414364493709945), ('0x17725D495A0843Ea05541fD61ba5D4082750bC08', 3871008349865599688, 108894262492031197, 1536369229955670542), ('0x37AC7AC5D09bbC6dAC1CF036b7F9DdD0EA4E052E', 3934766423210291647, 181396765002854492, 1545113659121801878), ('0x536fc4cd48ad9B3649e8aB615592E83Ec9F5fcd1', 3842666758599718221, 247997901030238789, 1703814459759759601)]",500000000000000000,"[(5, 165644143334529010), (5, 302292126333586963)]","[52201880257297994, 191736763978228696, 319396338446313765, 436665017318159542]","[[0.0, 1.0, 1.0, 1.0, -1.0, -1.0], [1.0, 0.0, 1.0, 1.0, -1.0, -1.0], [1.0, 1.0, 0.0, 1.0, -1.0, -1.0], [1.0, 1.0, 1.0, 0.0, -1.0, -1.0], [-1.0, -1.0, -1.0, -1.0, 0.0, -1.0], [0.0, 0.0, 0.0, 0.0, 0.0, 0.0]]","[6, 5]","['$user$0, 0.857, good, good, None, 0xA41dE09A63f6Cedd633f99052b44450d3BB91D44', '$user$1, 0.87, good, good, None, 0x17725D495A0843Ea05541fD61ba5D4082750bC08', '$user$2, 0.884, good, good, None, 0x37AC7AC5D09bbC6dAC1CF036b7F9DdD0EA4E052E', '$user$3, 0.868, good, good, None, 0x536fc4cd48ad9B3649e8aB615592E83Ec9F5fcd1', '$user$5, 0.535, freerider, freerider, 3, 0xA2F37A08a8488CB8551a0D03f7A73f4156757de7']","[('close', 'ef3614b64c6fd22627394f2191f270be5d7162cd7a246c19b05d58567a5e0440', 658515), ('slot', '86a744f7f57902af83b76bff9e16003efd0e5f334c93e1d42eed039d59e595cc', 50814), ('slot', 'c202e144bc90bee55b76662de88eac908829c59e015a7ac815ecd47f31c1eed2', 50802), ('slot', '4b81718dfdccd6d9b25a93816297ec901f58c4db469d6c98301db4c62aeb1ebf', 50814), ('slot', '26c9c7d9f031ed639b69ba38f119fb617de91ddcebc6e3be99a5b129947a14fa', 50814), ('slot', '9c076661f1c1e153f961c1c34913b03938fd034fe43b1cb62346762f671d54e4', 50814), ('slot', '67268cf8598dfac164a74c1b0a22debb6db9ec43404506200bb0ddc825ff4a4c', 50814), ('weights', '355c6c65d4b8dc3c2767b7048deb54d15ef25e24e1fb79bf5328b91599b13dda', 73694), ('weights', 'd81525ae9ec2c0380e75ec3d2623f199037e17ea678942c0720da749427afebf', 56594), ('weights', '6d7df612e5a6411b4ffdddf0a86df818e02c9d63c298a860281bb9eee57ed0a6', 56594), ('weights', '43eb38012c4b8cc8a226319bb17d92c78654b6cf05e28f509b0e88c3ef7a82b4', 56594), ('weights', 'ef1f78f90d670708ebf46286890dca67c12b9fdff6ea909d09026b90d9e8e772', 56594), ('weights', '13c251cff7bc2ef5506f46c52ec64d0a72fb05e8ef51675aac022a4b92d82784', 56594), ('feedback', 'd1e038524daaa79ffc119623c8840fca60bd839ebf8ac86a3a9462b2192af40d', 717375), ('feedback', 'c25bacd67a75e286b530bab9f25d7a6a2a0a431f38271bd38f5d05b51e206e33', 648975), ('feedback', 'eb395b1cc5e805450ffaa75c93058fd0ccf2a1b8185272109b4c40578d03b1e0', 631875), ('feedback', 'c6888c69acc3286ea2f6a05b5c3c63651d48e16011cdd77551f14a61dbeac635', 631875), ('feedback', '9bef2e9fb3c3567960bc4938ec0958613df585724bea5829f7df832bec1269ef', 613043), ('feedback', 'c52e80cda4e71648a2e6d7e30e886c8383674e7b83a896620b8502e4474e1a2a', 612273), ('contrib', 'f5621e33ff6ff0b14483d9e66a80eed13f968e09e4da164bfdaf903e937077ce', 75211), ('contrib', 'f2f04935489c134babf2ee138f3c23c31c1338f487bad1fc8f183e53af9c16a1', 58123), ('contrib', '132d6c39c0977e0b56038857d7c95b0af7f337670b3a358c2b40ce8613faa87b', 58123), ('contrib', '7468f9d0796a4d1ce91917f58899797c6100a9ed43f9b188616728fe41fe3437', 58123), ('close', '10725ea4253be54772b09b1264328134bf0c1c7e21f6e0a1a9d93c70363fe01f', 618388)]"
6,23:07:11.922,0.9063,94.22170965746045,"[1958465413385787275, 1536369229955670542, 1631371316455613472, 1473794040202928698, 0, 0]","[90, 90, 90, 87, 0, 89]","[11, 11, 11, 13, 0, 11]","[('0xA41dE09A63f6Cedd633f99052b44450d3BB91D44', 4785297348837232021, 575051048892077330, 1958465413385787275), ('0x17725D495A0843Ea05541fD61ba5D4082750bC08', 4632342483375271424, 0, 1536369229955670542), ('0x37AC7AC5D09bbC6dAC1CF036b7F9DdD0EA4E052E', 4623598054209140088, 86257657333811594, 1631371316455613472), ('0x536fc4cd48ad9B3649e8aB615592E83Ec9F5fcd1', 4464897253571182365, 230020419556830903, 1473794040202928698)]",400000000000000000,"[(6, 331288286669058022)]","[1333333333333333481, 0, 200000000000000011, -533333333333333325]","[[0.0, 1.0, 1.0, 1.0, 0.0, -1.0], [1.0, 0.0, 1.0, 1.0, 0.0, -1.0], [1.0, 1.0, 0.0, 1.0, 0.0, -1.0], [1.0, 1.0, 1.0, 0.0, 0.0, -1.0], [0.0, 0.0, 0.0, 0.0, 0.0, 0.0], [0.0, 0.0, 0.0, 0.0, 0.0, 0.0]]",[5],"['$user$0, 0.869, good, good, None, 0xA41dE09A63f6Cedd633f99052b44450d3BB91D44', '$user$1, 0.889, good, good, None, 0x17725D495A0843Ea05541fD61ba5D4082750bC08', '$user$2, 0.899, good, good, None, 0x37AC7AC5D09bbC6dAC1CF036b7F9DdD0EA4E052E', '$user$3, 0.891, good, good, None, 0x536fc4cd48ad9B3649e8aB615592E83Ec9F5fcd1']","[('close', '10725ea4253be54772b09b1264328134bf0c1c7e21f6e0a1a9d93c70363fe01f', 618388), ('slot', 'dfe2b8550a96d2f82957d6cdea5b8c8da505bdb355d6aefeb9aa63833f6cca82', 50814), ('slot', 'ca91cbf28d711509f6357c74af931d771b354bf1792975e7890eaf533313d9eb', 50814), ('slot', 'd1473d7bc85d086337f12ec9191506a648626d715ebf432566bdfa88a485a38d', 50814), ('slot', '8775a7639bfd5f9b00acf4b8fd68c7bcf6b39b43c08e778d57a4e5abb133e14e', 50814), ('slot', 'e368c7800c89dfacb00a58003084a9cf9201480b24135dbba985120822025942', 50814), ('weights', '578f6fffa45a3b6030545c76a284dbe630331c23951b88f05df306d1d3ef08ce', 73694), ('weights', '2e68a7fc450031851c904bbfa98dcca43572d16d6fb797244b814a1a131a75d4', 56594), ('weights', 'b06f623fa6ea6ab7e28dd054a636e533af0a7f0d844c3fc1ba75f09ed7a73bdb', 56594), ('weights', '6d479beb249fbb6034b4294d9c3b6ff7e4594b5f61aaf3127ef0aad43eb68955', 56594), ('weights', '4eff95a2dd457e9c6813098469943e640dbfc0b85df6915f10ea26e37f503acd', 56594), ('feedback', '9f06a5dd50fc5e50acb076dd21c4d8291b72acecdbeec009eac7cb4e3e6a0a64', 619388), ('feedback', '8ec6ed32e222873ed6b8c42a0a57f0961ea8c8c33403d23d243c9f154e34a6e1', 568088), ('feedback', '00a388283f7223a13a24447834f57bde77a90be522c5b7912544c36c52f2428e', 550988), ('feedback', '57b79281b51198010503bef2b89a1b252b3148011b15744cc177d5b4151ff8bd', 550988), ('feedback', '74028604851c8bad80966ba3efd5097f79ded604355e870e31cbc3d79d2d761f', 396112), ('contrib', 'a6f0e857cbda87548ad5d8661875666e3d0c849eda87a49e25014a3af61d4149', 75223), ('contrib', '0ec36b262a278986a7645d4f4368b8b1efda81b6b22ed553e630a990faca9390', 38127), ('contrib', '070c7d4fff6c9fee90134012de2c2af4a5f8ec08ad375759baa4fd1a1fc9b189', 58111), ('contrib', 'c104fc62c99b1362a290661007c07232ec5f2824dc5f31e4c31fa8d6fb040897', 78035), ('close', 'fc3ef96a6d7374be4d1da6c0d720d4b7d1a8c9eecc629624ab85f5cbfe605b39', 484032)]"
7,23:07:33.325,0.9186,82.19669602066278,"[1955624504294878180, 1565346502682943255, 1667166771001067997, 1511862222021110555, 0, 0]","[91, 91, 91, 88, 0, 0]","[9, 9, 10, 11, 0, 0]","[('0xA41dE09A63f6Cedd633f99052b44450d3BB91D44', 4641534586614212712, 2840909090909095, 1955624504294878180), ('0x17725D495A0843Ea05541fD61ba5D4082750bC08', 5063630770044329445, 28977272727272713, 1565346502682943255), ('0x37AC7AC5D09bbC6dAC1CF036b7F9DdD0EA4E052E', 4968628683544386515, 35795454545454525, 1667166771001067997), ('0x536fc4cd48ad9B3649e8aB615592E83Ec9F5fcd1', 5126205959797071289, 38068181818181857, 1511862222021110555)]",300000000000000000,[],"[-28409090909090953, 289772727272727126, 357954545454545247, 380681818181818565]","[[0.0, 1.0, 1.0, 1.0, 0.0, 0.0], [1.0, 0.0, 1.0, 1.0, 0.0, 0.0], [1.0, 1.0, 0.0, 1.0, 0.0, 0.0], [1.0, 1.0, 1.0, 0.0, 0.0, 0.0], [0.0, 0.0, 0.0, 0.0, 0.0, 0.0], [0.0, 0.0, 0.0, 0.0, 0.0, 0.0]]",[],"['$user$0, 0.905, good, good, None, 0xA41dE09A63f6Cedd633f99052b44450d3BB91D44', '$user$1, 0.902, good, good, None, 0x17725D495A0843Ea05541fD61ba5D4082750bC08', '$user$2, 0.916, good, good, None, 0x37AC7AC5D09bbC6dAC1CF036b7F9DdD0EA4E052E', '$user$3, 0.898, good, good, None, 0x536fc4cd48ad9B3649e8aB615592E83Ec9F5fcd1']","[('close', 'fc3ef96a6d7374be4d1da6c0d720d4b7d1a8c9eecc629624ab85f5cbfe605b39', 484032), ('slot', 'c176890c3a47755e6475e79c7e72d0a69a212740c00bb9dfdec73b8b223ee5a1', 50814), ('slot', '206e1b6860e3dd44bf0428c2d8effefad9b8f3c2b8f6fa9089a70fbfbc08bb34', 50814), ('slot', 'db0a6ead61deaf0eef2a12a6da4c95edccf194104d543abddea0b989f1d31d09', 50814), ('slot', 'f7c7ec3ae2df7024474b997ec05a072ea36fad0a0562ebcfafc14cdf50d09af2', 50814), ('weights', '229f50684214276ead789c9090d99ba4b358e8949f7f16edb33e7b5077a224ea', 73694), ('weights', 'f8bb77da34fd51f12c30f88097c616f037a62e9567bad0c46cdc33336e77e284', 56582), ('weights', '6c18d22918318369fee4f9a76cd2bff72b742cc804bbdabe26caff36dd24cef6', 56594), ('weights', 'ba28f772480e3338b5ed3d22f434470738d18f79372206e3d9e364224078b474', 56594), ('feedback', 'cbf57d9ba510c079fadf823c6e5b43039299c72ba3e4dddd8d2ef4166e1123ff', 521426), ('feedback', 'a8efeab123bc9214d100f820278702924485400bdcc77b28f789cd06093d2213', 487226), ('feedback', '83243b7d8b59afd3a3a3501a9b600e5f066702e9e449198ae5c59e3cf08ec589', 470126), ('feedback', 'a91390a1be3e99c73e4dd75e8b0bc45f8c7bb947d06ea1e0a63f7dc1b7c0793b', 470126), ('contrib', '0b8c4e9810d810e2b53768a3b7a9e1242c4dbd6b586192a393d9bb1c75541c00', 95123), ('contrib', 'b3c77d659238e299d2bc32dc0ef221ab29889a6e9cbca6150161fd78037238fd', 58123), ('contrib', '485ef6f71e212bc9ab4f7a77f20fae2298f831f6012dcd643dafff52b3289c12', 58123), ('contrib', '7a8d2a9d96c048bcb377d33f9110fdd687abe60ec5ce5ae5fa4614666708dbc1', 58123), ('close', '4442303b12c072a0b69375d01b426c666c48272f9a748543f8fae4f9e52144de', 410453)]"
8,23:07:54.837,0.9293,72.08483908325434,"[2010624504294878182, 1580346502682943253, 1692166771001067996, 1516862222021110555, 0, 0]","[92, 92, 93, 90, 0, 0]","[8, 8, 8, 10, 0, 0]","[('0xA41dE09A63f6Cedd633f99052b44450d3BB91D44', 4744375495705121807, 55000000000000002, 2010624504294878182), ('0x17725D495A0843Ea05541fD61ba5D4082750bC08', 5134653497317056732, 14999999999999998, 1580346502682943253), ('0x37AC7AC5D09bbC6dAC1CF036b7F9DdD0EA4E052E', 5032833228998931990, 24999999999999999, 1692166771001067996), ('0x536fc4cd48ad9B3649e8aB615592E83Ec9F5fcd1', 5188137777978889432, 5000000000000000, 1516862222021110555)]",200000000000000000,[],"[550000000000000044, 149999999999999994, 250000000000000000, 50000000000000002]","[[0.0, 1.0, 1.0, 1.0, 0.0, 0.0], [1.0, 0.0, 1.0, 1.0, 0.0, 0.0], [1.0, 1.0, 0.0, 1.0, 0.0, 0.0], [1.0, 1.0, 1.0, 0.0, 0.0, 0.0], [0.0, 0.0, 0.0, 0.0, 0.0, 0.0], [0.0, 0.0, 0.0, 0.0, 0.0, 0.0]]",[],"['$user$0, 0.91, good, good, None, 0xA41dE09A63f6Cedd633f99052b44450d3BB91D44', '$user$1, 0.915, good, good, None, 0x17725D495A0843Ea05541fD61ba5D4082750bC08', '$user$2, 0.932, good, good, None, 0x37AC7AC5D09bbC6dAC1CF036b7F9DdD0EA4E052E', '$user$3, 0.91, good, good, None, 0x536fc4cd48ad9B3649e8aB615592E83Ec9F5fcd1']","[('close', '4442303b12c072a0b69375d01b426c666c48272f9a748543f8fae4f9e52144de', 410453), ('slot', '71ecf05bf4c070a1c1e58b3113e1a68c93f34e2f3c269d8cc61554044cd7a292', 50814), ('slot', 'ef7f15cefcf322a20c1bbdd780c4b435c6e7adc5f2a562621587c208b69f5506', 50802), ('slot', '82a40901794dc68303471967a348411523b4f45edc5bd0074a71838faf0c028d', 50814), ('slot', 'a86bf30d1d7e088402eb50fdc5273a7f6ac0437062458557523b86ee487646e0', 50814), ('weights', 'ff1b72c01d95c927fd4bd4c0b73f236b901efc046ac6954e8770beea78ee917f', 73682), ('weights', '2b39f993000f65198f3884dca8500211f2f20a811832c0ad24a06234e64c6b4c', 56594), ('weights', '5804bf699281487b599e7925972ff80189b1c9c764525366dfaf2ac61d55dd07', 56594), ('weights', '495a391b9be58564d982f5c4d53527cc68f9f7b9176257423d7bb37740a6005a', 56594), ('feedback', '61801984f89060d203fd297ca9adfbcf324dd9e707ee757c007c765b07cab85e', 521426), ('feedback', '26f97269a89c71021f246abaecc1de2c913aebe141be62d90d8316d83bef2881', 487226), ('feedback', 'a7e9696e951369e73a573fd6659ea82b0a6b6cd7113c4518062254fab8868427', 470126), ('feedback', '553d28a874bf9a989bacedb411e83318f2df184ac7ce78141a079c060531db12', 470126), ('contrib', 'b9cc0e42aac78388752b37649c1118efaeef7b4af5df5507823dcc92bbd106ba', 75211), ('contrib', 'd18c519bb67a9b9559a32cc594519d78599e6aad7619dd3e5ef61b0650b8f848', 58123), ('contrib', '00659a8f06794c76ffe662b8c9b553a0f47cb7d0846b4e703a0d916e231169cf', 58099), ('contrib', '1fb44dce52bfd8f99920704493ef054516d2ca4a89b7b6748304ac483b21cdd5', 58099), ('close', '08ecd6a62d82878b443aba763a417cbdad3e788821df36861005ea605a61801a', 410442)]"
9,23:08:16.278,0.9381,63.911791414022446,"[2038565680765466389, 1604856306604511898, 1725009908255969989, 1531568104374051709, 0, 0]","[92, 92, 94, 91, 0, 0]","[7, 7, 7, 9, 0, 0]","[('0xA41dE09A63f6Cedd633f99052b44450d3BB91D44', 4789375495705121804, 27941176470588207, 2038565680765466389), ('0x17725D495A0843Ea05541fD61ba5D4082750bC08', 5219653497317056733, 24509803921568645, 1604856306604511898), ('0x37AC7AC5D09bbC6dAC1CF036b7F9DdD0EA4E052E', 5107833228998931990, 32843137254901993, 1725009908255969989), ('0x536fc4cd48ad9B3649e8aB615592E83Ec9F5fcd1', 5283137777978889431, 14705882352941154, 1531568104374051709)]",100000000000000000,[],"[279411764705882081, 245098039215686458, 328431372549019939, 147058823529411547]","[[0.0, 1.0, 1.0, 1.0, 0.0, 0.0], [1.0, 0.0, 1.0, 1.0, 0.0, 0.0], [1.0, 1.0, 0.0, 1.0, 0.0, 0.0], [1.0, 1.0, 1.0, 0.0, 0.0, 0.0], [0.0, 0.0, 0.0, 0.0, 0.0, 0.0], [0.0, 0.0, 0.0, 0.0, 0.0, 0.0]]",[],"['$user$0, 0.913, good, good, None, 0xA41dE09A63f6Cedd633f99052b44450d3BB91D44', '$user$1, 0.933, good, good, None, 0x17725D495A0843Ea05541fD61ba5D4082750bC08', '$user$2, 0.934, good, good, None, 0x37AC7AC5D09bbC6dAC1CF036b7F9DdD0EA4E052E', '$user$3, 0.915, good, good, None, 0x536fc4cd48ad9B3649e8aB615592E83Ec9F5fcd1']","[('close', '08ecd6a62d82878b443aba763a417cbdad3e788821df36861005ea605a61801a', 410442), ('slot', 'c1bf500ee7d35ac7bab5e632b55d11975e3aedb4cf25dea4d34503bf3f88e6c0', 50814), ('slot', '893adb6be2d616d90e4c075f7932555d0cb6ae6a8436877503e34e88097a9263', 50814), ('slot', 'd9e913a62e18637f61e1c62cf5e7c32403464a8091c50429a2e6d136ac8ebc95', 50814), ('slot', '1aef03a695d32bba53b8191e5c1a8f577483ec9c63412d4082299d7973e176b7', 50814), ('weights', '6328fb52b23a9ecfe377d311967e3a1eba696a9170d32b6d94690af9752d7e6e', 73694), ('weights', '61b7e47bfc4dd27d46a413a8a2c8d2f6c72023da5264756cbf46c15d252441b9', 56594), ('weights', '03af154e1795b1d48cd33320ba8b0e24f6508ab6ef3ee9b029d449214ffc2db2', 56594), ('weights', '8fd3e965a71da41371900ffb4aa4fa761708dd3a69429be5a1946f5917db792b', 56594), ('feedback', '1b9c9faba343db79e282e17ea07befb95f113393200ebd443ad91ad44414d503', 521426), ('feedback', '6f0bc60b372bf311c9c2ad432922224ef5fb0e58ac80ff4cbf00c3cfc5d49991', 487226), ('feedback', '69f5447264a0fcf3bac8227de4e8f6d21a141b760f1f682ddabdca9e84cb158b', 470126), ('feedback', 'e459ab5fff40b27565b568d64918447bc8aae6d25c8a4a2fbfb17787c21e1206', 470126), ('contrib', 'fa20e1d2be2f0708a0b1a885ea4d4ff1ceb31005000722eb3fafe3243837cdc1', 75223), ('contrib', '019eb199ffd0403289112b086e8a1d3056a74b9fc398edb9e8dae78c140120bf', 58123), ('contrib', 'cbb5bd84806c1cfcae4224a004024adc568782e4f96952f499c74a5aab8828a3', 58123), ('contrib', '7a5891eb8b9fc568fc44e6d7e13aff26bb04f92342bc37d33eafbe63e6172499', 58123), ('close', '476bc808387722c7bc4400f1a97bc29ffc4743511f41dba6cf21e4ba0422cc91', 410442)]"
10,23:08:37.833,0.9448,57.12218415364623,"[2040301791876577496, 1649647973271178573, 1739246019367081088, 1570804215485162826, 0, 0]","[93, 94, 94, 91, 0, 0]","[6, 6, 7, 8, 0, 0]","[('0xA41dE09A63f6Cedd633f99052b44450d3BB91D44', 4861434319234533596, 1736111111111107, 2040301791876577496), ('0x17725D495A0843Ea05541fD61ba5D4082750bC08', 5295143693395488087, 44791666666666675, 1649647973271178573), ('0x37AC7AC5D09bbC6dAC1CF036b7F9DdD0EA4E052E', 5174990091744029996, 14236111111111099, 1739246019367081088), ('0x536fc4cd48ad9B3649e8aB615592E83Ec9F5fcd1', 5368431895625948276, 39236111111111117, 1570804215485162826)]",0,[],"[17361111111111077, 447916666666666740, 142361111111110993, 392361111111111160]","[[0.0, 1.0, 1.0, 1.0, 0.0, 0.0], [1.0, 0.0, 1.0, 1.0, 0.0, 0.0], [1.0, 1.0, 0.0, 1.0, 0.0, 0.0], [1.0, 1.0, 1.0, 0.0, 0.0, 0.0], [0.0, 0.0, 0.0, 0.0, 0.0, 0.0], [0.0, 0.0, 0.0, 0.0, 0.0, 0.0]]",[],"['$user$0, 0.932, good, good, None, 0xA41dE09A63f6Cedd633f99052b44450d3BB91D44', '$user$1, 0.941, good, good, None, 0x17725D495A0843Ea05541fD61ba5D4082750bC08', '$user$2, 0.941, good, good, None, 0x37AC7AC5D09bbC6dAC1CF036b7F9DdD0EA4E052E', '$user$3, 0.919, good, good, None, 0x536fc4cd48ad9B3649e8aB615592E83Ec9F5fcd1']","[('close', '476bc808387722c7bc4400f1a97bc29ffc4743511f41dba6cf21e4ba0422cc91', 410442), ('slot', '8b1e53a35c71fef8d9f1f4fc457e987311b84dd558a9129e929b6dc9b53ec65e', 50814), ('slot', 'bc05e2875ef2b776f9adf1fbdc413d8bb2c51824657287e895d9c031f946bb84', 50814), ('slot', '3684b96b52e52e70fbf06e82ded2ba585a59f3b4dff2ef3612cd656dee129603', 50814), ('slot', '766ad17fedcc2db229249de9b1b5cc984921f2e76af4c6b58bf529ca0ffefa7a', 50814), ('weights', '5088328b0734b53d5dfae0da11457a0432e1d28b012b46196d5c3caaf28e3e41', 73694), ('weights', '0eb4471b57f89caf0474e34f70ca40292efdd012416ceb9f9269c55b6587af86', 56594), ('weights', 'b772fdccda159b7f8963f18891aa1c7057fa5af670932b7403493dcaf5f671e4', 56594), ('weights', 'e51e86628315c49985727a2eec55ad053acd962f96dce57f72796f9c2b258271', 56594), ('feedback', '616396e3b4a4a350f805f22cffa5b2823b8d41129b8d88ce4dbfdd17ee05f46e', 521426), ('feedback', 'bad3b36c632516ebee9d2b9b125c0b9abaf094878283009235f17715e1e40f5c', 487226), ('feedback', '2beb6bd5a6119d7287f9d3b284065b021e2d325bb2deca5a1642921b63c490d9', 470126), ('feedback', '343c11b648086cb2e8dc612aacb1f1076ca4a18283cd4a77649ca0d0b582b4b1', 470126), ('contrib', '0e41dc5996f80ff43371262ae9a59a01964c020f9bfd50aef3524246bc29a50e', 75211), ('contrib', 'b3f1008fc6bd933c96eeecca766c80dcb9e9b7e94f0718f32268c51f5241b637', 58123), ('contrib', 'b25d6b4c61a5255e0917749dca0ff6efe587f3473a76fe2cdbf70263dba91d38', 58123), ('contrib', 'd38f253969750b6b21018538f9e23ab9034a5cda009d357826f77f5bfb02b54f', 58123), ('close', '0b1c0ace46bd4c2ee89cc099c304fc19a586b7020c0e50b6c985411156a3e7a6', 410442)]"
# $gasCosts$[816143, 747743, 706969, 730643, 730643, 730643, 75223, 58123, 58123, 58123, 58123, 58123, 714991, 642469, 651043, 612169, 631143, 625369, 75223, 58123, 58123, 58123, 58123, 715375, 646975, 629863, 671675, 603043, 604273, 75223, 58123, 58123, 58123, 717375, 648975, 631875, 631875, 613043, 612273, 75223, 58123, 58123, 58123, 717375, 648975, 631875, 631875, 613043, 612273, 75211, 58123, 58123, 58123, 619388, 568088, 550988, 550988, 396112, 75223, 38127, 58111, 78035, 521426, 487226, 470126, 470126, 95123, 58123, 58123, 58123, 521426, 487226, 470126, 470126, 75211, 58123, 58099, 58099, 521426, 487226, 470126, 470126, 75223, 58123, 58123, 58123, 521426, 487226, 470126, 470126, 75211, 58123, 58123, 58123],[126674, 126674, 126674, 126674, 126674],[50814, 50814, 50802, 50814, 50814, 50814, 50814, 50814, 50814, 50814, 50814, 50814, 50814, 50802, 50802, 50814, 50802, 50814, 50814, 50814, 50814, 50814, 50814, 50814, 50814, 50802, 50814, 50814, 50814, 50814, 50814, 50814, 50814, 50814, 50814, 50814, 50814, 50814, 50814, 50814, 50802, 50814, 50814, 50814, 50814, 50814, 50814, 50814, 50814, 50814, 50814],[73694, 56582, 56594, 56582, 56594, 56594, 73694, 56594, 56594, 56594, 56594, 56570, 73694, 56594, 56594, 56594, 56594, 56582, 73694, 56594, 56594, 56594, 56594, 56594, 73694, 56594, 56594, 56594, 56594, 56594, 73694, 56594, 56594, 56594, 56594, 73694, 56582, 56594, 56594, 73682, 56594, 56594, 56594, 73694, 56594, 56594, 56594, 73694, 56594, 56594, 56594],[641581, 622881, 658515, 658515, 618388, 484032, 410453, 410442, 410442, 410442],[],[]
# TOTAL EXPERIMENT TIME: 248.36 seconds
