# Author Nykjaer
# ------Specs--------# cpu_name:  (processor model)
# cpu_cores: 6 (physical cores)
# ram_gb: 13.5 (system memory in GB)
# gpu_name: NVIDIA GeForce RTX 3060 Laptop GPU (graphics processor)
# os_name: Linux (operating system)
# ------Config--------# good_contributors: 4 (honest participants)
# bad_contributors: 1 (malicious participants)
# freeriders: 1 (contribute 0)
# inactive: 0 (never join)
# reward: 1000000000000000000 (total reward pool)
# minimum_rounds: 10 (rounds to simulate)
# min_buy_in: 1000000000000000000 (lower buy-in bound)
# max_buy_in: 1000000000000000000 (upper buy-in bound)
# standard_buy_in: 1000000000000000000 (default buy-in)
# epochs: 1 (local epochs per round)
# batch_size: 32 (training batch size)
# punish_factor: 3 (penalty multiplier)
# first_round_fee: 50 (fee for first round)
# fork: True (True=local fork, False=real net)
# contribution_score_strategy: dotproduct (scoring method)
# use_outlier_detection: False (Whether to use outlier detection)
# freerider_start_round: 1 (When freeriders should start freeriding)
# freerider_noise_scale: 0.1 (How much noise a freeder should add)
round,time,globalAcc,globalLoss,GRS,accAvgPerUser,lossAvgPerUser,rewards,conctractBalanceRewards,punishments,contributionScores,feedbackMatrix,disqualifiedUsers,userStatuses,GasTransactions
# $startingUserConfig$['$user$0, 0, good, good, None, 0xA41dE09A63f6Cedd633f99052b44450d3BB91D44', '$user$1, 0, good, good, None, 0x17725D495A0843Ea05541fD61ba5D4082750bC08', '$user$2, 0, good, good, None, 0x37AC7AC5D09bbC6dAC1CF036b7F9DdD0EA4E052E', '$user$3, 0, good, good, None, 0x536fc4cd48ad9B3649e8aB615592E83Ec9F5fcd1', '$user$4, 0, good, bad, 3, 0x118E560679B62a9F24c135A96d416548782f8cc2', '$user$5, 0, good, freerider, 1, 0xA2F37A08a8488CB8551a0D03f7A73f4156757de7']
0,01:53:19.194,0,720.1868286132812,"[1000000000000000000, 1000000000000000000, 1000000000000000000, 1000000000000000000, 1000000000000000000, 1000000000000000000]",[],[],[],1000000000000000000,[],[],,[],"['$user$0, 0, good, good, None, 0xA41dE09A63f6Cedd633f99052b44450d3BB91D44', '$user$1, 0, good, good, None, 0x17725D495A0843Ea05541fD61ba5D4082750bC08', '$user$2, 0, good, good, None, 0x37AC7AC5D09bbC6dAC1CF036b7F9DdD0EA4E052E', '$user$3, 0, good, good, None, 0x536fc4cd48ad9B3649e8aB615592E83Ec9F5fcd1', '$user$4, 0, good, bad, 3, 0x118E560679B62a9F24c135A96d416548782f8cc2', '$user$5, 0, good, freerider, 1, 0xA2F37A08a8488CB8551a0D03f7A73f4156757de7']","[('register', 'f43fccccc44e8df2032506017f4e620831ae8e80098face9ae4e5524af3e8f62', 126674), ('register', '565bff33762a3aee07a21c321a860be2c7f983533c0113a9ee9271899a8825f1', 126674), ('register', '479730670e4545a0d313ae42ad0754f0ed91f21210e130b9c123e85051aaacb4', 126674), ('register', 'ac8e092cad73ac71641cb0da0371cb1e42070fb2e1f985a6d733c4912891af94', 126674), ('register', '36fca673228cb82d22ebdf17b0e6b5db39008cea463202575e044a0f022dee91', 126674)]"
1,01:53:48.019,0.1261,718.6611938476562,"[1152747622547121170, 1153285760582911156, 1153722143062289265, 1153403430082298414, 1153507710392046658, 333333333333333334]","[11, 8, 9, 8, 9, 8]","[74, 74, 74, 74, 74, 74]","[('0xA41dE09A63f6Cedd633f99052b44450d3BB91D44', 4000000000000000000, 152747622547121170, 1152747622547121170), ('0x17725D495A0843Ea05541fD61ba5D4082750bC08', 3000000000000000000, 153285760582911156, 1153285760582911156), ('0x37AC7AC5D09bbC6dAC1CF036b7F9DdD0EA4E052E', 4000000000000000000, 153722143062289265, 1153722143062289265), ('0x536fc4cd48ad9B3649e8aB615592E83Ec9F5fcd1', 4000000000000000000, 153403430082298414, 1153403430082298414), ('0x118E560679B62a9F24c135A96d416548782f8cc2', 4000000000000000000, 153507710392046658, 1153507710392046658)]",900000000000000000,"[(1, 166666666666666666)]","[199236035346984863, 199937954545021057, 200507149100303649, 200091436505317687, 200227454304695129]","[[0.0, 1.0, 1.0, 1.0, 1.0, -1.0], [1.0, 0.0, 1.0, 1.0, 1.0, -1.0], [1.0, 0.0, 0.0, 1.0, 1.0, -1.0], [1.0, 1.0, 1.0, 0.0, 1.0, -1.0], [1.0, 1.0, 1.0, 1.0, 0.0, -1.0], [0.0, 0.0, 0.0, 0.0, 0.0, 0.0]]",[6],"['$user$0, 0.631, good, good, None, 0xA41dE09A63f6Cedd633f99052b44450d3BB91D44', '$user$1, 0.642, good, good, None, 0x17725D495A0843Ea05541fD61ba5D4082750bC08', '$user$2, 0.737, good, good, None, 0x37AC7AC5D09bbC6dAC1CF036b7F9DdD0EA4E052E', '$user$3, 0.699, good, good, None, 0x536fc4cd48ad9B3649e8aB615592E83Ec9F5fcd1', '$user$4, 0.667, good, bad, 3, 0x118E560679B62a9F24c135A96d416548782f8cc2', '$user$5, 0, freerider, freerider, 1, 0xA2F37A08a8488CB8551a0D03f7A73f4156757de7']","[('slot', '8ae1bbf709e9b8ce9db018fcae8424bbe496de7fb9087ee129ae6e17969d352b', 50814), ('slot', 'a006a9548f726233bbb9f8df22917dd140e3b47d589e0d9b6c84e8003ab5d47d', 50814), ('slot', '13521f48576660a1ec049c4d803f3d1cbb6311224386782075014d0004356663', 50802), ('slot', 'dd4d46014f99ecaf27e9ddd63214cbbdac4f3e7d78decd12bd1deb98f1a1dd00', 50814), ('slot', 'e2e8aafd4b8d259f6c326943cf53367c35add1b7cdd3221c4fffaff923bcd9e4', 50802), ('slot', '814a712e3d7af1ead4b82fb7664f48a75a7bdd202c646610b3c3e4fa3ea8523d', 50814), ('weights', '2f0515646cf5d64cf5cb265cf34cc2538dd466956f56cc9abf261adc0d9b479d', 73682), ('weights', '6ee86f1ae4cb7d7c5aba2693416abd4f9387a55b0e6762c72e7704cad2ac63e2', 56582), ('weights', 'd1ea9d9ad40d1185e48e14b6809f00713c15277751e5a5185b2e4ba3dabbf7e9', 56594), ('weights', '0c2e77cde029274f41856caa74a985a2046e8385ac53d2eb11a216b1b5b47850', 56594), ('weights', 'e41016dcc17b8bf1292c7e46fa8aeb34a38022fe0870321f4bd554f5b3fbdb0c', 56594), ('weights', '999130214961c1eb3f0b581d6f9ba3537b6722984bbedbb7487d64f41cf90950', 56594), ('feedback', '61e547b29d726c8757a8a215df3ad8014ab5604c25aebe9a9dc1e8e19a2157c1', 403001), ('feedback', '21a24f799ef1739fc6fac5616ab4e3a2660f08eb92ec5b12b19762e7e2dbf1a4', 334601), ('feedback', '464ff89d8a6c1b01976d1873df8398c44eed30e53da76d25923193c6bc3e94e1', 293827), ('feedback', '33fcdca4d8a5e012766411bcc77923ad6e62e741c2b8fd2ed5d0fb3289b8b820', 317501), ('feedback', '7752f652be8a65e12f0ed7f5d29dbfd039eb3a8f6f69399ffb7adf25d0e7d04d', 317501), ('feedback', '0e16d7447a07fdba7fe9e23387691b0ee09d3fb0508c8a07a5268b0641e6f27d', 218683), ('contrib', 'cfbb74a8d361c29f3179167479d667437ceb0a9d04af8c0c660d651594e783a7', 75223), ('contrib', '276c9d43cf4ba99561917ec35bd4f4ae61e5fb7472bfca17069ad0b7f2f7dc57', 58123), ('contrib', '764b0102d3f93f20f2fb84a9fd7180b79918777c3afe7836445e34a1f93488d3', 58123), ('contrib', '6f2c1d40b162f162c69d24d185638b2901344f68ff4fd7058393b61ec152a4bb', 58123), ('contrib', '84f310e49ad8958121b6d684e18318c64c8aadc5be748caf7b0b702941d601aa', 58123), ('close', 'e6091be21b21e6b175fbd794c02dd52614af70a92f263af4e53e1188d54192d9', 671004)]"
2,01:54:16.922,0.3044,703.7042236328125,"[1194972141203817602, 1195508866775115916, 1195945642479575225, 1195625712074732978, 1195725415244536050, 222222222222222223]","[11, 11, 12, 13, 13, 14]","[74, 74, 73, 73, 73, 73]","[('0xA41dE09A63f6Cedd633f99052b44450d3BB91D44', 3460515614037247079, 42224518656696432, 1194972141203817602), ('0x17725D495A0843Ea05541fD61ba5D4082750bC08', 2306469765609410435, 42223106192204760, 1195508866775115916), ('0x37AC7AC5D09bbC6dAC1CF036b7F9DdD0EA4E052E', 4612944523604377398, 42223499417285960, 1195945642479575225), ('0x536fc4cd48ad9B3649e8aB615592E83Ec9F5fcd1', 4613263236584368249, 42222281992434564, 1195625712074732978), ('0x118E560679B62a9F24c135A96d416548782f8cc2', 4613158956274620005, 42217704852489392, 1195725415244536050)]",800000000000000000,"[(2, 111111111111111111)]","[200010880827903747, 200004190206527709, 200006052851676940, 200000286102294921, 199978604912757873]","[[0.0, 1.0, 1.0, 1.0, 1.0, 0.0], [1.0, 0.0, 1.0, 1.0, 1.0, 0.0], [1.0, 1.0, 0.0, 1.0, 1.0, -1.0], [0.0, 0.0, 1.0, 0.0, 1.0, -1.0], [1.0, 0.0, 1.0, 1.0, 0.0, -1.0], [0.0, 0.0, 0.0, 0.0, 0.0, 0.0]]",[6],"['$user$0, 0.213, good, good, None, 0xA41dE09A63f6Cedd633f99052b44450d3BB91D44', '$user$1, 0.212, good, good, None, 0x17725D495A0843Ea05541fD61ba5D4082750bC08', '$user$2, 0.257, good, good, None, 0x37AC7AC5D09bbC6dAC1CF036b7F9DdD0EA4E052E', '$user$3, 0.299, good, good, None, 0x536fc4cd48ad9B3649e8aB615592E83Ec9F5fcd1', '$user$4, 0.277, good, bad, 3, 0x118E560679B62a9F24c135A96d416548782f8cc2', '$user$5, 0, freerider, freerider, 1, 0xA2F37A08a8488CB8551a0D03f7A73f4156757de7']","[('close', 'e6091be21b21e6b175fbd794c02dd52614af70a92f263af4e53e1188d54192d9', 671004), ('slot', '1274efd4b6d261163e44d52c5bffd9677b01f923a57bdbf5f16a3ac7f118462f', 50814), ('slot', 'e78d66ebe597a0e0ee56c66c09684686a9311067625b805a27f378a3c55c243f', 50814), ('slot', 'e5e5da6eb6d713453e8df490ad77582b3394565cfd0f95ce0a4deff9bd6af4d5', 50814), ('slot', '046d0045ea4ddeb2c41cea51204659ab43b9d413a9f684713015b9d7ae539e54', 50814), ('slot', 'e2a9eb111e3c78c40de9cb3a6e8197b789c63431723a992f3c591f00c01605fc', 50814), ('slot', '02e2b165539b504a1521017439657315ab1c478625afd5bc72fba886db5fe4d5', 50802), ('weights', 'a3d77c925d4f6ffc2c35f009b8dc623cc37b985b29c9097d733eee02daf3e6df', 73694), ('weights', '912cf53ce5c7ad9a83cd5aade9a14075f82e04a308bf0f9c691e391180ecddbd', 56594), ('weights', 'de24129f31714a8810602593b51bd44d3a917a902f2469f55a07d42bb3b7287e', 56582), ('weights', '4a878b70a4cdb886646574eebde6b436aaf073730493c273b45c2507f73151d5', 56594), ('weights', 'f77effb048b0a221fa569d304414fd56b032b6006692dadbc41a4f6c2a7e900c', 56594), ('weights', 'cb77148faa26d2526e9e9efba03d9820b1c64c8924ea4106f097f87f70feb6d7', 56594), ('feedback', '0552ca967049d01a667c7900f336bf9b71c90d17abf9b3b7cdb78957821b44a0', 302179), ('feedback', '9da4c0be73b57e4151ed0239bc5f6987b1cb51bc31581bfd3920d0e7e438ae2d', 250879), ('feedback', '2f46ba5150657b09954f865239610e652013726ec6d44b8747333dda911fe64b', 274901), ('feedback', 'ca65262b82ab33cf64705d5850a6dfbc8f404b32ca90f338b83d22ef83e14305', 226353), ('feedback', '3ed6c844a4e44465fc9ac1de2feee19b103fda7cda884ae2fbe91a053d01f621', 232127), ('feedback', 'aab6342ba005b77b7e6b5ab0ed218917a621cbd78f191bc382cce5405e27a921', 218683), ('contrib', '57e3320c55cac85afb45159b001dca472be755eb33944db23cf433fc1e73e283', 75223), ('contrib', 'b8f82419c6ea3e4e7cbc0e8f9c88301efd29460f70918caf1250c131997f475f', 58123), ('contrib', '6e2aa388a48405c2ffe48c901360718e6b8bc1c221a094bb1a3b3acb061eecc7', 58123), ('contrib', '9e9171eea06d04db9354813dd669057263bc86a4c4fcc4a2919556f85a6a40e0', 58123), ('contrib', '2299ef998c33cffe40e1e172780079089dac04dfde8357317e6a3e7aa50d0dd1', 58123), ('close', '92b9868ea2133e798a450eca90536631f63e30802d081ef1ca7a0584c034a4ec', 643640)]"
3,01:54:42.851,0.7164,307.2399334907532,"[1375084097562880068, 1375720872926625819, 1376101088007678987, 1375943664673124417, 797150276829690700, 0]","[28, 30, 28, 29, 30, 34]","[72, 72, 72, 72, 72, 72]","[('0xA41dE09A63f6Cedd633f99052b44450d3BB91D44', 2391354806084888069, 180111956359062466, 1375084097562880068), ('0x17725D495A0843Ea05541fD61ba5D4082750bC08', 2390818080513589755, 180212006151509903, 1375720872926625819), ('0x37AC7AC5D09bbC6dAC1CF036b7F9DdD0EA4E052E', 2390381304809130446, 180155445528103762, 1376101088007678987), ('0x536fc4cd48ad9B3649e8aB615592E83Ec9F5fcd1', 2390701235213972693, 180317952598391439, 1375943664673124417)]",700000000000000000,"[(3, 398575138414845350), (3, 222222222222222223)]","[249878749251365661, 250017553567886352, 249939084053039550, 250164538621902465]","[[0.0, 1.0, 1.0, 1.0, -1.0, -1.0], [1.0, 0.0, 1.0, 1.0, -1.0, -1.0], [1.0, 1.0, 0.0, 1.0, -1.0, -1.0], [1.0, 1.0, 1.0, 0.0, -1.0, -1.0], [-1.0, -1.0, -1.0, -1.0, 0.0, -1.0], [0.0, 0.0, 0.0, 0.0, 0.0, 0.0]]","[5, 6]","['$user$0, 0.7, good, good, None, 0xA41dE09A63f6Cedd633f99052b44450d3BB91D44', '$user$1, 0.648, good, good, None, 0x17725D495A0843Ea05541fD61ba5D4082750bC08', '$user$2, 0.675, good, good, None, 0x37AC7AC5D09bbC6dAC1CF036b7F9DdD0EA4E052E', '$user$3, 0.652, good, good, None, 0x536fc4cd48ad9B3649e8aB615592E83Ec9F5fcd1', '$user$4, 0.277, bad, bad, 3, 0x118E560679B62a9F24c135A96d416548782f8cc2']","[('close', '92b9868ea2133e798a450eca90536631f63e30802d081ef1ca7a0584c034a4ec', 643640), ('slot', '210b2628500a2509af0faa7b9c4f356e502551c06cc0eaf5c92098d2aa236d19', 50814), ('slot', 'b0051806e5e667601fba875a2c8fc2b6c5f87afc99f2aafedd1356c238b3b83b', 50814), ('slot', 'd0b88b1015120e41faf7804256201a0133be430ae7ecf3046678566b281d11e4', 50814), ('slot', '6c126bd49dedb59e477bb228280adf8b8faba84f6d2fb1965dddedf01716b56e', 50814), ('slot', 'dc8a0faedb844675cd324d15d2df2b63848ab562dd6736b432b955b68983b415', 50814), ('slot', '8bd8c75c938f6bbefc7afe413c3739f7b4df611b953f88c147cff19fc28c342e', 50814), ('weights', 'f0a064e2ed1e476194fd0dabccb232be4d1c3181828d06776a543f97f804d3a2', 73694), ('weights', 'a45b0b7605af6ba799a5db102ac1e5ae20029469d1fbfc6d5de0d86d619b7ac2', 56582), ('weights', '28643205307bf751d03d26c895fc3a4c1d91854cf5aba4203cee16192d2f99d2', 56594), ('weights', '2c835ea88bdd27a88a210451b7e352ce642b13b296dce6ac960f70167000811b', 56594), ('weights', '83bd34141030e77f0fed3bb152a4f65327d0b9a2bfae2bbd28f2557fea222eed', 56594), ('weights', '79ada4894738dd446125dcddced2e972807b674371f633d1e96f1a057ab1a939', 56594), ('feedback', '96cca04bd8304fd71fd35abbbd7d27e7dc9d30355052787cb12e01c6fb544939', 321749), ('feedback', 'a209e0f4e3cea19394c29a6a405514c9880f3ab5b4bafbd95506b9382eb4cbad', 253349), ('feedback', '19f404cfe083a21728bfa58181bdde60c698c0197dccda36491ef3d02a4fb14b', 236249), ('feedback', '73dfdf71a9d5b25a326c6eaa3faa9586bb9703ea922b6b7937e01d2cb62bfdb9', 276049), ('feedback', '8d152004a4a0a9e63b7c40d5783f7d7c306034d2c3b5c9360f078081604e5f1e', 233293), ('feedback', '93e283f6b0ddaaec3d6817766eb9c7eb4dd89f9aeecc69a1cc2aad7e03ca2be1', 218683), ('contrib', '24e38d007db3fa05a0091e17d9d071b92ba655d2e21a5201fcf7ab2d0d33674d', 75223), ('contrib', '3f901ddad17c9392a2558edfbd7a66c8bd9dcbb1b67b5df847921d5027805af8', 58123), ('contrib', 'b628f42faba30165349324252d0fd688216b680174adaacb9037093e1210e29f', 58123), ('contrib', '85e9e0e9f2ef671a292ef736e348cd7a81886cea1a19f453f8933550aaec0706', 58123), ('close', '4060abce322d4f23c14d42080817ea52c0db35d268c12311cc9e7510ecf81cfa', 618388)]"
4,01:55:06.772,0.85,162.10344451665878,"[1466546701550908404, 1467149989092767719, 1467476536465124772, 1467393255004738626, 531433517886460467, 0]","[71, 70, 71, 69, 72, 0]","[32, 32, 32, 33, 31, 0]","[('0xA41dE09A63f6Cedd633f99052b44450d3BB91D44', 3330615348777738523, 91462603988028336, 1466546701550908404), ('0x17725D495A0843Ea05541fD61ba5D4082750bC08', 3329978573413992772, 91429116166141900, 1467149989092767719), ('0x37AC7AC5D09bbC6dAC1CF036b7F9DdD0EA4E052E', 3329598358332939604, 91375448457445785, 1467476536465124772), ('0x536fc4cd48ad9B3649e8aB615592E83Ec9F5fcd1', 3329755781667494174, 91449590331614209, 1467393255004738626)]",600000000000000000,"[(4, 265716758943230233)]","[250091344118118286, 249999776482582092, 249853029847145080, 250055760145187377]","[[0.0, 1.0, 1.0, 1.0, -1.0, 0.0], [1.0, 0.0, 1.0, 1.0, -1.0, 0.0], [1.0, 1.0, 0.0, 1.0, -1.0, 0.0], [1.0, 1.0, 1.0, 0.0, -1.0, 0.0], [-1.0, -1.0, -1.0, -1.0, 0.0, 0.0], [0.0, 0.0, 0.0, 0.0, 0.0, 0.0]]",[5],"['$user$0, 0.797, good, good, None, 0xA41dE09A63f6Cedd633f99052b44450d3BB91D44', '$user$1, 0.803, good, good, None, 0x17725D495A0843Ea05541fD61ba5D4082750bC08', '$user$2, 0.832, good, good, None, 0x37AC7AC5D09bbC6dAC1CF036b7F9DdD0EA4E052E', '$user$3, 0.8, good, good, None, 0x536fc4cd48ad9B3649e8aB615592E83Ec9F5fcd1', '$user$4, 0.277, bad, bad, 3, 0x118E560679B62a9F24c135A96d416548782f8cc2']","[('close', '4060abce322d4f23c14d42080817ea52c0db35d268c12311cc9e7510ecf81cfa', 618388), ('slot', 'ee7a5875e44dd3ed41a0418734ba7edcc5a57fde89ff98c6f3656f43d423aae1', 50814), ('slot', 'a72e0127ebd5479b9727a99e676d61b250ae8b6bec35ecdd08216eea23daba80', 50814), ('slot', '2e50033f5a608dff9ea24f4a7ef930e83e9c5f1ccf6e9a94959ffca0e4feb29d', 50814), ('slot', '00f8a7086ecfcb560f1bf50bcd2b5ee894162a7d695f56ba6316adbd3fabf8b3', 50814), ('slot', 'dd60d0ee8c1a5b3e69a3746e7b0d56fe3eeddb75af899b89d78fc8c5e1ed8c17', 50814), ('weights', '1d39f841b03eec94e38f2ff490f6fe806ef84eff5dd409bcffeec71fe5522494', 73694), ('weights', '582d58c4dc8899f30bc7bfe57d8104aacfe9b6733e920b134dd44b160e4d5db4', 56594), ('weights', '5c2206b3660a7bffeb71c001df49192299aa1c31cea2cc87a31574c7ecfbdedf', 56594), ('weights', '4afab3baa0c2ddbf97ae165d7f1f017a7529e4b419fef153ca71c5ccefa52032', 56594), ('weights', 'cf3a449f906a8f303834e3f2babf7fbb4b2ccb8bc4b4cbba7e51ce7fd22e2e02', 56594), ('feedback', '1485e161bf85b0e156c8e8d5dc9d0a3a8a9be83d09ac4ec62f40dd870b4e577a', 270522), ('feedback', '6548a7c795d65de37bff4d74945730d6119ca3340f86bb6e843a953d97e2ef9a', 219222), ('feedback', 'bd293c00b5711e6212b2e8c93b462cbfa7a52f85eb1a3b85d42e603b9220540c', 202122), ('feedback', 'b64797e83c970c364456b1a250ca902d856e78da77a87c7ca87834b3143271b7', 202122), ('feedback', '80e494621d1db5fa8285126ceb11d656e403de14edaf00a0ba599655e9319a52', 203166), ('contrib', '567ebca6c9c6b94ad98d5f453d439b3b56f761981d46d91a0c9acaccf313291c', 75223), ('contrib', '73d193b404d3b453591e4bae36795b0ca7a3ec9c90cbdd4e6bb9c6129d6ae780', 58123), ('contrib', 'c1a4a2e286255bf4115c1d7b069ed113a65e40ac6b6091e872358c11c298b6b1', 58123), ('contrib', '83164d00ae61029bc28e886e302babb7f67b43de2b33482398e27831b0e9d1e7', 58123), ('close', '6478c7c5f6231cf9f5bf2f74222694e91aaa44f233780a94a2546dc25d966a39', 543321)]"
5,01:55:30.712,0.8827,123.10066079348326,"[1535832927156057567, 1536450032926571374, 1536735282544432038, 1536692745448632029, 354289011924306978, 0]","[83, 85, 84, 84, 85, 0]","[16, 16, 17, 18, 16, 0]","[('0xA41dE09A63f6Cedd633f99052b44450d3BB91D44', 3870586262676170650, 69286225605149163, 1535832927156057567), ('0x17725D495A0843Ea05541fD61ba5D4082750bC08', 3869982975134311335, 69300043833803655, 1536450032926571374), ('0x37AC7AC5D09bbC6dAC1CF036b7F9DdD0EA4E052E', 3869656427761954282, 69258746079307266, 1536735282544432038), ('0x536fc4cd48ad9B3649e8aB615592E83Ec9F5fcd1', 3869739709222340428, 69299490443893403, 1536692745448632029)]",500000000000000000,"[(5, 177144505962153489)]","[250000327825546264, 250050187110900878, 249901175498962402, 250048190355300903]","[[0.0, 1.0, 1.0, 1.0, -1.0, 0.0], [1.0, 0.0, 1.0, 1.0, -1.0, 0.0], [1.0, 1.0, 0.0, 1.0, -1.0, 0.0], [1.0, 1.0, 1.0, 0.0, -1.0, 0.0], [-1.0, -1.0, -1.0, -1.0, 0.0, 0.0], [0.0, 0.0, 0.0, 0.0, 0.0, 0.0]]",[5],"['$user$0, 0.839, good, good, None, 0xA41dE09A63f6Cedd633f99052b44450d3BB91D44', '$user$1, 0.847, good, good, None, 0x17725D495A0843Ea05541fD61ba5D4082750bC08', '$user$2, 0.872, good, good, None, 0x37AC7AC5D09bbC6dAC1CF036b7F9DdD0EA4E052E', '$user$3, 0.864, good, good, None, 0x536fc4cd48ad9B3649e8aB615592E83Ec9F5fcd1', '$user$4, 0.277, bad, bad, 3, 0x118E560679B62a9F24c135A96d416548782f8cc2']","[('close', '6478c7c5f6231cf9f5bf2f74222694e91aaa44f233780a94a2546dc25d966a39', 543321), ('slot', 'fc3f680e94e714e3c8e5e96f86f776b141ad7d8cfe7338b4b1b77c27db63d08f', 50814), ('slot', '270b228acdb071ce9047a6c58edd998fd99f91874c7774ca321645432692a76e', 50814), ('slot', '9854a11b86289965547aca57a447a814f5e52160d2c8b619460c642c69d2995b', 50814), ('slot', '083e441381f8883d2539434cd0362944224aaec59d9dcfc0bfc30e4ba3c92539', 50802), ('slot', '7ce06aad122d7971602084d31c6f1da6a50f6acdf0984cd7cb4c2ebd8f8e605b', 50814), ('weights', '9a9ff0a58d9d7e916473749c4397430938c57ab69a8791d9ae107a468072aaae', 73682), ('weights', '96bd5dad2d08582203d41da73a19841423fd920b10377650dfc1d49297436949', 56594), ('weights', '8e3e76c50aba35f1d5f7fcebbecee94f2ab7cd396e2fe96eb8d196f6e083d88c', 56594), ('weights', '3d5004b4730b3ed1c30d535a39a73912a99b91502c4e5c6cc3995d4cd66e7ebb', 56594), ('weights', '44e85f381106e8d87d4bd1cdf44fdf32d48b8d5c38c11d46bcc5fc3bd3b1b658', 56594), ('feedback', '6c55152a226424994da5a8bd90e7824d03c3bc763bc8e67682053215dc17ea39', 270522), ('feedback', 'f8ae2481d774979424cbf2fdcb7df29d5ce784d2d39c3efa50da2d4bd11a7e58', 219222), ('feedback', '8e1db412010749b59c09f39049814b44c32fe9f855e3b440b85dff1c73dd75c0', 202122), ('feedback', '96392b53cd00d41559f2337a5b6660362b75e2762cd7825e44f31103015b2819', 202122), ('feedback', 'c4cb217063452a0dba75f3029a817b7fdf7e73ceecbb3ed7f20b7959da82716d', 203166), ('contrib', '8fa11936d0a2e50177f8df527e2e0345b032bc6a97f6e7661539189ba4482230', 75223), ('contrib', 'e0f837fdb67ca96cec7ed870db12fb218193c125348b930a2a756f9698d46ec8', 58123), ('contrib', '1fa2dc6ce376bf0518784cf72bd9e1779f266765fbdc7adc85a1ccbb1e1cb10a', 58123), ('contrib', 'df2cc22fe9c3de314c4cbf1c40701e7b9ddae311c3872c6c2a938f4103304811', 58123), ('close', '26467e780eb6614fb655d060aa3122752f69a10bcc83a94ee50a282fdfb206e1', 543321)]"
6,01:55:54.786,0.8999,101.45086071267724,"[1590357431531226078, 1590983578492715746, 1591227434275400441, 1591238881084453067, 236192674616204652, 0]","[88, 88, 88, 86, 88, 0]","[12, 12, 13, 14, 12, 0]","[('0xA41dE09A63f6Cedd633f99052b44450d3BB91D44', 4255589048995328463, 54524504375168511, 1590357431531226078), ('0x17725D495A0843Ea05541fD61ba5D4082750bC08', 4254971943224814656, 54533545566144372, 1590983578492715746), ('0x37AC7AC5D09bbC6dAC1CF036b7F9DdD0EA4E052E', 4254686693606953992, 54492151730968403, 1591227434275400441), ('0x536fc4cd48ad9B3649e8aB615592E83Ec9F5fcd1', 4254729230702754001, 54546135635821038, 1591238881084453067)]",400000000000000000,"[(6, 118096337308102326)]","[250001907348632812, 250043362379074096, 249853566288948059, 250101089477539062]","[[0.0, 1.0, 1.0, 1.0, -1.0, 0.0], [1.0, 0.0, 1.0, 1.0, -1.0, 0.0], [1.0, 1.0, 0.0, 1.0, -1.0, 0.0], [1.0, 1.0, 1.0, 0.0, -1.0, 0.0], [-1.0, -1.0, -1.0, -1.0, 0.0, 0.0], [0.0, 0.0, 0.0, 0.0, 0.0, 0.0]]",[5],"['$user$0, 0.855, good, good, None, 0xA41dE09A63f6Cedd633f99052b44450d3BB91D44', '$user$1, 0.876, good, good, None, 0x17725D495A0843Ea05541fD61ba5D4082750bC08', '$user$2, 0.892, good, good, None, 0x37AC7AC5D09bbC6dAC1CF036b7F9DdD0EA4E052E', '$user$3, 0.883, good, good, None, 0x536fc4cd48ad9B3649e8aB615592E83Ec9F5fcd1', '$user$4, 0.277, bad, bad, 3, 0x118E560679B62a9F24c135A96d416548782f8cc2']","[('close', '26467e780eb6614fb655d060aa3122752f69a10bcc83a94ee50a282fdfb206e1', 543321), ('slot', '0e174385f78c241ca28b7633dc1217a1ea5d18357504fcbd1bfe088b0bb127da', 50814), ('slot', 'f516e0908ec14ae9b1c8c24050a61e764adce6d44c01957d4e1ff6080ac3b277', 50814), ('slot', '365a1e7dee41247828a5b8297d8eac9a41c986e2240773fd0e90e9b97da61b6c', 50814), ('slot', 'e22e0cea572a51c88360f1939be590763fdd50e7ba3b6254eb1caeba097ff0e2', 50814), ('slot', 'cb6cba5c6fdbdf14977d85a41ccf2784f7c02e83a3f8da774e423b28463dcbda', 50814), ('weights', '6ec549af4eea4013011b0a301e5d5431178a3c17d2adea638cd766ccaa9bc4e8', 73694), ('weights', 'f199605c37e3434f430cc85b2afea49edf3f86d76fed9cbd828a3c6f1ea52ab9', 56594), ('weights', 'cfd8ddbe13e6506d967136cdb6b131530aa62b512280b1884a6184a62e8f158f', 56594), ('weights', '81237c3778d4343f0c924139046004c7bf81051e95528c1e4076ce844ac795fb', 56594), ('weights', '9f9ee1231def8c676f01a8d09cd2bb43c7f03e51c2ef132c4170f23d60626e68', 56594), ('feedback', '11f24fd077e46d159a32b95aa85caeb28f4a0d59a239c8d100a42e8ff065e06a', 270522), ('feedback', 'cabfd2bcc89ee6556d28abae969ef9cdcb105aa0aa634c5fd0484a5fac670043', 219222), ('feedback', 'b4b06f7b71483ea44c1fb9782fe6cfa4450a5a77fee6b6d149eb94486a1374b8', 202122), ('feedback', '5e7ee26460b486a8d8fd19faffbe1aea497b8106f73e13daa09e88a2eb16740b', 202122), ('feedback', 'b65a63879b1bf7a715d19ec00c7bbb85aac67eefd8409d7aa4e411f82f383e9d', 203166), ('contrib', '4eda0c73401af13a809932587aad20f84f652ef1f1f37b1dffd797b133d594a9', 75211), ('contrib', '0ba90bde030b8699ea9dfb2a84b9bf034406c2f5b09f734e8b319f8f1617c0cf', 58123), ('contrib', 'fed96b5332b6939105b3e0cff2b1276bb8afc2f3aa93c5981e5053850c0a9c21', 58123), ('contrib', 'bb48e36ba2febe3393a7cfcf3028de1b31e70a9e3b248d26251139e810fecfcc', 58123), ('close', 'dd10e653f4ada18043388fd68398b2c257059c4c6d5cc16c976ff4a7e450597b', 543321)]"
7,01:56:18.742,0.9167,86.56144814193249,"[1674409381227264626, 1675064263606892273, 1675249476292519229, 1675276878873323854, 0, 0]","[90, 90, 91, 88, 90, 0]","[10, 10, 10, 12, 10, 0]","[('0xA41dE09A63f6Cedd633f99052b44450d3BB91D44', 4537257219236364602, 84051949696038548, 1674409381227264626), ('0x17725D495A0843Ea05541fD61ba5D4082750bC08', 4536631072274874934, 84080685114176527, 1675064263606892273), ('0x37AC7AC5D09bbC6dAC1CF036b7F9DdD0EA4E052E', 4536387216492190239, 84022042017118788, 1675249476292519229), ('0x536fc4cd48ad9B3649e8aB615592E83Ec9F5fcd1', 4536375769683137613, 84037997788870787, 1675276878873323854)]",300000000000000000,"[(7, 236192674616204652)]","[250011235475540161, 250096708536148071, 249922275543212890, 249969735741615295]","[[0.0, 1.0, 1.0, 1.0, -1.0, 0.0], [1.0, 0.0, 1.0, 1.0, -1.0, 0.0], [1.0, 1.0, 0.0, 1.0, -1.0, 0.0], [1.0, 1.0, 1.0, 0.0, -1.0, 0.0], [-1.0, -1.0, -1.0, -1.0, 0.0, 0.0], [0.0, 0.0, 0.0, 0.0, 0.0, 0.0]]",[5],"['$user$0, 0.905, good, good, None, 0xA41dE09A63f6Cedd633f99052b44450d3BB91D44', '$user$1, 0.9, good, good, None, 0x17725D495A0843Ea05541fD61ba5D4082750bC08', '$user$2, 0.895, good, good, None, 0x37AC7AC5D09bbC6dAC1CF036b7F9DdD0EA4E052E', '$user$3, 0.891, good, good, None, 0x536fc4cd48ad9B3649e8aB615592E83Ec9F5fcd1']","[('close', 'dd10e653f4ada18043388fd68398b2c257059c4c6d5cc16c976ff4a7e450597b', 543321), ('slot', '3229927e775e9a2aee602863b5915d505bdb26eda09dd70a36d290894f0bbf9d', 50814), ('slot', 'e782d6d53e5038cc63571d22c9cfa5669936c784feaf7e6f30f9f08efa8d9800', 50814), ('slot', '824e1969193b414bf756452508c6d12fd3ed2c2bf91c0b92aef05cd9a0bd40b8', 50814), ('slot', 'ea3c147be1ed82dc81e69c278dc47b435342178005f0c6373c186896b0f25d39', 50814), ('slot', '110cf789113ba7d185abf6916494d5c4ea351ba329de554304e3caa2e2daff11', 50814), ('weights', '7ef3b96e3ebe581e87dcb7dc5ea14ce25f1e6054e458f7103dd695ee8f545bfa', 73694), ('weights', 'aea174ddb81a3cfb11efda995208db464419c44e1085c77ab903a632becce478', 56594), ('weights', 'cd8bc7a60aa21dae49841e2301174b709b345995bd10e38f7f6254e3616ea877', 56594), ('weights', '0629517d0da6e560e56eeba9f511024a50e36ac9df2b7e9ed30c3f7adb5c0c59', 56594), ('weights', '4662729bef017894cd1dce46135a55acba998611842fc97157a337a75c589b34', 56594), ('feedback', '52df0aeeca626d17d6e41d4a0256617ff593395ea9ab615f70d471adbcc5acc5', 270522), ('feedback', '286b4f99a30af9ebfdc0ff0f3eeb104aeaeeb2748c45e19acc61af14c1dc4379', 219222), ('feedback', '723206a14ecbcfc0ec337ae2e8d8d721fb09dca478114c9ea53d14babc8b8a09', 202122), ('feedback', '6b874a10892fb1adf39df644169bb983f9b2fe4a1f9d23e04a6d0a36c7214e51', 202122), ('feedback', '453591d099d60f99a771748ee6b12bdee8945434dc934801e1145cb2511a93fb', 203166), ('contrib', '7d84ae6ed5ca489345822fa5bc19667657693f4372c50ea11846c2ccc4b0a056', 75223), ('contrib', '9f711b7c3ca066d2d1e7e8ccc4c6b0adeb43d3b9d33a4b4c32a02f8b964f6621', 58123), ('contrib', 'e7e9352e5f43b11b13df446deefbbf38ec48198ddb80a80436ee27e3f6d0de5a', 58123), ('contrib', '14fd88a695902768d31b6130b1d43715b8c1ea10dda0a8f3a0eb2ee9ac6362a4', 58123), ('close', 'e34253eeedfbf0ba22c0364beee8904bbf3476c0e881efa619a07f845abc06d3', 502181)]"
8,01:56:40.752,0.9266,74.50778379291296,"[1699412187861226419, 1700070354457074822, 1700235471434919059, 1700281986246779680, 0, 0]","[92, 92, 92, 89, 0, 0]","[8, 8, 9, 10, 0, 0]","[('0xA41dE09A63f6Cedd633f99052b44450d3BB91D44', 5025590618772735356, 25002806633961793, 1699412187861226419), ('0x17725D495A0843Ea05541fD61ba5D4082750bC08', 5024935736393107709, 25006090850182549, 1700070354457074822), ('0x37AC7AC5D09bbC6dAC1CF036b7F9DdD0EA4E052E', 5024750523707480753, 24985995142399830, 1700235471434919059), ('0x536fc4cd48ad9B3649e8aB615592E83Ec9F5fcd1', 5024723121126676128, 25005107373455826, 1700281986246779680)]",200000000000000000,[],"[250028043985366821, 250060886144638061, 249859929084777832, 250051051378250122]","[[0.0, 1.0, 1.0, 1.0, 0.0, 0.0], [1.0, 0.0, 1.0, 1.0, 0.0, 0.0], [1.0, 1.0, 0.0, 1.0, 0.0, 0.0], [1.0, 1.0, 1.0, 0.0, 0.0, 0.0], [0.0, 0.0, 0.0, 0.0, 0.0, 0.0], [0.0, 0.0, 0.0, 0.0, 0.0, 0.0]]",[],"['$user$0, 0.908, good, good, None, 0xA41dE09A63f6Cedd633f99052b44450d3BB91D44', '$user$1, 0.908, good, good, None, 0x17725D495A0843Ea05541fD61ba5D4082750bC08', '$user$2, 0.926, good, good, None, 0x37AC7AC5D09bbC6dAC1CF036b7F9DdD0EA4E052E', '$user$3, 0.904, good, good, None, 0x536fc4cd48ad9B3649e8aB615592E83Ec9F5fcd1']","[('close', 'e34253eeedfbf0ba22c0364beee8904bbf3476c0e881efa619a07f845abc06d3', 502181), ('slot', '483d12e09aa259bc442b4e32161481e42e42f3aef2dc970a1b3ef2baedf55073', 50814), ('slot', '969f5e31ae6cbf201b78c2bbeebba69e52edfc03b8ce81fb947b16d257a4fef7', 50814), ('slot', '741fb513c2652d056849a613e5b44db85afc37992127afbdce2d5f51d2e25cf9', 50814), ('slot', '3311ff1eb5e3ce390d62a46631192b24104b7e82b7f24b0ccbad3f55993c0d58', 50802), ('weights', '7f4358aeaac411c4e2b72cd72526ee255668c2a5e1e5f7bce8af074d4ab8dd32', 73694), ('weights', '861341a8bebb1e7639fa2bec76bf8f0c4dc5a12e25a0239f23dc3268c092fe55', 56594), ('weights', 'aa4757d37c52460248f95bc40e3e8e86d681f7ea6429c43cd77b3b0ae46f1343', 56594), ('weights', 'e6bdab8f28e06d5c251d05d4d0e8f975fb943b06dc37d2628a135922e4213e48', 56594), ('feedback', 'ed3c9bc0117bdf77d8dc61abd2e9af4a61c0a74518c651f77a9336ee7f04c52a', 217307), ('feedback', '6ad2643d9ec93305bfcdd6de378a0c856065419a2ec5e49022924cc89cad4b78', 183107), ('feedback', '1eb14ad8c642a9b035bfda1bfd17da4fe0486e323723e552ffc17b29cf0c2f9a', 166007), ('feedback', '3a4a8db0bab78ffa70016b65e8d2060c5a71da05c52a20e0539a65306d9d010e', 166007), ('contrib', 'ef30d5e7d9031a376b6f2c8013d7619307d34903a63ca90e985997b208a8076c', 75223), ('contrib', '53df0fa577ec44158fb4c04639b0e22a19021486760fae0bfd436bda38479a24', 58123), ('contrib', '5525e0ab9e310c82df9e0364939af2e5d8b23c9f1306282d7c9b138c406a83df', 58123), ('contrib', '014bb4abc18f79379fa65880aa0615c66574361d3550e48ea4150e75e1003b7f', 58123), ('close', 'a56ea8e24d66e9cbc4f820998fb7547312f456e2595f365c584bb91bf842c632', 410442)]"
9,01:57:02.600,0.9346,65.57499817758799,"[1724418544324725715, 1725080519657772548, 1725227381221134014, 1725273554796367702, 0, 0]","[93, 93, 94, 90, 0, 0]","[7, 7, 8, 9, 0, 0]","[('0xA41dE09A63f6Cedd633f99052b44450d3BB91D44', 5100587812138773561, 25006356463499296, 1724418544324725715), ('0x17725D495A0843Ea05541fD61ba5D4082750bC08', 5099929645542925158, 25010165200697726, 1725080519657772548), ('0x37AC7AC5D09bbC6dAC1CF036b7F9DdD0EA4E052E', 5099764528565080921, 24991909786214955, 1725227381221134014), ('0x536fc4cd48ad9B3649e8aB615592E83Ec9F5fcd1', 5099718013753220300, 24991568549588022, 1725273554796367702)]",100000000000000000,[],"[250063538551330566, 250101625919342041, 249919071793556213, 249915659427642822]","[[0.0, 1.0, 1.0, 1.0, 0.0, 0.0], [1.0, 0.0, 1.0, 1.0, 0.0, 0.0], [1.0, 1.0, 0.0, 1.0, 0.0, 0.0], [1.0, 1.0, 1.0, 0.0, 0.0, 0.0], [0.0, 0.0, 0.0, 0.0, 0.0, 0.0], [0.0, 0.0, 0.0, 0.0, 0.0, 0.0]]",[],"['$user$0, 0.915, good, good, None, 0xA41dE09A63f6Cedd633f99052b44450d3BB91D44', '$user$1, 0.929, good, good, None, 0x17725D495A0843Ea05541fD61ba5D4082750bC08', '$user$2, 0.926, good, good, None, 0x37AC7AC5D09bbC6dAC1CF036b7F9DdD0EA4E052E', '$user$3, 0.914, good, good, None, 0x536fc4cd48ad9B3649e8aB615592E83Ec9F5fcd1']","[('close', 'a56ea8e24d66e9cbc4f820998fb7547312f456e2595f365c584bb91bf842c632', 410442), ('slot', '81861f47f9d0666cda54e653dd945eaabde3b179478f61a8bb215a4d78f347ed', 50814), ('slot', 'f3370ab35900a474ed7ce8c874eead8c67376324e7f8bf07dd24118af1a61b9d', 50814), ('slot', 'e3140b9cee0f8585dd04f893dfc4682ee414275ab435df99bb8d435ac74637c9', 50814), ('slot', '0b823d1a0f0972f7e1f28cdb1a70f3251ae54a0ca0fd5d29d37985c40e9fd5e3', 50814), ('weights', 'a8c243b53fd54adc0e70402ad6bf89202e700ef72c2a9b0ebfcd74813f1485f2', 73694), ('weights', 'b566eff6fde71462cb82fa064f7d9c7d1224d2eeb9f3d424a9603a58d9f7d157', 56594), ('weights', '6f13afd8a48479c89b20b5825fbfc887c4a974109730ed8e56bd4026281eaac7', 56594), ('weights', '42361668284c34705eee65c4ad0beadd5a339638eff6adb942b1f94a0edd0f69', 56582), ('feedback', 'e854d46a4323e0430ff7d762e2da93ec1eba45d651228f7dcf3c94caeb78a0cb', 217307), ('feedback', '7381089e5c107f8ddd5e1340855a5e96ecab5d388464c0df7607b6b0f9b11d39', 183107), ('feedback', '5b466af01e214b4808e6d69a0799dbce79514d8718a773ff257e92ced332c83f', 166007), ('feedback', 'c6e896fb0b310d44ae147772b0b9893019da2afc2aacd387a9fd7bca7824302c', 166007), ('contrib', 'f65e847d00815357067b53caf1a8ba5ccb5751080e11ab3e59e05e0cc18985cf', 75223), ('contrib', '536771d08e32093de93f34b235afda9689167ccbd8e7b0686cfff2ae5969e161', 58123), ('contrib', '9736cf172346954ec2724c73462914e6c77104f3071b70f185ff8c0ba38b211d', 58123), ('contrib', '96c7bea49a3e2f1fc7b478a3147de897871207081fbcdda22fe841878bb7486b', 58123), ('close', 'c6c6fe2a8788d2fdb12f81dba23ab438e786b69e2d9976dc30f93846d1e7237f', 410442)]"
10,01:57:24.532,0.9424,58.510678332298994,"[1749423524665399941, 1750095361587071812, 1750210973924828010, 1750270139822700214, 0, 0]","[93, 94, 94, 92, 0, 0]","[6, 7, 7, 8, 0, 0]","[('0xA41dE09A63f6Cedd633f99052b44450d3BB91D44', 5175581455675274264, 25004980340674226, 1749423524665399941), ('0x17725D495A0843Ea05541fD61ba5D4082750bC08', 5174919480342227431, 25014841929299264, 1750095361587071812), ('0x37AC7AC5D09bbC6dAC1CF036b7F9DdD0EA4E052E', 5174772618778865965, 24983592703693996, 1750210973924828010), ('0x536fc4cd48ad9B3649e8aB615592E83Ec9F5fcd1', 5174726445203632277, 24996585026332512, 1750270139822700214)]",0,[],"[250049799680709838, 250148415565490722, 249835923314094543, 249965846538543701]","[[0.0, 1.0, 1.0, 1.0, 0.0, 0.0], [1.0, 0.0, 1.0, 1.0, 0.0, 0.0], [1.0, 1.0, 0.0, 1.0, 0.0, 0.0], [1.0, 1.0, 1.0, 0.0, 0.0, 0.0], [0.0, 0.0, 0.0, 0.0, 0.0, 0.0], [0.0, 0.0, 0.0, 0.0, 0.0, 0.0]]",[],"['$user$0, 0.928, good, good, None, 0xA41dE09A63f6Cedd633f99052b44450d3BB91D44', '$user$1, 0.935, good, good, None, 0x17725D495A0843Ea05541fD61ba5D4082750bC08', '$user$2, 0.939, good, good, None, 0x37AC7AC5D09bbC6dAC1CF036b7F9DdD0EA4E052E', '$user$3, 0.921, good, good, None, 0x536fc4cd48ad9B3649e8aB615592E83Ec9F5fcd1']","[('close', 'c6c6fe2a8788d2fdb12f81dba23ab438e786b69e2d9976dc30f93846d1e7237f', 410442), ('slot', 'a0091d52458d81c783e761986996051b039ecd56b63be6c971e89231fa5b4db4', 50814), ('slot', 'f3ccb5a720ff2fc3a231756d88a2ad32291ea63c9807784a75a3fd93e24728f4', 50814), ('slot', 'aa8bd51a060f559736292a04c2a2645b271f816d8aa9a27ee97da3340745a6d9', 50814), ('slot', 'eafea09c726149ca0c5965f0d19b52f7ee0b73477ecedf7c66310e95eae17ead', 50814), ('weights', '8d604546d8c8298af466047dc232a83ce0c385d5d283e4f4c9aff8cc7bae0525', 73694), ('weights', '28877e9627796de65b75273c2e0ef7641d3781f837a363806e52bcfd85b92839', 56594), ('weights', '71ed4bd2cdb2bf47d566ae3e9c62ce03bc8462978294ba67c19f75faa812b768', 56594), ('weights', 'c53b9001c7ad216371f26e2c09eef7edc840616b4ae8fd4084285658b0083157', 56594), ('feedback', 'e7e7abdf93f97b2805970d9cf39abeff3989bd5f4eb9e280da13b0ec4fe298a0', 217307), ('feedback', '968ca5acf59460f67605f4f6b79dbb61596f14d6268c1f369ce4fd28c88c59df', 183107), ('feedback', 'cbd84c0d7b7d99713fffb3454c02674892cd6762d623680e21b956ea4addb1cb', 166007), ('feedback', '075984ec57a8a9ba0454b892e29bd6647d5fa0b0c49e30beda1297dfd0bab903', 166007), ('contrib', 'd4a1df0d23d10d36b0fcdf6bcd71792a6b6cd0e780232974df411907cfdbf50b', 75223), ('contrib', 'd6f72c7f64924495e1553e6b51f5de0a49d356385c9aaeac75a237ca0d99a4dc', 58123), ('contrib', '18ba508e960ae8c2d73aa61d84c6f4453f2afc695871aeffbd8ca3acaefa5abc', 58123), ('contrib', 'aac4ca1c2ac0fd7071b21af37580e49a2545375133ae8c28229f5e7065482133', 58123), ('close', 'f23486347ce6bec0568f2533174e8490115dddf63257bfb634de243aabfa8525', 410442)]"
# $gasCosts$[403001, 334601, 293827, 317501, 317501, 218683, 75223, 58123, 58123, 58123, 58123, 302179, 250879, 274901, 226353, 232127, 218683, 75223, 58123, 58123, 58123, 58123, 321749, 253349, 236249, 276049, 233293, 218683, 75223, 58123, 58123, 58123, 270522, 219222, 202122, 202122, 203166, 75223, 58123, 58123, 58123, 270522, 219222, 202122, 202122, 203166, 75223, 58123, 58123, 58123, 270522, 219222, 202122, 202122, 203166, 75211, 58123, 58123, 58123, 270522, 219222, 202122, 202122, 203166, 75223, 58123, 58123, 58123, 217307, 183107, 166007, 166007, 75223, 58123, 58123, 58123, 217307, 183107, 166007, 166007, 75223, 58123, 58123, 58123, 217307, 183107, 166007, 166007, 75223, 58123, 58123, 58123],[126674, 126674, 126674, 126674, 126674],[50814, 50814, 50802, 50814, 50802, 50814, 50814, 50814, 50814, 50814, 50814, 50802, 50814, 50814, 50814, 50814, 50814, 50814, 50814, 50814, 50814, 50814, 50814, 50814, 50814, 50814, 50802, 50814, 50814, 50814, 50814, 50814, 50814, 50814, 50814, 50814, 50814, 50814, 50814, 50814, 50814, 50802, 50814, 50814, 50814, 50814, 50814, 50814, 50814, 50814],[73682, 56582, 56594, 56594, 56594, 56594, 73694, 56594, 56582, 56594, 56594, 56594, 73694, 56582, 56594, 56594, 56594, 56594, 73694, 56594, 56594, 56594, 56594, 73682, 56594, 56594, 56594, 56594, 73694, 56594, 56594, 56594, 56594, 73694, 56594, 56594, 56594, 56594, 73694, 56594, 56594, 56594, 73694, 56594, 56594, 56582, 73694, 56594, 56594, 56594],[671004, 643640, 618388, 543321, 543321, 543321, 502181, 410442, 410442, 410442],[],[]
# TOTAL EXPERIMENT TIME: 247.78 seconds
