# Author Nykjaer
# ------Specs--------# cpu_name:  (processor model)
# cpu_cores: 6 (physical cores)
# ram_gb: 13.5 (system memory in GB)
# gpu_name: NVIDIA GeForce RTX 3060 Laptop GPU (graphics processor)
# os_name: Linux (operating system)
# ------Config--------# good_contributors: 4 (honest participants)
# bad_contributors: 1 (malicious participants)
# freeriders: 1 (contribute 0)
# inactive: 0 (never join)
# reward: 1000000000000000000 (total reward pool)
# minimum_rounds: 10 (rounds to simulate)
# min_buy_in: 1000000000000000000 (lower buy-in bound)
# max_buy_in: 1000000000000000000 (upper buy-in bound)
# standard_buy_in: 1000000000000000000 (default buy-in)
# epochs: 1 (local epochs per round)
# batch_size: 32 (training batch size)
# punish_factor: 3 (penalty multiplier)
# first_round_fee: 50 (fee for first round)
# fork: True (True=local fork, False=real net)
# contribution_score_strategy: dotproduct (scoring method)
# use_outlier_detection: True (Whether to use outlier detection)
# freerider_start_round: 3 (When freeriders should start freeriding)
# freerider_noise_scale: 0.1 (How much noise a freeder should add)
round,time,globalAcc,globalLoss,GRS,accAvgPerUser,lossAvgPerUser,rewards,conctractBalanceRewards,punishments,contributionScores,feedbackMatrix,disqualifiedUsers,userStatuses,GasTransactions
# $startingUserConfig$['$user$0, 0, good, good, None, 0xA41dE09A63f6Cedd633f99052b44450d3BB91D44', '$user$1, 0, good, good, None, 0x17725D495A0843Ea05541fD61ba5D4082750bC08', '$user$2, 0, good, good, None, 0x37AC7AC5D09bbC6dAC1CF036b7F9DdD0EA4E052E', '$user$3, 0, good, good, None, 0x536fc4cd48ad9B3649e8aB615592E83Ec9F5fcd1', '$user$4, 0, good, bad, 3, 0x118E560679B62a9F24c135A96d416548782f8cc2', '$user$5, 0, good, freerider, 3, 0xA2F37A08a8488CB8551a0D03f7A73f4156757de7']
0,01:10:06.214,0,720.85009765625,"[1000000000000000000, 1000000000000000000, 1000000000000000000, 1000000000000000000, 1000000000000000000, 1000000000000000000]",[],[],[],1000000000000000000,[],[],,[],"['$user$0, 0, good, good, None, 0xA41dE09A63f6Cedd633f99052b44450d3BB91D44', '$user$1, 0, good, good, None, 0x17725D495A0843Ea05541fD61ba5D4082750bC08', '$user$2, 0, good, good, None, 0x37AC7AC5D09bbC6dAC1CF036b7F9DdD0EA4E052E', '$user$3, 0, good, good, None, 0x536fc4cd48ad9B3649e8aB615592E83Ec9F5fcd1', '$user$4, 0, good, bad, 3, 0x118E560679B62a9F24c135A96d416548782f8cc2', '$user$5, 0, good, freerider, 3, 0xA2F37A08a8488CB8551a0D03f7A73f4156757de7']","[('register', 'af229a9b04afcbcc3d16ef27416fa33ab06ac0b61ca5ea9562f2c2be51e20cc3', 126674), ('register', 'f99e88e12c247ce0af9ffe85ab7fba49c23538b1e610cf209ea6c9b0083d6eb9', 126674), ('register', 'c70c81ce903cf70d10bb68e8b0bc0beb9dac2094441e074e2030fc82e116c150', 126674), ('register', '84684f437fb4d0cac731e5feb6afcc9dc494b569fc81a728e26257e43ab5fc4a', 126674), ('register', 'e98e5d00262859cccaad5049e6764f2e4be30dda242fcbfaace27b26d0bbfa48', 126674)]"
1,01:10:37.690,0.1275,716.835693359375,"[1016604236010158837, 1016723835722608120, 1016665947685564067, 1016686558973877322, 1016618688647908278, 1016700732959883372]","[7, 8, 7, 9, 9, 6]","[74, 74, 74, 74, 74, 74]","[('0xA41dE09A63f6Cedd633f99052b44450d3BB91D44', 5000000000000000000, 16604236010158837, 1016604236010158837), ('0x17725D495A0843Ea05541fD61ba5D4082750bC08', 5000000000000000000, 16723835722608120, 1016723835722608120), ('0x37AC7AC5D09bbC6dAC1CF036b7F9DdD0EA4E052E', 5000000000000000000, 16665947685564067, 1016665947685564067), ('0x536fc4cd48ad9B3649e8aB615592E83Ec9F5fcd1', 5000000000000000000, 16686558973877322, 1016686558973877322), ('0x118E560679B62a9F24c135A96d416548782f8cc2', 4000000000000000000, 16618688647908278, 1016618688647908278), ('0xA2F37A08a8488CB8551a0D03f7A73f4156757de7', 5000000000000000000, 16700732959883372, 1016700732959883372)]",900000000000000000,[],"[166042342782020568, 167238339781761169, 166659459471702575, 166865572333335876, 166186869144439697, 167007312178611755]","[[0.0, 1.0, 1.0, 1.0, 0.0, 1.0], [1.0, 0.0, 1.0, 1.0, 1.0, 1.0], [1.0, 1.0, 0.0, 1.0, 1.0, 1.0], [1.0, 1.0, 1.0, 0.0, 1.0, 1.0], [1.0, 1.0, 1.0, 1.0, 0.0, 1.0], [1.0, 1.0, 1.0, 1.0, 1.0, 0.0]]",[],"['$user$0, 0.754, good, good, None, 0xA41dE09A63f6Cedd633f99052b44450d3BB91D44', '$user$1, 0.681, good, good, None, 0x17725D495A0843Ea05541fD61ba5D4082750bC08', '$user$2, 0.719, good, good, None, 0x37AC7AC5D09bbC6dAC1CF036b7F9DdD0EA4E052E', '$user$3, 0.682, good, good, None, 0x536fc4cd48ad9B3649e8aB615592E83Ec9F5fcd1', '$user$4, 0.65, good, bad, 3, 0x118E560679B62a9F24c135A96d416548782f8cc2', '$user$5, 0.746, good, freerider, 3, 0xA2F37A08a8488CB8551a0D03f7A73f4156757de7']","[('slot', '68081e4b40508cd64d56afbf9e99be1a82ae359d2da2be88578344b19457c9dc', 50814), ('slot', 'e8dc45296c69f66b4e1264daf786fa147080ba5b91239ec10c6e6016bc9bf3af', 50814), ('slot', '04191a2ea6c7ca1827dfe38a6e678944b974d271796b1058cb674ecce89cb9d9', 50814), ('slot', '41a072491c038f4b876d0f2948f8ab6cac6b1d6e8921f7f040e456b9e2dbb395', 50802), ('slot', 'c5da393a635c5b52f3750407133708278a1f3df5ed85df7d363d789db148c459', 50814), ('slot', '373f8408413a596b77fdd90d7d35e27526382a0cbb600a250ff4c67d05f94405', 50814), ('weights', '63aaeaaae820b6bb3af510ec69abcf9383159ba97fcae368b423f9ec31307c29', 73670), ('weights', 'fea7cc6aa2ac6998680df65c5409cf1b8551bcab16495eb452f7e35019062961', 56594), ('weights', '447020d8c9750d3770ef58b1dab5f278aa715d63a5806484f69c8c720480fa38', 56594), ('weights', '4f605cf787f75b155ecd3f906e9865231f05fb3784a06ffc60a68126e466027f', 56594), ('weights', 'e8f2ec5c0f9998361976dc009f58cddf6bb19ffb316ef2bbde68625dbdd20fe9', 56594), ('weights', '7eb451c965d2924d12be3651444447b3da9d8f482b1bf0d15e05ad665722850e', 56594), ('feedback', '9680fab5b0aa5db88107d9a501cbb9efaa9a2dbd114cc68c96802464a0616d97', 381779), ('feedback', '4b4549b51a6e2ddd1667ef5e00da2e51eb1132fb32e793ae53fa495b2913b053', 371253), ('feedback', 'a3bd34848f679227ae6fdfeddb339eab56f3948531adef02a6ca4b8f48af16fd', 337053), ('feedback', '16eb44f01ef2fa89d2cc592f7cc57b11c5dcefa8d119d45811a10122acfcbf97', 337053), ('feedback', 'bfafccc0b968c195941ab6514166a2c3e6e3a2c1d05ae391184feb4749f06c21', 337053), ('feedback', '3ee4983631f95aee2e4bcbb6744975baaab75625f668db0dc2876997d8e6d2b6', 337053), ('contrib', 'e0fda44e326fc0f937452543892679e67c56f1167060f89542ae01d7aee628d6', 75223), ('contrib', '4898672e53a5554494ee4efa80a8ac909c7f4d1705685c503206349b28789626', 58123), ('contrib', '112630be9399a75d96650fad341dbe3274f4cb529c7f7c5f0c8c135c2eed9fbf', 58123), ('contrib', '6cfb0fb4f6aabaf6ba6e331b835a6eb7d485deef28b98d41d52c5e3eced69105', 58123), ('contrib', '810fe99d55f071e328e3b6156ba495876070c91b9787f2a16fee32ae6e79e770', 58123), ('contrib', 'c166446d3dfaf2c37e9ad66eef4c4e250f30ec168eb878c6a34fb1b796bd7243', 58123), ('close', '7eaba1fdb8d032b409765637f7ff0c7d278b56459ad6f74fda9f14b749ce37de', 641581)]"
2,01:11:09.584,0.6174,642.8640441894531,"[1126315581276775041, 1126451464464510473, 1016665947685564067, 1126416901628327366, 677745792431938852, 1126404312512884195]","[11, 11, 12, 13, 12, 14]","[73, 73, 73, 73, 73, 73]","[('0xA41dE09A63f6Cedd633f99052b44450d3BB91D44', 5083395763989841159, 109711345266616204, 1126315581276775041), ('0x17725D495A0843Ea05541fD61ba5D4082750bC08', 3049888872343631182, 109727628741902353, 1126451464464510473), ('0x536fc4cd48ad9B3649e8aB615592E83Ec9F5fcd1', 5083313441026122674, 109730342654450044, 1126416901628327366), ('0xA2F37A08a8488CB8551a0D03f7A73f4156757de7', 4066612708066239302, 109703579553000823, 1126404312512884195)]",800000000000000000,"[(2, 338872896215969426)]","[199992582201957702, 200022265315055847, 199979543685913085, 200027212500572204, 199978426098823547]","[[0.0, 1.0, 1.0, 1.0, -1.0, 1.0], [1.0, 0.0, 1.0, 1.0, 0.0, 1.0], [1.0, 1.0, 0.0, 1.0, 1.0, 1.0], [1.0, 0.0, 0.0, 0.0, -1.0, 0.0], [1.0, 1.0, 1.0, 1.0, 0.0, 1.0], [1.0, 0.0, 1.0, 1.0, 0.0, 0.0]]",[5],"['$user$0, 0.529, good, good, None, 0xA41dE09A63f6Cedd633f99052b44450d3BB91D44', '$user$1, 0.495, good, good, None, 0x17725D495A0843Ea05541fD61ba5D4082750bC08', '$user$2, 0.496, good, good, None, 0x37AC7AC5D09bbC6dAC1CF036b7F9DdD0EA4E052E', '$user$3, 0.591, good, good, None, 0x536fc4cd48ad9B3649e8aB615592E83Ec9F5fcd1', '$user$4, 0.429, good, bad, 3, 0x118E560679B62a9F24c135A96d416548782f8cc2', '$user$5, 0.593, good, freerider, 3, 0xA2F37A08a8488CB8551a0D03f7A73f4156757de7']","[('close', '7eaba1fdb8d032b409765637f7ff0c7d278b56459ad6f74fda9f14b749ce37de', 641581), ('slot', 'ba6dfd4962c9701248e4b6cbdd8b045a4db76424b461b0996187f7454a965617', 50814), ('slot', 'c93eea5bfcaa3a72a2cb42c7b546bb553dcbb2cc66fa0612107ee6fb821e730c', 50814), ('slot', '0801071d4e7c4d4027cb3f10355d5eac35d19a09a0aa8f2558c22c9c36e5c59e', 50814), ('slot', '733abd3dd3ec5042490dc325d22211062bca8c393ef2cd23e15b1ca4105f7a11', 50802), ('slot', 'a2c7db5b3cdb9fdc156cd9d2bd6168e2c82e8e48002badeafcbb266abc8457a9', 50814), ('slot', 'd5e3b9051eda1e46d459560ca4bd93e85d871f9d31aa80e735284f37f5feec75', 50814), ('weights', '6af730e27f65c3c8fa281b8e9da346004c6d970fe863c022faada6ff0a2de545', 73682), ('weights', '224839109b1e752adb1a991270e4dac0228048b8aa42b54da7c1c608d0327205', 56594), ('weights', 'e19ed4bc52b6a834898537cc8bfa31206adffc8a4db74d7e1b8f6a10489583c5', 56594), ('weights', '3fcb5c6143c5cb570a7adf98d9f0a0710bf2475e5d3d713f704f051ae1236ac7', 56582), ('weights', '60325f5832f7abedd8a4184a43a69503f4cc68b9601969ac959dcd7b02d07fe7', 56594), ('weights', 'e786b9e18958de6d5949a4e5defcad4ee16cfc750e693aa14f562a62e4bab889', 56594), ('feedback', 'e50719f0688a381a825b844d2a3e2ab5db33b80d025e46c104e3e457ab00b8e4', 323401), ('feedback', '6198f1541500690dc1f51b6442d4e98f115e55fc0db2c3c763b0c98f07e080b0', 248879), ('feedback', 'f2d01989f5bbec2ff894be100da3adc77ba38f0ce4d54cb967dc2a3f3b12581a', 237553), ('feedback', '91e8a6a7d18c41786fec3f7a3057d72bfc5c89084d1977a6ef0a5decd323a1fc', 218579), ('feedback', 'bf4f77dee95547def9830fcb411c2e44891be91de82bb1b93dc5b985e2380b87', 237553), ('feedback', '61357257f569320737250f09641d0e805b2f45f5ebdb3a0272f01a94c2ecf044', 226005), ('contrib', '412d47235aa97bb0dc2064777497e8703cd9c10ff85d1f6ecc27d1a9d1d5e562', 75223), ('contrib', 'e3b8a18767450682546a6ea10493bb85f67816e3a5ecc2005f353a1297fa0573', 58123), ('contrib', '3bcad3e271710162e048917685f752942c3cd2038911e2420280bff2ce36c2f9', 58123), ('contrib', 'b573ee1506c032e084f7d55ca2e0dfad12c8130244809f81c77763ed303742a8', 58123), ('contrib', 'a2c84a45dd9173bf723aa6f716a847bee9cac5ac4aabc7ff8990081c8e5596b8', 58123), ('close', 'b21f79cb3acf16f7475bcf7e825ba8b30f29c427f9c0d927c9cba9db3786028a', 622881)]"
3,01:11:35.764,0.8058,205.62659883499146,"[1301609322993760020, 1301842582123406647, 1191944576639642145, 1301836781613309148, 451830528287959235, 750936208341922797]","[61, 60, 62, 59, 63, 65]","[66, 66, 66, 66, 66, 65]","[('0xA41dE09A63f6Cedd633f99052b44450d3BB91D44', 2591788521346463054, 175293741716984979, 1301609322993760020), ('0x17725D495A0843Ea05541fD61ba5D4082750bC08', 2591652638158727622, 175391117658896174, 1301842582123406647), ('0x37AC7AC5D09bbC6dAC1CF036b7F9DdD0EA4E052E', 2701438154937674028, 175278628954078078, 1191944576639642145), ('0x536fc4cd48ad9B3649e8aB615592E83Ec9F5fcd1', 2591687200994910729, 175419879984981782, 1301836781613309148)]",700000000000000000,"[(3, 225915264143979617), (3, 375468104170961398)]","[249925717711448669, 250064551830291748, 249904170632362365, 250105559825897216]","[[0.0, 1.0, 1.0, 1.0, -1.0, -1.0], [1.0, 0.0, 1.0, 1.0, -1.0, -1.0], [1.0, 1.0, 0.0, 1.0, -1.0, -1.0], [1.0, 1.0, 1.0, 0.0, -1.0, -1.0], [-1.0, -1.0, -1.0, -1.0, 0.0, -1.0], [0.0, 0.0, 0.0, 0.0, 0.0, 0.0]]","[5, 6]","['$user$0, 0.741, good, good, None, 0xA41dE09A63f6Cedd633f99052b44450d3BB91D44', '$user$1, 0.769, good, good, None, 0x17725D495A0843Ea05541fD61ba5D4082750bC08', '$user$2, 0.774, good, good, None, 0x37AC7AC5D09bbC6dAC1CF036b7F9DdD0EA4E052E', '$user$3, 0.746, good, good, None, 0x536fc4cd48ad9B3649e8aB615592E83Ec9F5fcd1', '$user$4, 0.429, bad, bad, 3, 0x118E560679B62a9F24c135A96d416548782f8cc2', '$user$5, 0.593, freerider, freerider, 3, 0xA2F37A08a8488CB8551a0D03f7A73f4156757de7']","[('close', 'b21f79cb3acf16f7475bcf7e825ba8b30f29c427f9c0d927c9cba9db3786028a', 622881), ('slot', '6d4b4758386e706b09d7f232b6af18c32b32b5200b8598623d402701473283e9', 50814), ('slot', '268dc7c8768005026ee5fac7173c8b6a4f2f0bcbe9fb00bc3cbcae1b4adee8a0', 50814), ('slot', '3685bc169a66fef286801355ad5d8775cd0b652ecf6788373c4dee54e768cbda', 50814), ('slot', '941168a6bc92094667fb7434037103594c94a4673d10d435b8b618578f2bb25d', 50814), ('slot', 'cc79ac168977b7f6da2406f5b8d62e6716af1a976a3a581085f1f927efe20fbb', 50802), ('slot', '183b30fe3c33f93e8c54ea66fe0dc2bf3e30ae9fac559598261e5884cc1700cc', 50814), ('weights', 'd285bb5ca20a2f67071ad87e4d1a6427f246cc6b036153c8b3bff3cb7b684849', 73682), ('weights', '2e993b0f9cc8c4b168f76678ca266c2fda49d541c56f99a403a9a29d18e0f289', 56594), ('weights', '1b91dc0b53accd0dc2205cb222fb37df803bae9969d26683e0a297a61e99ed35', 56594), ('weights', '181e9fe70db4772e135f3c668c0f87d9ec5f0640de7f6853b66c87d39860b7bd', 56594), ('weights', 'e23a2bfc1bb0254743886b51b652a5996c5e650f1040a1bef6617114766479af', 56594), ('weights', '09504689bb958481562d62ea02379c1f0e16560a6cf0f322b88555d3aba50348', 56582), ('feedback', '1c529acc0eaba9b04dac80bff53a43c26e5a7a8847e800f8af07eca7dd0e1fb7', 321749), ('feedback', '677c5ac5366aa2a23599b19d93ff47cb7a1ab7665dbde7c6cbebf75b0d97134e', 253349), ('feedback', 'd512b64775d97e85cf38de8dbe1b83c68250785a588da882e769cd971075648a', 236249), ('feedback', 'a6177da95b5e5cfd94c83bd22456e28b4b71aaeb37fa5afb3765de0c83e7e502', 278049), ('feedback', '0ad21ff7ec67705511645cb126635eb4cd64a015d68e52ec423b517c943a03cf', 229293), ('feedback', 'f68032526ee6b9cb7564ec12211e6e8bb97cb07ed925d644b036d667dcc5f88d', 212683), ('contrib', '92f6f0bd763755d53e1b084d71a67b3c57f65cee22478eaf7718ff6686b74fa0', 75223), ('contrib', '95c86d98ee508d06e8f944da956e1aad900637e862e8854a721ccbbdc5897003', 58123), ('contrib', '632343f0b016ee033b391a4aa93876c385020670f6963607580160a912f86bce', 58123), ('contrib', '60893fd7c602e1d777e58dd8e742e6386c229e47c9e279d22d82d4a8fdec3fb4', 58111), ('close', '95bdb4cc0794da9c0852d6707314d15704384883bc5c32f5f2459cb7420660b3', 658515)]"
4,01:12:01.981,0.8698,140.09114980697632,"[1426859172192841490, 1427132619242991561, 1317094448682850076, 1427069268794728840, 301220352191972824, 500624138894615198]","[79, 80, 78, 79, 82, 81]","[21, 21, 22, 23, 20, 20]","[('0xA41dE09A63f6Cedd633f99052b44450d3BB91D44', 3343793412088398705, 125249849199081470, 1426859172192841490), ('0x17725D495A0843Ea05541fD61ba5D4082750bC08', 3343560152958752078, 125290037119584914, 1427132619242991561), ('0x37AC7AC5D09bbC6dAC1CF036b7F9DdD0EA4E052E', 3453458158442516580, 125149872043207931, 1317094448682850076), ('0x536fc4cd48ad9B3649e8aB615592E83Ec9F5fcd1', 3343565953468849577, 125232487181419692, 1427069268794728840)]",600000000000000000,"[(4, 150610176095986411), (4, 250312069447307599)]","[250038474798202514, 250118702650070190, 249838888645172119, 250003814697265625]","[[0.0, 1.0, 1.0, 1.0, -1.0, -1.0], [1.0, 0.0, 1.0, 1.0, -1.0, -1.0], [1.0, 1.0, 0.0, 1.0, -1.0, -1.0], [1.0, 1.0, 1.0, 0.0, -1.0, -1.0], [-1.0, -1.0, -1.0, -1.0, 0.0, -1.0], [0.0, 0.0, 0.0, 0.0, 0.0, 0.0]]","[5, 6]","['$user$0, 0.836, good, good, None, 0xA41dE09A63f6Cedd633f99052b44450d3BB91D44', '$user$1, 0.836, good, good, None, 0x17725D495A0843Ea05541fD61ba5D4082750bC08', '$user$2, 0.849, good, good, None, 0x37AC7AC5D09bbC6dAC1CF036b7F9DdD0EA4E052E', '$user$3, 0.852, good, good, None, 0x536fc4cd48ad9B3649e8aB615592E83Ec9F5fcd1', '$user$4, 0.429, bad, bad, 3, 0x118E560679B62a9F24c135A96d416548782f8cc2', '$user$5, 0.593, freerider, freerider, 3, 0xA2F37A08a8488CB8551a0D03f7A73f4156757de7']","[('close', '95bdb4cc0794da9c0852d6707314d15704384883bc5c32f5f2459cb7420660b3', 658515), ('slot', '54ee10894048f371bd51a0cda754d6eb59c77f530f4190f31997cf093d6a6082', 50814), ('slot', 'bcce9e37e4435d3c2dc274d76edffaf2b597f415f1481069ebb1855cb428a199', 50814), ('slot', '1bd3799ec07ad8ac38284f5b36043c75a91883ef3802d608663e5af766cd3dc4', 50814), ('slot', 'a975f74c76d6acb06aace2c32e0843ff7899d9c58ff6df34cac7658f9c243807', 50814), ('slot', '07b906c08b103867bb426c9e2e4ebd4ee6f5324d9ce2f43378910e10ca055696', 50814), ('slot', 'df516ecf108341a38d6c9acd0626c7767ecee88e8b1839409e435a7a3ea3ca63', 50814), ('weights', '109b428e5dc1ba59e78b1ecf93ff8663718fd672de468d347549392fdd96c733', 73682), ('weights', '0436441e5b36eecab525ee144afce2c6cde48cb502c42d12098e0c0c54532d9a', 56594), ('weights', 'ce44a2f9e2330384388ade0698eddefe3658b3e3ae1898a7e751bd425329a294', 56594), ('weights', '5cf2a297d2a7d849bae5ca86e08261b8e668f8bed4688626de42b1f7ba27bf37', 56582), ('weights', '07f7a6fd99e35cb87baf6ae30d2daf03adccd81ca6930997494d41e73e8d04ff', 56594), ('weights', '2cddcc6cbb2758e86e7b531a608a12ed764fe409d0f5b2321afb0de224b2507f', 56594), ('feedback', '41d38a36896ad0781bb2d8ceb7f6709793b2f5dceabd7798fb4cec3ab70645eb', 323749), ('feedback', '9a3504e81cc2a419d53b9306ad626d1d91fb9e81fce0791f9fd4868905b4cb04', 255349), ('feedback', '18745c89dae416fd457283a4d9af179eda7f572e95a527741c9e2dd51a3cb78d', 238249), ('feedback', '4833c92634d877a5a882a843ade8597ad5921702b59c2647a5927e53ad1a9da7', 238249), ('feedback', '9f5804a52225e5de045f225c90307b079f7a32fe115bf3c0707624157acd3f7e', 239293), ('feedback', 'c690537d1b458bfec05cb6460fe948a9cae3e5cc0d788b595b5b63d01ac5f36e', 218683), ('contrib', '73984737ea870375162489b8a8716b67c0e4db2ef09f7aa9526bb05ca2638683', 75223), ('contrib', '01dab8aae352fb39c761f90a27d736889d3ae04c738525480159ebbb8ca8df40', 58123), ('contrib', '6d4eee21acfd9ad8ac43a12905c8350a45e161dc70f70ce923ec8e612a37a6f0', 58123), ('contrib', '90106adabb247fa772bb0ae855c9995572a15e2e26b9f2a9ddac33fcaa20ce73', 58123), ('close', '59a49e63b8bb525300d65a41190132c967d067becd1a3f9355e3563d0da22fb2', 658515)]"
5,01:12:28.625,0.8933,111.49872685968876,"[1568891403758191960, 1569184422526776166, 1459053574123461279, 1569121173661827116, 333749425929743466, 0]","[86, 87, 86, 85, 87, 87]","[13, 14, 15, 16, 14, 14]","[('0xA41dE09A63f6Cedd633f99052b44450d3BB91D44', 3870075984528597653, 142032231565350470, 1568891403758191960), ('0x17725D495A0843Ea05541fD61ba5D4082750bC08', 3869802537478447582, 142051803283784605, 1569184422526776166), ('0x37AC7AC5D09bbC6dAC1CF036b7F9DdD0EA4E052E', 3979840708038589067, 141959125440611203, 1459053574123461279), ('0x536fc4cd48ad9B3649e8aB615592E83Ec9F5fcd1', 3869865887926710303, 142051904867098276, 1569121173661827116)]",500000000000000000,"[(5, 166874712964871732), (5, 301220352191972824)]","[250014901161193847, 250049352645874023, 249886214733123779, 250049531459808349]","[[0.0, 1.0, 1.0, 1.0, -1.0, -1.0], [1.0, 0.0, 1.0, 1.0, -1.0, -1.0], [1.0, 1.0, 0.0, 1.0, -1.0, -1.0], [1.0, 1.0, 1.0, 0.0, -1.0, -1.0], [-1.0, -1.0, -1.0, -1.0, 0.0, -1.0], [0.0, 0.0, 0.0, 0.0, 0.0, 0.0]]","[6, 5]","['$user$0, 0.857, good, good, None, 0xA41dE09A63f6Cedd633f99052b44450d3BB91D44', '$user$1, 0.875, good, good, None, 0x17725D495A0843Ea05541fD61ba5D4082750bC08', '$user$2, 0.871, good, good, None, 0x37AC7AC5D09bbC6dAC1CF036b7F9DdD0EA4E052E', '$user$3, 0.87, good, good, None, 0x536fc4cd48ad9B3649e8aB615592E83Ec9F5fcd1', '$user$5, 0.593, freerider, freerider, 3, 0xA2F37A08a8488CB8551a0D03f7A73f4156757de7']","[('close', '59a49e63b8bb525300d65a41190132c967d067becd1a3f9355e3563d0da22fb2', 658515), ('slot', '3821982cc13e7eb7479020cd74055ffa49786739f223237eee40fd7496b391d3', 50802), ('slot', 'c6f8817786cafdaaa6d54f57ebc6622aa50b23371b8ba7b7ee8fd993a184c94e', 50814), ('slot', 'f6adf49b024eae5c71077b049ce2793e47f0bc2bcd1cf4acc527146c199afd67', 50814), ('slot', '1a0e0c64d87d56df9048d575520d1350144f51d364c4033b902378938c542655', 50802), ('slot', '3f69b5cce19350e8e4490e6f61fc2cd9d3c866f436efe2fc5b30be1e3c0f0ae5', 50814), ('slot', 'c3d161310592a4b184173a884b4736d16e242cb31537ac69da37ee459968bb9d', 50814), ('weights', 'd21dc14449cbfb5feac5f0ab2b0eaaaa53947b32241af25b74f8c8a14254feab', 73682), ('weights', '5b7e5de313fd13933c7804e811c855928ff4d35d4625a8149c950767376fb256', 56594), ('weights', '2dde15ccfe2945ff96802f0a7fff3016eb012ba32ee867a4ddb00e1c4498a8b7', 56594), ('weights', '27751aeae6777a01c4761c967db598d913ad7177edae70fcd626f76c83c0dd55', 56594), ('weights', 'c04c0c51f33790f7dcd5cae12607e14ae9f1e23a4c861783b1026d5cf7edd12f', 56594), ('weights', 'de584412463b2db282eb3d5c29993a5c0966032e9ebce0f105fdec4a1f46b339', 56582), ('feedback', '8acc249b3ceb39c5b7cc48fd5fd4ef0e5001f63f677b911fa2ecf9977ae16732', 323749), ('feedback', '365b5e74c716d3b507f1cc1f26480cfb59e3384db85b110fffe6c7eb87e7fe1a', 255349), ('feedback', '3489362fc07747dfccd50b640c5bb190438d43227f5d311790e95198e2522fe3', 238249), ('feedback', 'f382289d8a233057c7ef7b8516a1fe6706a20879b54d87ecad0786ea868e0f9b', 238249), ('feedback', '01fdbe16608a1c02e95ddcf0a0eee49d0d41b8fd3aeb01c6550a1a787a2da10a', 239293), ('feedback', '37eafaaa3ecd3f5d06e4b7c501364300ec5c36e3fd7817e6f4ad9d05321bc7bc', 218683), ('contrib', '2fca634f4d9cbc83c9ba286101bbb8acab1e8ce88c01e18d9fb994b238819330', 75223), ('contrib', 'd312d54fc0d4929e4d1e298c76afd6291919563be603344f3bffc3ee6a51118b', 58123), ('contrib', '1eac145e4af0bb796a7b8870092daf128af94d5988c2db715bda07322780c82f', 58123), ('contrib', '149b6e7ee53db89ade20d67935291fefafb4dbf8a586ccf117d0a8db86948648', 58123), ('close', 'aaa231601f4ed3290bd6ed517843caf6231600f37a17763893a59b6e308b7872', 618388)]"
6,01:12:52.415,0.9059,94.32805959880352,"[1621706183767191880, 1622005359765060276, 1511858479271385275, 1621930359909866910, 222499617286495644, 0]","[89, 89, 90, 87, 0, 89]","[11, 11, 12, 13, 0, 11]","[('0xA41dE09A63f6Cedd633f99052b44450d3BB91D44', 4597359170312064561, 52814780008999920, 1621706183767191880), ('0x17725D495A0843Ea05541fD61ba5D4082750bC08', 4597066151543480355, 52820937238284110, 1622005359765060276), ('0x37AC7AC5D09bbC6dAC1CF036b7F9DdD0EA4E052E', 4707196999946795242, 52804905147923996, 1511858479271385275), ('0x536fc4cd48ad9B3649e8aB615592E83Ec9F5fcd1', 4597129400408429405, 52809186248039794, 1621930359909866910)]",400000000000000000,"[(6, 111249808643247822)]","[250010997056961059, 250040143728256225, 249964252114295959, 249984517693519592]","[[0.0, 1.0, 1.0, 1.0, 0.0, -1.0], [1.0, 0.0, 1.0, 1.0, 0.0, -1.0], [1.0, 1.0, 0.0, 1.0, 0.0, -1.0], [1.0, 1.0, 1.0, 0.0, 0.0, -1.0], [0.0, 0.0, 0.0, 0.0, 0.0, 0.0], [0.0, 0.0, 0.0, 0.0, 0.0, 0.0]]",[5],"['$user$0, 0.863, good, good, None, 0xA41dE09A63f6Cedd633f99052b44450d3BB91D44', '$user$1, 0.894, good, good, None, 0x17725D495A0843Ea05541fD61ba5D4082750bC08', '$user$2, 0.892, good, good, None, 0x37AC7AC5D09bbC6dAC1CF036b7F9DdD0EA4E052E', '$user$3, 0.883, good, good, None, 0x536fc4cd48ad9B3649e8aB615592E83Ec9F5fcd1', '$user$5, 0.593, freerider, freerider, 3, 0xA2F37A08a8488CB8551a0D03f7A73f4156757de7']","[('close', 'aaa231601f4ed3290bd6ed517843caf6231600f37a17763893a59b6e308b7872', 618388), ('slot', 'e2dc3e0012bf56aa523dff3006c6e2538f93bfa309e8675ebd33963a753ecbc2', 50802), ('slot', 'ead17e5574098d84e3a4d4078a4b0e8dec1e8fc59855868dbd794af09094fce7', 50814), ('slot', '2bbd6be6989b7b1c748e348eeda6535e1be4a47fa8ad7a4d75c6bff3c12d877f', 50814), ('slot', '7d193702d70b75062cd78b8559d12580ab34ed360c51906cb3d668c50f703cd8', 50814), ('slot', '87bba2bb746d74f2845a6cd31c72ec98b4c6b75c58e1e66f88ce7a00f2a5116f', 50814), ('weights', '49f45b94944f694c030619685ec5bf1f1475f3962c12f31b99b977414110a3ba', 73682), ('weights', '446bc01c98fb82681c5bbe0b81887734705418e6005fe32af50caa5bb8a9bc03', 56594), ('weights', '65552cc30feb1d3e0842fe8038288f5ffe9ce0a485751e531159a28b5b6fb87f', 56594), ('weights', '60c5912234f30c89136f3166cfbe339aada3d4a256c2d49c48862cb87cb6a8cf', 56594), ('weights', '5ab8052e8992097566aa5df21a996c7f00d5e06a875a0a00b3a67b3b663266a1', 56594), ('feedback', '18c1f7cb2ead24910ae742eb9bdb7dfb16e3f47eb82f0b7224dee2ca398e9368', 270522), ('feedback', '8e6eb873bcab205fbb9bdc31e61bd42819584ee36e51120ad96f50be2b82cb5b', 219222), ('feedback', 'c6e18ecf0d546cc76210dd50e0d707c538b7188f59ac0212816cd2d3a8dcb577', 202122), ('feedback', '848de70c88a48d9d94b2ff3bad0a9e6d5287b52c90c6a5e4b5fa2b80782dc27a', 202122), ('feedback', '1cf2cfc8c57171aa0953acafb118590fdc8fb311efbb8cb60a19f53a184b92ed', 186678), ('contrib', 'ba8140c93f3f54a48141d8136b402ca5ad43626651e31ece87de76aee1b671ab', 75223), ('contrib', '05f074712418dd18767ac636e5618bdc775b795bad85dabf66fa42ccdfc81098', 58123), ('contrib', 'fd595c356940f77d5c54787888e84b4df22745014ee948055c50d42b618ea8f8', 58123), ('contrib', '0969e2708607c596e668f58831164558be17186bdf287bd27dbfb18b80a5fc53', 58123), ('close', 'c7bdfeec51fa717e08f170c8bc1246b276d4e85e7bd7d8aa5de5997c27c3989e', 543321)]"
7,01:13:16.140,0.9173,82.9160484187305,"[1702332721999201718, 1702659857087144606, 1592454165430813773, 1702553255482839886, 0, 0]","[91, 91, 91, 88, 0, 90]","[9, 9, 10, 11, 0, 10]","[('0xA41dE09A63f6Cedd633f99052b44450d3BB91D44', 4755794198946312461, 80626538232009838, 1702332721999201718), ('0x17725D495A0843Ea05541fD61ba5D4082750bC08', 4755495022948444065, 80654497322084330, 1702659857087144606), ('0x37AC7AC5D09bbC6dAC1CF036b7F9DdD0EA4E052E', 4865641903442119066, 80595686159428498, 1592454165430813773), ('0x536fc4cd48ad9B3649e8aB615592E83Ec9F5fcd1', 4755570022803637431, 80622895572972976, 1702553255482839886)]",300000000000000000,"[(7, 222499617286495644)]","[250005066394805908, 250091761350631713, 249909400939941406, 249993771314620971]","[[0.0, 1.0, 1.0, 1.0, 0.0, -1.0], [1.0, 0.0, 1.0, 1.0, 0.0, -1.0], [1.0, 1.0, 0.0, 1.0, 0.0, -1.0], [1.0, 1.0, 1.0, 0.0, 0.0, -1.0], [0.0, 0.0, 0.0, 0.0, 0.0, 0.0], [0.0, 0.0, 0.0, 0.0, 0.0, 0.0]]",[5],"['$user$0, 0.903, good, good, None, 0xA41dE09A63f6Cedd633f99052b44450d3BB91D44', '$user$1, 0.906, good, good, None, 0x17725D495A0843Ea05541fD61ba5D4082750bC08', '$user$2, 0.91, good, good, None, 0x37AC7AC5D09bbC6dAC1CF036b7F9DdD0EA4E052E', '$user$3, 0.896, good, good, None, 0x536fc4cd48ad9B3649e8aB615592E83Ec9F5fcd1']","[('close', 'c7bdfeec51fa717e08f170c8bc1246b276d4e85e7bd7d8aa5de5997c27c3989e', 543321), ('slot', '27517ff41d58b8e2a4c3a002ecc6a7fb4463f97ae31d254836f74eb6cbdae553', 50790), ('slot', '88002dfcf4b242bedfedd76e9cf9cd21f46a2bbc26cc4f5b57dec3c2e291a1d4', 50814), ('slot', 'bd3c41ac0b68650129beea93bfdd65dfad66facd91c43873988340dc4d5a340c', 50814), ('slot', '504ec015f345d265f26aad68ff8f55a08f863cbe2b830c70aefc3dd060ad6b36', 50814), ('slot', 'a832552210d4a0518771552a936d313cbe16a1ec53c46996208eb6d05fb8f471', 50814), ('weights', '4cf341c19f58750c3b0b54285edde84852d377337248d12d102199da35ec1d14', 73682), ('weights', '4ec1e1286f966c9ce216afd42eb132580a5ec78175a645e6ef1853a5972e7694', 56594), ('weights', '7689d9c60cc7e17d6a56c452f2460fca941fed00e77b0f0078db8a94c51fa04e', 56594), ('weights', 'c417671e5ded9d6d5696e7fbc16c2f8640ee3b9afad247fb44e8395380633b29', 56594), ('weights', '01a032c28a89a079c51c586e4edf060cc666fca2917ffeab09d02effa6267421', 56594), ('feedback', '06db25383f38901baaf746b4009577c8f91439426fb7796d6253f2601680dc18', 270522), ('feedback', '7266bb99db018ef310fedccd91d5e1cd22918fee23afa316ccfc9adbfbcb1a62', 219222), ('feedback', 'b79584eea6165d5a22833c165196f9de2c295f839e4c54aa67917f09679be6ba', 202122), ('feedback', 'b2f2c5e9371e833a88f31d12d66642b3bbc8a9bec3cc8b0180948622c88985b4', 202122), ('feedback', 'd2285913c249fc220d2514704776605ba42a87bfee8bcc1182603a113f6cbb14', 186678), ('contrib', 'e1f97a1cc148c082605c2e1f98d7466de6afbe45f3eb500b49aeac074b0fbc33', 75223), ('contrib', '9859c880f0a76f1a752ee8c808305a066d49815b2a36811abbafc89ec06fb479', 58123), ('contrib', '77746321dad842e3f4b47c1c58e9bae324a81e73389174624cfdbd3d3a162c88', 58123), ('contrib', '878a939983ac9d2494d52c9432725392250a27255f67046af744725fb87e3762', 58123), ('close', '39750530f8145300f77dd0291a63cb9c118cc97cd3fdaaaa293888549fb44adf', 502181)]"
8,01:13:38.326,0.9267,73.1336533203721,"[1727336446544775120, 1727674992942980507, 1617440169513911119, 1727548390998333235, 0, 0]","[92, 92, 93, 89, 0, 0]","[8, 8, 9, 10, 0, 0]","[('0xA41dE09A63f6Cedd633f99052b44450d3BB91D44', 4997667278000798265, 25003724545573402, 1727336446544775120), ('0x17725D495A0843Ea05541fD61ba5D4082750bC08', 4997340142912855377, 25015135855835901, 1727674992942980507), ('0x37AC7AC5D09bbC6dAC1CF036b7F9DdD0EA4E052E', 5107545834569186210, 24986004083097346, 1617440169513911119), ('0x536fc4cd48ad9B3649e8aB615592E83Ec9F5fcd1', 4997446744517160097, 24995135515493349, 1727548390998333235)]",200000000000000000,[],"[250037223100662231, 250151336193084716, 249860018491744995, 249951332807540893]","[[0.0, 1.0, 1.0, 1.0, 0.0, 0.0], [1.0, 0.0, 1.0, 1.0, 0.0, 0.0], [1.0, 1.0, 0.0, 1.0, 0.0, 0.0], [1.0, 1.0, 1.0, 0.0, 0.0, 0.0], [0.0, 0.0, 0.0, 0.0, 0.0, 0.0], [0.0, 0.0, 0.0, 0.0, 0.0, 0.0]]",[],"['$user$0, 0.916, good, good, None, 0xA41dE09A63f6Cedd633f99052b44450d3BB91D44', '$user$1, 0.917, good, good, None, 0x17725D495A0843Ea05541fD61ba5D4082750bC08', '$user$2, 0.927, good, good, None, 0x37AC7AC5D09bbC6dAC1CF036b7F9DdD0EA4E052E', '$user$3, 0.903, good, good, None, 0x536fc4cd48ad9B3649e8aB615592E83Ec9F5fcd1']","[('close', '39750530f8145300f77dd0291a63cb9c118cc97cd3fdaaaa293888549fb44adf', 502181), ('slot', 'd35e2115eb21009a31c62f381038f027c20ddd79a5ad7b2c92c033da1bec5a6a', 50814), ('slot', '25d4d2216cde25e9965bd40c689892a6e62893d6a2ddbf29bbbe98c729aaab54', 50814), ('slot', 'b927297460aa86b3d1c2ec7d21d726db17b9260f6fb4149859db2e664b357178', 50802), ('slot', 'b726a86b255fa0d1f7ed862f5a920a2d79b5a25ef195dff5a2bccb5e09c9e86c', 50814), ('weights', '501b0a7a978e12ff86223f0ee464a3c5b41954532891403f88fedb43c0fcb2a8', 73670), ('weights', '76ffecf150515d3045d713cc0f3ed347c7d442b6ff2030d63ef207e8ed3b958f', 56594), ('weights', '21f2c69c83a329c19915fd2fbb811fdd933e0767373bc3739cf1b4aeafb3bcb1', 56594), ('weights', 'f38c0063b334fd41ba230d7ffc0477db813700dc43cf267c58f9ae0346069bde', 56594), ('feedback', 'd33143f51fcc8f7208343746b78fa5b1dae85ab9b26dfdc45ad3cf176239f16e', 217307), ('feedback', '330bd191e0dea992972829cc95a6ae07343224182ff3ecf0ba861b9bfe546ec3', 183107), ('feedback', '2e65cd1347b18adcf30a5208b371e4def9b82edfc741737efccb601e9a6d033e', 166007), ('feedback', '724b0276c3f6d12c891b99a90c576bad26ddc22053689fc44ad58e49d89f350f', 166007), ('contrib', '08477eff6e549eb31d9caa2367aaf51ac50e0dd3713fc9ee2d7800ccf5f82e2e', 75223), ('contrib', 'f7acc7a9a7edcc508816516e2891d8d05c5b78cc1c7c5c6dba3516ccc691ff5c', 58123), ('contrib', '0406a1845f0f9afb91213bb25a92e6ac65f7c2526c89577995791db7f9401d5a', 58123), ('contrib', '02e53668b4ebaf9933f45e4e8867190fb5b54d335660b0d2c99a0d4a6723ff84', 58111), ('close', '0911e88b3bffa89d0edb3a0ed1510d205f124750e2eb2f1667c183837586588c', 410442)]"
9,01:14:00.249,0.9364,64.6246412359178,"[1752340594283364264, 1752690236087186596, 1642420770435476495, 1752548399193972624, 0, 0]","[93, 92, 94, 90, 0, 0]","[7, 7, 8, 9, 0, 0]","[('0xA41dE09A63f6Cedd633f99052b44450d3BB91D44', 5072663553455224861, 25004147738589144, 1752340594283364264), ('0x17725D495A0843Ea05541fD61ba5D4082750bC08', 5072325007057019474, 25015243144206089, 1752690236087186596), ('0x37AC7AC5D09bbC6dAC1CF036b7F9DdD0EA4E052E', 5182559830486088862, 24980600921565376, 1642420770435476495), ('0x536fc4cd48ad9B3649e8aB615592E83Ec9F5fcd1', 5072451609001666746, 25000008195639389, 1752548399193972624)]",100000000000000000,[],"[250041455030441284, 250152409076690673, 249805986881256103, 250000059604644775]","[[0.0, 1.0, 1.0, 1.0, 0.0, 0.0], [1.0, 0.0, 1.0, 1.0, 0.0, 0.0], [1.0, 1.0, 0.0, 1.0, 0.0, 0.0], [1.0, 1.0, 1.0, 0.0, 0.0, 0.0], [0.0, 0.0, 0.0, 0.0, 0.0, 0.0], [0.0, 0.0, 0.0, 0.0, 0.0, 0.0]]",[],"['$user$0, 0.921, good, good, None, 0xA41dE09A63f6Cedd633f99052b44450d3BB91D44', '$user$1, 0.928, good, good, None, 0x17725D495A0843Ea05541fD61ba5D4082750bC08', '$user$2, 0.936, good, good, None, 0x37AC7AC5D09bbC6dAC1CF036b7F9DdD0EA4E052E', '$user$3, 0.917, good, good, None, 0x536fc4cd48ad9B3649e8aB615592E83Ec9F5fcd1']","[('close', '0911e88b3bffa89d0edb3a0ed1510d205f124750e2eb2f1667c183837586588c', 410442), ('slot', '7ec9fd707d13dec63aded0fe2cc582d810379b91426c23a7b671ace2f5271c89', 50814), ('slot', '1e70eda7d9658c9937d1ef4b361565ceea1d4ed814af91438e54e28847e506ae', 50814), ('slot', '52d5ad8ae57bb43e1de7c2fea6abe79682342e282738265aa092de4859d5d4e4', 50814), ('slot', '22620ac2fe6d197b66edecac542fff5f046774fb018a362ab35a52254de3e1b5', 50814), ('weights', 'adcf9133026d9b865d8ad47c62062767213f58339057f154bc8aa61a4909a35b', 73682), ('weights', 'a4f735c72ed4705d8a96ed56c944523b328a43f41ae4e66ba3b80d72f487270e', 56594), ('weights', '4f5e02d84b1b41e33b335c24758005b4a38d9b1e7348601c9cc5d2e46e1aa997', 56594), ('weights', '81566ae2b1e9b795ba5fac980c4958d6ec4136f4dd18675f7326b00111077d1f', 56594), ('feedback', '9423b802657c0dd27c9906c037404de532cfe717018886ed7bf9b7b0e77a64a4', 217307), ('feedback', '6f674043abce7566b0a364e3b1b360f986c1b6827a88ce9cbb0c74af3ddd68a1', 183107), ('feedback', '4e17cd02c33ccf576545a21f493e96eb6e7a8e29612ab77b179a58a1aa51a315', 166007), ('feedback', 'ceebb602e5d16fbc3713eac32ba4dd3ca20cac2a8b4e1050eaf5fe13a17b7f25', 166007), ('contrib', 'd047e3121e1828ee098a21e4a135c61c1c702cc20ceb94104b3ec438d21d0705', 75223), ('contrib', '82228a43dc5d5ad08cfbfae7202209a231d7386fdd15094f7f29b1d1b31b25a9', 58123), ('contrib', 'a0183c1c2fd35ae3c4b7c7adf0f6d7e2183cd80090faf8cac2690b01aa268e56', 58123), ('contrib', '842c990dfde9bacfedd049baadd016899784f105c1a254900634434622e0746a', 58123), ('close', 'd5a607736d9ddf291d2b16dfcd46f553e7ac933381d178074228b0f480dff146', 410442)]"
10,01:14:22.239,0.942,58.73327001556754,"[1777352644854576538, 1777708789526306669, 1667399841750837395, 1777538723868279375, 0, 0]","[94, 94, 95, 92, 0, 0]","[6, 7, 7, 8, 0, 0]","[('0xA41dE09A63f6Cedd633f99052b44450d3BB91D44', 5147659405716635715, 25012050571212274, 1777352644854576538), ('0x17725D495A0843Ea05541fD61ba5D4082750bC08', 5147309763912813383, 25018553439120073, 1777708789526306669), ('0x37AC7AC5D09bbC6dAC1CF036b7F9DdD0EA4E052E', 5257579229564523484, 24979071315360900, 1667399841750837395), ('0x536fc4cd48ad9B3649e8aB615592E83Ec9F5fcd1', 5147451600806027355, 24990324674306751, 1777538723868279375)]",0,[],"[250120460987091064, 250185489654541015, 249790668487548828, 249903202056884765]","[[0.0, 1.0, 1.0, 1.0, 0.0, 0.0], [1.0, 0.0, 1.0, 1.0, 0.0, 0.0], [1.0, 1.0, 0.0, 1.0, 0.0, 0.0], [1.0, 1.0, 1.0, 0.0, 0.0, 0.0], [0.0, 0.0, 0.0, 0.0, 0.0, 0.0], [0.0, 0.0, 0.0, 0.0, 0.0, 0.0]]",[],"['$user$0, 0.927, good, good, None, 0xA41dE09A63f6Cedd633f99052b44450d3BB91D44', '$user$1, 0.941, good, good, None, 0x17725D495A0843Ea05541fD61ba5D4082750bC08', '$user$2, 0.942, good, good, None, 0x37AC7AC5D09bbC6dAC1CF036b7F9DdD0EA4E052E', '$user$3, 0.923, good, good, None, 0x536fc4cd48ad9B3649e8aB615592E83Ec9F5fcd1']","[('close', 'd5a607736d9ddf291d2b16dfcd46f553e7ac933381d178074228b0f480dff146', 410442), ('slot', '398cd10d372e83c85398131e4c69a8604472ed7035a09edabebf03558e26cfac', 50814), ('slot', '56e3befc82217059eea61c83d031298c940a61d8e0b010d2cad3b285b11202a4', 50814), ('slot', '62fe487ac873918f0259d2c1eea519aa3e72bab0cf20f92f73f6f5642f33eb11', 50814), ('slot', '45c6dde117ef45273fcbcadf761903ad8364f791c06861f55da2bc1d8ef0d4be', 50814), ('weights', '4a335404b1f01d605de840ca23e4ffcdf751421984ea38c6db0314c2eeb42651', 73682), ('weights', '7185688af678ea491287d8c443e48743c81c7ca133f06380e4477178e060d924', 56594), ('weights', 'b3c9e9483a11d90c2bc5983e7072aa06b8c1c33191344bb84399c40ff09eea10', 56594), ('weights', '2a2f3e5118e9b85a06f3b78c2f4472a0015ce533a2ea3b9b15d9553ee6b6dc77', 56594), ('feedback', '63820692f69bd202cf1d6a0efeba4fd03b5eb72dde00bca9f79a0b33c44cb29d', 217307), ('feedback', '2f08a61001a6f11fcacf7f20bd26f3985e6f78a1baee0b6b93f1336c648bd1dd', 183107), ('feedback', 'dfd89b5a21b8dd833be33460a06bd89bf60982fa6a6d6aa4c47e72ff58cd3e34', 166007), ('feedback', 'bc0f10d0e9c6710486698822a1e3f8211074ebb415b9d55d5b38e73bddb31e5e', 166007), ('contrib', '2a3806ee8f6e2dde60e000357f4eca5bfdd47175571d6433f8017ac27e1eb5e9', 75223), ('contrib', '7b476522cdc0caf602631fdbb4aea080e8ade8dfbffe2209371807094dcb62f8', 58123), ('contrib', '510ecd1c0ff38ebad44eb3ba598041c7c3dad6a46c43d0e414feb43452be7f65', 58123), ('contrib', '461b89f31022b68e609e9230d4acab1ab42c09e77cdceafafc3c522dd7869e3f', 58123), ('close', '859d2d4d48e5ed78ebc40481dc379cb7586e42036f582a2aeae6d092162355a5', 410442)]"
# $gasCosts$[381779, 371253, 337053, 337053, 337053, 337053, 75223, 58123, 58123, 58123, 58123, 58123, 323401, 248879, 237553, 218579, 237553, 226005, 75223, 58123, 58123, 58123, 58123, 321749, 253349, 236249, 278049, 229293, 212683, 75223, 58123, 58123, 58111, 323749, 255349, 238249, 238249, 239293, 218683, 75223, 58123, 58123, 58123, 323749, 255349, 238249, 238249, 239293, 218683, 75223, 58123, 58123, 58123, 270522, 219222, 202122, 202122, 186678, 75223, 58123, 58123, 58123, 270522, 219222, 202122, 202122, 186678, 75223, 58123, 58123, 58123, 217307, 183107, 166007, 166007, 75223, 58123, 58123, 58111, 217307, 183107, 166007, 166007, 75223, 58123, 58123, 58123, 217307, 183107, 166007, 166007, 75223, 58123, 58123, 58123],[126674, 126674, 126674, 126674, 126674],[50814, 50814, 50814, 50802, 50814, 50814, 50814, 50814, 50814, 50802, 50814, 50814, 50814, 50814, 50814, 50814, 50802, 50814, 50814, 50814, 50814, 50814, 50814, 50814, 50802, 50814, 50814, 50802, 50814, 50814, 50802, 50814, 50814, 50814, 50814, 50790, 50814, 50814, 50814, 50814, 50814, 50814, 50802, 50814, 50814, 50814, 50814, 50814, 50814, 50814, 50814, 50814],[73670, 56594, 56594, 56594, 56594, 56594, 73682, 56594, 56594, 56582, 56594, 56594, 73682, 56594, 56594, 56594, 56594, 56582, 73682, 56594, 56594, 56582, 56594, 56594, 73682, 56594, 56594, 56594, 56594, 56582, 73682, 56594, 56594, 56594, 56594, 73682, 56594, 56594, 56594, 56594, 73670, 56594, 56594, 56594, 73682, 56594, 56594, 56594, 73682, 56594, 56594, 56594],[641581, 622881, 658515, 658515, 618388, 543321, 502181, 410442, 410442, 410442],[],[]
# TOTAL EXPERIMENT TIME: 258.43 seconds
