# Author Nykjaer
# ------Specs--------# cpu_name:  (processor model)
# cpu_cores: 6 (physical cores)
# ram_gb: 13.5 (system memory in GB)
# gpu_name: NVIDIA GeForce RTX 3060 Laptop GPU (graphics processor)
# os_name: Linux (operating system)
# ------Config--------# good_contributors: 4 (honest participants)
# bad_contributors: 1 (malicious participants)
# freeriders: 1 (contribute 0)
# inactive: 0 (never join)
# reward: 1000000000000000000 (total reward pool)
# minimum_rounds: 10 (rounds to simulate)
# min_buy_in: 1000000000000000000 (lower buy-in bound)
# max_buy_in: 1000000000000000000 (upper buy-in bound)
# standard_buy_in: 1000000000000000000 (default buy-in)
# epochs: 1 (local epochs per round)
# batch_size: 32 (training batch size)
# punish_factor: 3 (penalty multiplier)
# first_round_fee: 50 (fee for first round)
# fork: True (True=local fork, False=real net)
# contribution_score_strategy: accuracy (scoring method)
# use_outlier_detection: False (Whether to use outlier detection)
# freerider_start_round: 3 (When freeriders should start freeriding)
# freerider_noise_scale: 0.0 (How much noise a freeder should add)
round,time,globalAcc,globalLoss,GRS,accAvgPerUser,lossAvgPerUser,rewards,conctractBalanceRewards,punishments,contributionScores,feedbackMatrix,disqualifiedUsers,userStatuses,GasTransactions
# $startingUserConfig$['$user$0, 0, good, good, None, 0xA41dE09A63f6Cedd633f99052b44450d3BB91D44', '$user$1, 0, good, good, None, 0x17725D495A0843Ea05541fD61ba5D4082750bC08', '$user$2, 0, good, good, None, 0x37AC7AC5D09bbC6dAC1CF036b7F9DdD0EA4E052E', '$user$3, 0, good, good, None, 0x536fc4cd48ad9B3649e8aB615592E83Ec9F5fcd1', '$user$4, 0, good, bad, 3, 0x118E560679B62a9F24c135A96d416548782f8cc2', '$user$5, 0, good, freerider, 3, 0xA2F37A08a8488CB8551a0D03f7A73f4156757de7']
0,22:54:53.157,0,720.9435424804688,"[1000000000000000000, 1000000000000000000, 1000000000000000000, 1000000000000000000, 1000000000000000000, 1000000000000000000]",[],[],[],1000000000000000000,[],[],,[],"['$user$0, 0, good, good, None, 0xA41dE09A63f6Cedd633f99052b44450d3BB91D44', '$user$1, 0, good, good, None, 0x17725D495A0843Ea05541fD61ba5D4082750bC08', '$user$2, 0, good, good, None, 0x37AC7AC5D09bbC6dAC1CF036b7F9DdD0EA4E052E', '$user$3, 0, good, good, None, 0x536fc4cd48ad9B3649e8aB615592E83Ec9F5fcd1', '$user$4, 0, good, bad, 3, 0x118E560679B62a9F24c135A96d416548782f8cc2', '$user$5, 0, good, freerider, 3, 0xA2F37A08a8488CB8551a0D03f7A73f4156757de7']","[('register', 'ac954db594fe6ba2317c8f54f0e11a05212d552f592f46e600ae7d828bf4b72a', 126674), ('register', '0f2be4c0823947555ad8c371a48f316df438b55596b8afabe9b1ce44383effe1', 126674), ('register', '6a604259c13520d8b1b363dbfc469691b845ba9f6714be63c177fcc5b78ec7c4', 126674), ('register', '7983f7ad71bbed23df4604bf208b1635fdabc05cd2d3b604286ceefabeefb979', 126674), ('register', 'e512945f3ff64a1ff7c53389cb9ce673001461ef9bb2d6c0bd5dd2a5497ef3e2', 126674)]"
1,22:55:22.262,0.1846,716.29638671875,"[1011114290622442164, 1014556092875258186, 1013466573621154071, 1017425947842168540, 1022178169583876567, 1021258925455100469]","[6, 6, 5, 6, 6, 6]","[74, 74, 74, 74, 74, 74]","[('0xA41dE09A63f6Cedd633f99052b44450d3BB91D44', 3000000000000000000, 11114290622442164, 1011114290622442164), ('0x17725D495A0843Ea05541fD61ba5D4082750bC08', 3000000000000000000, 14556092875258186, 1014556092875258186), ('0x37AC7AC5D09bbC6dAC1CF036b7F9DdD0EA4E052E', 5000000000000000000, 13466573621154071, 1013466573621154071), ('0x536fc4cd48ad9B3649e8aB615592E83Ec9F5fcd1', 3000000000000000000, 17425947842168540, 1017425947842168540), ('0x118E560679B62a9F24c135A96d416548782f8cc2', 5000000000000000000, 22178169583876567, 1022178169583876567), ('0xA2F37A08a8488CB8551a0D03f7A73f4156757de7', 5000000000000000000, 21258925455100469, 1021258925455100469)]",900000000000000000,[],"[111142906224421647, 145560928752581864, 134665736211540709, 174259478421685404, 221781695838765668, 212589254551004691]","[[0.0, 1.0, 1.0, 1.0, 1.0, 1.0], [1.0, 0.0, 1.0, 1.0, 1.0, 1.0], [1.0, 1.0, 0.0, 1.0, 1.0, 1.0], [1.0, 1.0, 1.0, 0.0, 1.0, 1.0], [0.0, 0.0, 1.0, 0.0, 0.0, 1.0], [0.0, 0.0, 1.0, 0.0, 1.0, 0.0]]",[],"['$user$0, 0.634, good, good, None, 0xA41dE09A63f6Cedd633f99052b44450d3BB91D44', '$user$1, 0.655, good, good, None, 0x17725D495A0843Ea05541fD61ba5D4082750bC08', '$user$2, 0.715, good, good, None, 0x37AC7AC5D09bbC6dAC1CF036b7F9DdD0EA4E052E', '$user$3, 0.642, good, good, None, 0x536fc4cd48ad9B3649e8aB615592E83Ec9F5fcd1', '$user$4, 0.76, good, bad, 3, 0x118E560679B62a9F24c135A96d416548782f8cc2', '$user$5, 0.784, good, freerider, 3, 0xA2F37A08a8488CB8551a0D03f7A73f4156757de7']","[('slot', 'a1766ba645386d2606267ebe722830471867dda163adee10ad4df633845e7e5c', 50814), ('slot', '2342670a1a217da5011abaaa9b116ced0ee964ba5877ead7566153f9533ae097', 50814), ('slot', '5fcb3ece15e4e8ecb2e42eca9a7f410c697b5fc43f5c0001f7d8cb2a279088ad', 50814), ('slot', 'ed5bf2a31268d7747b3717e0f5d0a148879c0ef74a5529f7711479600d140a4d', 50814), ('slot', 'd687953454cbf8ffafb91d794b6dc709d3fe143df0c599e8484ded6c0447437e', 50814), ('slot', '7ab43247815e49d94ed7cb25c1a0579858370bb4e7d7a0f0bc47ef36f89d3e3c', 50802), ('weights', 'd0fb4417ff1a69ff3477e41c4438404adcdf0403b0753637d9c9b4b0bbe9d2b0', 73694), ('weights', '94a56b7877f16b338d66fb42be1f7462a71de6659dabfc8b4ef4710e94733473', 56594), ('weights', '32a6c72319f18eb1ee722fa52314cc8d121768dcab3ee339f8703e761c821160', 56582), ('weights', 'f6bf286ba1b637d7b3dbb568ac085a4ee5968cbfec82be5707a137571ae1c7b5', 56594), ('weights', '14b23516802dfdd6a97572396b99351f5bd44bad725a57be183962c0167fff2f', 56594), ('weights', '60885c21cd13e08b2e7b6ef5b78a8d15e6b87cd8b451b30d9e39d3c8948f41bb', 56594), ('feedback', '567da2bafd43060112dc4f4881945360a745fdfeb8ad717665b2dad43266e579', 816143), ('feedback', 'bade9d570c1cd54ae8eb9dac43ef48c832da07b134e9af74cae02ec24f0214f7', 747743), ('feedback', '3f1f7880db301faa9178d97f9a9b809010faa6d05b75a1f6d72651a9504a2bfd', 730643), ('feedback', '6af3bc1c30a8de574d83833470a58038c5beb4aefce4ec63f5fc8870f7a47b0e', 730643), ('feedback', '273460aa585b2c2f2a35b3222ba8aa0cb1504f875a1661b0521ba1723f46b4b5', 659621), ('feedback', '25b0a9bab9ef087cbb883596825d1808eb31a96b6d8635c3734774c1bdee9223', 659621), ('contrib', '44ad37a55d960cb6ecf1a280b55b036b1f6bae575f9990ccfe015adf3aeef1f2', 75223), ('contrib', '547cb5b0e5591b48d7638f7f3006c775751d81f8374b658bda4ebab127bf6fd3', 58123), ('contrib', '8acca7295c01f6fc61a29749c2b451f1ebead83e529554e29efc4a716614aba9', 58123), ('contrib', '0a97fe06fd345a701ee1bf83b42b624034cad6cee775c76aa2a5ab6964a64951', 58123), ('contrib', 'b6c3355d744a1570c4f8a0d5eec4b59fb7d18ccbf4bac4e84571e5d06de0f3c3', 58123), ('contrib', '0644f1a794fba1f259580ef79b674ec3329b8300747be4cf1df0d48e326b882f', 58123), ('close', '5e742316258bad9554c41662b0213010b81fcf4df5e003791e1bdf6b7640de37', 641581)]"
2,22:55:50.759,0.64,618.284423828125,"[1096489562178522785, 1100022526012733298, 1101867821540296800, 1110194129579724525, 681452113055917712, 1109973847632804874]","[16, 17, 19, 18, 18, 20]","[73, 73, 73, 73, 73, 73]","[('0xA41dE09A63f6Cedd633f99052b44450d3BB91D44', 5088885709377557833, 85375271556080621, 1096489562178522785), ('0x17725D495A0843Ea05541fD61ba5D4082750bC08', 4064184981669641342, 85466433137475112, 1100022526012733298), ('0x37AC7AC5D09bbC6dAC1CF036b7F9DdD0EA4E052E', 5086533426378845926, 88401247919142729, 1101867821540296800), ('0x536fc4cd48ad9B3649e8aB615592E83Ec9F5fcd1', 5082574052157831457, 92768181737555985, 1110194129579724525), ('0xA2F37A08a8488CB8551a0D03f7A73f4156757de7', 5078741074544899528, 88714922177704405, 1109973847632804874)]",800000000000000000,"[(2, 340726056527958855)]","[193715053356879468, 193921897449812530, 200580942764237768, 210489442054740294, 201292664374329993]","[[0.0, 1.0, 1.0, 1.0, 0.0, 1.0], [1.0, 0.0, 1.0, 1.0, 0.0, 1.0], [1.0, 1.0, 0.0, 1.0, 0.0, 1.0], [1.0, 1.0, 1.0, 0.0, 0.0, 1.0], [1.0, 1.0, 1.0, 1.0, 0.0, 1.0], [1.0, 0.0, 1.0, 1.0, -1.0, 0.0]]",[5],"['$user$0, 0.551, good, good, None, 0xA41dE09A63f6Cedd633f99052b44450d3BB91D44', '$user$1, 0.518, good, good, None, 0x17725D495A0843Ea05541fD61ba5D4082750bC08', '$user$2, 0.549, good, good, None, 0x37AC7AC5D09bbC6dAC1CF036b7F9DdD0EA4E052E', '$user$3, 0.58, good, good, None, 0x536fc4cd48ad9B3649e8aB615592E83Ec9F5fcd1', '$user$4, 0.453, good, bad, 3, 0x118E560679B62a9F24c135A96d416548782f8cc2', '$user$5, 0.655, good, freerider, 3, 0xA2F37A08a8488CB8551a0D03f7A73f4156757de7']","[('close', '5e742316258bad9554c41662b0213010b81fcf4df5e003791e1bdf6b7640de37', 641581), ('slot', '64098632cb9f6f131f8428fd7c6b4daa6bbce79f25eda0984f7c58ad6a5da895', 50814), ('slot', 'd154f4d8ec775c6bf2f556978f4a51875cc413afe8f5070530f7ddfcde10c270', 50814), ('slot', 'c55a74e07a38b658dc566536ccefecda51c5e94e535c74dbb3d434cd8ca92c0a', 50802), ('slot', '4616edfce142d8bf90450190c7da6154cd46dfb0eb0906e07961b2d9813bae7a', 50814), ('slot', '20c91f550820c295ddc3c142a0149468718a9f528f777e7ba606cdd3e5850b75', 50814), ('slot', '75975e6fefe0e95ea725ac30d2df29bdf5004310bcec878d93d8672047a5efbd', 50814), ('weights', '336d10199430ae6f717ed01c6a101ed50bc6f9aa79c02dba230b1560f394c4c5', 73694), ('weights', '67159bee8ea0add03bf2461ad17d653c84328794baf8d614e6b2cd845c3711d4', 56594), ('weights', '62b8312c828ac52c02dbddb1122e1c45eb83b128ffa0fd6eb8e6427ce7feb9ca', 56582), ('weights', 'd7f12df0a6354f17854938da9953e94ea3f09716723d4269d1b0a9cc256854c7', 56594), ('weights', 'b56c7e0e97d8f91b0b68205bf40acc7125d8011f62b115798a85b1611fb94d5c', 56594), ('weights', '2a9d9446178bd96c1009f5365647cbcf4c03d8d8d47fedba79504415681a60bb', 56582), ('feedback', 'a32a4755f084f75055e48074e9523a27a55d8d8c07b200fb9eaca3fef4c03ef5', 693769), ('feedback', '8304f0f704a9040ae8be89a9f9c620fa4064ede7e7028e7fec4cfcc96d1fd6ad', 642469), ('feedback', 'ed2e2f12d8ecd325f5e3b12cd0c51e7c7b8af893c92358dbb0ae98df3704ea76', 625369), ('feedback', 'e10abeb9ef571910485814a13097a010330e8af50b0395be674e9d5ec290502f', 625369), ('feedback', '1e76ff3569f992b9147642f7b0c1ca1c8db910160a862dc499487d01652657f1', 690843), ('feedback', '90f0d8b4d5bf5c8391617bf718f4cefa3589e296e234c5217dadb9131ee3eb3a', 682617), ('contrib', '560adf065f84bd39aec0c7826418acc501e4d9ed1fc7fff4afb0241fb669dac6', 75223), ('contrib', '12ee6fa35dfe0740ab0bc5a1382bb0e3c61e72785027e72a33eaf66c7989ff35', 58123), ('contrib', 'd908cb43936cf8df7fe4dc91d2200f3474cbd512f5617b61eb49220ba00bfff1', 58123), ('contrib', '4870b27bd25927a8c29fa108515f2b673e532d66a5772bafaf0c01218a312e85', 58123), ('contrib', '5e2fc47c494790945689297925a7de9326241c2f207e6b11f34b96fd561c1fa9', 58123), ('close', 'a93dacf08fea66b54aa70abf41e9bc31868b07b1b87d7d5b91692108481cd01d', 643640)]"
3,22:56:16.195,0.8128,200.95754033327103,"[1249615009993445602, 1282130511702252554, 1287003413220047707, 1286967091291772404, 454301408703945142, 739982565088536583]","[62, 62, 62, 61, 65, 67]","[63, 63, 63, 64, 63, 63]","[('0xA41dE09A63f6Cedd633f99052b44450d3BB91D44', 2630632364076836911, 153125447814922817, 1249615009993445602), ('0x17725D495A0843Ea05541fD61ba5D4082750bC08', 2627099400242626398, 182107985689519256, 1282130511702252554), ('0x37AC7AC5D09bbC6dAC1CF036b7F9DdD0EA4E052E', 2625254104715062896, 185135591679750907, 1287003413220047707), ('0x536fc4cd48ad9B3649e8aB615592E83Ec9F5fcd1', 2616927796675635171, 176772961712047879, 1286967091291772404)]",700000000000000000,"[(3, 227150704351972570), (3, 369991282544268291)]","[219647432937808778, 261220797359065559, 265563680225310516, 253568089477815228]","[[0.0, 1.0, 1.0, 1.0, -1.0, 0.0], [1.0, 0.0, 1.0, 1.0, -1.0, -1.0], [1.0, 1.0, 0.0, 1.0, -1.0, -1.0], [1.0, 1.0, 1.0, 0.0, -1.0, -1.0], [-1.0, -1.0, -1.0, -1.0, 0.0, -1.0], [0.0, 0.0, 0.0, 0.0, 0.0, 0.0]]","[5, 6]","['$user$0, 0.752, good, good, None, 0xA41dE09A63f6Cedd633f99052b44450d3BB91D44', '$user$1, 0.783, good, good, None, 0x17725D495A0843Ea05541fD61ba5D4082750bC08', '$user$2, 0.785, good, good, None, 0x37AC7AC5D09bbC6dAC1CF036b7F9DdD0EA4E052E', '$user$3, 0.754, good, good, None, 0x536fc4cd48ad9B3649e8aB615592E83Ec9F5fcd1', '$user$4, 0.453, bad, bad, 3, 0x118E560679B62a9F24c135A96d416548782f8cc2', '$user$5, 0.655, freerider, freerider, 3, 0xA2F37A08a8488CB8551a0D03f7A73f4156757de7']","[('close', 'a93dacf08fea66b54aa70abf41e9bc31868b07b1b87d7d5b91692108481cd01d', 643640), ('slot', '51885e19708af3f12878b91e53b567d94fd7b1fb3b855d7d1aaeff8d4a74f341', 50814), ('slot', '4bf0a28afd16ed60918422063f33d72525c2f234e80478a20d5cf745aa1e5495', 50814), ('slot', '8b6e789b413ec6541bb51becb429be66c36b8a8dc590fef8fd981b7fceab9fab', 50814), ('slot', '677bc29b192f142112e909a3c530ccb6c5753ea938485407a0997d331cd191a0', 50814), ('slot', '4b54cc42b0492c4e40ccaea6dc643568561cf08c0f44bf35fd90015f75664cf1', 50814), ('slot', 'ef6135bf3a572670ef24ad3c3402638de3fd8836fcaeefa1f247181684a0b3fb', 50814), ('weights', '9b9862abc8c75c8343b3d89b7ec8bae0e023b793b0cbd402d1a53875f1bd5f5c', 73694), ('weights', 'c5a27a947d149e0f65b955a8eb96ebc0a7bcc634755cde9a7d6e1bc34257c200', 56594), ('weights', 'c51dcbd5fd1fdbeb97aa47e6f19ef4435a7dd195f86c9637160bab5ea1b94223', 56582), ('weights', 'fd2c14e4afac59c64f469510f28c28148d030110a917b461051a94bfc96c0e0d', 56594), ('weights', 'a7ed2b72aac21ba7fd5691dd3ec6888d4c7306dc40d5cb6a4d722668337b7894', 56594), ('weights', 'd8739297ee3c35f3e48c7901dffc515f2cb0f33055fa035f3ab3509b8821662e', 56594), ('feedback', 'f4ee76128a858092c3b42e3acebfde171344239e48c23c3aed323409730f19e1', 694141), ('feedback', 'eb877e0d5bdd70e626ca385440624cac614dc8e1715fff7d52a502190555e1c6', 664051), ('feedback', '888157e6a509a4c928e356adba67ef7615651573031d38d1fcb654e0afd238e8', 629863), ('feedback', '0876d65117a008c64d4922e8e8f9ee9a4109b98dfa5676b8dd15b4933cd7466d', 629863), ('feedback', 'f28cf02c6eea8867339fcaaa8ba733a14cb689eb12334447be35996fffe9e293', 603043), ('feedback', '44a260593249c7d2cbec6de1ccb5d57a9ac1f9ebfdff439a79cfbfe031a0c520', 606273), ('contrib', '3aeac08cd3138d8d53fbeb8a22b7ce8fc9526ab10c5b7475882807a671bb2f00', 75223), ('contrib', '59f0e9924a5117dbdf7a1bcf45d94c06846774363b2fd706db58b9a4c59ebe83', 58123), ('contrib', '997db61aa1036af88ea8a1b82de067b54016d0eb6d2557994d4975ad69734398', 58123), ('contrib', 'b79465b3df401298c59a13e3fad5f9e3a625488942109ec05684b3d4297a241c', 58123), ('close', '32ffdb4edc7436bc732003ba88097f1d49d711cf3806d628bba73a6f98c1522a', 658515)]"
4,22:56:41.726,0.863,148.79104289412498,"[1276692496459741081, 1357670544969020018, 1362543446486815171, 1361957662576675092, 302867605802630095, 738268243705118533]","[80, 80, 79, 79, 82, 82]","[20, 21, 21, 22, 20, 20]","[('0xA41dE09A63f6Cedd633f99052b44450d3BB91D44', 3401799607510127523, 27077486466295479, 1276692496459741081), ('0x17725D495A0843Ea05541fD61ba5D4082750bC08', 3369284105801320571, 75540033266767464, 1357670544969020018), ('0x37AC7AC5D09bbC6dAC1CF036b7F9DdD0EA4E052E', 3364411204283525418, 75540033266767464, 1362543446486815171), ('0x536fc4cd48ad9B3649e8aB615592E83Ec9F5fcd1', 3364447526211800721, 74990571284902688, 1361957662576675092), ('0xA2F37A08a8488CB8551a0D03f7A73f4156757de7', 4651414617503573125, 1714321383418050, 738268243705118533)]",600000000000000000,"[(4, 151433802901315047)]","[107692307692307753, 300437062937062959, 300437062937062959, 298251748251748216, -6818181818181791]","[[0.0, 1.0, 1.0, 1.0, -1.0, 1.0], [1.0, 0.0, 1.0, 1.0, -1.0, 1.0], [1.0, 1.0, 0.0, 1.0, -1.0, 1.0], [1.0, 1.0, 1.0, 0.0, -1.0, 1.0], [-1.0, -1.0, -1.0, -1.0, 0.0, -1.0], [0.0, 0.0, 0.0, 0.0, 0.0, 0.0]]",[5],"['$user$0, 0.827, good, good, None, 0xA41dE09A63f6Cedd633f99052b44450d3BB91D44', '$user$1, 0.844, good, good, None, 0x17725D495A0843Ea05541fD61ba5D4082750bC08', '$user$2, 0.852, good, good, None, 0x37AC7AC5D09bbC6dAC1CF036b7F9DdD0EA4E052E', '$user$3, 0.824, good, good, None, 0x536fc4cd48ad9B3649e8aB615592E83Ec9F5fcd1', '$user$4, 0.453, bad, bad, 3, 0x118E560679B62a9F24c135A96d416548782f8cc2', '$user$5, 0.655, freerider, freerider, 3, 0xA2F37A08a8488CB8551a0D03f7A73f4156757de7']","[('close', '32ffdb4edc7436bc732003ba88097f1d49d711cf3806d628bba73a6f98c1522a', 658515), ('slot', '1a8d80ce1e90ee5c5660a1e158d42afe00127dfb86401b745371afefdf74d38e', 50814), ('slot', 'e959a54a08668ebe6d403ffb7ff3375bcf650e96f208f85b7ba2db535a8a1ac6', 50814), ('slot', 'c20526402c2261fd3319c9a133beabb23ff82bd2ef93c76c859a758b3c9a8dce', 50814), ('slot', '3edae37ec46fd73112753b4c09a11afc20d880b922fa698fb32d4645b03cd76d', 50814), ('slot', '42c4ca434563151a8a86e26878435b2954c76367659176ba2fabe1d43cc8eaff', 50814), ('slot', '7bc6db26014521235bc491150d98566151ec0373a5f8ea56d02a07ba8a861164', 50814), ('weights', 'fb6b9f9e24abe065f35e27fcf953d46509bb3690a4b4e136ef6263872ad05add', 73694), ('weights', '545370aa3a3d2ef448e8f2ff0fa5de2c3179994b590ebd74c5fce109f13ae2fb', 56594), ('weights', '62fbfa6742d25b69b17cc49196a4b5f29c6341ef552d392bd16ea809f2ff041c', 56582), ('weights', '1a9d7efe39c92a101fb32134b62bd7534e8bbe35a6fda7b89e92cceae0d1d357', 56594), ('weights', '6ee2159a1d4aaf5606a85ff6276d0066990c7c3a349d0b5055d8009ba9c35e6b', 56594), ('weights', 'de560a2f8c571367e6a36f5247061ee111af2f2499508b5c71f04b7481ee8656', 56594), ('feedback', '34070d80887664bdb63c2859c08cb3a7a43492bfd7048798dfd3d56f439a90f8', 736915), ('feedback', '25bb85bab93b63baaedbfea701f9ae94fd54ba2847b7a3d529f5a98135c330b3', 668515), ('feedback', 'c1f8d491c71e0be0e685056313f795d5bbf94325d554652589be98767063dff0', 651415), ('feedback', '3c6646fb053fd8a599a0b83cff0ee62e38529a342f4ce1fa9ffaad22814d9bf2', 651415), ('feedback', 'ec19f1f1d78cc0103f89d3dbe28a8e1f714058b826934e0e6155a491403fb208', 613043), ('feedback', '565051a0e2fabbd3ed612159c4288823172e11fb0f3ca3a293b90b19845533c2', 612273), ('contrib', '4723c4f78780f5479fd6383b113229300d2668975bb2c9cf8012c60a3e1fe900', 75223), ('contrib', '93def65c0188b90a7eee7058671769afd05bdaef74e5c8bf6ec4429048d649df', 58123), ('contrib', '6694c4784ac4ab0673d414c662dbe6525467e8c17541256b2c8044323e4c85ed', 58123), ('contrib', '92a0b173e6775b9a05f8551c141542e3150d9ecf6117ab69e9716abe830011cc', 58123), ('contrib', '8bac1ae805784eaa990f4cfb0d9448248163a1d0e43c8f534adfb893fd61fdcf', 78023), ('close', 'd8042535cd85ec43a55aa2b08695c2c5796b7e14feffdb6a192ba10c46902989', 643652)]"
5,22:57:07.421,0.8823,121.544537268579,"[1109528253486401207, 1526080953757923237, 1451377266767642335, 1735985430933424749, 677028095054608461, 0]","[85, 87, 86, 84, 87, 87]","[15, 15, 16, 17, 15, 15]","[('0xA41dE09A63f6Cedd633f99052b44450d3BB91D44', 3779304048229880186, 167164242973339874, 1109528253486401207), ('0x17725D495A0843Ea05541fD61ba5D4082750bC08', 3698325999720601249, 168410408788903219, 1526080953757923237), ('0x37AC7AC5D09bbC6dAC1CF036b7F9DdD0EA4E052E', 3693453098202806096, 88833820280827164, 1451377266767642335), ('0x536fc4cd48ad9B3649e8aB615592E83Ec9F5fcd1', 3694038882112946175, 374027768356749657, 1735985430933424749), ('0xA2F37A08a8488CB8551a0D03f7A73f4156757de7', 5055996544689621267, 61240148650510072, 677028095054608461)]",500000000000000000,"[(5, 302867605802630095)]","[-414935925762260848, 418029164825452881, 220503756076004725, 928413610251876630, -152010605391073305]","[[0.0, 1.0, 1.0, 1.0, -1.0, 1.0], [1.0, 0.0, 1.0, 1.0, -1.0, 1.0], [1.0, 1.0, 0.0, 1.0, -1.0, 1.0], [1.0, 1.0, 1.0, 0.0, -1.0, 1.0], [-1.0, -1.0, -1.0, -1.0, 0.0, -1.0], [0.0, 0.0, 0.0, 0.0, 0.0, 0.0]]",[5],"['$user$0, 0.847, good, good, None, 0xA41dE09A63f6Cedd633f99052b44450d3BB91D44', '$user$1, 0.869, good, good, None, 0x17725D495A0843Ea05541fD61ba5D4082750bC08', '$user$2, 0.876, good, good, None, 0x37AC7AC5D09bbC6dAC1CF036b7F9DdD0EA4E052E', '$user$3, 0.866, good, good, None, 0x536fc4cd48ad9B3649e8aB615592E83Ec9F5fcd1', '$user$5, 0.655, freerider, freerider, 3, 0xA2F37A08a8488CB8551a0D03f7A73f4156757de7']","[('close', 'd8042535cd85ec43a55aa2b08695c2c5796b7e14feffdb6a192ba10c46902989', 643652), ('slot', 'cb6af27597b423297caf6ad3af80a1d637b572ecbaacadcf2de297f642d013f8', 50802), ('slot', '3d6bd80fa9d5be46cec265484337e5a9f569dc8fe8d4b32c0d674977cd2f3c93', 50814), ('slot', '78a3a56131292809743a91a6205a95f0ac1adaa03ebad5003cd4f7b7ea8f4d49', 50814), ('slot', '24af3be0f293eff2cce11a5a8e8998c83bcf23ce9203794151a7421707bcedd7', 50814), ('slot', '332d44ce8f0e42de368a79fdd46eaecc0e27f57b5508a33d1c408b15a8db04d9', 50802), ('slot', 'f6a92a5fad392d83804412eec89aaa8d4fe641644fe6623764e9434c6a6a6a52', 50814), ('weights', '6688cd23dc5bd26d04858fbaea3701b606624ed2d567398101b9e9df03ef2a49', 73694), ('weights', 'f711b80b3a7cb43cf7892b27806f68394bd979f5b267fd64fc9dc27a7627858c', 56594), ('weights', '5dc4b16f011ccb519ed8bf88faa0e5d4695f52f4cf4145c8179f76552133470d', 56582), ('weights', 'd3580eb3a6a295a95d4f0be1499ff0b97f61dc8cbf8087c6af02e185e4ac4b8f', 56594), ('weights', 'f763acb69fb1d2b2bbaf6fd2c5302cc4a98e1d8f2ba7d2626d3d8d928df82336', 56594), ('weights', 'ced3d983e0be0d0148132d1e2177db264c12d04a80da59637dabbf4ef2d808ab', 56594), ('feedback', '1d47d83cfa05cf381d80644be3c92cb4b48a0846325eb80b0349f1a7c4b5e84b', 717015), ('feedback', '1553311f3fa38c6181363d5bf2c03a2970c81d314e310a0d5350f3e178019a4e', 648615), ('feedback', 'e45fecfd9ae02f47b62f9c03b61396a1877291033f08a198a2595adda3e7b89a', 631515), ('feedback', '94d53cb5ded0e005ca82440ecc67885e1da00b52a8778e3f66af5a00b12ffbc3', 631515), ('feedback', '2e64c7d257a9deb4e9d0a5bbc6aea9168fc1c2b531bef12a77270de2765cffc5', 613043), ('feedback', 'd97ced21ddecf101c02fb94ca02b85b72ef5694bfb0a938b3e09d5d6e53f768d', 612273), ('contrib', 'd425c195cefc3a2205da02b9884fb70f2698372b04602e68650606bdc66d0d46', 95135), ('contrib', 'a11b3d3094c0fe8dd54812991c67ae2ccc424517916dff683008f5c588882f66', 58123), ('contrib', '47c890b43fad90d4186aadf64e02ca254e05b9d4d7742d0d9cc3543337c303a2', 58123), ('contrib', '94e9b1c2d07512a6744f3f6d9b5ca7c8495a358e605ea01b894a3c07d8ebef26', 58123), ('contrib', '41347b91025b9633f871bd3f2a00b9168e9e9b4e215f8bd486a20d9eabc159b6', 78035), ('close', 'e5007b4333f2ea7e6b08fc3a1eef926282b32d35fd2739627635562ce0e07025', 606043)]"
6,22:57:30.716,0.8998,103.04824391007423,"[875798094756248813, 1597509525186493615, 1433520123910500540, 1962175907123895650, 730996349022861370, 0]","[88, 89, 89, 86, 0, 88]","[12, 12, 13, 14, 0, 12]","[('0xA41dE09A63f6Cedd633f99052b44450d3BB91D44', 4713443651458990321, 233730158730152394, 875798094756248813), ('0x17725D495A0843Ea05541fD61ba5D4082750bC08', 4296890951187468291, 71428571428570378, 1597509525186493615), ('0x37AC7AC5D09bbC6dAC1CF036b7F9DdD0EA4E052E', 4371594638177749193, 17857142857141795, 1433520123910500540), ('0x536fc4cd48ad9B3649e8aB615592E83Ec9F5fcd1', 4086986474011966779, 226190476190470901, 1962175907123895650), ('0xA2F37A08a8488CB8551a0D03f7A73f4156757de7', 5822971904945391528, 53968253968252909, 730996349022861370)]",400000000000000000,[],"[-2337301587301523486, 714285714285703643, -178571428571417917, 2261904761904708571, 539682539682528994]","[[0.0, 1.0, 1.0, 1.0, 0.0, 1.0], [1.0, 0.0, 1.0, 1.0, 0.0, 1.0], [1.0, 1.0, 0.0, 1.0, 0.0, 1.0], [1.0, 1.0, 1.0, 0.0, 0.0, 1.0], [0.0, 0.0, 0.0, 0.0, 0.0, 0.0], [0.0, 0.0, 0.0, 0.0, 0.0, 0.0]]",[],"['$user$0, 0.855, good, good, None, 0xA41dE09A63f6Cedd633f99052b44450d3BB91D44', '$user$1, 0.888, good, good, None, 0x17725D495A0843Ea05541fD61ba5D4082750bC08', '$user$2, 0.882, good, good, None, 0x37AC7AC5D09bbC6dAC1CF036b7F9DdD0EA4E052E', '$user$3, 0.884, good, good, None, 0x536fc4cd48ad9B3649e8aB615592E83Ec9F5fcd1', '$user$5, 0.655, freerider, freerider, 3, 0xA2F37A08a8488CB8551a0D03f7A73f4156757de7']","[('close', 'e5007b4333f2ea7e6b08fc3a1eef926282b32d35fd2739627635562ce0e07025', 606043), ('slot', '46744f659ee5438e3b3133fbc56c279fbc1302050de3cd1d637ca6ea9b456565', 50814), ('slot', '82fd8a234710100f9392b126bc90120ea29e6d184502a254774eaddce947f9fb', 50814), ('slot', '4c6f5f02c4abc8effeb770120148a6a280e1faec8ac4fc60b2cfa171953564a5', 50814), ('slot', 'ea0997516c189e87b4a2be94311c2a8ba8e3f7bc73f041e23e71afa1f117b9bc', 50814), ('slot', '1d6984d322c2458f8d6f3a3dc1becce3c79c692b9d597d4e770a4231ce1ece11', 50814), ('weights', '683b50c962618049e92432a5d232c382b3caa90d970a403f5eaaabb357d9e266', 73682), ('weights', '160127e6ed9841f63e26377babe59f66a0126e2dc2e13bf4aac37990215abe69', 56594), ('weights', '736490d18d21101a324aa564e2ba11cc37eafa061473f4fac8ba0159c0bacf04', 56582), ('weights', 'e93ea537a846550f0a08e1886320396c7276c7302ec0d84a5c519479d1b9ffc9', 56594), ('weights', 'd397c86e210b599b4ea24cac81185cb7ba4da0c3e11c7f9460a13f266b9f5f86', 56594), ('feedback', '73d51479c618fd94fcc80322dfe332bf7019daa165ae19a149270ac4e3a4d370', 619028), ('feedback', 'ec9eab8e8cb6ecac34b354e1c23847e81b564c8f7bca8a68641e335a479e6797', 567728), ('feedback', '6420be78353a22c3bb4d6383b4adf0a077f6a40567cfd360032084e6f97abeeb', 550628), ('feedback', '6d7a010080336c4fee8dfa328f1e1a7bb2eb6668fb71215bcbd3cef1ad58cdd7', 550628), ('feedback', '465feef424d81a72d17319f6b58bfd379bd7332ed57edd05143d1e52e8ad25d3', 396112), ('contrib', 'd2b1cc16df0d8805ec52d3ad685b86eb8099cdf3531a8d7236455bde4be5e0b8', 95135), ('contrib', '84e9615aba3eb6f8cfb29d0b40d598f278d2e1a9fb3ee978feaf6593e1e450cf', 58123), ('contrib', 'adabb48641a005f82a9c5408a6451e6a8387212661040215b3463d7575f43f5b', 78035), ('contrib', 'ea4add46224f35b38a071f13efceadbd850f2083d1bae4685f8d2f8d601705ad', 58123), ('contrib', '191cba82bbed4abb1bd79cf5ba64ffbc13bbc2cdb5982238a55a700eceb4f94e', 58123), ('close', '63267330c1b007229db2128405b90794ab8afed9071f2f55b2984ba3d8766900', 513396)]"
7,22:57:54.020,0.9124,90.02424817532301,"[655939938727893262, 1596800305328339485, 1426427925328942152, 2234516332655796357, 786315497959028733, 0]","[90, 90, 91, 88, 0, 89]","[10, 10, 11, 12, 0, 11]","[('0xA41dE09A63f6Cedd633f99052b44450d3BB91D44', 4993205556220889805, 219858156028355551, 655939938727893262), ('0x17725D495A0843Ea05541fD61ba5D4082750bC08', 4271494125790645003, 709219858154130, 1596800305328339485), ('0x37AC7AC5D09bbC6dAC1CF036b7F9DdD0EA4E052E', 4435483527066638078, 7092198581558388, 1426427925328942152), ('0x536fc4cd48ad9B3649e8aB615592E83Ec9F5fcd1', 3906827743853242968, 272340425531900707, 2234516332655796357), ('0xA2F37A08a8488CB8551a0D03f7A73f4156757de7', 5869003650977138618, 55319148936167363, 786315497959028733)]",300000000000000000,[],"[-2198581560283556335, -7092198581541312, -70921985815583912, 2723404255319008093, 553191489361673838]","[[0.0, 1.0, 1.0, 1.0, 0.0, 1.0], [1.0, 0.0, 1.0, 1.0, 0.0, 1.0], [1.0, 1.0, 0.0, 1.0, 0.0, 1.0], [1.0, 1.0, 1.0, 0.0, 0.0, 1.0], [0.0, 0.0, 0.0, 0.0, 0.0, 0.0], [0.0, 0.0, 0.0, 0.0, 0.0, 0.0]]",[],"['$user$0, 0.895, good, good, None, 0xA41dE09A63f6Cedd633f99052b44450d3BB91D44', '$user$1, 0.898, good, good, None, 0x17725D495A0843Ea05541fD61ba5D4082750bC08', '$user$2, 0.905, good, good, None, 0x37AC7AC5D09bbC6dAC1CF036b7F9DdD0EA4E052E', '$user$3, 0.891, good, good, None, 0x536fc4cd48ad9B3649e8aB615592E83Ec9F5fcd1', '$user$5, 0.655, freerider, freerider, 3, 0xA2F37A08a8488CB8551a0D03f7A73f4156757de7']","[('close', '63267330c1b007229db2128405b90794ab8afed9071f2f55b2984ba3d8766900', 513396), ('slot', 'daa5527396e87865f65002e42b3d17eb3c887b0283a1e6bd9791b17bab2ed6f8', 50814), ('slot', 'eeeff0e40d3e77fbec3d23076a5eb1445add2f095a7d582df04d3170a29def1c', 50802), ('slot', 'a809102fec072265dcaeb5edd299f0af9057d982dcbac8af725d9949ed2ea5ed', 50814), ('slot', '6fe63de5f327813090be6594f592e902f2fab84bc34ae7a22b8a0faae923bb69', 50814), ('slot', 'bcc408231e17623031e41a558fee79140a1b29342bbd0e14d7380512947aaf03', 50814), ('weights', '0fe337183e0c56fedee148a8953db22b74ad2fecc125c94d3228d183127407e9', 73694), ('weights', '8f571cedd5a894152de04388f26c0998444466afa9d6f18e7445a0025af76ac4', 56594), ('weights', '58ca413f5ed40fd757da215b58b97f0a892fba1ccc54a367b4b5a2571f0db803', 56582), ('weights', 'ec140a3d0e27cf44226b7b4399c3df309175ed6857be14e5603dcab56d579d9e', 56594), ('weights', 'db1c770b66f0a4545296d54d4738c6e8edf824b5309286155f783cd57bc4a67f', 56582), ('feedback', 'bb84cd341fc7a9d6d680868deb577cf93bdaec5a841183ecff574a43ed615727', 619028), ('feedback', 'c0399767050acd36e52f51d7f088fca6668b54805f9117c095223c8f1537d21a', 567728), ('feedback', '4a5267113d5020416211ac15ed9f87a797bb2efcdf69d0a99d49262573c2570a', 550628), ('feedback', '9fb6e167e96320d9b87362f36f6caaba75543a689f7f7d82783fd45053543540', 550628), ('feedback', '2e5c70a3ba5af0e90fac1aab95ed6494263ff257b81f7ab677528b41672299bf', 396112), ('contrib', 'b0a82062d46168bc138272d527b1f3f1f0cfe7cb95fa531e78b77b622eebb701', 95135), ('contrib', 'bff4ee03735a9ca30f676a00683692216917523b1b405d80ddeb6be88a96317e', 78023), ('contrib', '5c3c6e63ae9a587ae2f631d517e64384856c0f45e6b56a0f29df28a6d1fee8d7', 78023), ('contrib', '862b9f7faf7c40e1e720b407e240938e71853126c69cc1b468167ec07dbe48d4', 58123), ('contrib', 'cf934bae69a187edccdfb8ef713e5ba3863316537291737d88649db09fa43f88', 58123), ('close', 'd8ad3da34e1c6211447ea265db9a0110a4ef2143e575a70abbf6d0aaaf316132', 513408)]"
8,22:58:17.444,0.9199,80.43956353515387,"[708023272061227059, 1746800305328343731, 1478511258662275949, 2147016332655793547, 719648831292359702, 0]","[92, 91, 92, 89, 0, 90]","[9, 9, 9, 11, 0, 10]","[('0xA41dE09A63f6Cedd633f99052b44450d3BB91D44', 5257744563313077994, 52083333333333797, 708023272061227059), ('0x17725D495A0843Ea05541fD61ba5D4082750bC08', 4316884196712631771, 150000000000004246, 1746800305328343731), ('0x37AC7AC5D09bbC6dAC1CF036b7F9DdD0EA4E052E', 4487256576712029104, 52083333333333797, 1478511258662275949), ('0x536fc4cd48ad9B3649e8aB615592E83Ec9F5fcd1', 3679168169385174899, 87500000000002810, 2147016332655793547), ('0xA2F37A08a8488CB8551a0D03f7A73f4156757de7', 5913684502040971256, 66666666666669031, 719648831292359702)]",200000000000000000,[],"[520833333333338033, 1500000000000042632, 520833333333338033, -875000000000028199, -666666666666690388]","[[0.0, 1.0, 1.0, 1.0, 0.0, 1.0], [1.0, 0.0, 1.0, 1.0, 0.0, 1.0], [1.0, 1.0, 0.0, 1.0, 0.0, 1.0], [1.0, 1.0, 1.0, 0.0, 0.0, 1.0], [0.0, 0.0, 0.0, 0.0, 0.0, 0.0], [0.0, 0.0, 0.0, 0.0, 0.0, 0.0]]",[],"['$user$0, 0.904, good, good, None, 0xA41dE09A63f6Cedd633f99052b44450d3BB91D44', '$user$1, 0.9, good, good, None, 0x17725D495A0843Ea05541fD61ba5D4082750bC08', '$user$2, 0.914, good, good, None, 0x37AC7AC5D09bbC6dAC1CF036b7F9DdD0EA4E052E', '$user$3, 0.906, good, good, None, 0x536fc4cd48ad9B3649e8aB615592E83Ec9F5fcd1', '$user$5, 0.655, freerider, freerider, 3, 0xA2F37A08a8488CB8551a0D03f7A73f4156757de7']","[('close', 'd8ad3da34e1c6211447ea265db9a0110a4ef2143e575a70abbf6d0aaaf316132', 513408), ('slot', '0c26ed9a7d5239404382686ef42e70288ab883401d5eba4c1a50e3a4f722812d', 50814), ('slot', 'e3fcc5c90c2a847109a9e60d4d1b05e577fc7b0bf338c0cf24fd51213500fb01', 50814), ('slot', 'd049f80cee225ee6a65d4f47726cab7ddfbd8c029fe73d637231069359e6f80f', 50814), ('slot', 'dd208e5af5a00d1c0501295b47bbab48f165d32e2ae9b86807ce7e6a314fd03d', 50802), ('slot', '8dcf41bae1d0278915c8cfc1f5973aac4275b881244986ab8aa9efd37d30c511', 50814), ('weights', '6030e577593814f861c43bf2c4538cd977335011a38e7ff04e81ac7ecf86eacf', 73694), ('weights', 'e06a1ac0cc244d473117d9f6b922edd50a5dc8273505b8e69e65313157b887b6', 56594), ('weights', '79814a1c17f802ba29ad957eb5c04bab18ebc3dd1360a3e4f0249d6dfd45bdd1', 56582), ('weights', '8ead7f64b36551348e836306a14a645e838a8400c947ba594770809e08e7700c', 56594), ('weights', '8b4af8b1254e7650ddf49b5ff5760cbf1318eab6f2a36066bb975d895a22310d', 56594), ('feedback', '2f2187a3e73038adc2739dc27812cfdfb5c1838fddbdf32c44bc31c2a9dbc55e', 619028), ('feedback', '996897286a4b13335947bdec9fde81b90f8284a422dfaba056ff2e0da8f82083', 567728), ('feedback', '18da264032bb0e284168663a5393169372968e7e440e64cae227be509fbc862b', 550628), ('feedback', '49f14ab381b29db14bae169044d94cc126e16e992b23d6a9067269bcf7f519f9', 550628), ('feedback', '595848ebac7a32975256ebf2317d3c49e10e910bcaf4dbf1cc82a248c243c374', 396112), ('contrib', 'cd491594c5893acbc8551966d4cc0709d5c38193c721218e51364104de17c490', 75223), ('contrib', 'eed9814ab654390c0b6c7256c6ed1d0acbc0e946004761bc284cc7713b007cc5', 58123), ('contrib', 'db140e1d4b574384ed2888f8d37a00504526e4182b0afcb090ac4bd230af0c0a', 58123), ('contrib', '02b2e0cbcad26b0f562aac6ff2c5e85662aa59ab0c8262d6d94b32cd7b7b3c30', 78035), ('contrib', 'ade9b26826b639a2a8721e68e54799f3d9383161e49cd3f50a75c0486ad19ef0', 78035), ('close', 'ff5a0f236e9f1241ec9d1f0e14d649d17624b07275502aa70ffa732844331199', 513396)]"
9,22:58:40.784,0.9288,72.55609119683504,"[715918008903332274, 1744168726380975476, 1475879679714907694, 2236490016866319627, 727543568134464917, 0]","[92, 92, 93, 90, 0, 91]","[8, 8, 8, 10, 0, 9]","[('0xA41dE09A63f6Cedd633f99052b44450d3BB91D44', 5372327896646413227, 7894736842105215, 715918008903332274), ('0x17725D495A0843Ea05541fD61ba5D4082750bC08', 4333550863379296555, 2631578947368255, 1744168726380975476), ('0x37AC7AC5D09bbC6dAC1CF036b7F9DdD0EA4E052E', 4601839910045364337, 2631578947368255, 1475879679714907694), ('0x536fc4cd48ad9B3649e8aB615592E83Ec9F5fcd1', 3933334836051846739, 89473684210526080, 2236490016866319627), ('0xA2F37A08a8488CB8551a0D03f7A73f4156757de7', 6080351168707640286, 7894736842105215, 727543568134464917)]",100000000000000000,[],"[78947368421052155, -26315789473682557, -26315789473682557, 894736842105260832, 78947368421052155]","[[0.0, 1.0, 1.0, 1.0, 0.0, 1.0], [1.0, 0.0, 1.0, 1.0, 0.0, 1.0], [1.0, 1.0, 0.0, 1.0, 0.0, 1.0], [1.0, 1.0, 1.0, 0.0, 0.0, 1.0], [0.0, 0.0, 0.0, 0.0, 0.0, 0.0], [0.0, 0.0, 0.0, 0.0, 0.0, 0.0]]",[],"['$user$0, 0.919, good, good, None, 0xA41dE09A63f6Cedd633f99052b44450d3BB91D44', '$user$1, 0.92, good, good, None, 0x17725D495A0843Ea05541fD61ba5D4082750bC08', '$user$2, 0.923, good, good, None, 0x37AC7AC5D09bbC6dAC1CF036b7F9DdD0EA4E052E', '$user$3, 0.911, good, good, None, 0x536fc4cd48ad9B3649e8aB615592E83Ec9F5fcd1', '$user$5, 0.655, freerider, freerider, 3, 0xA2F37A08a8488CB8551a0D03f7A73f4156757de7']","[('close', 'ff5a0f236e9f1241ec9d1f0e14d649d17624b07275502aa70ffa732844331199', 513396), ('slot', 'bb66184bbf2e2455fca540a7b9db208b4bcdb563da8d81f4f4edaa2ebec6ab6f', 50814), ('slot', '9a686f9007c09e098fda8f39af713abaf4a439ecbc5a6273231e4421371bb04d', 50814), ('slot', 'c212a055eb768cb3dae2be8a33233d7b1e1f303859f19cb3b6759f0077fe522d', 50814), ('slot', 'd13f3f266619e5aa03893a6f598928f084a9d0d2fab726a81d05864c5f9a130c', 50814), ('slot', '234561af75556e76d3dc5981873744ce423e39ef7fb0832df220ea9020795ae5', 50814), ('weights', '7e6be6a6dab0713a85755e18a1b96d6d572faedf5c72958859ecf46a6077c58e', 73694), ('weights', '25ada4ade027ad1e8e9092bc2de3660aeb248976277c4f0ec043d1528ec4b3d4', 56594), ('weights', '80eb2de02f23e64378bc0355bd176d32a02c5573459390c33d10335708be9afb', 56570), ('weights', 'f8f7c40140e4d84495201f5450c04048ceb606319617ffa4c8c113e7223b40dd', 56594), ('weights', '16030e659abb1dac05d054523606da1f5f6c1d34d3eccb50104037e8cacd4a1b', 56594), ('feedback', '20666dbff4a1c1899961e1c3862e593f41aa1044cbf34c492040cb237961bb58', 619028), ('feedback', 'd5e685e2bd3f2a818a7d1d01113e9d2da55c6a10f89f6ba848f00a143358bbc4', 567728), ('feedback', '8f3f2c6d546321dc1044538f5a6cb5e677699b782c52a3d349d949e8be377047', 550628), ('feedback', '88d4af07e868ccd60ae153bfc4ef317f788a55d4070cfb76b90d179ee5a0bd2c', 550628), ('feedback', '21000dc8753cf4a1673aa2cf8b18e851ad41c3a6e8effe64d3ae4d1356409d7c', 396112), ('contrib', '327f6455edf12a387c45e2ac9b7fffb899ef05a53fe442efc65580178b505bc2', 75223), ('contrib', 'c52e9e2459b83327d7082d1e703a112fb3cfc4f0228050232ac77506620daea6', 78023), ('contrib', '7a87ad5dfb838be9423afe4e7dad607312a758b300811fc22ff511ec14fa16fc', 78023), ('contrib', 'd95254343dea9f751a8f25a6afeb38a58ce9c92c108c804d7c38d122460e326f', 58123), ('contrib', '206ec5c071f80f3a2b6b3d8f538c80719366e3d59fd91bfa8b9281ef434f7998', 58123), ('close', '514fa6f2c6555f45b1ffd21a52ed6f6322906dd6e0725c0219b7a877727c2ca8', 513396)]"
10,22:59:04.323,0.937,65.46202022954822,"[749251342236665611, 1749724281936531189, 1503657457492685312, 2253156683532986292, 744210234801131582, 0]","[93, 93, 94, 90, 0, 92]","[7, 7, 7, 9, 0, 8]","[('0xA41dE09A63f6Cedd633f99052b44450d3BB91D44', 5456538422962202797, 33333333333333337, 749251342236665611), ('0x17725D495A0843Ea05541fD61ba5D4082750bC08', 4428287705484559595, 5555555555555713, 1749724281936531189), ('0x37AC7AC5D09bbC6dAC1CF036b7F9DdD0EA4E052E', 4696576752150627377, 27777777777777618, 1503657457492685312), ('0x536fc4cd48ad9B3649e8aB615592E83Ec9F5fcd1', 3935966414999215444, 16666666666666665, 2253156683532986292), ('0xA2F37A08a8488CB8551a0D03f7A73f4156757de7', 6172456431865535071, 16666666666666665, 744210234801131582)]",0,[],"[333333333333333370, 55555555555557134, 277777777777776180, 166666666666666657, 166666666666666657]","[[0.0, 1.0, 1.0, 1.0, 0.0, 1.0], [1.0, 0.0, 1.0, 1.0, 0.0, 1.0], [1.0, 1.0, 0.0, 1.0, 0.0, 1.0], [1.0, 1.0, 1.0, 0.0, 0.0, 1.0], [0.0, 0.0, 0.0, 0.0, 0.0, 0.0], [0.0, 0.0, 0.0, 0.0, 0.0, 0.0]]",[],"['$user$0, 0.915, good, good, None, 0xA41dE09A63f6Cedd633f99052b44450d3BB91D44', '$user$1, 0.93, good, good, None, 0x17725D495A0843Ea05541fD61ba5D4082750bC08', '$user$2, 0.936, good, good, None, 0x37AC7AC5D09bbC6dAC1CF036b7F9DdD0EA4E052E', '$user$3, 0.912, good, good, None, 0x536fc4cd48ad9B3649e8aB615592E83Ec9F5fcd1', '$user$5, 0.655, freerider, freerider, 3, 0xA2F37A08a8488CB8551a0D03f7A73f4156757de7']","[('close', '514fa6f2c6555f45b1ffd21a52ed6f6322906dd6e0725c0219b7a877727c2ca8', 513396), ('slot', 'ccc60396919ac510d17088aad179d945e57a006ab5bfa427474c1b41532b3475', 50814), ('slot', '43ff7cb042f1f5ff64717c965e575f7b47aab2794be21b1f6415fb656ee58908', 50814), ('slot', '837b250b631d6f117a97ff30a5e6f9857e567a66a0ea225442fc11105975931d', 50802), ('slot', '36841030f06212c467bfb78db963b7a316b3762901716bcecd737ff21005ae0e', 50802), ('slot', '1e7ac01fe04c5911f9155f912b0e01fec3da2f182b8ea754318d452d74c9589c', 50802), ('weights', '30110ffb879ed6aa86e9205d158aa827fd1967eb32cf8d89ee7136980cefc223', 73694), ('weights', 'a39f5a56cc909fc375463995413ef8144376928a3473c298df5490a61124f357', 56594), ('weights', '3f9824bc9581b9ac8df7cc1f3671af33a2d17053c91018a63fad29386ec69e76', 56582), ('weights', '1794a3750ee48014847a40cabe6a448b5058ef83b12bb9ede862d280be973e97', 56594), ('weights', 'cb15fd1e2fda049aeaa74c3cd72f7becb4622923a4167c590337170d4e3b4a23', 56594), ('feedback', 'be90a66bf3de0c1340b13d48960c51ef4dbae3b5f6ab80bb62b981f42709ad3b', 619028), ('feedback', '9f053e683ef02a3916cea42e2bac8762346da15a14d897461d3d0e3ce85c1f16', 567728), ('feedback', '7d61621ca0cf3bb72004bb952aced6a88e86bb1fd312851330476b7ddfc37e05', 550628), ('feedback', '1e03a54458670e8b9f953b9e1f6825f6276d2bace6bec13d562c92073ab55fe1', 550628), ('feedback', '893b098a57fb23f76d47d506dc91cf3c516cdbdc1019bbd60e642feec0bf0757', 396112), ('contrib', '30239c5c05fa28ecb91ccbd000f1bc5709e88c1edbf14cc1d99331376cc15ffd', 75223), ('contrib', 'e57694cb371153b9127ec88ab3bcf2f74a5d28829e1577a6194e1d535dea9c21', 58111), ('contrib', 'c4d8906cca6631ef5242ac654d5556e520ab1b14d64c265c9e426330d0094fb4', 58123), ('contrib', '901aa9d9c1fdaa660f1a3916a008bb21ebe18176ceb293700a906822d20efb45', 58123), ('contrib', '2d2dbb4d0ab0709af47a94c9e9c958880a856355f35aa734e9bd273ffce6b577', 58123), ('close', '9a9db1f3025d99f750a8df72b84cbf32939186a28183502ff18e814dc31ac379', 513374)]"
# $gasCosts$[816143, 747743, 730643, 730643, 659621, 659621, 75223, 58123, 58123, 58123, 58123, 58123, 693769, 642469, 625369, 625369, 690843, 682617, 75223, 58123, 58123, 58123, 58123, 694141, 664051, 629863, 629863, 603043, 606273, 75223, 58123, 58123, 58123, 736915, 668515, 651415, 651415, 613043, 612273, 75223, 58123, 58123, 58123, 78023, 717015, 648615, 631515, 631515, 613043, 612273, 95135, 58123, 58123, 58123, 78035, 619028, 567728, 550628, 550628, 396112, 95135, 58123, 78035, 58123, 58123, 619028, 567728, 550628, 550628, 396112, 95135, 78023, 78023, 58123, 58123, 619028, 567728, 550628, 550628, 396112, 75223, 58123, 58123, 78035, 78035, 619028, 567728, 550628, 550628, 396112, 75223, 78023, 78023, 58123, 58123, 619028, 567728, 550628, 550628, 396112, 75223, 58111, 58123, 58123, 58123],[126674, 126674, 126674, 126674, 126674],[50814, 50814, 50814, 50814, 50814, 50802, 50814, 50814, 50802, 50814, 50814, 50814, 50814, 50814, 50814, 50814, 50814, 50814, 50814, 50814, 50814, 50814, 50814, 50814, 50802, 50814, 50814, 50814, 50802, 50814, 50814, 50814, 50814, 50814, 50814, 50814, 50802, 50814, 50814, 50814, 50814, 50814, 50814, 50802, 50814, 50814, 50814, 50814, 50814, 50814, 50814, 50814, 50802, 50802, 50802],[73694, 56594, 56582, 56594, 56594, 56594, 73694, 56594, 56582, 56594, 56594, 56582, 73694, 56594, 56582, 56594, 56594, 56594, 73694, 56594, 56582, 56594, 56594, 56594, 73694, 56594, 56582, 56594, 56594, 56594, 73682, 56594, 56582, 56594, 56594, 73694, 56594, 56582, 56594, 56582, 73694, 56594, 56582, 56594, 56594, 73694, 56594, 56570, 56594, 56594, 73694, 56594, 56582, 56594, 56594],[641581, 643640, 658515, 643652, 606043, 513396, 513408, 513396, 513396, 513374],[],[]
# TOTAL EXPERIMENT TIME: 814.39 seconds
