# Author Nykjaer
# ------Specs--------# cpu_name:  (processor model)
# cpu_cores: 6 (physical cores)
# ram_gb: 13.5 (system memory in GB)
# gpu_name: NVIDIA GeForce RTX 3060 Laptop GPU (graphics processor)
# os_name: Linux (operating system)
# ------Config--------# good_contributors: 4 (honest participants)
# bad_contributors: 1 (malicious participants)
# freeriders: 1 (contribute 0)
# inactive: 0 (never join)
# reward: 1000000000000000000 (total reward pool)
# minimum_rounds: 10 (rounds to simulate)
# min_buy_in: 1000000000000000000 (lower buy-in bound)
# max_buy_in: 1000000000000000000 (upper buy-in bound)
# standard_buy_in: 1000000000000000000 (default buy-in)
# epochs: 1 (local epochs per round)
# batch_size: 32 (training batch size)
# punish_factor: 3 (penalty multiplier)
# first_round_fee: 50 (fee for first round)
# fork: True (True=local fork, False=real net)
# contribution_score_strategy: naive (scoring method)
# use_outlier_detection: False (Whether to use outlier detection)
# freerider_start_round: 1 (When freeriders should start freeriding)
# freerider_noise_scale: 1.0 (How much noise a freeder should add)
round,time,globalAcc,globalLoss,GRS,accAvgPerUser,lossAvgPerUser,rewards,conctractBalanceRewards,punishments,contributionScores,feedbackMatrix,disqualifiedUsers,userStatuses,GasTransactions
# $startingUserConfig$['$user$0, 0, good, good, None, 0xA41dE09A63f6Cedd633f99052b44450d3BB91D44', '$user$1, 0, good, good, None, 0x17725D495A0843Ea05541fD61ba5D4082750bC08', '$user$2, 0, good, good, None, 0x37AC7AC5D09bbC6dAC1CF036b7F9DdD0EA4E052E', '$user$3, 0, good, good, None, 0x536fc4cd48ad9B3649e8aB615592E83Ec9F5fcd1', '$user$4, 0, good, bad, 3, 0x118E560679B62a9F24c135A96d416548782f8cc2', '$user$5, 0, good, freerider, 1, 0xA2F37A08a8488CB8551a0D03f7A73f4156757de7']
0,23:49:46.764,0,721.9143676757812,"[1000000000000000000, 1000000000000000000, 1000000000000000000, 1000000000000000000, 1000000000000000000, 1000000000000000000]",[],[],[],1000000000000000000,[],[],,[],"['$user$0, 0, good, good, None, 0xA41dE09A63f6Cedd633f99052b44450d3BB91D44', '$user$1, 0, good, good, None, 0x17725D495A0843Ea05541fD61ba5D4082750bC08', '$user$2, 0, good, good, None, 0x37AC7AC5D09bbC6dAC1CF036b7F9DdD0EA4E052E', '$user$3, 0, good, good, None, 0x536fc4cd48ad9B3649e8aB615592E83Ec9F5fcd1', '$user$4, 0, good, bad, 3, 0x118E560679B62a9F24c135A96d416548782f8cc2', '$user$5, 0, good, freerider, 1, 0xA2F37A08a8488CB8551a0D03f7A73f4156757de7']","[('register', 'd628277728332bec7fc1e50134944d5aa8249913ec9e9f1f7b7bff00602f4e9c', 126674), ('register', 'f1ed6bdb00bca502a7780a7c965baf8424f2ed5e53e001df459ba3dea445772f', 126674), ('register', '70901cc81c109d6e9836ae3c788ed5203b0449acdf87411ba569330e5e4a36d6', 126674), ('register', '56a9ae735666b396e953a555e3a2e2f313f7e594e5ef9e4819cf8e88b665a120', 126674), ('register', '468a7329495bdfddde38ce712e4bdb6e9eb1fa4b738eea04ee5ef0a719f95977', 126674)]"
1,23:50:15.156,0.325,712.6640625,"[1153333333333333333, 1153333333333333333, 1153333333333333333, 1153333333333333333, 1153333333333333333, 333333333333333334]","[8, 10, 8, 8, 9, 6]","[74, 74, 74, 74, 74, 74]","[('0xA41dE09A63f6Cedd633f99052b44450d3BB91D44', 4000000000000000000, 153333333333333333, 1153333333333333333), ('0x17725D495A0843Ea05541fD61ba5D4082750bC08', 4000000000000000000, 153333333333333333, 1153333333333333333), ('0x37AC7AC5D09bbC6dAC1CF036b7F9DdD0EA4E052E', 4000000000000000000, 153333333333333333, 1153333333333333333), ('0x536fc4cd48ad9B3649e8aB615592E83Ec9F5fcd1', 4000000000000000000, 153333333333333333, 1153333333333333333), ('0x118E560679B62a9F24c135A96d416548782f8cc2', 4000000000000000000, 153333333333333333, 1153333333333333333)]",900000000000000000,"[(1, 166666666666666666)]","[200000000000000000, 200000000000000000, 200000000000000000, 200000000000000000, 200000000000000000]","[[0.0, 1.0, 1.0, 1.0, 1.0, -1.0], [1.0, 0.0, 1.0, 1.0, 1.0, -1.0], [1.0, 1.0, 0.0, 1.0, 1.0, -1.0], [1.0, 1.0, 1.0, 0.0, 1.0, -1.0], [1.0, 1.0, 1.0, 1.0, 0.0, -1.0], [0.0, 0.0, 0.0, 0.0, 0.0, 0.0]]",[6],"['$user$0, 0.728, good, good, None, 0xA41dE09A63f6Cedd633f99052b44450d3BB91D44', '$user$1, 0.67, good, good, None, 0x17725D495A0843Ea05541fD61ba5D4082750bC08', '$user$2, 0.725, good, good, None, 0x37AC7AC5D09bbC6dAC1CF036b7F9DdD0EA4E052E', '$user$3, 0.682, good, good, None, 0x536fc4cd48ad9B3649e8aB615592E83Ec9F5fcd1', '$user$4, 0.702, good, bad, 3, 0x118E560679B62a9F24c135A96d416548782f8cc2', '$user$5, 0, freerider, freerider, 1, 0xA2F37A08a8488CB8551a0D03f7A73f4156757de7']","[('slot', '5b42ed5c117f79bc2f8161038ff9f02df72736d119aa0eb497db5f1750b2c6c0', 50814), ('slot', '91bf257a61ed61e811a915f2756861f37c8b5ba1518d628bde3dd16276fd3bd3', 50814), ('slot', 'b63f379a3edfebeadb956f224c41f69b9daedf16b65bef29741968c5617f5965', 50814), ('slot', '53b62ce526b06ed0495870f032b1adb7aa47d08b71a438238dd7bff337c6ae1e', 50814), ('slot', '2eb4c2d3c98c8a4ac0b6f9e4f636fb15ff078636329bc51dd67700c32dd1579d', 50814), ('slot', '8189e06ec9de7362ae75f67927a7e5c96b81d21a9f71435c7270e55029c309cf', 50814), ('weights', '8daa927325620c37af6d9fe9f0b711245ada179f1c371826da1e443c6a1f4afe', 73694), ('weights', 'd8f4242c1f6fb7bb744739bd0be54592d9c75902956645f3fb5f18ad3b414be0', 56594), ('weights', '8a3c68a96278436f8aad35ed4d1edf72651c490eec2394a7013c46a47447ea57', 56594), ('weights', '8ec4e4b5e19982c09b59a1bd9f46d04524e4f4069271da46c263fb851150f1ac', 56594), ('weights', '20e63ad22335fdc2e6d8404efeaaf9acd6a14ac71e5d45eb9fa5b280fce4eb32', 56594), ('weights', 'bed764070b1b97897a8fd40669e27d7e06624b911d2cf5855b266c197423a4b7', 56594), ('feedback', '059627bf0f63e1732548e4986f73ce07ca528e005e905d1da82fe8d7b23301a6', 403001), ('feedback', '69e2e9ea800b4b7e28997e075bc55b4f9c96ad1bcaf0bf3c172d96defe47624c', 334601), ('feedback', 'fa30c0732ddaa5412b1c9f183929c961bd9f6dbe978290115bbdca1a53c0233d', 317501), ('feedback', '1f4285a362ddccf74aba235d0bd27a1b41ad66ee8ddcecd36629c9c0cd8fdd11', 317501), ('feedback', '2ea7828c9370d50c5ee1f8202d31c4041998883910f448c4b22f753893e39fd4', 317501), ('feedback', '7d6d031490c89d8d38b9296d6128946e0820746f350b9f30c3b448c3c5384989', 218683), ('contrib', '8b6a6d6daf6b78f94fd98344a698054766bafde62178bf144155e6c0adada2f3', 75199), ('contrib', '7b080f7606225e8b7da87956e7d00fab934bf680560a31f980b342afc06638f2', 58099), ('contrib', 'a4ae1336f4e32eb16dd0db9efb7016e737f1fde91c63a21e7888430fc7517305', 58099), ('contrib', 'b3848620f55c47a287efd2edc478fad9462043339c70086ebcaaac5d14b20654', 58099), ('contrib', '0c3b9bf54353a6b335ab048a587d96a8db9cd78cfe692ccd8e591ee31f4b27d5', 58099), ('close', 'b36ab69e8b565e8ae2451d8556bbd2a09ced575f536b157056b026daf515c2c1', 671004)]"
2,23:50:42.363,0.6934,375.8721170425415,"[1195555555555555555, 1195555555555555555, 1195555555555555555, 1195555555555555555, 1195555555555555555, 222222222222222223]","[30, 30, 33, 30, 30, 33]","[73, 73, 73, 73, 73, 73]","[('0xA41dE09A63f6Cedd633f99052b44450d3BB91D44', 4613333333333333332, 42222222222222222, 1195555555555555555), ('0x17725D495A0843Ea05541fD61ba5D4082750bC08', 4613333333333333332, 42222222222222222, 1195555555555555555), ('0x37AC7AC5D09bbC6dAC1CF036b7F9DdD0EA4E052E', 4613333333333333332, 42222222222222222, 1195555555555555555), ('0x536fc4cd48ad9B3649e8aB615592E83Ec9F5fcd1', 4613333333333333332, 42222222222222222, 1195555555555555555), ('0x118E560679B62a9F24c135A96d416548782f8cc2', 4613333333333333332, 42222222222222222, 1195555555555555555)]",800000000000000000,"[(2, 111111111111111111)]","[200000000000000000, 200000000000000000, 200000000000000000, 200000000000000000, 200000000000000000]","[[0.0, 1.0, 1.0, 1.0, 1.0, -1.0], [1.0, 0.0, 1.0, 1.0, 1.0, -1.0], [1.0, 1.0, 0.0, 1.0, 1.0, -1.0], [1.0, 1.0, 1.0, 0.0, 1.0, -1.0], [1.0, 1.0, 1.0, 1.0, 0.0, -1.0], [0.0, 0.0, 0.0, 0.0, 0.0, 0.0]]",[6],"['$user$0, 0.685, good, good, None, 0xA41dE09A63f6Cedd633f99052b44450d3BB91D44', '$user$1, 0.611, good, good, None, 0x17725D495A0843Ea05541fD61ba5D4082750bC08', '$user$2, 0.671, good, good, None, 0x37AC7AC5D09bbC6dAC1CF036b7F9DdD0EA4E052E', '$user$3, 0.624, good, good, None, 0x536fc4cd48ad9B3649e8aB615592E83Ec9F5fcd1', '$user$4, 0.667, good, bad, 3, 0x118E560679B62a9F24c135A96d416548782f8cc2', '$user$5, 0, freerider, freerider, 1, 0xA2F37A08a8488CB8551a0D03f7A73f4156757de7']","[('close', 'b36ab69e8b565e8ae2451d8556bbd2a09ced575f536b157056b026daf515c2c1', 671004), ('slot', 'd80505d8aaeab5ed3962df32238dfcc1f9d600d7f5e12417d2dc545e4ee45ad0', 50814), ('slot', 'e12e8d30b97c3d60d7aae7424912f1e85294b1409a6269a0ce1344deb62a591e', 50814), ('slot', '845667e4328bf176b004be015a291e8e510afaf18ff6a091a883c35041cb0c55', 50814), ('slot', 'c653312b56a2d5470fdee3a8a6acf51bd71d392d206de1e6dea082b7fc38268e', 50814), ('slot', '2c02210fd6f53c6153b6b314736eb08aaf113e698408ac5d6b5195bfee4330e4', 50814), ('slot', '14170c5b64efe9a15114a4fa013f38c4d57e3699922faa97ed87b0fbe211d9b6', 50814), ('weights', 'e5a35d96248aa3b440788e1a33b5dfb00f27a264e00bb68d208704d80d12c416', 73694), ('weights', '9b8805d056d07a501c1f3b1c589376b2c3fefc8c18100cc83bdbcaf34a95ce26', 56594), ('weights', 'c0615e0fb39e0bf3710891a1ca2a151584f2df6b312c9715ea786f1d0c363be9', 56594), ('weights', '824c7ec6188cccf86ef1b355bac1ab6a8f74196153cc323c5d775b81501faa18', 56594), ('weights', '5b6619ab5b53ea6793330cdf643863c3ec81a7ad52f74f62e63ef02978ac13af', 56594), ('weights', '4c63e38704820dba8f6990db2746b7675e367efb2eac56cd647b3559f30f0ed9', 56594), ('feedback', 'a1cae21e3ad8c0972826e2fab20f7a54f6f00d0f1189c5259bef0522660c10b6', 323401), ('feedback', '06f912540758e497d57aed501bd1a47094c74de3a710f9af171ad8c1c7d8cc21', 255001), ('feedback', '266a8bac643a175ca8ee633d0eee289a58c9c6ee08a775a219ee5fbaefb7072e', 237901), ('feedback', 'a9b8ff3a54e75cd721ea555254c8d25c2c09070931299304a9c6d324828f4279', 237901), ('feedback', '54ba4bdcbbae9299cc462754dd4ce6da513f3da1a2c64e8b506002a22b121c2e', 237901), ('feedback', '6632ee6d72c5c4c2ec1d2a5a426a9a02a77d4f1bf90d21725de11d6f149ca949', 218683), ('contrib', 'be635cd9a446445ee3546d4eb69d53992ac1228e7ae6299f88339e510ebe2c59', 75199), ('contrib', 'cd3022da64235315f1170746d5c4df9af06183d78edc9a06315305c137ba68eb', 58099), ('contrib', '699731fe4243f2cf8902ba197d0b6c284dcaa3aa3ff083f714bd3c49bacd0b2a', 58099), ('contrib', '603556db9e036b64e5ff27b083dfa21c3aa4537d4b40749ac9d9d47736fd6e48', 58099), ('contrib', '492a5ac0728138a7de5f82bd7208224de9e0fa081ab6ee09a31d38dc3bce78e0', 58099), ('close', 'a98be27d8381d9ccacdc6122fe86ebba4854231854ae3e9071b577208ec7224a', 643640)]"
3,23:51:08.222,0.8483,167.25079455971718,"[1375740740740740740, 1375740740740740740, 1375740740740740740, 1375740740740740740, 797037037037037037, 0]","[68, 67, 69, 68, 69, 71]","[39, 39, 39, 40, 39, 38]","[('0xA41dE09A63f6Cedd633f99052b44450d3BB91D44', 2391111111111111110, 180185185185185185, 1375740740740740740), ('0x17725D495A0843Ea05541fD61ba5D4082750bC08', 2391111111111111110, 180185185185185185, 1375740740740740740), ('0x37AC7AC5D09bbC6dAC1CF036b7F9DdD0EA4E052E', 2391111111111111110, 180185185185185185, 1375740740740740740), ('0x536fc4cd48ad9B3649e8aB615592E83Ec9F5fcd1', 2391111111111111110, 180185185185185185, 1375740740740740740)]",700000000000000000,"[(3, 398518518518518518), (3, 222222222222222223)]","[250000000000000000, 250000000000000000, 250000000000000000, 250000000000000000]","[[0.0, 1.0, 1.0, 1.0, -1.0, -1.0], [1.0, 0.0, 1.0, 1.0, -1.0, -1.0], [1.0, 1.0, 0.0, 1.0, -1.0, -1.0], [1.0, 1.0, 1.0, 0.0, -1.0, -1.0], [-1.0, -1.0, -1.0, -1.0, 0.0, -1.0], [0.0, 0.0, 0.0, 0.0, 0.0, 0.0]]","[5, 6]","['$user$0, 0.795, good, good, None, 0xA41dE09A63f6Cedd633f99052b44450d3BB91D44', '$user$1, 0.811, good, good, None, 0x17725D495A0843Ea05541fD61ba5D4082750bC08', '$user$2, 0.815, good, good, None, 0x37AC7AC5D09bbC6dAC1CF036b7F9DdD0EA4E052E', '$user$3, 0.796, good, good, None, 0x536fc4cd48ad9B3649e8aB615592E83Ec9F5fcd1', '$user$4, 0.667, bad, bad, 3, 0x118E560679B62a9F24c135A96d416548782f8cc2']","[('close', 'a98be27d8381d9ccacdc6122fe86ebba4854231854ae3e9071b577208ec7224a', 643640), ('slot', 'faeb4c7e009365f2228a2fa44d8f96b3b751f0e58d824359bfb25c6158b9a78d', 50814), ('slot', '0f355479cbd8b2b29845e20caefc1085848a4ce28743ba8bb060aaae19cd7e77', 50814), ('slot', 'b5a369a8cd054856c8413441317695137e571fe19b512758eaac245611ccd565', 50814), ('slot', 'f95fca853f77d2b1ec89e72712d8e14d4813d8ad94e984d35c40219719e11eaf', 50802), ('slot', '72eaee7f6c55b020e0ec8336d9fdc8ac206d7e4dd2bc54c9e6acc3438845c0ad', 50814), ('slot', '4a8adfa4c3fe4733b1feea77ceb5b92fcf954243d030f575a444a164bf5aa22d', 50814), ('weights', '41083c76d8d0b89f9b110f1968bb01c2437eb27c0a0b6237c44fc97c1611409e', 73694), ('weights', 'b0273c9127466faf9f01e61cf43db066d2180d5f6acfe23cce0ba49d70a8bdc8', 56582), ('weights', 'b05cadd8e3d66b6a9d78904eed10d9fa709a2c3179ab570b59ef11e77c9a5e50', 56594), ('weights', 'f07b9032aa8a2c5449ccf6ced8be35b0e5e03fda6a2e87f2a18fde7bdaf926d4', 56594), ('weights', 'c2fc7db13a6e368486ad696fc8c864097bcaf7d800cd52dc8e0fe6792aca562d', 56594), ('weights', '2fd84bae6f6e31121f216afdfd6b7f9950d888c4f4079b851f9729fb7e6da574', 56594), ('feedback', 'cb7e123c6ab802a22e2b7acd8bfd9c7c9b2e72ec5a6f192ca73b684bf3338ef7', 321749), ('feedback', '8a53aad748d2321e29b0087382f44a2e163153607dc1929f2422db155770dec0', 253349), ('feedback', '3bf292e84ba369cab17b17bb6ca30c153201de77ca28b8dcbfeb910cf0c2635a', 236249), ('feedback', 'c79e15e489fb86f5f360b4596507cb41be8e71de0af6be78ae6c71a00d69fc66', 236249), ('feedback', '16bad0d510b26495aad780b396e82a09fa0d80fa3c2c6e06af253546396add02', 231293), ('feedback', '0bb0353772cf59f47f2c7b594e8d118c11b2f497d0475b640b03206b79570fa5', 218683), ('contrib', 'd69411716055d2669d3c3bf6e5eb9082f8e6e17d01e34a3663398fd13d9fbe6b', 75199), ('contrib', 'a29592310210b2b7c075d3d62d5ce468d60084b0031ce296dc5f84071c329b7e', 58099), ('contrib', '11ce900f55c2a3c0ed5ca6ffa594ba205edb8aa0d36a02458392e1b576a96be1', 58099), ('contrib', '04c6b3d349132e70ee1c754331227a653df5e8c1577d121249add638bfaee78d', 58099), ('close', '0c6ca923601ffae347b19e3ad2a6c83f8ed4423031cbfe8d121e8a74745d5709', 618388)]"
4,23:51:31.992,0.8824,123.0458880290389,"[1467160493827160493, 1467160493827160493, 1467160493827160493, 1467160493827160493, 531358024691358025, 0]","[83, 85, 84, 82, 86, 0]","[16, 17, 18, 19, 16, 0]","[('0xA41dE09A63f6Cedd633f99052b44450d3BB91D44', 3330185185185185183, 91419753086419753, 1467160493827160493), ('0x17725D495A0843Ea05541fD61ba5D4082750bC08', 3330185185185185183, 91419753086419753, 1467160493827160493), ('0x37AC7AC5D09bbC6dAC1CF036b7F9DdD0EA4E052E', 3330185185185185183, 91419753086419753, 1467160493827160493), ('0x536fc4cd48ad9B3649e8aB615592E83Ec9F5fcd1', 3330185185185185183, 91419753086419753, 1467160493827160493)]",600000000000000000,"[(4, 265679012345679012)]","[250000000000000000, 250000000000000000, 250000000000000000, 250000000000000000]","[[0.0, 1.0, 1.0, 1.0, -1.0, 0.0], [1.0, 0.0, 1.0, 1.0, -1.0, 0.0], [1.0, 1.0, 0.0, 1.0, -1.0, 0.0], [1.0, 1.0, 1.0, 0.0, -1.0, 0.0], [-1.0, -1.0, -1.0, -1.0, 0.0, 0.0], [0.0, 0.0, 0.0, 0.0, 0.0, 0.0]]",[5],"['$user$0, 0.837, good, good, None, 0xA41dE09A63f6Cedd633f99052b44450d3BB91D44', '$user$1, 0.864, good, good, None, 0x17725D495A0843Ea05541fD61ba5D4082750bC08', '$user$2, 0.862, good, good, None, 0x37AC7AC5D09bbC6dAC1CF036b7F9DdD0EA4E052E', '$user$3, 0.86, good, good, None, 0x536fc4cd48ad9B3649e8aB615592E83Ec9F5fcd1', '$user$4, 0.667, bad, bad, 3, 0x118E560679B62a9F24c135A96d416548782f8cc2']","[('close', '0c6ca923601ffae347b19e3ad2a6c83f8ed4423031cbfe8d121e8a74745d5709', 618388), ('slot', '38a0d336790548b78bfb31c1045c92ae846974f0a776cf0439a3c7f48ed17145', 50814), ('slot', 'c405f189ab2e2eca747cc5957d69f730a0a3f5b1148cf7f44ccf4d0e30ba2f80', 50814), ('slot', 'aa6b19a3dde880ac99e14349482e4cbf06f5e016c14f2e018db8a6535b369836', 50814), ('slot', '0c208ae2761749ec3a9a2eae3b909c4012486582c85102bcc0cafbf8c821fdca', 50814), ('slot', 'e6c487b74875725530ae7135937212ddb8b650d0f4750bb1d192dd6ed8ff7fc6', 50802), ('weights', 'd1a7b9ef252a1fa958c3af797e87873b241c8bed0f90c0dd2a404c297ba56365', 73682), ('weights', '55b8589edfae8543ea24366d272228fdfc1068b5543d7bb2a0866034b83c7efc', 56594), ('weights', '8ca510e3ca3d407e635b471b09cd441019d8b7b4b68c1993de578cf7fdbece58', 56594), ('weights', '3b1146c0dbcc6380aa833a8d533cf111fd655a24ecd335e0a7f3208e0d6c4322', 56594), ('weights', 'f3ab9d002bb45000826a9b0dc42f50ef726a0d3b52382f3be4b56949f3ad5f66', 56594), ('feedback', 'b866f434f0dcf38a44419fa732028a1f0c5b3a43008e09fcdf015562d69ae1c0', 270522), ('feedback', '7a03924ca995e96034677d9e2edd8c474e63242324da1037740967f243ab5259', 219222), ('feedback', 'db6fbfa15ad18164dc856496fc17f79792def8775d74673d4eb5f8983da97937', 202122), ('feedback', 'e4acbf394757d4e8c9c0f0d28bfbbec112f533a934e711ee928e10c6f876aa87', 202122), ('feedback', 'c45497440bc78889cbb4f371b37f0b129cf7aaab8d33d45b67dd25b8e92286b1', 203166), ('contrib', '31e0ae8710cfbfceffa77e8a6ff7ebfa944ff7c5fe7b914ee2dad58da06dca70', 75199), ('contrib', '79f79668c2415f14f69212440eff60d05c9f421d02fffa4c21b5ede1194d7f36', 58099), ('contrib', '1d8854edc0878969dcc74cb34443b4dd593f71b562cd4b1977141c17b25072bd', 58099), ('contrib', 'fa2af5c418cdc5decead96801cbab1ac2c25dbb88c0c4f7f3d3cb41653c08327', 58099), ('close', '50d034fb8de91a52a2f22e5ef639f3f25dec0659114408078fde25e49650d0d3', 543321)]"
5,23:51:55.727,0.8995,102.38014893606305,"[1536440329218106995, 1536440329218106995, 1536440329218106995, 1536440329218106995, 354238683127572017, 0]","[88, 89, 88, 86, 89, 0]","[12, 12, 13, 14, 12, 0]","[('0xA41dE09A63f6Cedd633f99052b44450d3BB91D44', 3870123456790123454, 69279835390946502, 1536440329218106995), ('0x17725D495A0843Ea05541fD61ba5D4082750bC08', 3870123456790123454, 69279835390946502, 1536440329218106995), ('0x37AC7AC5D09bbC6dAC1CF036b7F9DdD0EA4E052E', 3870123456790123454, 69279835390946502, 1536440329218106995), ('0x536fc4cd48ad9B3649e8aB615592E83Ec9F5fcd1', 3870123456790123454, 69279835390946502, 1536440329218106995)]",500000000000000000,"[(5, 177119341563786008)]","[250000000000000000, 250000000000000000, 250000000000000000, 250000000000000000]","[[0.0, 1.0, 1.0, 1.0, -1.0, 0.0], [1.0, 0.0, 1.0, 1.0, -1.0, 0.0], [1.0, 1.0, 0.0, 1.0, -1.0, 0.0], [1.0, 1.0, 1.0, 0.0, -1.0, 0.0], [-1.0, -1.0, -1.0, -1.0, 0.0, 0.0], [0.0, 0.0, 0.0, 0.0, 0.0, 0.0]]",[5],"['$user$0, 0.879, good, good, None, 0xA41dE09A63f6Cedd633f99052b44450d3BB91D44', '$user$1, 0.872, good, good, None, 0x17725D495A0843Ea05541fD61ba5D4082750bC08', '$user$2, 0.88, good, good, None, 0x37AC7AC5D09bbC6dAC1CF036b7F9DdD0EA4E052E', '$user$3, 0.883, good, good, None, 0x536fc4cd48ad9B3649e8aB615592E83Ec9F5fcd1', '$user$4, 0.667, bad, bad, 3, 0x118E560679B62a9F24c135A96d416548782f8cc2']","[('close', '50d034fb8de91a52a2f22e5ef639f3f25dec0659114408078fde25e49650d0d3', 543321), ('slot', '715974405c5423f2e63d9e9b1045183fe5a06feca3a69257a84659753200ef08', 50814), ('slot', '6f4ce2bfba3b1c5d74339f7921a46e9c997597b601435449a8ff7ec29d018e64', 50814), ('slot', '44999252cc1af4f657323d2a996c309bc0d039ecc61c030e5c55dc44e1e05c1a', 50814), ('slot', '22791c506160fc56492725f34797a203ea9acae2b8b084957580f57cc9eb4fdc', 50814), ('slot', '8ba4bb786d2e48b8d69bdecc1e112b85f9989f36eb868b5869989cbef9a12478', 50814), ('weights', '0cfc00a74c9f0fec4377ce4e0bae7c2fe4ad002114ad8a5562905c22f4c1c80f', 73694), ('weights', '5e90f0070fc889ef2e218dfec2253fce898ab91d5dde15dc5dd146c69406c915', 56594), ('weights', '1e6210621a22f35439375d68ff27e560c36657c1fcf23b5d5461a17b4be1ba86', 56594), ('weights', 'd81d0304d2aaff8e01fdaf8ac221f315226be1c3f31868e9f1f78b8fa245f398', 56594), ('weights', '7dd07aded6c2f72b2cfc94e5b8ac4d22d09cabfd38e4321305cda79259bd3a4c', 56594), ('feedback', 'd11c80877f9cd89318efb0f593add86ef092e2921ce3b24ee216387238b648c5', 270522), ('feedback', '6eba822b1d0c7f450bddf95808f12395f8a9ca401386a0146c289bcfe3356f5e', 219222), ('feedback', '7e64dcf8f3274a95b46204053d90cabc130849593ed203a4a39c81cbc10577c5', 202122), ('feedback', 'c5ee46a275e3a430bdb74ee1bc618a79b5f212867d892de13c360c271d0c0a63', 202122), ('feedback', 'e2c0800adeb6eda8c7fd081c09ac604e86751c43020303ccdb15d6f09315b9ad', 203166), ('contrib', 'cdd4dc63eeb2e90a9188195b383198d72428b267828acf6f8939904f1d7b1dd7', 75199), ('contrib', 'fafc02a2100cd022316d7ea389696ed89161b11da719a42cacc3041cbcb14ed0', 58099), ('contrib', 'ff00814e8aca250ae395858e79a62c1296622f04e64dd114baf83b0a2e8e8373', 58099), ('contrib', '8ca1abc2defcbbf83464efa5dac4c510de2f9e8a9e4b4ccebd082dfd030d8e2a', 58099), ('close', '4a590c58920cdd08658b1bdba11bbfa985d027cda37500ba0ee2c72ddaee926b', 543321)]"
6,23:52:19.484,0.9162,86.78958294168115,"[1590960219478737996, 1590960219478737996, 1590960219478737996, 1590960219478737996, 236159122085048012, 0]","[90, 90, 90, 88, 90, 0]","[10, 10, 11, 12, 10, 0]","[('0xA41dE09A63f6Cedd633f99052b44450d3BB91D44', 4255082304526748968, 54519890260631001, 1590960219478737996), ('0x17725D495A0843Ea05541fD61ba5D4082750bC08', 4255082304526748968, 54519890260631001, 1590960219478737996), ('0x37AC7AC5D09bbC6dAC1CF036b7F9DdD0EA4E052E', 4255082304526748968, 54519890260631001, 1590960219478737996), ('0x536fc4cd48ad9B3649e8aB615592E83Ec9F5fcd1', 4255082304526748968, 54519890260631001, 1590960219478737996)]",400000000000000000,"[(6, 118079561042524005)]","[250000000000000000, 250000000000000000, 250000000000000000, 250000000000000000]","[[0.0, 1.0, 1.0, 1.0, -1.0, 0.0], [1.0, 0.0, 1.0, 1.0, -1.0, 0.0], [1.0, 1.0, 0.0, 1.0, -1.0, 0.0], [1.0, 1.0, 1.0, 0.0, -1.0, 0.0], [-1.0, -1.0, -1.0, -1.0, 0.0, 0.0], [0.0, 0.0, 0.0, 0.0, 0.0, 0.0]]",[5],"['$user$0, 0.901, good, good, None, 0xA41dE09A63f6Cedd633f99052b44450d3BB91D44', '$user$1, 0.894, good, good, None, 0x17725D495A0843Ea05541fD61ba5D4082750bC08', '$user$2, 0.902, good, good, None, 0x37AC7AC5D09bbC6dAC1CF036b7F9DdD0EA4E052E', '$user$3, 0.898, good, good, None, 0x536fc4cd48ad9B3649e8aB615592E83Ec9F5fcd1', '$user$4, 0.667, bad, bad, 3, 0x118E560679B62a9F24c135A96d416548782f8cc2']","[('close', '4a590c58920cdd08658b1bdba11bbfa985d027cda37500ba0ee2c72ddaee926b', 543321), ('slot', '1bce3585cdef7ba197e4cbb0c2b6d2e20fbb176bf45490fa5870c1e031f1f469', 50814), ('slot', '032620d57eee516d5e3ba24ae2abbc8c0439993e6dd238275b4e31fcf72542ec', 50814), ('slot', '356ca46a81053d711cd0b7762e305751d93176e8bb19680217db0bcd16373014', 50814), ('slot', 'a6188d51ff094368b87aaa4e32fb467fc0040451ded9dcfd4aec8e1916dcf16a', 50814), ('slot', '2837d616527781e529415643b4a7a76ef64c03d445d73c619d9d38ea8b23645e', 50814), ('weights', '76e4413294c09a40dff02223161720cd7832380c30a4bfdbe4c1c8f973467227', 73694), ('weights', 'd28d139b0c64d0602950041c8151cfe47be7697ca830bd44d2fbea9c65c8cfd8', 56594), ('weights', '1e3267372e6c606ff9a521085b75bba3ec0ed53c824ba0399aa6bfcbd87a3da4', 56594), ('weights', '516d6b9bcf7f7619f4d2d49132f3b19cb91d9db45e920f8bd5c3f0352523d69e', 56594), ('weights', '1dd1164d8eea4e785fdaf89828b90bb4dfbd911037b90162c883798ea9184199', 56594), ('feedback', '83a5f25bf3b9ad0c5b475266d190925a4f86a7fa720ee64bb69f95866f704861', 270522), ('feedback', '0a0a05b93bd36f4dff3d819a3403ce0abba63f5001983680c4f5ea2bfcdca751', 219222), ('feedback', 'bcf3957f1fe929a6156f8a8b9d275016e26c2e99d2f49aa6babb1df682779706', 202122), ('feedback', '3a0fb35c47cc0640d71c663200987bc36462d1a28d4940fbdd142e616c0040df', 202122), ('feedback', '2b9ed16931bc3464453e6624a9faa0222e93c838bf6bd1e2c68473b308b1cab1', 203166), ('contrib', '00e9682b7a68cd109814e207bab2e235a7ceef70b49482cf3cc58a0aee4456ca', 75199), ('contrib', 'b9ff868a691ede32b643ace4de7e9f0a0d1b9985d95e0b515e1cc800a3619377', 58099), ('contrib', '3f301f4c7f98a1abc1739529423df6d788da0f3026162c506115843af9c7a64d', 58099), ('contrib', '6e2bfb60c30697fd49b001afef4c2ea6a03f26e8c425d1beafbdabacf78ca3d1', 58099), ('close', 'ea5aeea84ba782c58d1f944581a2f5e3c90ed85f06679dd1a326b966ff067f4c', 543321)]"
7,23:52:43.223,0.9252,76.38156818598509,"[1674999999999999999, 1674999999999999999, 1674999999999999999, 1674999999999999999, 0, 0]","[91, 92, 92, 89, 92, 0]","[8, 9, 9, 10, 9, 0]","[('0xA41dE09A63f6Cedd633f99052b44450d3BB91D44', 4536721536351165976, 84039780521262003, 1674999999999999999), ('0x17725D495A0843Ea05541fD61ba5D4082750bC08', 4536721536351165976, 84039780521262003, 1674999999999999999), ('0x37AC7AC5D09bbC6dAC1CF036b7F9DdD0EA4E052E', 4536721536351165976, 84039780521262003, 1674999999999999999), ('0x536fc4cd48ad9B3649e8aB615592E83Ec9F5fcd1', 4536721536351165976, 84039780521262003, 1674999999999999999)]",300000000000000000,"[(7, 236159122085048012)]","[250000000000000000, 250000000000000000, 250000000000000000, 250000000000000000]","[[0.0, 1.0, 1.0, 1.0, -1.0, 0.0], [1.0, 0.0, 1.0, 1.0, -1.0, 0.0], [1.0, 1.0, 0.0, 1.0, -1.0, 0.0], [1.0, 1.0, 1.0, 0.0, -1.0, 0.0], [-1.0, -1.0, -1.0, -1.0, 0.0, 0.0], [0.0, 0.0, 0.0, 0.0, 0.0, 0.0]]",[5],"['$user$0, 0.907, good, good, None, 0xA41dE09A63f6Cedd633f99052b44450d3BB91D44', '$user$1, 0.908, good, good, None, 0x17725D495A0843Ea05541fD61ba5D4082750bC08', '$user$2, 0.915, good, good, None, 0x37AC7AC5D09bbC6dAC1CF036b7F9DdD0EA4E052E', '$user$3, 0.905, good, good, None, 0x536fc4cd48ad9B3649e8aB615592E83Ec9F5fcd1']","[('close', 'ea5aeea84ba782c58d1f944581a2f5e3c90ed85f06679dd1a326b966ff067f4c', 543321), ('slot', 'c4f7831a66807cef8c8caef65fcd86265773af4a939ecb0d42275a579e0c6de3', 50814), ('slot', '5f1ee71e1fdbcfad52075f3e664abc740d659117aaad7bf7221e4c16e5a05c68', 50814), ('slot', '36629f5656e0559f8d8f1ce6fd2ad915bcdc7bcc9afa97806d87afc3decda919', 50802), ('slot', '89e00f2100d8c076c7f9d70587597de01a1406c8f864fc29bea047599f322cf9', 50802), ('slot', '6ca1d329d7b80e3e9c9cc3fa914830ecd55612cafbfddfc5bcc3da23ae35dcbc', 50814), ('weights', 'd5c8530f09b1d821802c3fa23ec55cfd7a04daca74341e4c4bc503e39b7be6f8', 73694), ('weights', '32ce0137c916c21d7328b7d1b1747df34a620d4adcd7c9cb0557559e3e32f992', 56594), ('weights', '1e992eabb4e983e3d96865253a9bd3a367f3b1d120dd34cbe7fa00b06b3ddf4c', 56594), ('weights', '2c5ad62b339a05fbe8fdd649141e8930aa699331e06676766bbfa4a892f11048', 56594), ('weights', '0dc25de4de98cb9b566fa4394f86015902c890bdb1e264581cdce52c0ce79975', 56594), ('feedback', 'c9c945b5eb1eb0ca7369474d6963940885d738d237c54e3f9b79e7a3f99c873f', 270522), ('feedback', '4c93f025b034b35b916f8224f213d2ae8bd3a2fafb9c96f0d6ac2bf4093d8471', 219222), ('feedback', '06eba9f2424ca2a54a65bf10e4096ae3a0dc8bb54933a3f6bf0a58f1bedef62f', 202122), ('feedback', '6a5e591ebb5afe78f3a29384937a2545ede75176b0e183534b97ccef4d2907b1', 202122), ('feedback', 'f5d0172ac1d173a503fb8d27cda070c12e40a7363ca1087808b2d43615784730', 203166), ('contrib', '9b59c7dd266fec5fd9ea000bfaba7e66206d0f2aab41d27f87f9e7bc3920557f', 75199), ('contrib', '59e473e54d037bb9cab6c0cc0481c2945c68df6368d98eea933e980d5477d9da', 58099), ('contrib', '4bd26694cfdbe2e30deb566245aa083327f09073226e9acf6d25ac166e469fea', 58099), ('contrib', '8e6895a44331e0b55b456d18c782ea5dcb8839510da0d20975ae7da8a0bd6d5f', 58099), ('close', '8ea41d7d393ff715cb25b9881a96bab57944841c795c51f843721daabbededfe', 502181)]"
8,23:53:05.073,0.9333,67.77351259812713,"[1699999999999999999, 1699999999999999999, 1699999999999999999, 1699999999999999999, 0, 0]","[92, 92, 93, 90, 0, 0]","[7, 8, 8, 9, 0, 0]","[('0xA41dE09A63f6Cedd633f99052b44450d3BB91D44', 5024999999999999997, 25000000000000000, 1699999999999999999), ('0x17725D495A0843Ea05541fD61ba5D4082750bC08', 5024999999999999997, 25000000000000000, 1699999999999999999), ('0x37AC7AC5D09bbC6dAC1CF036b7F9DdD0EA4E052E', 5024999999999999997, 25000000000000000, 1699999999999999999), ('0x536fc4cd48ad9B3649e8aB615592E83Ec9F5fcd1', 5024999999999999997, 25000000000000000, 1699999999999999999)]",200000000000000000,[],"[250000000000000000, 250000000000000000, 250000000000000000, 250000000000000000]","[[0.0, 1.0, 1.0, 1.0, 0.0, 0.0], [1.0, 0.0, 1.0, 1.0, 0.0, 0.0], [1.0, 1.0, 0.0, 1.0, 0.0, 0.0], [1.0, 1.0, 1.0, 0.0, 0.0, 0.0], [0.0, 0.0, 0.0, 0.0, 0.0, 0.0], [0.0, 0.0, 0.0, 0.0, 0.0, 0.0]]",[],"['$user$0, 0.909, good, good, None, 0xA41dE09A63f6Cedd633f99052b44450d3BB91D44', '$user$1, 0.918, good, good, None, 0x17725D495A0843Ea05541fD61ba5D4082750bC08', '$user$2, 0.933, good, good, None, 0x37AC7AC5D09bbC6dAC1CF036b7F9DdD0EA4E052E', '$user$3, 0.916, good, good, None, 0x536fc4cd48ad9B3649e8aB615592E83Ec9F5fcd1']","[('close', '8ea41d7d393ff715cb25b9881a96bab57944841c795c51f843721daabbededfe', 502181), ('slot', '40256427a2a386dc3a08c0dbfcfe6ca300a52e2b3ca986afb1c598cd34ed123d', 50814), ('slot', '88c2147a98f49ff7ff1f969e31e355ba2f84cf10bea4c7e178836be24eb82d12', 50814), ('slot', 'fff1d7629ea1ee3f2de48ef5359144e042af46dbf66d3c5e85d7b8a7a668bb13', 50814), ('slot', '210f862ed7a30d886f7a90f325e8c8fa13090226f0fdb990d5b7bf56b9978a02', 50814), ('weights', '430b0ecb7e21d520a9db324620e75bea335b62c40d0fb0d16cada70f6fd9af31', 73682), ('weights', '6cebae765cec64d2b13b68a5d46db998c0f9638b7b994b1c5d7079ce948a0e73', 56594), ('weights', '33af558853c7a3f3199f4dd6b1d7f50caafc44a431f5f69fdfa3c76851829b57', 56594), ('weights', 'f88cb943cb1dcfc94dd418e8b0e5143aa87cbfb2760935d9d44f496a912d319c', 56594), ('feedback', 'ec3017743b900935c412c74ec11970375f7f7740489877791403ca66eb38b0b6', 217307), ('feedback', '1032220e62c766ae7aa60107dfe06307bbce14c9946c8b3a7646aed141641c08', 183107), ('feedback', '8d752be146af4292750edbb7716b222c991c73ccc8eb5daf978da7aa9c57397e', 166007), ('feedback', '8345a269cc7c0920a63c4230ccc2049bdfb57be152f3694fa785dd1c5346032a', 166007), ('contrib', '91775b977ae82634a5003861aca992f380ea964178da1f4e82b8af4b35cc7c3c', 75199), ('contrib', '2f10e76344624ab2d69adce5b54ee7335801b0742860649767e5ad3ce6cf9979', 58099), ('contrib', 'd3b7b2f524b3d9ee5f69d8c33210a6a0af84235c43aae483b85db6223d699edf', 58099), ('contrib', 'cc4f5822b07012ddffcdec9ef30121861aba74cc8b059df31996deeee255660e', 58099), ('close', 'ca8bbf44313d0a895683374b69f4c85197570d2b8e7c8308937d7c2f678868da', 410442)]"
9,23:53:26.679,0.9401,60.34454823285341,"[1724999999999999999, 1724999999999999999, 1724999999999999999, 1724999999999999999, 0, 0]","[93, 94, 94, 92, 0, 0]","[7, 7, 7, 8, 0, 0]","[('0xA41dE09A63f6Cedd633f99052b44450d3BB91D44', 5099999999999999997, 25000000000000000, 1724999999999999999), ('0x17725D495A0843Ea05541fD61ba5D4082750bC08', 5099999999999999997, 25000000000000000, 1724999999999999999), ('0x37AC7AC5D09bbC6dAC1CF036b7F9DdD0EA4E052E', 5099999999999999997, 25000000000000000, 1724999999999999999), ('0x536fc4cd48ad9B3649e8aB615592E83Ec9F5fcd1', 5099999999999999997, 25000000000000000, 1724999999999999999)]",100000000000000000,[],"[250000000000000000, 250000000000000000, 250000000000000000, 250000000000000000]","[[0.0, 1.0, 1.0, 1.0, 0.0, 0.0], [1.0, 0.0, 1.0, 1.0, 0.0, 0.0], [1.0, 1.0, 0.0, 1.0, 0.0, 0.0], [1.0, 1.0, 1.0, 0.0, 0.0, 0.0], [0.0, 0.0, 0.0, 0.0, 0.0, 0.0], [0.0, 0.0, 0.0, 0.0, 0.0, 0.0]]",[],"['$user$0, 0.924, good, good, None, 0xA41dE09A63f6Cedd633f99052b44450d3BB91D44', '$user$1, 0.934, good, good, None, 0x17725D495A0843Ea05541fD61ba5D4082750bC08', '$user$2, 0.935, good, good, None, 0x37AC7AC5D09bbC6dAC1CF036b7F9DdD0EA4E052E', '$user$3, 0.92, good, good, None, 0x536fc4cd48ad9B3649e8aB615592E83Ec9F5fcd1']","[('close', 'ca8bbf44313d0a895683374b69f4c85197570d2b8e7c8308937d7c2f678868da', 410442), ('slot', 'c1088a3fd9f6d2b2e20f1bde1a1962a3abfa0f0b0782d32c5b6770ef273e6bb5', 50814), ('slot', '03db511e6d17d4da576b997acc312f4bf52dd7a7caa2f05cb3b928e56a229a93', 50814), ('slot', '34b8018b7153455c24f033506365481693c024b1c2075ea2da2931e1a34be434', 50814), ('slot', '9021d779fc8084dff0588913bb06165c1c0f671bb5dc25261981c9eac526d89b', 50814), ('weights', '4ddb61c3b391f6891344272d77f8bc7b1002a98c7802f1388bba650090a00ebd', 73694), ('weights', '5f456bb5e8fff3bad64b48d85f8181d92e74b423a05bb599eedc3cb06cf2ed6f', 56594), ('weights', 'be513714f61d6ad3293abb35656e90c0fc0c2ecc842d82df37055fe06012ba5c', 56594), ('weights', 'd311e409051fda1e820e8e0103ee7b050065ef6c4d99ad75f66711f80783f87f', 56594), ('feedback', 'eda0675241920098627b4864cd9e9ed0414de49c560f8e02a2720ae205aa3909', 217307), ('feedback', '71046ba05eca71e5d45922c787c5bab0bf0f74b7fe220ccdf1e92d51437afaa2', 183107), ('feedback', '3184f56d7adff4bbeba2d540c969a09c3650bb2fff26147600bf9a268013933b', 166007), ('feedback', '426051ad5c5ea09c49867d0465d42e07baa4b96b721bb1534ae4496322d7fd88', 166007), ('contrib', '41ad8942b7691b0fa68edea3eddff662766d257e4c733e8b191d6e9c61ea56be', 75199), ('contrib', '5af958b98fbc1c37d2d4d6456a13dd787226d227b7b331eb72ca6b04abbb2264', 58099), ('contrib', 'cdb9a3508ba95fcdb0543de0b85b74b1e24158853db506f42715734223e6c1e8', 58099), ('contrib', '2c91781eacf732e320dbcb761aea48681bee539c3edf83b446e5a1ed55c1dddb', 58099), ('close', '2e74d4734a652c0e5a0af2f2a0cd744c047f6be4c8242e4143c7c677b7eb1007', 410442)]"
10,23:53:48.292,0.9459,54.919460725039244,"[1749999999999999999, 1749999999999999999, 1749999999999999999, 1749999999999999999, 0, 0]","[94, 94, 95, 92, 0, 0]","[6, 6, 6, 7, 0, 0]","[('0xA41dE09A63f6Cedd633f99052b44450d3BB91D44', 5174999999999999997, 25000000000000000, 1749999999999999999), ('0x17725D495A0843Ea05541fD61ba5D4082750bC08', 5174999999999999997, 25000000000000000, 1749999999999999999), ('0x37AC7AC5D09bbC6dAC1CF036b7F9DdD0EA4E052E', 5174999999999999997, 25000000000000000, 1749999999999999999), ('0x536fc4cd48ad9B3649e8aB615592E83Ec9F5fcd1', 5174999999999999997, 25000000000000000, 1749999999999999999)]",0,[],"[250000000000000000, 250000000000000000, 250000000000000000, 250000000000000000]","[[0.0, 1.0, 1.0, 1.0, 0.0, 0.0], [1.0, 0.0, 1.0, 1.0, 0.0, 0.0], [1.0, 1.0, 0.0, 1.0, 0.0, 0.0], [1.0, 1.0, 1.0, 0.0, 0.0, 0.0], [0.0, 0.0, 0.0, 0.0, 0.0, 0.0], [0.0, 0.0, 0.0, 0.0, 0.0, 0.0]]",[],"['$user$0, 0.93, good, good, None, 0xA41dE09A63f6Cedd633f99052b44450d3BB91D44', '$user$1, 0.941, good, good, None, 0x17725D495A0843Ea05541fD61ba5D4082750bC08', '$user$2, 0.946, good, good, None, 0x37AC7AC5D09bbC6dAC1CF036b7F9DdD0EA4E052E', '$user$3, 0.928, good, good, None, 0x536fc4cd48ad9B3649e8aB615592E83Ec9F5fcd1']","[('close', '2e74d4734a652c0e5a0af2f2a0cd744c047f6be4c8242e4143c7c677b7eb1007', 410442), ('slot', 'bab36012445252a908616e8b1792386dc41f57b59eab347461bf90db1e29376b', 50814), ('slot', 'd5cc44064c38ec3260befd73011dc7939f0b318473fd89b8c1e0c48f455936b6', 50814), ('slot', '643018511df47827319a8b3c516a251d9fa057889f5c819f166ed06926aed3b4', 50814), ('slot', 'd4232f1ee3af0c43952de11a280cc475950c5f732699f65e4648b48b64caa616', 50814), ('weights', '713630bff684b707ba3c9b5284d7fd3c83048c2ebd18f53f88dcb1faa49bf084', 73694), ('weights', '7b7ee1af8c313d2f9be317ab1715911aef93efc76c0b09725014cebef4653072', 56594), ('weights', '009d4eba984612f728b10a1801486ee9afc717dd75bfae4d351500f7ef201531', 56594), ('weights', 'a5bb0b302d21e5617435052cf13b19ddd0d0b957bada0ceb609ebc05262b58c0', 56594), ('feedback', '1eadc0e00cc5464e4f3d21eea8677057a9e1ccd359c65457cc4cb86400d55442', 217307), ('feedback', '9572df46da326d4acb8a43a64def95b95852ab9eb596ac12a033055cf70afcf2', 183107), ('feedback', 'f75f7cd5f5874be4d1c9ce01b459e3d3d52e962b0dbdb8e2696e2eb7175fca26', 166007), ('feedback', '73d33ab0e66052563cfdcee4ff800a7a18f04554b8885092be515321b8a02b71', 166007), ('contrib', '602ba41176e8e4df4f5be9e674feef430b4f404512ab4890ee5abc715f3f9d2c', 75199), ('contrib', '24573bbcd5f07e6430690dceaf4e264a20e73ac99ea34476b5bb49d167adb6f2', 58099), ('contrib', '43b5e46775133bf34f26149d69d93e3a89a5adc7a447d593e74358eeac608765', 58099), ('contrib', 'e153c1d50ebffee493ac44649fb4f454267377e5a5719b97463a54ef33fd33a1', 58099), ('close', 'efcb31acb236b92690d57488f1162c9023661657450cffc2efe5fc03a416c525', 410442)]"
# $gasCosts$[403001, 334601, 317501, 317501, 317501, 218683, 75199, 58099, 58099, 58099, 58099, 323401, 255001, 237901, 237901, 237901, 218683, 75199, 58099, 58099, 58099, 58099, 321749, 253349, 236249, 236249, 231293, 218683, 75199, 58099, 58099, 58099, 270522, 219222, 202122, 202122, 203166, 75199, 58099, 58099, 58099, 270522, 219222, 202122, 202122, 203166, 75199, 58099, 58099, 58099, 270522, 219222, 202122, 202122, 203166, 75199, 58099, 58099, 58099, 270522, 219222, 202122, 202122, 203166, 75199, 58099, 58099, 58099, 217307, 183107, 166007, 166007, 75199, 58099, 58099, 58099, 217307, 183107, 166007, 166007, 75199, 58099, 58099, 58099, 217307, 183107, 166007, 166007, 75199, 58099, 58099, 58099],[126674, 126674, 126674, 126674, 126674],[50814, 50814, 50814, 50814, 50814, 50814, 50814, 50814, 50814, 50814, 50814, 50814, 50814, 50814, 50814, 50802, 50814, 50814, 50814, 50814, 50814, 50814, 50802, 50814, 50814, 50814, 50814, 50814, 50814, 50814, 50814, 50814, 50814, 50814, 50814, 50802, 50802, 50814, 50814, 50814, 50814, 50814, 50814, 50814, 50814, 50814, 50814, 50814, 50814, 50814],[73694, 56594, 56594, 56594, 56594, 56594, 73694, 56594, 56594, 56594, 56594, 56594, 73694, 56582, 56594, 56594, 56594, 56594, 73682, 56594, 56594, 56594, 56594, 73694, 56594, 56594, 56594, 56594, 73694, 56594, 56594, 56594, 56594, 73694, 56594, 56594, 56594, 56594, 73682, 56594, 56594, 56594, 73694, 56594, 56594, 56594, 73694, 56594, 56594, 56594],[671004, 643640, 618388, 543321, 543321, 543321, 502181, 410442, 410442, 410442],[],[]
# TOTAL EXPERIMENT TIME: 243.94 seconds
