# Author Nykjaer
# ------Specs--------# cpu_name:  (processor model)
# cpu_cores: 6 (physical cores)
# ram_gb: 13.5 (system memory in GB)
# gpu_name: NVIDIA GeForce RTX 3060 Laptop GPU (graphics processor)
# os_name: Linux (operating system)
# ------Config--------# good_contributors: 4 (honest participants)
# bad_contributors: 1 (malicious participants)
# freeriders: 1 (contribute 0)
# inactive: 0 (never join)
# reward: 1000000000000000000 (total reward pool)
# minimum_rounds: 10 (rounds to simulate)
# min_buy_in: 1000000000000000000 (lower buy-in bound)
# max_buy_in: 1000000000000000000 (upper buy-in bound)
# standard_buy_in: 1000000000000000000 (default buy-in)
# epochs: 1 (local epochs per round)
# batch_size: 32 (training batch size)
# punish_factor: 3 (penalty multiplier)
# first_round_fee: 50 (fee for first round)
# fork: True (True=local fork, False=real net)
# contribution_score_strategy: dotproduct (scoring method)
# use_outlier_detection: True (Whether to use outlier detection)
# freerider_start_round: 5 (When freeriders should start freeriding)
# freerider_noise_scale: 0.01 (How much noise a freeder should add)
round,time,globalAcc,globalLoss,GRS,accAvgPerUser,lossAvgPerUser,rewards,conctractBalanceRewards,punishments,contributionScores,feedbackMatrix,disqualifiedUsers,userStatuses,GasTransactions
# $startingUserConfig$['$user$0, 0, good, good, None, 0xA41dE09A63f6Cedd633f99052b44450d3BB91D44', '$user$1, 0, good, good, None, 0x17725D495A0843Ea05541fD61ba5D4082750bC08', '$user$2, 0, good, good, None, 0x37AC7AC5D09bbC6dAC1CF036b7F9DdD0EA4E052E', '$user$3, 0, good, good, None, 0x536fc4cd48ad9B3649e8aB615592E83Ec9F5fcd1', '$user$4, 0, good, bad, 3, 0x118E560679B62a9F24c135A96d416548782f8cc2', '$user$5, 0, good, freerider, 5, 0xA2F37A08a8488CB8551a0D03f7A73f4156757de7']
0,01:27:30.959,0,720.8861083984375,"[1000000000000000000, 1000000000000000000, 1000000000000000000, 1000000000000000000, 1000000000000000000, 1000000000000000000]",[],[],[],1000000000000000000,[],[],,[],"['$user$0, 0, good, good, None, 0xA41dE09A63f6Cedd633f99052b44450d3BB91D44', '$user$1, 0, good, good, None, 0x17725D495A0843Ea05541fD61ba5D4082750bC08', '$user$2, 0, good, good, None, 0x37AC7AC5D09bbC6dAC1CF036b7F9DdD0EA4E052E', '$user$3, 0, good, good, None, 0x536fc4cd48ad9B3649e8aB615592E83Ec9F5fcd1', '$user$4, 0, good, bad, 3, 0x118E560679B62a9F24c135A96d416548782f8cc2', '$user$5, 0, good, freerider, 5, 0xA2F37A08a8488CB8551a0D03f7A73f4156757de7']","[('register', 'e809bdf4bf4fe09abbe382d690489a2f760360742d4257bcb504f21d46fc65f2', 126674), ('register', '09d2d639cd0e48499d46c082c328d8a189dede84fcfad6fc5b27958057b666c8', 126674), ('register', '7a00ec5590deac95136956bda353282026e1e887a1f5a44035fe05ac03e34bb5', 126674), ('register', '819c1db1ab5ce04262045c4aade29eb457e955093d3f8033671d8a2e3f81e6a3', 126674), ('register', 'c02903b548bb3267425d5e4395130d70eaa7c9c6b16de8e74f91d0f3edf9449d', 126674)]"
1,01:28:07.205,0.2453,715.9633178710938,"[1016584888834714882, 1016618409001315847, 1016860563334004133, 1016573873894883171, 1016761457187728802, 1016600807747353162]","[11, 13, 11, 13, 12, 12]","[74, 74, 74, 74, 74, 74]","[('0xA41dE09A63f6Cedd633f99052b44450d3BB91D44', 5000000000000000000, 16584888834714882, 1016584888834714882), ('0x17725D495A0843Ea05541fD61ba5D4082750bC08', 5000000000000000000, 16618409001315847, 1016618409001315847), ('0x37AC7AC5D09bbC6dAC1CF036b7F9DdD0EA4E052E', 5000000000000000000, 16860563334004133, 1016860563334004133), ('0x536fc4cd48ad9B3649e8aB615592E83Ec9F5fcd1', 5000000000000000000, 16573873894883171, 1016573873894883171), ('0x118E560679B62a9F24c135A96d416548782f8cc2', 5000000000000000000, 16761457187728802, 1016761457187728802), ('0xA2F37A08a8488CB8551a0D03f7A73f4156757de7', 5000000000000000000, 16600807747353162, 1016600807747353162)]",900000000000000000,[],"[165848866105079650, 166184067726135253, 168605610728263854, 165738716721534729, 167614549398422241, 166008055210113525]","[[0.0, 1.0, 1.0, 1.0, 1.0, 1.0], [1.0, 0.0, 1.0, 1.0, 1.0, 1.0], [1.0, 1.0, 0.0, 1.0, 1.0, 1.0], [1.0, 1.0, 1.0, 0.0, 1.0, 1.0], [1.0, 1.0, 1.0, 1.0, 0.0, 1.0], [1.0, 1.0, 1.0, 1.0, 1.0, 0.0]]",[],"['$user$0, 0.742, good, good, None, 0xA41dE09A63f6Cedd633f99052b44450d3BB91D44', '$user$1, 0.671, good, good, None, 0x17725D495A0843Ea05541fD61ba5D4082750bC08', '$user$2, 0.723, good, good, None, 0x37AC7AC5D09bbC6dAC1CF036b7F9DdD0EA4E052E', '$user$3, 0.67, good, good, None, 0x536fc4cd48ad9B3649e8aB615592E83Ec9F5fcd1', '$user$4, 0.699, good, bad, 3, 0x118E560679B62a9F24c135A96d416548782f8cc2', '$user$5, 0.753, good, freerider, 5, 0xA2F37A08a8488CB8551a0D03f7A73f4156757de7']","[('slot', 'ef348a4f47a84d9205320254b6b47006b696f7a8dcaaaa0547d9701c4087ebf6', 50814), ('slot', '98cb4e26b4a348b2b0d2ff290826bcb959514d5845d25b0d67dbf32f399dad9e', 50814), ('slot', '216f7dbf0b743f942fd7c88cade4a62eab0dbd5e558091c024b7f74aa9e497c1', 50814), ('slot', 'f5394e545f97ab5acd2e856fe50d0b6a125059f8178994a30fc5fea413b4d680', 50814), ('slot', '7342eed6287dda07237f9a90cf106aaaee5abc186df396821198ab2a567a9ea3', 50802), ('slot', '4f3bdf9c97c1a9c4db575e153b804c4d730ca1cd2ecab3a234b1fa0f0d43297c', 50814), ('weights', 'c2ed942c82647d967e3aeddfef7035c614d128c830c216b99ba74098e25d1062', 73694), ('weights', '0cefcf8d750160b99622025cf0c5554e433929dbfe48c7a6c3dbc7276effeac3', 56582), ('weights', '2182f7251f6755010fba314b6ea933f747895b16be7efa64b8eecb1eb48aab73', 56582), ('weights', '5eacc2f65b2b5dd8d075810262432343a75e522d13bb11808a24214fff9d99ab', 56594), ('weights', '1cc0ea043e864cb37789c070492603937917cedcea9f650acab92f148bf097f4', 56594), ('weights', 'dfb43f439e9cb10a6d5a43de06c03e0d182abd929fda81eee4026700c3b0b4e3', 56594), ('feedback', '04dfdba3747895830399bc7a77869f62c2b1c71b19086c131aa3d34f198c99d7', 422553), ('feedback', 'c828264ae0e5e5fdc5646b84f99a390790b35dab8649d13a47c19de242f640dd', 354153), ('feedback', '9599f10ab26cf799f9dcdca05d7eab131970f0adbe001d2fc38beb555a91e290', 337053), ('feedback', 'b1914ab2180e671457ae07b382cb112140bb394192eee01fd6687e6ac9c6fc0e', 337053), ('feedback', '49abae3652746aada9e06a47f9390cd146bc99218b42c78f9cbb3788b210dd0c', 337053), ('feedback', '5c9904445e5ebc4fa6e580c0ace5dbf7160d1c3205905330bcd1cf1ebb2edc5e', 337053), ('contrib', 'aaa3fa35b39d9c21fb5f63b229710b93947231d4411a9c365b2165d8c96caa08', 75223), ('contrib', '50eb194a21808cff11c82de6021ffd597a224b4f664a3010ab8b9f6d0995a309', 58123), ('contrib', '2f8c13f6e879b0be883c47f9c2a904cffaada6a0289de417e3862a705cb4489f', 58123), ('contrib', '238933c50d322bbd5df3c6baaa1f6bb4c0cb7400d13cbb9031421f9848d1abe2', 58123), ('contrib', 'f10c35d94b66c00282de721f5ffe4ca08bdb7d3024ab12be5070847dc4a3f01f', 58123), ('contrib', '4039f302c587971c417b7dcd7444b1568bc5d21544ecae68f50eb176bb7e6297', 58123), ('close', 'bc37c55150417ad76c8c7be3271ae0daa6a63b6ec423f8886abc410fb22932bc', 641581)]"
2,01:28:36.374,0.6365,609.3105773925781,"[1033250665156907346, 1033287240061871683, 1033529395884676244, 1033246077088568916, 1033420137576220592, 1033266484231755213]","[22, 21, 25, 24, 23, 27]","[73, 73, 73, 73, 73, 73]","[('0xA41dE09A63f6Cedd633f99052b44450d3BB91D44', 5083415111165285115, 16665776322192464, 1033250665156907346), ('0x17725D495A0843Ea05541fD61ba5D4082750bC08', 4066780783251330988, 16668831060555836, 1033287240061871683), ('0x37AC7AC5D09bbC6dAC1CF036b7F9DdD0EA4E052E', 5083139436665995864, 16668832550672111, 1033529395884676244), ('0x536fc4cd48ad9B3649e8aB615592E83Ec9F5fcd1', 5083426126105116826, 16672203193685745, 1033246077088568916), ('0x118E560679B62a9F24c135A96d416548782f8cc2', 1016860563334004133, 16658680388491790, 1033420137576220592), ('0xA2F37A08a8488CB8551a0D03f7A73f4156757de7', 5083399192252646835, 16665676484402051, 1033266484231755213)]",800000000000000000,[],"[166657745838165283, 166688293218612670, 166688308119773864, 166722014546394348, 166586786508560180, 166656747460365295]","[[0.0, 1.0, 1.0, 1.0, 0.0, 1.0], [1.0, 0.0, 1.0, 1.0, 0.0, 1.0], [1.0, 1.0, 0.0, 1.0, 1.0, 1.0], [1.0, 1.0, 1.0, 0.0, 0.0, 1.0], [1.0, 1.0, 1.0, 1.0, 0.0, 1.0], [1.0, 0.0, 1.0, 1.0, 0.0, 0.0]]",[],"['$user$0, 0.58, good, good, None, 0xA41dE09A63f6Cedd633f99052b44450d3BB91D44', '$user$1, 0.537, good, good, None, 0x17725D495A0843Ea05541fD61ba5D4082750bC08', '$user$2, 0.551, good, good, None, 0x37AC7AC5D09bbC6dAC1CF036b7F9DdD0EA4E052E', '$user$3, 0.584, good, good, None, 0x536fc4cd48ad9B3649e8aB615592E83Ec9F5fcd1', '$user$4, 0.492, good, bad, 3, 0x118E560679B62a9F24c135A96d416548782f8cc2', '$user$5, 0.66, good, freerider, 5, 0xA2F37A08a8488CB8551a0D03f7A73f4156757de7']","[('close', 'bc37c55150417ad76c8c7be3271ae0daa6a63b6ec423f8886abc410fb22932bc', 641581), ('slot', '51b5b333f8902249538156da255fecf582b216edb7f7a1969056519ede94530a', 50814), ('slot', '2468b60f4218382969fc64cdcc7eaf3e5bffef792d2b14300b44a8b269dbfd19', 50814), ('slot', 'c106e9e8b9a1500a88e2dd4e9cf49e154726b55fc82de8c21440d5f370f15119', 50802), ('slot', '8a10dbea8ed918837daf6c194c9cc82283cd00637d40cd47eff0c6c816b79ca7', 50814), ('slot', 'b2228a6fbe282fff1a86f46c6791387837d7130fe27ead18ebce43f0addc89f6', 50802), ('slot', 'a290259a0c3576995d08497686f841f271e8f381f35330e8297cc9ccc5173f20', 50814), ('weights', '853a287038afba05eafb81f521cd607b94b3d1d5a2b23b5820c20adaf68cbf92', 73694), ('weights', '4d2219d7a43da723d0350fa53a7b2341ee8c85613d300b824ed103b2b32428db', 56582), ('weights', 'a0bbece7587e31cc52b03679e285b8b41e0d5bf85671409beba64ed534d28daa', 56582), ('weights', 'f8a2ee4a0d4ab4c266a968e6f22ffd9f5689b9c9288de26beb35d1597db2d005', 56582), ('weights', 'da755d6272a3a8fc69faca55e13e8d5330df2f518b9b1d2ff6c4b647e1bfbe1a', 56594), ('weights', '634832b66768b840150355dd08cb27db7f59091d3ea8b1babe61fbdcf0a547e0', 56594), ('feedback', '9c0a2cc82ea956ed891c21484a2bc8f0c0573e6b89a91fa3afc2853091feb864', 300179), ('feedback', 'bebb6bfcb9d66d2acc67eae930c8c91dae38042e5d3a5ff2000883576c84d260', 248879), ('feedback', '924d25b88f2cab415e767f0a1c87f606069c4f3b0ac63e0650cd2c4b17195023', 254653), ('feedback', 'c201e48a67994b99ba40ca4d3943a50feee83e326f0457cf782d5787bdb90ce8', 231779), ('feedback', 'da87b2696341b377414e078271b18698a114611846074aba45b84369494179d1', 237553), ('feedback', '2bdc7ad6efb889ff1ba212c74f430136c1d9c6062e44fbe76017d87dcb2f4af3', 226005), ('contrib', '12a0447d0e00d21b5fece4c362c82ed9607c2ef1d2d82187efa7d1915de9fed6', 75223), ('contrib', 'd6da759a4548efe8297bb6eea6c243dbb23ee253a4fcddcd47ce09cc1c5a5b0e', 58123), ('contrib', '87ec62bd14e6abb927785a483bf332b4f967167167cc5e8c60b4691451e6089e', 58123), ('contrib', '8b97cb108ad85e0a45564c5f79e176dce888e3503a2f04e367699d8b45af07e6', 58123), ('contrib', 'b86961e5bbcc9b4fdf750cbd2bc99d47619e308ddfe0ba4135640b3367703d5c', 58123), ('contrib', '7aba2bd45649d9a347e3d4a202059872c2e12a8623a197fc16819a0abc750b4c', 58123), ('close', '06d2eca7e3e14bb5d03d184c207fbb24dc359fe10dec26f634b3c5c80c2054f1', 611186)]"
3,01:29:04.092,0.8139,198.39509811997414,"[1122113903458648645, 1122213001084338755, 1122407410477724662, 1122192336820850212, 688946758384147062, 1122126589774290655]","[62, 61, 64, 60, 64, 67]","[63, 62, 63, 63, 62, 62]","[('0xA41dE09A63f6Cedd633f99052b44450d3BB91D44', 3099909059690651464, 88863238301741299, 1122113903458648645), ('0x17725D495A0843Ea05541fD61ba5D4082750bC08', 3099872484785687127, 88925761022467072, 1122213001084338755), ('0x37AC7AC5D09bbC6dAC1CF036b7F9DdD0EA4E052E', 3099630328962882566, 88878014593048418, 1122407410477724662), ('0x536fc4cd48ad9B3649e8aB615592E83Ec9F5fcd1', 3099913647758989894, 88946259732281296, 1122192336820850212), ('0xA2F37A08a8488CB8551a0D03f7A73f4156757de7', 3099893240615803597, 88860105542535442, 1122126589774290655)]",700000000000000000,"[(3, 344473379192073530)]","[199929267168045043, 200069934129714965, 199962511658668518, 200116053223609924, 199922218918800354]","[[0.0, 1.0, 1.0, 1.0, -1.0, 1.0], [1.0, 0.0, 1.0, 1.0, -1.0, 1.0], [1.0, 1.0, 0.0, 1.0, -1.0, 1.0], [1.0, 1.0, 1.0, 0.0, -1.0, 1.0], [-1.0, -1.0, -1.0, -1.0, 0.0, -1.0], [1.0, 1.0, 1.0, 1.0, -1.0, 0.0]]",[5],"['$user$0, 0.749, good, good, None, 0xA41dE09A63f6Cedd633f99052b44450d3BB91D44', '$user$1, 0.796, good, good, None, 0x17725D495A0843Ea05541fD61ba5D4082750bC08', '$user$2, 0.773, good, good, None, 0x37AC7AC5D09bbC6dAC1CF036b7F9DdD0EA4E052E', '$user$3, 0.766, good, good, None, 0x536fc4cd48ad9B3649e8aB615592E83Ec9F5fcd1', '$user$4, 0.492, bad, bad, 3, 0x118E560679B62a9F24c135A96d416548782f8cc2', '$user$5, 0.767, good, freerider, 5, 0xA2F37A08a8488CB8551a0D03f7A73f4156757de7']","[('close', '06d2eca7e3e14bb5d03d184c207fbb24dc359fe10dec26f634b3c5c80c2054f1', 611186), ('slot', 'e0b715c67232cbcd7aec0295aa8db4e96ed1a68c88672f372e68df9c90802143', 50814), ('slot', '8c89f39a82afe23f59d0a461fa121aaabd2e212802e8bed6cd5de29761de4339', 50814), ('slot', '5222dbbfc79c547c5cdbe037d12d7f5aee542c7177d4acb9765c46672d6ae9d5', 50814), ('slot', '5f76a5285d3f6b657273795298903eaa1c2a6e1806f3feabdad942d259f2880a', 50814), ('slot', '21691530d66b3eb7492bf4876ff8382127ba2a6ac6b2660c7847fb7b268ffbf0', 50814), ('slot', 'a67d06b0bbab322d01591f3d5ef78d3776fd72d55e977b30d72c35d0cdb7e5cb', 50814), ('weights', '10410082c7bd1f332e38e5720daa7cb5448a053db1265782e92587fdfbafaac4', 73694), ('weights', '0a4e4608b72b48c231d94d1567c77fb705bcafa35611f38d160821a37c32ef4f', 56582), ('weights', '2da25d55c74a025ad99e4cdaf54b1c9fc0ab27deeb3dc4582510f13dd304b085', 56582), ('weights', 'bf6e17438f30e65b5523242739735119a969f8aa5ef9959f50b0ececfdad815d', 56594), ('weights', '873418785151f089cf70455c9e835ba81f68114b996b7c42ad10604a293ae56f', 56594), ('weights', '42effdc1b9d78c3e5685b51bda6305899952c96821c71426d041f6ad33e3af3a', 56594), ('feedback', 'e9fd4f24a39205384f3cd9f5640780a8b97fdc288718e78618e5c44aab60cccb', 323401), ('feedback', '48e2d33b11c12e89d8e1f862ad17c28df49308ab0b987247125f94a0ab5bb00a', 255001), ('feedback', '1b621594979ab3a4cedc5090dc069a021ba154b3673c5ab249c1698b955bfa4f', 235901), ('feedback', '1908b0f53977be529118743887301b5662115e72440ed0286658c4a3541991f5', 237901), ('feedback', '1753c6faca9beaf57fab866daac820e0b248b8523417e43ef0f11b3e4d38dc97', 229293), ('feedback', '88b6b7ede76fdd6d1a1b6f288f2b3f2dbe5caaa38deedb4b81cbaac3ecca26c0', 257801), ('contrib', '860d0a238bd9fed50ec4704b830e40b0abec930ce09a4ad4f4a7ccf4aea4751f', 75223), ('contrib', '2aa8659aeea6088db467a96098e20b51fcb3c604516d9860b8490bd21550de17', 58123), ('contrib', '3269145f97b074c76b7e96ecf31ff13e1b8733edc9d6c9af7619f1f07054a335', 58123), ('contrib', '7570c8c342273e22e3c613275b3af8bbde26204ec0104ec24d173e4abdcf029f', 58123), ('contrib', '0c69e76194a7fe9f8ac816c96b29bb06936c3c0d9c69e77ab174d574022555a1', 58123), ('close', '502baaedddf16975676608130f1d2fd0510e97a48f44f697b2f5fea9e5fc69ce', 643640)]"
4,01:29:31.778,0.8624,143.88552924990654,"[1188060902479520501, 1188152941342501152, 1188310661871115349, 1188156061719958469, 459297838922764708, 1188021593664139810]","[80, 81, 80, 80, 82, 82]","[20, 20, 21, 22, 19, 20]","[('0xA41dE09A63f6Cedd633f99052b44450d3BB91D44', 3799992579773057222, 65946999020871856, 1188060902479520501), ('0x17725D495A0843Ea05541fD61ba5D4082750bC08', 3799893482147367112, 65939940258162397, 1188152941342501152), ('0x37AC7AC5D09bbC6dAC1CF036b7F9DdD0EA4E052E', 3799699072753981205, 65903251393390687, 1188310661871115349), ('0x536fc4cd48ad9B3649e8aB615592E83Ec9F5fcd1', 3799914146410855655, 65963724899108257, 1188156061719958469), ('0xA2F37A08a8488CB8551a0D03f7A73f4156757de7', 3799979893457415212, 65895003889849155, 1188021593664139810)]",600000000000000000,"[(4, 229648919461382354)]","[200052201747894287, 200030788779258728, 199919492006301879, 200102940201759338, 199894472956657409]","[[0.0, 1.0, 1.0, 1.0, -1.0, 1.0], [1.0, 0.0, 1.0, 1.0, -1.0, 1.0], [1.0, 1.0, 0.0, 1.0, -1.0, 1.0], [1.0, 1.0, 1.0, 0.0, -1.0, 1.0], [-1.0, -1.0, -1.0, -1.0, 0.0, -1.0], [1.0, 1.0, 1.0, 1.0, -1.0, 0.0]]",[5],"['$user$0, 0.827, good, good, None, 0xA41dE09A63f6Cedd633f99052b44450d3BB91D44', '$user$1, 0.845, good, good, None, 0x17725D495A0843Ea05541fD61ba5D4082750bC08', '$user$2, 0.85, good, good, None, 0x37AC7AC5D09bbC6dAC1CF036b7F9DdD0EA4E052E', '$user$3, 0.826, good, good, None, 0x536fc4cd48ad9B3649e8aB615592E83Ec9F5fcd1', '$user$4, 0.492, bad, bad, 3, 0x118E560679B62a9F24c135A96d416548782f8cc2', '$user$5, 0.842, good, freerider, 5, 0xA2F37A08a8488CB8551a0D03f7A73f4156757de7']","[('close', '502baaedddf16975676608130f1d2fd0510e97a48f44f697b2f5fea9e5fc69ce', 643640), ('slot', 'b90659c600d2ec77ed838cd46dd757b033697fb93c52faa2f3689e4b52a40066', 50814), ('slot', '6adfc3afbcd8b68c91c4a3444705ad562d9339d09656e88f135a8ab5d38bbf2f', 50814), ('slot', '0e405a1536501c1b9f9f85c35e65df3c8f9655c8af6bd535bb8527c124c5488c', 50814), ('slot', '3c99edde8414ac57cfadfccbf8b44eefd72d9a13c3c2f8e897fa5fa5bb9a273d', 50814), ('slot', '2d26d3a7e2118d43425e2b3b9da646bae98498ee909b5c1b9fffe39f00d99894', 50814), ('slot', '1f8ce02dc9d1f4f7fe0443ee692e174fd1d5ff47b472abde9a113858606db8b9', 50814), ('weights', 'e7b496d1e637761064e3e844e203f24fd42b69d1593ff0d96235bd17dcf9dea2', 73694), ('weights', 'fbb06c8280b34ab361ef2ffa4669013abd1e606d0bacd5df1ffa909c722ed80c', 56582), ('weights', 'f01c2f389550d2cd9a4d9ac0879bf51b4a54209759f8ff1e27990f8ced23f568', 56582), ('weights', 'f612bd2590d63d9873566191e8f34c2e6117c2904593b67c64a2959f94036361', 56594), ('weights', '6911230a9ee9195d1cec68b17f8ae47295d043f3f4f2db368c41defbec2833d9', 56594), ('weights', '5113294bad414c06681307206c8481083c3e2e71db5384703ef95dfbc33bb2d4', 56582), ('feedback', '4c5f043c491f462ce4f559bb06f2f210ea2b5e3aa2f0de7ad735fdd0b8bb1704', 323401), ('feedback', 'ca132d0ab40e7aea2739673ad1e06a5048caa5dfbef0928bded8755f62672526', 255001), ('feedback', '86f3bafbf11dea15de5321b31eaeb94255d4bda96ff38df1f1617d06247de2f1', 237901), ('feedback', '8afa604cf51880768b6936b0630851282470af6f8e446900e3f9ff96de6cb144', 237901), ('feedback', 'd466f19313e6cce316a5ebb98e554bf2eabe6d9d2d6cb41b49f8cdc948c93fe9', 239293), ('feedback', '768bc16be9faaeca2fea69670d808740724f1afb55dc87951cfcc8d40abbb635', 237901), ('contrib', '99f34972416972f34665019e19e594943a123b26af46a6a54fc87691dde2873b', 75223), ('contrib', '9aa1e3f63b05e6ceb13e04a51981dd1824a75b58de2639141cf1952192cfc8d5', 58123), ('contrib', '20f8688d09924670842013bb655735f24704cda0c905bea42c885626462400bf', 58111), ('contrib', 'e0f7bb8b565dc2f84dacff65aa4e9bce2f0db9b5cc3dacef6056a4d5753763b8', 58123), ('contrib', 'e9c11fd5e44d46ec1a1ba9b8beea34b6816d8ce34af6668dc0ad67048f0600d1', 58123), ('close', '180c7d47f9f5615ba20f68a9f461a4383eb45934808f8128a711696a56ca9c0f', 643640)]"
5,01:29:57.628,0.8826,120.57367493212223,"[1236154620515338359, 1236271226753410903, 1236381732211595961, 1236265012735204659, 306198559281843139, 1248728848502606965]","[86, 87, 87, 84, 87, 86]","[14, 14, 15, 16, 14, 14]","[('0xA41dE09A63f6Cedd633f99052b44450d3BB91D44', 3105321826010810262, 48093718035817858, 1236154620515338359), ('0x17725D495A0843Ea05541fD61ba5D4082750bC08', 3105229787147829611, 48118285410909751, 1236271226753410903), ('0x37AC7AC5D09bbC6dAC1CF036b7F9DdD0EA4E052E', 3105072066619215414, 48071070340480612, 1236381732211595961), ('0x536fc4cd48ad9B3649e8aB615592E83Ec9F5fcd1', 3105226666770372294, 48108951015246190, 1236265012735204659), ('0xA2F37A08a8488CB8551a0D03f7A73f4156757de7', 4293382728490330763, 60707254838467155, 1248728848502606965)]",500000000000000000,"[(5, 153099279640921569)]","[190019190311431884, 190116256475448608, 189929708838462829, 190079376101493835, 239855512976646423]","[[0.0, 1.0, 1.0, 1.0, -1.0, 1.0], [1.0, 0.0, 1.0, 1.0, -1.0, 1.0], [1.0, 1.0, 0.0, 1.0, -1.0, 1.0], [1.0, 1.0, 1.0, 0.0, -1.0, 1.0], [-1.0, -1.0, -1.0, -1.0, 0.0, -1.0], [0.0, 0.0, 0.0, 0.0, 0.0, 0.0]]",[5],"['$user$0, 0.864, good, good, None, 0xA41dE09A63f6Cedd633f99052b44450d3BB91D44', '$user$1, 0.879, good, good, None, 0x17725D495A0843Ea05541fD61ba5D4082750bC08', '$user$2, 0.872, good, good, None, 0x37AC7AC5D09bbC6dAC1CF036b7F9DdD0EA4E052E', '$user$3, 0.876, good, good, None, 0x536fc4cd48ad9B3649e8aB615592E83Ec9F5fcd1', '$user$4, 0.492, bad, bad, 3, 0x118E560679B62a9F24c135A96d416548782f8cc2', '$user$5, 0.842, freerider, freerider, 5, 0xA2F37A08a8488CB8551a0D03f7A73f4156757de7']","[('close', '180c7d47f9f5615ba20f68a9f461a4383eb45934808f8128a711696a56ca9c0f', 643640), ('slot', '80630b5d4d0790d0b0d703e21f363c2385e0468753961d40dd1664f6e13ce058', 50814), ('slot', 'da7486312eb8b3dc9b3055dd06b4262691e618de833782f0a79ff3cfef0bbb84', 50814), ('slot', '11f46d9cc00d630855609b9e7d3fb13cfb59268276105b8db06c8192fa1006aa', 50814), ('slot', 'f42b278f215b335e569af8e55ba45b7152c01a09156907cc11cd119c951dd701', 50814), ('slot', '27ec151d3be4ded421649ec83fe66cb3d0a2d9bd36faf18492d813ac534a9066', 50814), ('slot', '3e87e8bd24dea055a3d9ece1363e481847d4c6a4601cd125617c5f80ad6d4042', 50814), ('weights', '5868e2a679b6a51ea11fd083bf8b03d5f6608689f4aeb0e90724edacb1af29ef', 73694), ('weights', 'f00b8d5deb999af8d37839d0aa414e14525e807bb38271a5228f75de2edf92c7', 56558), ('weights', '3b1fd0ac7b16f29e786ba749ec64c18937d3cbe1afb36b008fd01f4a193cd532', 56570), ('weights', '33603d0ece87f7d72b085ee83162dea26a2f4424eb19111579c0605cfeb4bcbb', 56594), ('weights', '55d79d119b20a24613558cedc4e32a7bce0421e860b48d666454f2535f01a05c', 56594), ('weights', '19fd309c04aeb5b77b7224ca41803314ec9881715fd4347b746bf404c0544bda', 56594), ('feedback', 'e7ced60e6382d99df4feb37919b0acf0b2ddbe847411b6808fdafad2350ca7f1', 323401), ('feedback', '430b060ee9cff5afdee318b2f5e4e63f26ee914737608339716c81bb4ef017f6', 255001), ('feedback', '42829504f3c842107da84b0f5ac44ff3515f604c95e468ae13a44bfb30a1a640', 237901), ('feedback', '6162a80e9636c5dfcf4136f4b49ac7c4802fdc7ff636cbdbf76ea7fac5d6da6e', 237901), ('feedback', 'f65ee40ede8f9ad937864d8e18fd240b47798c692f8fb9d99158239270bfcddf', 239293), ('feedback', '46f1f4db180e06f10a6fc7dd4c8c593926d2e1d05b491e801a7e079988c938a4', 210683), ('contrib', '3787cb49cfdddd7e98d64f73502d8c70a86561a49ddfc0b738dc195720334ecf', 75223), ('contrib', 'edccb7468ce3f79ed6a9f7b62faa65c1928bf0497893e5b6cc7778e14ebe224b', 58123), ('contrib', '758f7b670f3cbf919a48b8d85ff13a69667bda748777f105ca7f34dc66f43fd8', 58123), ('contrib', 'f926db48000915aa20262f0252de34ee73f8786a5c6befb04def6d2d37aaf309', 58123), ('contrib', '6a505ec2f3b93a3c1855de6e69722c6bed7e89dd9416548ffcb563119423b679', 58123), ('close', '6a148505c5f2e99ba0c6301e72352f2aad4b3a1b6782d02b18c2685cb8411340', 643640)]"
6,01:30:23.415,0.8963,104.67168007791042,"[1313605185493123813, 1313741481588451631, 1313804557067708831, 1313719269939527377, 1345129505911188332, 0]","[89, 88, 89, 87, 88, 89]","[12, 12, 13, 14, 12, 12]","[('0xA41dE09A63f6Cedd633f99052b44450d3BB91D44', 3402719412418368384, 77450564977785454, 1313605185493123813), ('0x17725D495A0843Ea05541fD61ba5D4082750bC08', 3402602806180295840, 77470254835040728, 1313741481588451631), ('0x37AC7AC5D09bbC6dAC1CF036b7F9DdD0EA4E052E', 3402492300722110782, 77422824856112870, 1313804557067708831), ('0x536fc4cd48ad9B3649e8aB615592E83Ec9F5fcd1', 3402609020198502084, 77454257204322718, 1313719269939527377), ('0xA2F37A08a8488CB8551a0D03f7A73f4156757de7', 4638874032933706743, 96400657408581367, 1345129505911188332)]",400000000000000000,"[(6, 306198559281843139)]","[190671682357788085, 190720155835151672, 190603390336036682, 190680772066116333, 237323969602584838]","[[0.0, 1.0, 1.0, 1.0, -1.0, 1.0], [1.0, 0.0, 1.0, 1.0, -1.0, 1.0], [1.0, 1.0, 0.0, 1.0, -1.0, 1.0], [1.0, 1.0, 1.0, 0.0, -1.0, 1.0], [-1.0, -1.0, -1.0, -1.0, 0.0, -1.0], [0.0, 0.0, 0.0, 0.0, 0.0, 0.0]]",[5],"['$user$0, 0.887, good, good, None, 0xA41dE09A63f6Cedd633f99052b44450d3BB91D44', '$user$1, 0.883, good, good, None, 0x17725D495A0843Ea05541fD61ba5D4082750bC08', '$user$2, 0.892, good, good, None, 0x37AC7AC5D09bbC6dAC1CF036b7F9DdD0EA4E052E', '$user$3, 0.882, good, good, None, 0x536fc4cd48ad9B3649e8aB615592E83Ec9F5fcd1', '$user$5, 0.842, freerider, freerider, 5, 0xA2F37A08a8488CB8551a0D03f7A73f4156757de7']","[('close', '6a148505c5f2e99ba0c6301e72352f2aad4b3a1b6782d02b18c2685cb8411340', 643640), ('slot', '4b8cc3c026ca404bd1e2c349c90d668cfc3fc0e74287c8637f62715027d3debf', 50814), ('slot', 'ba36a9fb993d3cd426c95bbf4be178a913197fc35f799274823f7007816f15a4', 50814), ('slot', '1d3a47b18f092d82943312bf44f5b456f7ec2bdff4bad83ceeb891ada5a57a89', 50814), ('slot', '42d1908a21c2db52fe8e0b048aee492813f8d52cf16e01ef4d41bbcea0e87f2f', 50814), ('slot', '4d51d90d7336b31d6dc8e27494f97e6f33c57838d479315597ad75196f043202', 50814), ('slot', '2013c999b3496e9a9b51876b2ce531d2f40c94c3aed05d9b8fa3e0ccd7358b6d', 50814), ('weights', '88e73f659bd3e21eea615aef39ef03d68e940c26be9ac40c69a580e2e67879d0', 73694), ('weights', '015d6250e0f806dcff69528f882706f14b565ec8c826c27997c37844772cd088', 56582), ('weights', '8458e0498e69be9cca3b414662db96d75a842714769becc38496476306db1d02', 56582), ('weights', 'd9a2c567d683c3c119b3c42c82da9ae48375fabada31114880d6bbf5d1690524', 56594), ('weights', '6608bd18c398aafd6222b43b7728106f7ad8b0250378ba43e036414049679f6d', 56594), ('weights', 'fdcaf34ae556ffe6c5327aa2aadf794b180747a8c0b76a875d3dd490a940a44e', 56594), ('feedback', 'a57e17c8d88a24b5e8bd03127a349a3ef643aa176af8b8caf45521a73aa2ae61', 323401), ('feedback', '431e4a92d4f1deb51c6634e5b33388f9e0083b61efb88fa89d5270253c038477', 255001), ('feedback', 'c3e2e539d46a9cc618d72b800fe0fe45c58ff2122d5f6bd75a476772768f0331', 237901), ('feedback', 'd873951021f6b7b9d178516fbf536ac31f1633abcfb7ec09c9a49b0e4d8b0896', 237901), ('feedback', 'd83f2088817834cdd56e5030967db966419b12b520061ec279f423c3b3efbc1c', 239293), ('feedback', 'd5afa657fe60148172f36b18510b95b241728c4c57189712b83f9a16b7d901d2', 218683), ('contrib', '39f8f18b5c8259f8a8c790e203343f1f971bc770925aedac7552dd83305f0456', 75223), ('contrib', '0b9102bf623abfaf260c608929871c5c7939eb722b0eb350c94faa63a92ada07', 58123), ('contrib', 'bde566de0f408914a9604156f06bf14d0a87392aaca0966b79f80c6244aaebf1', 58123), ('contrib', 'e60227ac35ec15dbff2ec176f9e88e7022930b153b1978c247837b67ced5b507', 58123), ('contrib', '6da5a10a8c666ecdde0ab0cb1f400f4862f6e1d526814fdb426c1118a9728476', 58123), ('close', 'db316d0162867beb43dfee34c3909125692ec1d7e54285e5323a00cb4322e1f3', 606020)]"
7,01:30:47.170,0.909,92.17122923210263,"[1332731155901328558, 1332863087447062993, 1332912196069598178, 1332831540221763681, 1368662020360246572, 0]","[90, 90, 90, 88, 0, 89]","[10, 10, 11, 12, 0, 11]","[('0xA41dE09A63f6Cedd633f99052b44450d3BB91D44', 3941265308595687839, 19125970408204745, 1332731155901328558), ('0x17725D495A0843Ea05541fD61ba5D4082750bC08', 3941129012500360021, 19121605858611362, 1332863087447062993), ('0x37AC7AC5D09bbC6dAC1CF036b7F9DdD0EA4E052E', 3941065937021102821, 19107639001889347, 1332912196069598178), ('0x536fc4cd48ad9B3649e8aB615592E83Ec9F5fcd1', 3941151224149284275, 19112270282236304, 1332831540221763681), ('0xA2F37A08a8488CB8551a0D03f7A73f4156757de7', 5254870494088811652, 23532514449058240, 1368662020360246572)]",300000000000000000,[],"[191259726881980895, 191216081380844116, 191076412796974182, 191122725605964660, 235325172543525695]","[[0.0, 1.0, 1.0, 1.0, 0.0, 1.0], [1.0, 0.0, 1.0, 1.0, 0.0, 1.0], [1.0, 1.0, 0.0, 1.0, 0.0, 1.0], [1.0, 1.0, 1.0, 0.0, 0.0, 1.0], [0.0, 0.0, 0.0, 0.0, 0.0, 0.0], [0.0, 0.0, 0.0, 0.0, 0.0, 0.0]]",[],"['$user$0, 0.896, good, good, None, 0xA41dE09A63f6Cedd633f99052b44450d3BB91D44', '$user$1, 0.899, good, good, None, 0x17725D495A0843Ea05541fD61ba5D4082750bC08', '$user$2, 0.909, good, good, None, 0x37AC7AC5D09bbC6dAC1CF036b7F9DdD0EA4E052E', '$user$3, 0.897, good, good, None, 0x536fc4cd48ad9B3649e8aB615592E83Ec9F5fcd1', '$user$5, 0.842, freerider, freerider, 5, 0xA2F37A08a8488CB8551a0D03f7A73f4156757de7']","[('close', 'db316d0162867beb43dfee34c3909125692ec1d7e54285e5323a00cb4322e1f3', 606020), ('slot', 'fd9a0728c035c8f536a0c9751ffcae2d172c56a297754d11b691df0bd27d201d', 50814), ('slot', '0dd2c2d926a919f08d7eb42083e6844e96b5b71ecc2652b7b75cc4b9fa93b09a', 50814), ('slot', '01e9b7a6aeb55abefba43ddf3d63df97b04e216d55bce17fd7eb48fcf10768de', 50814), ('slot', '82eed297df4cd8b99f52b13786b1f6062a313626817c91d8b81bcece51c703d1', 50814), ('slot', 'abdcfa93c2010a9da4bfda3c53278bed7af746867ab63bec58cad2f282b7f37e', 50802), ('weights', '246622bfe3a732a416dc0b11d9144a7147ec783f70fe4308a413b7b5869f6abf', 73694), ('weights', 'b9ec227f218c7d8ac2e3b2820d0eaf0882fd9c7b9cbbf3c54039d54f652fa38d', 56582), ('weights', '3c91971081c632008a8d42d145604359e922450eecfa31372e8c9dd3a20a8fd2', 56582), ('weights', '1898395e0b42688762f83aa3f6196522b115cdb109a40d1f48cd20c8fc274895', 56594), ('weights', '7b98b793c9c4bb29292e9e02da0a687d6d2b2efc716d711fd487a0e4252643f7', 56594), ('feedback', 'c5dad147f69158715ff27f3589cd67b4deefff793367b16f06672c5543619466', 270174), ('feedback', '88e3e6c1290a7a1e587f89e688bc1057051fc322c8d1f127a87de63af1400118', 218874), ('feedback', 'fdfe8db5c0d57b7dceb3025a1d90e841eb9f772f02fac7e70b960d77dbf13551', 201774), ('feedback', '6d95dc5290581e4341a1d6efe778ae4d1619d419e8eaf36f740a72683b5f2722', 201774), ('feedback', 'eee1322c49b57da9ff062423897f79981f54a2a76bfcb4f97f19b2aa613354a1', 186678), ('contrib', 'ba6db3f870d03b5fb7bfed628f3cd0d39c0389e9a1e84be7a2205107c655395c', 75223), ('contrib', '28b574ae6041b2004f0b546a1ec793e59e5075bb64c8839e17a914c114909dc3', 58123), ('contrib', '5d9a5f2d8424d275ee70d61e1984ea181901496326f26b5a64bb521f6a18956c', 58123), ('contrib', 'd0f9cafb68db566496b364914fb5d3d3f603d0a8708aaa2c8ec1bad54cde76a5', 58123), ('contrib', '6953efd5fbc35cc3dc1db9efa714dcf85a3f6526d4a364c3c6de9d8b333deaf6', 58123), ('close', '87e758a2f448e523bfd67cc299a6486379afb417bdef0c48f72fba3aeb9145e6', 513374)]"
8,01:31:10.837,0.9179,82.00601982697845,"[1351903338171462655, 1352042674105187319, 1352070739305062409, 1352003874483762339, 1391979373934525256, 0]","[91, 91, 92, 89, 0, 90]","[9, 9, 9, 11, 0, 10]","[('0xA41dE09A63f6Cedd633f99052b44450d3BB91D44', 3998606823738424852, 19172182270134097, 1351903338171462655), ('0x17725D495A0843Ea05541fD61ba5D4082750bC08', 3998474892192690417, 19179586658124326, 1352042674105187319), ('0x37AC7AC5D09bbC6dAC1CF036b7F9DdD0EA4E052E', 3998425783570155232, 19158543235464231, 1352070739305062409), ('0x536fc4cd48ad9B3649e8aB615592E83Ec9F5fcd1', 3998506439417989729, 19172334261998658, 1352003874483762339), ('0xA2F37A08a8488CB8551a0D03f7A73f4156757de7', 5331337979639753410, 23317353574278684, 1391979373934525256)]",200000000000000000,[],"[191721796989440917, 191795840859413146, 191585406661033630, 191723316907882690, 233173504471778869]","[[0.0, 1.0, 1.0, 1.0, 0.0, 1.0], [1.0, 0.0, 1.0, 1.0, 0.0, 1.0], [1.0, 1.0, 0.0, 1.0, 0.0, 1.0], [1.0, 1.0, 1.0, 0.0, 0.0, 1.0], [0.0, 0.0, 0.0, 0.0, 0.0, 0.0], [0.0, 0.0, 0.0, 0.0, 0.0, 0.0]]",[],"['$user$0, 0.9, good, good, None, 0xA41dE09A63f6Cedd633f99052b44450d3BB91D44', '$user$1, 0.9, good, good, None, 0x17725D495A0843Ea05541fD61ba5D4082750bC08', '$user$2, 0.914, good, good, None, 0x37AC7AC5D09bbC6dAC1CF036b7F9DdD0EA4E052E', '$user$3, 0.896, good, good, None, 0x536fc4cd48ad9B3649e8aB615592E83Ec9F5fcd1', '$user$5, 0.842, freerider, freerider, 5, 0xA2F37A08a8488CB8551a0D03f7A73f4156757de7']","[('close', '87e758a2f448e523bfd67cc299a6486379afb417bdef0c48f72fba3aeb9145e6', 513374), ('slot', '6787ef5b4d67ea7b9efb3d8afaf73f0f733f6f442c0eb2b2aa465ad77cc07f98', 50814), ('slot', '65d4849c7655682c550f1d43769993fba6b5e14d19d27c6e7927523a85c8681e', 50814), ('slot', '5de4209a66258a967a7232c29fd20952f397041739439038500c3225076546a8', 50802), ('slot', '5144ced879f42e17a93bdfde06fa8ae48f2627e6291e7afd7949319e094c1991', 50814), ('slot', '6d8e5f296a83d4089eb2e3f20b02588b6e5ee41d2d44ff6febcfaa95915b91a9', 50814), ('weights', '8907d2886465cc11edae7afcb5a60619fbceb944083641a06d50f923ffef3e3e', 73694), ('weights', '4ac5aa52b0df1d37c00f2543bdf12addafeafac3bd2da25cedcc0223a3ba8178', 56582), ('weights', 'bea0d851666bed39d573e0b7d9ea602e63fa86528c9af47689056b4de0884209', 56582), ('weights', '7b4e8a3aff90c414a969649957fef93c2c966b039bc3e213af6b8afba74a9561', 56594), ('weights', 'f814af357ea957ac51714ae556388284eae90aad8f1d08d97352422b5eb81ab9', 56594), ('feedback', 'f738d47289ac7b123a0022c5157c6b6aa5545176c4a667a329b52d59064b3ae2', 270174), ('feedback', 'b8c2d27c1472100374476b330d91a02e3202e07fa01ba0f63ce19ac5653b067c', 218874), ('feedback', '5f357f2855a508b93bc26ad574c022a28f36f7fe6fdc9eae1062a1589326ca78', 201774), ('feedback', '82deeb3d23a0f1baccdabfabb4b1b9db009c38820810918e89756f7f2199e789', 201774), ('feedback', '7b910d4e2ffd342053a5502fecde68b9c850d6fda8ac9ca2365816682647c7ea', 186678), ('contrib', '96d14bf20815bf6f97a9c34e4876ee95fd7b857f8634ce7c4374a6388e63945e', 75223), ('contrib', '9c7d250eba48fd65e1de4d6d5627597df8ffd42d50127e54f90d7606919da532', 58123), ('contrib', '783b6d15e0245bf3ca5deaee11da5a71464fdf6218de6bcc5b12977e975bcd35', 58123), ('contrib', 'fae14895ea58f35b60da85bdbeda00672766d3f9aac106294583354b3c2be4d7', 58123), ('contrib', '00809397918568bb445a3193ef4e78c8d4249aec45c1ac34dff343fdd31fd25c', 58123), ('close', 'd313900889040e81c4b9847ae9c6c06e14e92ca7819a78c0ca3a10b74c95ab26', 513374)]"
9,01:31:34.583,0.9247,73.92576436698437,"[1371119920005813588, 1371254116528736161, 1371272965359863518, 1371220842258211197, 1415132155847375511, 0]","[92, 92, 92, 89, 0, 90]","[8, 8, 8, 10, 0, 9]","[('0xA41dE09A63f6Cedd633f99052b44450d3BB91D44', 4056117287894012067, 19216581834350933, 1371119920005813588), ('0x17725D495A0843Ea05541fD61ba5D4082750bC08', 4055977951960287403, 19211442423548842, 1371254116528736161), ('0x37AC7AC5D09bbC6dAC1CF036b7F9DdD0EA4E052E', 4055949886760412313, 19202226054801109, 1371272965359863518), ('0x536fc4cd48ad9B3649e8aB615592E83Ec9F5fcd1', 4056016751581712383, 19216967774448858, 1371220842258211197), ('0xA2F37A08a8488CB8551a0D03f7A73f4156757de7', 5408020626065474722, 23152781912850255, 1415132155847375511)]",100000000000000000,[],"[192165806889533996, 192114412784576416, 192022249102592468, 192169666290283203, 231527805328369140]","[[0.0, 1.0, 1.0, 1.0, 0.0, 1.0], [1.0, 0.0, 1.0, 1.0, 0.0, 1.0], [1.0, 1.0, 0.0, 1.0, 0.0, 1.0], [1.0, 1.0, 1.0, 0.0, 0.0, 1.0], [0.0, 0.0, 0.0, 0.0, 0.0, 0.0], [0.0, 0.0, 0.0, 0.0, 0.0, 0.0]]",[],"['$user$0, 0.9, good, good, None, 0xA41dE09A63f6Cedd633f99052b44450d3BB91D44', '$user$1, 0.92, good, good, None, 0x17725D495A0843Ea05541fD61ba5D4082750bC08', '$user$2, 0.923, good, good, None, 0x37AC7AC5D09bbC6dAC1CF036b7F9DdD0EA4E052E', '$user$3, 0.907, good, good, None, 0x536fc4cd48ad9B3649e8aB615592E83Ec9F5fcd1', '$user$5, 0.842, freerider, freerider, 5, 0xA2F37A08a8488CB8551a0D03f7A73f4156757de7']","[('close', 'd313900889040e81c4b9847ae9c6c06e14e92ca7819a78c0ca3a10b74c95ab26', 513374), ('slot', '98a7f1a4832d299f5ea5000c07188f3de3796d969e5f6345fa217cdbd262288e', 50814), ('slot', '388be9b04e9a72561e00204fbd69281612b8c9e3406bdd76bd573fe307351aa9', 50814), ('slot', '44ee57d7829a49fb469ca3cbbebb6fb0e9d1274e8b9656f2028b09c08fa3200c', 50814), ('slot', '9144b25e9859cb8a84d0b9f96e0ba72470c500267592aa1e9dd64288e07dd6d1', 50814), ('slot', '748e346cacab70e6ea993a9d0f69d60d0d2b0d291467e5a3611af4e92d3f37f4', 50814), ('weights', '0deeaa3cb39f04cb854065366ce6d7175791cc7535db6deb646d51b60c96d2f9', 73694), ('weights', 'c860906f974e096d13534d9f0308be0afc69728e8def08d5bef776ea17d59927', 56582), ('weights', 'cc2d3afded616f1c195fd2c65bf6e1795192ccecf27c3042638bc2bd0d1e9918', 56582), ('weights', '02a47c14067c673de2b9c8f9614a88587dfc7f5d0f95b9d06dd2da972e014a6b', 56594), ('weights', '86f9c6beb20fcf65f573595350a16fc79996bf89c801c9e7cb0462dcf772b68f', 56594), ('feedback', '7220e06c436a24cf00c7f88203f214ee58df0f9bef2c08af2806c9e2e4919724', 270174), ('feedback', '94f4beebd319af9f41e7820e523e8bf7a36f50fe66fe26615e2f2fdd5671e2b5', 218874), ('feedback', '82fa5d882d727a201bd45c84f6199d8000b5e10dc02697cff956186901a88605', 201774), ('feedback', '2ddd4f0c35a9a0f9f51a756aee4191d9117e87bd6de51867bba53441a05f92c9', 201774), ('feedback', '1fbc73fdeee16417fe2b8d2963066a8d7ce56d4bee73362b619f6d6060876242', 186678), ('contrib', '72c910553661a354117c8368affae50f40b896bb836f1a26dc67e4b3d73e9ffe', 75223), ('contrib', '72f6b047a42424b2d4c5f2360a4f8b123b6bae76fedbe5db94a38327c7bb555b', 58123), ('contrib', 'c87b8750339790c242493a1b5d5c3f550df1a826cafed06d4c4e0cc60f5800c3', 58123), ('contrib', '569227c2ea2c18791e9a31ec392250849feedfc733e32e454459404c8881d1e6', 58123), ('contrib', 'b4e59d1f19749c23ada474ef6c74621015e5398cbb50afe42f9ef26e8156b5b0', 58123), ('close', '98fe5cce828b28156a7d5f9eca1ce3b371e0b16834aa11b03582c65a8fa0d59d', 513374)]"
10,01:31:58.345,0.9339,66.5874353647232,"[1390367327531282357, 1390507538163579705, 1390506619111910788, 1390465358958063746, 1438153156235163376, 0]","[92, 93, 94, 90, 0, 91]","[7, 7, 8, 9, 0, 8]","[('0xA41dE09A63f6Cedd633f99052b44450d3BB91D44', 4113747924146810876, 19247407525468769, 1390367327531282357), ('0x17725D495A0843Ea05541fD61ba5D4082750bC08', 4113613727623888303, 19253421634843544, 1390507538163579705), ('0x37AC7AC5D09bbC6dAC1CF036b7F9DdD0EA4E052E', 4113594878792760946, 19233653752047270, 1390506619111910788), ('0x536fc4cd48ad9B3649e8aB615592E83Ec9F5fcd1', 4113647001894413267, 19244516699852549, 1390465358958063746), ('0xA2F37A08a8488CB8551a0D03f7A73f4156757de7', 5484867844152624464, 23021000387787865, 1438153156235163376)]",0,[],"[192474052309989929, 192534193396568298, 192336514592170715, 192445144057273864, 230209976434707641]","[[0.0, 1.0, 1.0, 1.0, 0.0, 1.0], [1.0, 0.0, 1.0, 1.0, 0.0, 1.0], [1.0, 1.0, 0.0, 1.0, 0.0, 1.0], [1.0, 1.0, 1.0, 0.0, 0.0, 1.0], [0.0, 0.0, 0.0, 0.0, 0.0, 0.0], [0.0, 0.0, 0.0, 0.0, 0.0, 0.0]]",[],"['$user$0, 0.921, good, good, None, 0xA41dE09A63f6Cedd633f99052b44450d3BB91D44', '$user$1, 0.926, good, good, None, 0x17725D495A0843Ea05541fD61ba5D4082750bC08', '$user$2, 0.925, good, good, None, 0x37AC7AC5D09bbC6dAC1CF036b7F9DdD0EA4E052E', '$user$3, 0.917, good, good, None, 0x536fc4cd48ad9B3649e8aB615592E83Ec9F5fcd1', '$user$5, 0.842, freerider, freerider, 5, 0xA2F37A08a8488CB8551a0D03f7A73f4156757de7']","[('close', '98fe5cce828b28156a7d5f9eca1ce3b371e0b16834aa11b03582c65a8fa0d59d', 513374), ('slot', '8f5bdb309f00f6aa6571558f8808f43b19e94a37de357504076d8c3089619604', 50814), ('slot', 'c882f7e58e472c73a57b40f66b2b7ff213f3280f67cff3fc94d0b11648f40d67', 50814), ('slot', 'e16764ab9cf221cd199d823991ced71201fc4fca510aba6aa9e19459b9d30e66', 50814), ('slot', '743ae92c69fe55b430a7a5c21616082b4d04d3238b1bcbec327cdac39015fabc', 50814), ('slot', 'a7290bdd99518123b0470d4a623f8f87945b33df36933f4610a3da5ea6323985', 50814), ('weights', '82d8ff477e27ec7b240644b15af1d70dd721de6f2bbe5ff1359422c4aa465608', 73694), ('weights', '9d4e7e5440af285c5de12d361386f508099e79a8d43f3fb7f6fb1b79cf888f58', 56582), ('weights', '8d2e1689e691b6f03304dcb0da907788f77c883cc6211eef12e435aa4e6c5434', 56582), ('weights', 'e9c6798905505e65823a25026b6db2abac099fed251e81e4e44a099a22aca125', 56582), ('weights', '35359654db7b68e82cfb44f5e4ba2c48a474b24b5050ba4bc8c8d48fc7994455', 56594), ('feedback', '8c5344a109590e9571d54fff2a55fc30cff39de53bbae4042312380a10801bb9', 270174), ('feedback', '9a36ff6ef0ee475b968918c86bfa5927406737ccca0070caf1535a3bb5354bc8', 218874), ('feedback', '79de3d8873a70ac71568c99c72b18d4b0218265269c71adf6c3df66366a89e21', 201774), ('feedback', '1d72d91e11e7510f5ccf2bbb2b4d32f0c7762fa9e1d36f797a016a89502feb82', 201774), ('feedback', '7d04ea0fb6999aac846b1e2e6c12260e69a20e0fec3bff860c9cea62117b3895', 186678), ('contrib', '49f3da831ac5efacb92f4fbbd2f890e4a3118cf54c7bf451be8f8654aadfe67b', 75223), ('contrib', '86837b78a819b14e55dd979cb4941ccd6c49dd025d0a7bedf467461d2983c4c2', 58123), ('contrib', '634623ca2822288169eaa85311977393d9eef7e0a1824ac3c49e5a130d28d7a0', 58123), ('contrib', '5fbd27f0570834faa62f10d322fb6f992fe0e96af1c4592cfbbcae111d82efcc', 58123), ('contrib', 'a62be987e88fc39d2b5a9e8caa8e5ad7f6854e09c8c2823191ce2e01b3059f5c', 58123), ('close', '6b6125cb3de1fb41b4fea683bab8c2fd711f948e44514480a51d81fa7b867377', 513374)]"
# $gasCosts$[422553, 354153, 337053, 337053, 337053, 337053, 75223, 58123, 58123, 58123, 58123, 58123, 300179, 248879, 254653, 231779, 237553, 226005, 75223, 58123, 58123, 58123, 58123, 58123, 323401, 255001, 235901, 237901, 229293, 257801, 75223, 58123, 58123, 58123, 58123, 323401, 255001, 237901, 237901, 239293, 237901, 75223, 58123, 58111, 58123, 58123, 323401, 255001, 237901, 237901, 239293, 210683, 75223, 58123, 58123, 58123, 58123, 323401, 255001, 237901, 237901, 239293, 218683, 75223, 58123, 58123, 58123, 58123, 270174, 218874, 201774, 201774, 186678, 75223, 58123, 58123, 58123, 58123, 270174, 218874, 201774, 201774, 186678, 75223, 58123, 58123, 58123, 58123, 270174, 218874, 201774, 201774, 186678, 75223, 58123, 58123, 58123, 58123, 270174, 218874, 201774, 201774, 186678, 75223, 58123, 58123, 58123, 58123],[126674, 126674, 126674, 126674, 126674],[50814, 50814, 50814, 50814, 50802, 50814, 50814, 50814, 50802, 50814, 50802, 50814, 50814, 50814, 50814, 50814, 50814, 50814, 50814, 50814, 50814, 50814, 50814, 50814, 50814, 50814, 50814, 50814, 50814, 50814, 50814, 50814, 50814, 50814, 50814, 50814, 50814, 50814, 50814, 50814, 50802, 50814, 50814, 50802, 50814, 50814, 50814, 50814, 50814, 50814, 50814, 50814, 50814, 50814, 50814, 50814],[73694, 56582, 56582, 56594, 56594, 56594, 73694, 56582, 56582, 56582, 56594, 56594, 73694, 56582, 56582, 56594, 56594, 56594, 73694, 56582, 56582, 56594, 56594, 56582, 73694, 56558, 56570, 56594, 56594, 56594, 73694, 56582, 56582, 56594, 56594, 56594, 73694, 56582, 56582, 56594, 56594, 73694, 56582, 56582, 56594, 56594, 73694, 56582, 56582, 56594, 56594, 73694, 56582, 56582, 56582, 56594],[641581, 611186, 643640, 643640, 643640, 606020, 513374, 513374, 513374, 513374],[],[]
# TOTAL EXPERIMENT TIME: 269.87 seconds
