# Author reb
# ------Specs--------# cpu_name: AMD64 Family 23 Model 8 Stepping 2, AuthenticAMD (processor model)
# cpu_cores: 6 (physical cores)
# ram_gb: 15.93 (system memory in GB)
# gpu_name: None (graphics processor)
# os_name: Windows (operating system)
# ------Config--------# good_contributors: 4 (honest participants)
# bad_contributors: 1 (malicious participants)
# freeriders: 1 (contribute 0)
# inactive: 0 (never join)
# reward: 1000000000000000000 (total reward pool)
# minimum_rounds: 10 (rounds to simulate)
# min_buy_in: 1000000000000000000 (lower buy-in bound)
# max_buy_in: 1000000000000000000 (upper buy-in bound)
# standard_buy_in: 1000000000000000000 (default buy-in)
# epochs: 1 (local epochs per round)
# batch_size: 32 (training batch size)
# punish_factor: 3 (penalty multiplier)
# first_round_fee: 50 (fee for first round)
# fork: True (True=local fork, False=real net)
# contribution_score_strategy: accuracy (scoring method)
# use_outlier_detection: False (Whether to use outlier detection)
# freerider_start_round: 3 (When freeriders should start freeriding)
# freerider_noise_scale: 0.1 (How much noise a freeder should add)
round,time,globalAcc,globalLoss,GRS,accAvgPerUser,lossAvgPerUser,rewards,conctractBalanceRewards,punishments,contributionScores,feedbackMatrix,disqualifiedUsers,userStatuses,GasTransactions
# $startingUserConfig$['$user$0, 0, good, good, None, 0x2adF05454DC6B0494f9CAE2B56235fD4ca55592A', '$user$1, 0, good, good, None, 0xbB52217162539A4D9cb72Db99fD36263798E8619', '$user$2, 0, good, good, None, 0x2273f9acD6D094959D51Fcb23394952c31814946', '$user$3, 0, good, good, None, 0x0c28766BA974a46e294846df83263bc567d811BB', '$user$4, 0, good, bad, 3, 0x1d00B04A7dE781069478545953C538aaE557c1b1', '$user$5, 0, good, freerider, 3, 0x7Afd526e0ceFC5F9d988077e8F98e46310986319']
0,17:57:46.669,0,722.0194652080536,"[1000000000000000000, 1000000000000000000, 1000000000000000000, 1000000000000000000, 1000000000000000000, 1000000000000000000]",[],[],[],1000000000000000000,[],[],,[],"['$user$0, 0, good, good, None, 0x2adF05454DC6B0494f9CAE2B56235fD4ca55592A', '$user$1, 0, good, good, None, 0xbB52217162539A4D9cb72Db99fD36263798E8619', '$user$2, 0, good, good, None, 0x2273f9acD6D094959D51Fcb23394952c31814946', '$user$3, 0, good, good, None, 0x0c28766BA974a46e294846df83263bc567d811BB', '$user$4, 0, good, bad, 3, 0x1d00B04A7dE781069478545953C538aaE557c1b1', '$user$5, 0, good, freerider, 3, 0x7Afd526e0ceFC5F9d988077e8F98e46310986319']","[('register', 'c444d99e70236ec96f6628912de2d49a7443c3ff12127ccf58a4120ae21b8e56', 126674), ('register', '4c27a69921da6f52eb2d7d2614d8e1450c03793e6cae2813e84a0524b0ce9b93', 126674), ('register', '6d3badb43f7a8c078858a7d24c777609c3c84ecd1002ef0b45e752d753eeb780', 126674), ('register', '6bd297854b984af55b7339f20d1241a7ace18d56647c0baa33c78156795e4ed7', 126674), ('register', '749f93e88e35d8a7c1d33f2a5e4dcbe0d44d65df3777e327edff177469946100', 126674)]"
1,18:00:23.072,0.1407,717.9047546386719,"[1021902951264390818, 1019526180033242723, 1013856294715074296, 1014322665643813683, 1016221315644647532, 1014170592698830946]","[4, 6, 5, 5, 6, 5]","[74, 74, 74, 74, 74, 74]","[('0x2adF05454DC6B0494f9CAE2B56235fD4ca55592A', 5000000000000000000, 21902951264390818, 1021902951264390818), ('0xbB52217162539A4D9cb72Db99fD36263798E8619', 4000000000000000000, 19526180033242723, 1019526180033242723), ('0x2273f9acD6D094959D51Fcb23394952c31814946', 4000000000000000000, 13856294715074296, 1013856294715074296), ('0x0c28766BA974a46e294846df83263bc567d811BB', 4000000000000000000, 14322665643813683, 1014322665643813683), ('0x1d00B04A7dE781069478545953C538aaE557c1b1', 4000000000000000000, 16221315644647532, 1016221315644647532), ('0x7Afd526e0ceFC5F9d988077e8F98e46310986319', 5000000000000000000, 14170592698830946, 1014170592698830946)]",900000000000000000,[],"[219029512643908186, 195261800332427237, 138562947150742965, 143226656438136840, 162213156446475326, 141705926988309471]","[[0.0, 0.0, 0.0, 0.0, 0.0, 1.0], [1.0, 0.0, 1.0, 1.0, 1.0, 1.0], [1.0, 1.0, 0.0, 1.0, 1.0, 1.0], [1.0, 1.0, 1.0, 0.0, 1.0, 1.0], [1.0, 1.0, 1.0, 1.0, 0.0, 1.0], [1.0, 1.0, 1.0, 1.0, 1.0, 0.0]]",[],"['$user$0, 0.758, good, good, None, 0x2adF05454DC6B0494f9CAE2B56235fD4ca55592A', '$user$1, 0.67, good, good, None, 0xbB52217162539A4D9cb72Db99fD36263798E8619', '$user$2, 0.687, good, good, None, 0x2273f9acD6D094959D51Fcb23394952c31814946', '$user$3, 0.675, good, good, None, 0x0c28766BA974a46e294846df83263bc567d811BB', '$user$4, 0.703, good, bad, 3, 0x1d00B04A7dE781069478545953C538aaE557c1b1', '$user$5, 0.762, good, freerider, 3, 0x7Afd526e0ceFC5F9d988077e8F98e46310986319']","[('slot', 'ac3d96290d53a6cd180723df33661e46b421abb8c807489120f6d0653b4e74eb', 50814), ('slot', '9ba9f6d5465036e3d01e4a1bf97c721c8eaba856ad3c5b9e193e67bb0867861e', 50814), ('slot', 'db931ac804cba42f89c5c79d5f3b62f76b97cf586a4ab32114a5b60b472c8b36', 50814), ('slot', '0fd760c63e36041db9fd1b76d93a570b27f5fd23d1630a8b282168a5ed40730e', 50814), ('slot', '17f6c384f4d5be84ddc7b4f7db64051f7b133ed6fd9ee97c63dcd2fab2ad1d5e', 50814), ('slot', '8a507bdb6f1842b7f886eaf719de90a91c66c3f3958444a0f57b8f973bc3dd66', 50814), ('weights', '86b87a72ef4fd824b7e8b269ab192735777049b52ca745fcbc0cabee64229409', 73694), ('weights', 'ce4687067d0e7ecdd4b90f56b1965ca469e0b853d8ec32834e31b48600152f22', 56594), ('weights', '404a9b3c3ee3dd80d5cc4307a991e32bd92ee2df6f438bec0836b2055b21f8ee', 56594), ('weights', '2a0ec0556b7320b9d66f5ff88d67d011247b09cca343af29de3dd51f5b8e63f9', 56594), ('weights', '002ca49a376a0f93c84d2781608cfb6cce2ac3d2a7ad5c99c6ecb156f609af1e', 56594), ('weights', '7061cd3d7737a4d513192b9b300ccda11803329a6a815327226135a926a7891e', 56594), ('feedback', '1cf1fde3ffe80762dde3ac4c1281652abdf8adf5f02d72cb4b4a2e8bdf7f17e8', 653035), ('feedback', '15ae8ec668cdbda38e06fc8a8b230fd845ad2511870d2cc8245a51c1fb9892a2', 799031), ('feedback', '9202b8c846332f68e56de236e96579e134e03351e6f816d061af837902d160ce', 747731), ('feedback', 'f16adf05195e38874969dec067c6b1ce9330cf8f35d0a014e7b7e7343ff01ac3', 730631), ('feedback', 'ce09dbbed98224635c4d9e7b81bae6bd91fcff6c78899df307cef829dbb8639f', 730643), ('feedback', 'cedc4d7292a3384762540751e450d28fcc5975073ffafbac8217a2a269276eb6', 730631), ('contrib', '71f651021bd3a52b54adc3dc94d72d66701d6f46bc368c4d662b57836f60d815', 75223), ('contrib', '665e42f32c36f69c0d5e68a996717448cc5f639184ebf1ddfa4818e6ed44b753', 58123), ('contrib', '3dd741abc46de4081b611d3006ab3b84c978a9c11d069435a28b8b81a201dd14', 58123), ('contrib', '04f715564e4486e0d9cf75918b8da41663cffbde8264f21f9f0aaa0fed3c927f', 58123), ('contrib', 'e0d0c57137198c9ef72e647afa0796b092303d94ff4cbd0cc7eaf6c94b35aaba', 58123), ('contrib', 'acd8297b2822e358dae2c61dce404eecf80f805b54e17a0fe972c02441b24517', 58123), ('close', '8cd15e16ecc78294159ca1936309889ceb8a9935a84c7f333d3a4c23c2829f9e', 641584)]"
2,18:03:12.111,0.3892,686.2418763637543,"[1107186205049605808, 1099175527705479012, 1099139548500289286, 1120733067352698780, 677480877096431688, 1096284774295495420]","[11, 12, 14, 14, 13, 16]","[73, 73, 73, 73, 73, 73]","[('0x2adF05454DC6B0494f9CAE2B56235fD4ca55592A', 4063774383091795497, 85283253785214990, 1107186205049605808), ('0xbB52217162539A4D9cb72Db99fD36263798E8619', 4066151154322943592, 79649347672236289, 1099175527705479012), ('0x2273f9acD6D094959D51Fcb23394952c31814946', 4071821039641112019, 85283253785214990, 1099139548500289286), ('0x0c28766BA974a46e294846df83263bc567d811BB', 5085677334356186315, 106410401708885097, 1120733067352698780), ('0x7Afd526e0ceFC5F9d988077e8F98e46310986319', 4071506741657355369, 82114181596664474, 1096284774295495420)]",800000000000000000,"[(2, 338740438548215844)]","[194382022471910109, 181540930979133208, 194382022471910109, 242536115569823435, 187158908507223109]","[[0.0, 1.0, 1.0, 1.0, 0.0, 1.0], [1.0, 0.0, 1.0, 1.0, 0.0, 1.0], [1.0, 1.0, 0.0, 1.0, 0.0, 1.0], [0.0, 0.0, 0.0, 0.0, -1.0, 0.0], [1.0, 1.0, 1.0, 1.0, 0.0, 1.0], [1.0, 1.0, 1.0, 1.0, 0.0, 0.0]]",[5],"['$user$0, 0.3, good, good, None, 0x2adF05454DC6B0494f9CAE2B56235fD4ca55592A', '$user$1, 0.325, good, good, None, 0xbB52217162539A4D9cb72Db99fD36263798E8619', '$user$2, 0.289, good, good, None, 0x2273f9acD6D094959D51Fcb23394952c31814946', '$user$3, 0.404, good, good, None, 0x0c28766BA974a46e294846df83263bc567d811BB', '$user$4, 0.236, good, bad, 3, 0x1d00B04A7dE781069478545953C538aaE557c1b1', '$user$5, 0.35, good, freerider, 3, 0x7Afd526e0ceFC5F9d988077e8F98e46310986319']","[('close', '8cd15e16ecc78294159ca1936309889ceb8a9935a84c7f333d3a4c23c2829f9e', 641584), ('slot', '86180c886123d38e0c96cae2c97d37c44cca7be31fe24e9df359a9f394912489', 50814), ('slot', '4e3e3a8cbeb6cd5150a3278232b3ddc0f817cfb747c98accde74b362a41b192a', 50814), ('slot', 'ab6c95c198158b03e0123327576df43950061bbe40bf6dca4a66285fece94bea', 50814), ('slot', 'd3babdad4e36bc7cce22315e9100b9cd7137f99c44960f61131899671df01857', 50814), ('slot', '1097f5d5755a3bd58b532fb2880a455ebf920fd6a2565d0a18aeca9396c36b88', 50814), ('slot', 'd40a24cecb81ae1b5bc63d8a8c7edd66cbbd01daccddb5aed27e4abed1b5e8dd', 50814), ('weights', 'db76449d2e05009ab164a5cddce30ee816959ee7ad4adfdcafcef79c1dcd2d47', 73694), ('weights', '06f000edb5df23b18039d68e6ead69ad393f36a0fa064fff5387990ae8dbfc39', 56594), ('weights', '7ecd491b7b596af4e008133b4f205bb86197b26cba3ee59ea514e9aab9a02f5e', 56594), ('weights', '365beaed2f33f07feb97065d748ab56bbc6c310fc2915212daef546bd63d096d', 56582), ('weights', '075f2a445e5a5e3a070d84598b6849e9e8ec00329bbb9df44e60547fe3178c07', 56594), ('weights', '210133c1b1a3acfda02549417ec972af3c1af7225dd0e68c4ffa92d8abdb2c59', 56582), ('feedback', 'eaa3d031d0898917cc4296c1fcaf4290130a119d5832d65d228c815be48460ac', 755457), ('feedback', '9063fdb93fcd694c3705e5c7799bd60accdae9202cacbe5af57366e590334f5a', 642457), ('feedback', '0d96e94cb122428fbd8db737ac2d1f07e57d7f47f405f1f6217c089f93fb3c77', 625357), ('feedback', '32592ec782cd4a9537975d51be6018f4068c524d631ac70b53b5bad03e4e742e', 623483), ('feedback', '90e15b914cc68bb3568b1650fbd00788d6c7abe42d994a376f198ddd9d1ad3a8', 631143), ('feedback', 'fd3fcb1f9947f947195b3e7bef8a05ecb0b49dfd0b4d3eb2eed03c1cf4029f4f', 625357), ('contrib', '61e99bb9e7d3aeda76615fe88ff9ccfb846e9a7256f7afcdaedb23e7e24da974', 75223), ('contrib', '0c3f0b88029710691a5dbf024d9f98225168dac22a73acbc83da550916d03a95', 58123), ('contrib', '59c2239c460bdfb54fbc2e8540d33659d4a64ab0aac79e34470290e088589bef', 58123), ('contrib', '6c5e3941f7b636c0431defe746755946882f3675591fee7b3e830f292b3d3bbc', 58123), ('contrib', '61719900ca00cc7eb60c25c3bd33ff3f4845f8a0eed5e8ddb22c075725df8411', 58123), ('close', 'd24d5b433a4279b2a9a05780ceb099dd088a15b847a690e8fe86b1176df5dfa7', 643643)]"
3,18:05:22.216,0.7717,237.39282140135765,"[1273658006719942494, 1278744960758548116, 1272078236065294639, 1293008362194930004, 451653918064287792, 730856516196996947]","[39, 39, 38, 37, 41, 42]","[70, 70, 70, 70, 70, 70]","[('0x2adF05454DC6B0494f9CAE2B56235fD4ca55592A', 2641567266462035390, 166471801670336686, 1273658006719942494), ('0xbB52217162539A4D9cb72Db99fD36263798E8619', 2649577943806162186, 179569433053069104, 1278744960758548116), ('0x2273f9acD6D094959D51Fcb23394952c31814946', 2649613923011351912, 172938687565005353, 1272078236065294639), ('0x0c28766BA974a46e294846df83263bc567d811BB', 2628020404158942418, 172275294842231224, 1293008362194930004)]",700000000000000000,"[(3, 225826959032143896), (3, 365428258098498473)]","[240825381920950737, 259772987751833106, 250180661612744326, 249220968714471774]","[[0.0, 1.0, 1.0, 1.0, -1.0, -1.0], [1.0, 0.0, 1.0, 1.0, -1.0, -1.0], [1.0, 1.0, 0.0, 1.0, -1.0, -1.0], [1.0, 1.0, 1.0, 0.0, -1.0, -1.0], [-1.0, -1.0, -1.0, -1.0, 0.0, -1.0], [0.0, 0.0, 0.0, 0.0, 0.0, 0.0]]","[5, 6]","['$user$0, 0.723, good, good, None, 0x2adF05454DC6B0494f9CAE2B56235fD4ca55592A', '$user$1, 0.748, good, good, None, 0xbB52217162539A4D9cb72Db99fD36263798E8619', '$user$2, 0.737, good, good, None, 0x2273f9acD6D094959D51Fcb23394952c31814946', '$user$3, 0.729, good, good, None, 0x0c28766BA974a46e294846df83263bc567d811BB', '$user$4, 0.236, bad, bad, 3, 0x1d00B04A7dE781069478545953C538aaE557c1b1', '$user$5, 0.35, freerider, freerider, 3, 0x7Afd526e0ceFC5F9d988077e8F98e46310986319']","[('close', 'd24d5b433a4279b2a9a05780ceb099dd088a15b847a690e8fe86b1176df5dfa7', 643643), ('slot', 'f86b5b6c6d22a1a06154f6dc625d811f2eeb80cb041c632310b368a899042504', 50814), ('slot', 'a663ea2c758a93ff3835c934ea3abb08b3cb813bf79bb8b1484ae66088f905ce', 50814), ('slot', '17676360cb154c8491c055a43fd38fe11f736c2959103062596fbbedbe1cf9ab', 50814), ('slot', '1f486a55e40d3264ffcb805ae87a33b74cf85eb5ac73fe7596eb0a6b60fd211a', 50814), ('slot', '9fc82e8f90074c9b4d92858a69cb662d8a043574b2cf67d6fac3ab1ef3a247f4', 50814), ('slot', 'f6982cdb33516db58b73e98487abeee3248695a302ae3c9e75622f4e9684a549', 50814), ('weights', '508756a39577d3863df1cd846b155db926f578118a339d65d1595dbf99813e30', 73694), ('weights', '2548f5f2fc81f077b234177e6f9cbf01e31a722ce2c08023a6d42c45a801d7c5', 56594), ('weights', '7085093e69e50455ea328ed099bc76ebe39d464d8c3a4abef4c715c5206f63bc', 56594), ('weights', '36bfaffd6eed31ebcc8618dd7fc8836fee6ccc6713c44f1a6480cb549f004eb5', 56594), ('weights', 'da898ad5f7b6055f8a668c013070f53d72010e0cb5fab2e99b50136c1f8dda3e', 56594), ('weights', '69428f77859ab9a59883535419c9b249458e48d7ef75b69668240a4288296cdc', 56582), ('feedback', '1b1afa724c4bc6a530d4a5575243eea5a98e0490a7d6e2898b779f07c91323a7', 715351), ('feedback', 'bb19d1a9b89d7f5f6c8028df1aabdedf6c9a7db8b8550b8268b07f327be3bac6', 646951), ('feedback', '1168c8f56ebf065b8e9be152e890849f0662717ef5fa36613d0ef24d2f3a9e57', 629851), ('feedback', '9f330102035d190ebd01214ab3f7311801b6ab5aa02900996862e975a66c281d', 691551), ('feedback', 'c7337ff6dafbb5ed1a842b702cafebcf467475d6ee5500f57c45b439b6255d6d', 603043), ('feedback', '3a288abe85ddc857d44602686194ea2aa2135b3d41e185262db33c32411f3ffa', 604261), ('contrib', '5c55b2c0ee29c606d9206a33f8ca56968f40bffe21b1632bfc407af5013fff5e', 75223), ('contrib', 'b372a380f86d37fffa88f4a333ee81a2d0e022a3a0e2ad981c3cef588aa2a62c', 58123), ('contrib', 'eb15798c9534c9ea4db4e0bb8cf09db5652b6f5d61494aca9cdb4a0adadd1775', 58123), ('contrib', 'df9c36828c9ad97fb2845c50eb33b5689213a04da5df7193d70fdd6bdb66719f', 58123), ('close', '23a3fe72fc4c3e21494cee366059d919b1b5822374971aa053d66f0b5a03ed9f', 658517)]"
4,18:07:39.005,0.863,149.67688473314047,"[1351189954280741170, 1413730544895832053, 1415937480070316050, 1430801731245587557, 301102612042858528, 487237677464664632]","[76, 76, 76, 75, 77, 78]","[24, 25, 25, 26, 24, 23]","[('0x2adF05454DC6B0494f9CAE2B56235fD4ca55592A', 3392177640954484967, 77531947560798676, 1351189954280741170), ('0xbB52217162539A4D9cb72Db99fD36263798E8619', 3387090686915879345, 134985584137283937, 1413730544895832053), ('0x2273f9acD6D094959D51Fcb23394952c31814946', 3393757411609132822, 143859244005021411, 1415937480070316050), ('0x0c28766BA974a46e294846df83263bc567d811BB', 3372827285479497457, 137793369050657553, 1430801731245587557)]",600000000000000000,"[(4, 150551306021429264), (4, 243618838732332315)]","[156893224699828470, 273156089193825057, 291112778730703292, 278837907375643179]","[[0.0, 1.0, 1.0, 1.0, -1.0, -1.0], [1.0, 0.0, 1.0, 1.0, -1.0, -1.0], [1.0, 1.0, 0.0, 1.0, -1.0, -1.0], [1.0, 1.0, 1.0, 0.0, -1.0, -1.0], [-1.0, -1.0, -1.0, -1.0, 0.0, -1.0], [0.0, 0.0, 0.0, 0.0, 0.0, 0.0]]","[5, 6]","['$user$0, 0.816, good, good, None, 0x2adF05454DC6B0494f9CAE2B56235fD4ca55592A', '$user$1, 0.835, good, good, None, 0xbB52217162539A4D9cb72Db99fD36263798E8619', '$user$2, 0.839, good, good, None, 0x2273f9acD6D094959D51Fcb23394952c31814946', '$user$3, 0.821, good, good, None, 0x0c28766BA974a46e294846df83263bc567d811BB', '$user$4, 0.236, bad, bad, 3, 0x1d00B04A7dE781069478545953C538aaE557c1b1', '$user$5, 0.35, freerider, freerider, 3, 0x7Afd526e0ceFC5F9d988077e8F98e46310986319']","[('close', '23a3fe72fc4c3e21494cee366059d919b1b5822374971aa053d66f0b5a03ed9f', 658517), ('slot', 'db7f5769355ce44437a3ad31335b1fd4209f7b1c3d71b9c41fe92b6d7c5b84c4', 50814), ('slot', '5d1c82147e9b268e84d9c5adb5816297c33067a7269e2f535a14fa350082a607', 50814), ('slot', '41b3829aef34ee217411762f3da2dbf8d5fc0d15f9ce57a4555fde326f967dd0', 50802), ('slot', '83db9eace25f0b1882f0447b01bcc7d9e95aab5dee6e2c9d50e0da5ae678929d', 50814), ('slot', 'fc04158d8e77a59767c2e5a20b2752b5de301475317f0c9d227cfc696e670479', 50814), ('slot', '3baf6f59ef33d37110a8a9abc7eecc852525b652997d097c0b2250c4ced69aef', 50814), ('weights', '462d4a27aa41ce09ee25c3bac3d24f3cf149a8747943504d503d91dbc0d80480', 73694), ('weights', '7c7e6c52d5fdddc1549242181f2073e798c59cd26868ad106dd6e0857c265a0e', 56594), ('weights', '77e73750ca576d1c4c2056043c0b2f3df4a9e7eb0f53534e9d3c396501d769f8', 56594), ('weights', '046298356647f8c765d519b6fb9cd6d301adfba1c84dc9009ee1d536ffe79878', 56582), ('weights', 'b24c37ff8223df9238268d85ce1dac9cc6114871439175145b3d246419360672', 56582), ('weights', 'e4c9763403b6464fe36b84e7eaebee6867868aedd2b06d8e93ae059b82da9eac', 56594), ('feedback', '768d2592f96ffbad178b948f8bb248dbeefb4a92c8bf1175f5641ef136d350de', 717363), ('feedback', '6db5996c31cc44725d307e258e7567f59fa458a1db980680c3ea963d91277a9e', 648963), ('feedback', '96d30f78537e6e8c91849c891ce83312a995226be27fc077085cc32359ed1727', 631863), ('feedback', 'ceda27d839625c93e46f9493dd7a57c5dfdd3057cd5877c2486e0c2542fadd3f', 631863), ('feedback', '94ceace59c4174e241c757761b1c77a35d54f51fd046ebcac005193d39068365', 613043), ('feedback', '0a2653f55bd5f21544627927eb03dece4fa89fca3e64f20e033d52e5ec5013f4', 612261), ('contrib', '6f535950574e360c78e145b3394fda84c350539deaabc9fb14e8440cb4045682', 75223), ('contrib', 'fb91f242ff2f76fc0d685001790f5cc8ad89c0b2e3ed24cfa077df307fd04163', 58123), ('contrib', '25b93380803db17be7a93928a87d42eafc00ccada5ea46bf5f97f1217ff29807', 58123), ('contrib', 'dd8d17392646894ebd99e8aadef5a91f0869673c180855fd0a23b052601fc537', 58123), ('close', 'a144118efad37d941b6f9a7d6ec1bdb1139906dcbb3898763d8861458e5fa7dd', 658517)]"
5,18:09:50.924,0.8885,116.82437267526984,"[1400710984476905802, 1425683897012146899, 1388615532375878056, 1960164467825292810, 324825118309776422, 0]","[85, 86, 86, 84, 87, 87]","[14, 15, 16, 17, 15, 15]","[('0x2adF05454DC6B0494f9CAE2B56235fD4ca55592A', 3959367144168877132, 49521030196164632, 1400710984476905802), ('0xbB52217162539A4D9cb72Db99fD36263798E8619', 3896826553553786249, 11953352116314846, 1425683897012146899), ('0x2273f9acD6D094959D51Fcb23394952c31814946', 3894619618379302252, 27321947694437994, 1388615532375878056), ('0x0c28766BA974a46e294846df83263bc567d811BB', 3879755367204030745, 529362736579705253, 1960164467825292810)]",500000000000000000,"[(5, 162412559154888210), (5, 301102612042858528)]","[87878787878786113, 21212121212119447, -48484848484851655, 939393939393945998]","[[0.0, 1.0, 1.0, 1.0, -1.0, -1.0], [1.0, 0.0, 1.0, 1.0, -1.0, -1.0], [1.0, 1.0, 0.0, 1.0, -1.0, -1.0], [1.0, 1.0, 1.0, 0.0, -1.0, -1.0], [-1.0, -1.0, -1.0, -1.0, 0.0, -1.0], [0.0, 0.0, 0.0, 0.0, 0.0, 0.0]]","[6, 5]","['$user$0, 0.855, good, good, None, 0x2adF05454DC6B0494f9CAE2B56235fD4ca55592A', '$user$1, 0.847, good, good, None, 0xbB52217162539A4D9cb72Db99fD36263798E8619', '$user$2, 0.867, good, good, None, 0x2273f9acD6D094959D51Fcb23394952c31814946', '$user$3, 0.855, good, good, None, 0x0c28766BA974a46e294846df83263bc567d811BB', '$user$5, 0.35, freerider, freerider, 3, 0x7Afd526e0ceFC5F9d988077e8F98e46310986319']","[('close', 'a144118efad37d941b6f9a7d6ec1bdb1139906dcbb3898763d8861458e5fa7dd', 658517), ('slot', '341cf3c414c0d5dde0e9be035eb9e46fdbbb71e25a69ba11676ac012a560aa51', 50814), ('slot', '77f6a7130f4a49eff63a6d45e5769684d09cfaf127ded78c37b5d0528324a6ba', 50814), ('slot', 'ebd2319874d68007432d4124440f2f82ba19267f96062c4ea2c395103ca0f579', 50814), ('slot', 'b2b0ce0a3814e92c877202c3d2b59e426ebe6dd55ebe24cba0e1d9b05c3e112c', 50814), ('slot', '601b0e49a98b07438b368d66b2ffd777a623282a71fe33a95e880842970bd01d', 50814), ('slot', '99bce8e1e1131232afa2ead569a646337e12eaa6879d7e36ad5216c53e8a28ec', 50814), ('weights', '3fa017b066fd0bc81d7149d57338ac1d6cb454529087adc5af02f9c9e5a29e99', 73694), ('weights', 'c9edf8be19611135fccccf41d51795a758fc8beee63cba91f12806d1d41709f7', 56594), ('weights', '853e6d16077cc854382b00edfb8e8322dd52ccb83a35cf4b67e703cd09ea31db', 56594), ('weights', '44a9efd120838085df5a35e1614f779a21fbfb3a11be2910590da3d50f4293d2', 56594), ('weights', '58ce94c39564a248655450a4b8c9a23264a4e58d88513cc0a4776d72cc15f322', 56594), ('weights', '599a2e8528352f01b3706989c6454f799304f968c047d3b59ba1371574a1c3f6', 56594), ('feedback', '5ca64604c757170a8e53ddbd2699a5a5de32a6713cb928603ccba775603de496', 717363), ('feedback', '66c4cea4fc2e2676c931a6c22e2273eb85f3ab24906a3b77f231db34faab2c21', 648963), ('feedback', '20f83aef7138cb7c78511f2cb5a485678a499ea07125d00f350b34579d664786', 631863), ('feedback', '2dd8a0265b22b62a5592927204462de882e68900154686022211b9a5986792f7', 631863), ('feedback', '28a479839c364fc84c2c7eab3eb9ca087ee94e4921ef30202fae3813c923b5f3', 613043), ('feedback', '67f8543cde2b292b290114a52498f7064e0c00f0e643fd23505cfba33cb4c7c9', 612261), ('contrib', 'c6fa3242fa52ff37ab3006a30a193f41874c2aed57a45f8c4e7e8778776a37d6', 75223), ('contrib', '2978429769bd12b116191489ada2c7f327b022b0d683cebdbd7b27db7e459ec7', 58111), ('contrib', '89ca31730f4548dca9e50f81c68916d82eda14b9a1afe1b986b9c4ef06ec8411', 78023), ('contrib', '044dfe68731c1451be3b64f505c142ee603b05d748b3feb10c1c1010d8565621', 58123), ('close', 'df1a3f882f83c944e1ebb401fe4a1e7893edfcfdd77a902ff87de5e7c6ae1a48', 618401)]"
6,18:11:59.414,0.9039,97.89576482959092,"[1400710984477197848, 2700159251941460317, 114140177446496721, 2384989586134845103, 0, 0]","[89, 89, 90, 86, 0, 89]","[11, 12, 12, 14, 0, 12]","[('0x2adF05454DC6B0494f9CAE2B56235fD4ca55592A', 4774463897213317765, 292046, 1400710984477197848), ('0xbB52217162539A4D9cb72Db99fD36263798E8619', 4749490984678076668, 1274475354929313418, 2700159251941460317), ('0x2273f9acD6D094959D51Fcb23394952c31814946', 4786559349314345511, 1274475354929381335, 114140177446496721), ('0x0c28766BA974a46e294846df83263bc567d811BB', 4215010413864930757, 424825118309552293, 2384989586134845103)]",400000000000000000,"[(6, 324825118309776422)]","[687450, 2999999999999962696, -3000000000000122568, 999999999999472422]","[[0.0, 1.0, 1.0, 1.0, 0.0, -1.0], [1.0, 0.0, 1.0, 1.0, 0.0, -1.0], [1.0, 1.0, 0.0, 1.0, 0.0, -1.0], [1.0, 1.0, 1.0, 0.0, 0.0, -1.0], [0.0, 0.0, 0.0, 0.0, 0.0, 0.0], [0.0, 0.0, 0.0, 0.0, 0.0, 0.0]]",[5],"['$user$0, 0.871, good, good, None, 0x2adF05454DC6B0494f9CAE2B56235fD4ca55592A', '$user$1, 0.882, good, good, None, 0xbB52217162539A4D9cb72Db99fD36263798E8619', '$user$2, 0.893, good, good, None, 0x2273f9acD6D094959D51Fcb23394952c31814946', '$user$3, 0.88, good, good, None, 0x0c28766BA974a46e294846df83263bc567d811BB']","[('close', 'df1a3f882f83c944e1ebb401fe4a1e7893edfcfdd77a902ff87de5e7c6ae1a48', 618401), ('slot', '2b8219861e10aeff772e30830f8de7514ca49af52b08a3cb0726c73f686d8a1a', 50814), ('slot', '47ca042246df85df8a1b01483435582d1e4d9d5f5e6b5a16884eb42eef7e8ce9', 50814), ('slot', '176ade3764476e6fbe7520d4825c62daa15b00058ba9104c4e4b13c4f7d54f7d', 50814), ('slot', '0350f597011293a8fc247735608aec83c92a83689027ed663d07907e2ae3b3de', 50814), ('slot', '43006996e7d653b6cfc85f5eef091cd3693b735632d95649b657376bc57e9ffb', 50814), ('weights', '9e8359ea5cbd2ddd2e3e07aaa45270f3549bb173809db8c62d34ff3e27c7050d', 73694), ('weights', 'ee339129d10bc868e8292aa64a28c2e14489f1936c17a87dd36c1543d4c79ce2', 56594), ('weights', 'e01b3c9160d51bd268a73735dcd33cd139260031dd6bcf449428089aa877ee10', 56594), ('weights', '68f81cb96b267850e3619426ecd772460507f0690ae6fe2e2339fa4f3305a3bd', 56594), ('weights', '4d48aba7d603b744c4aa80e7bcf7233e3239eddc66effa95672a183232452a4b', 56594), ('feedback', '9c5e3125914107372c22aa8c061e116b0b2f320e3c2e1306273a856b4092d99a', 619388), ('feedback', 'fafb5285c4f181e238a9395b79298d47a2f5b4a77c389b27611daf39754f7732', 568088), ('feedback', 'e619963b4e0e28f78078834e666c76128f6d595afc54e9aead2d45637a5ecef7', 550988), ('feedback', '9969ea78bd89984e4df3db05dd5637698a15d816479a1bb1f60f0437909c3983', 550988), ('feedback', 'dfa87641708855f3310e7f65f196750cdd711d5e00f753ebe642c647570db70d', 396112), ('contrib', '0b5f901562f55ffd53679b083bb1b50c6dd4639d2214b4a1c55c19b13afb02c2', 75163), ('contrib', 'f6d7d458253aad76fd9a889278eb7a6dd3952787f2d13ac4cd6bb190a27e2e57', 58123), ('contrib', 'e3c46f9d050a04c0a20546055ce146cf03f19b95d1fe64080d258d22e99e5d92', 78035), ('contrib', '9b2799ca9627f5d923421262e56d6e9059eceed6af686fc81d25b68b7acb210c', 58123), ('close', '2634024c5a65d5d50c40dd283443df277f2eedcca71b1e73723b813010244996', 502195)]"
7,18:13:47.383,0.9173,84.06584982387722,"[1413210984477197848, 2719477433759642126, 109594722901042016, 2457716858862117998, 0, 0]","[91, 90, 91, 88, 0, 0]","[9, 10, 10, 12, 0, 0]","[('0x2adF05454DC6B0494f9CAE2B56235fD4ca55592A', 5199289015522802141, 12500000000000000, 1413210984477197848), ('0xbB52217162539A4D9cb72Db99fD36263798E8619', 3899840748058539672, 19318181818181809, 2719477433759642126), ('0x2273f9acD6D094959D51Fcb23394952c31814946', 6485859822553503268, 4545454545454705, 109594722901042016), ('0x0c28766BA974a46e294846df83263bc567d811BB', 4215010413865154886, 72727272727272895, 2457716858862117998)]",300000000000000000,[],"[125000000000000000, 193181818181818093, -45454545454547051, 727272727272728958]","[[0.0, 1.0, 1.0, 1.0, 0.0, 0.0], [1.0, 0.0, 1.0, 1.0, 0.0, 0.0], [1.0, 1.0, 0.0, 1.0, 0.0, 0.0], [1.0, 1.0, 1.0, 0.0, 0.0, 0.0], [0.0, 0.0, 0.0, 0.0, 0.0, 0.0], [0.0, 0.0, 0.0, 0.0, 0.0, 0.0]]",[],"['$user$0, 0.903, good, good, None, 0x2adF05454DC6B0494f9CAE2B56235fD4ca55592A', '$user$1, 0.898, good, good, None, 0xbB52217162539A4D9cb72Db99fD36263798E8619', '$user$2, 0.906, good, good, None, 0x2273f9acD6D094959D51Fcb23394952c31814946', '$user$3, 0.893, good, good, None, 0x0c28766BA974a46e294846df83263bc567d811BB']","[('close', '2634024c5a65d5d50c40dd283443df277f2eedcca71b1e73723b813010244996', 502195), ('slot', 'd044434474ec06fb5f5b12fb310f35f2bc20c6e12ef20d4503fb218d1eae7a1d', 50814), ('slot', 'b3c078b482f5e9579509dd8c034d1c4d55884a0db774f418337b130e86c46043', 50814), ('slot', '87984e606bc2dd75f4b408c0b338df9fd78e72a476c00f41f5e49b5b6b6f0f61', 50814), ('slot', '853135fccd618323c51466c6a773270c46ab766c4e1cb1a865892d8b6135491e', 50814), ('weights', 'e7dd3daec88990df623a6e9a3db2019b8b8a19050486dce107f2b6fab92bbfaa', 73694), ('weights', 'eef18f5d086599c48c3b7a78f47b18064b91268657551d44f16fd50ce2e18f88', 56594), ('weights', 'e69bb4177c7fb5373b69121a92b33915deb6de69e2cbf6125e99226a77985c07', 56594), ('weights', '9f3fe661e7ac7a47306f2e9862e6cb19fe9b6bca7d5fe11102ff8f02b4d6e593', 56594), ('feedback', 'b7fea4d4753409e3e79c949773d2c6fa4871decfd323232c9819dc105bbfcbaf', 521426), ('feedback', '232854caf1712d1f63148f265ca234b249e987aab4b905b43b025171dac82c20', 487226), ('feedback', 'fb693a21231ae6bcc6d9561eee78a2ee051fcf120ca101db00367013045ec597', 470126), ('feedback', '3eed15a85cef36b95f272dcfcaf038d7c4844833d7a983a8a3cd4e7e7e348e3c', 470126), ('contrib', '93f720d0b6035af8b24ba97e6983b24922af1beb05754615ae99eb23e4b58223', 75211), ('contrib', '9a8f4a09c9336f47c8c6fbe7694452767c7f3aaed88773da7e4abdd2fc9549df', 58123), ('contrib', 'cfe52d025007f8fc50c4683efa641688eae4888bac166846e73b42094a6cd8c4', 78023), ('contrib', '9e8102eed7bbcaf151c53ad2f20d07acba294725acb19c26e72e4c7465afb58b', 58123), ('close', '5c3d08b028ce5b89511cf0b4dbf9337fb6d017fa0fb8877b844426dd659aa6f1', 410456)]"
8,18:15:26.445,0.9266,74.57217629533261,"[1438210984477197315, 2469477433759638396, 309594722901044680, 2582716858862119596, 0, 0]","[92, 92, 92, 89, 0, 0]","[8, 8, 9, 10, 0, 0]","[('0x2adF05454DC6B0494f9CAE2B56235fD4ca55592A', 5286789015522802140, 24999999999999467, 1438210984477197315), ('0xbB52217162539A4D9cb72Db99fD36263798E8619', 3980522566240357862, 250000000000003730, 2469477433759638396), ('0x2273f9acD6D094959D51Fcb23394952c31814946', 6590405277098957972, 200000000000002664, 309594722901044680), ('0x0c28766BA974a46e294846df83263bc567d811BB', 4242283141137881990, 125000000000001598, 2582716858862119596)]",200000000000000000,[],"[249999999999994670, -2500000000000037303, 2000000000000026645, 1250000000000015987]","[[0.0, 1.0, 1.0, 1.0, 0.0, 0.0], [1.0, 0.0, 1.0, 1.0, 0.0, 0.0], [1.0, 1.0, 0.0, 1.0, 0.0, 0.0], [1.0, 1.0, 1.0, 0.0, 0.0, 0.0], [0.0, 0.0, 0.0, 0.0, 0.0, 0.0], [0.0, 0.0, 0.0, 0.0, 0.0, 0.0]]",[],"['$user$0, 0.904, good, good, None, 0x2adF05454DC6B0494f9CAE2B56235fD4ca55592A', '$user$1, 0.897, good, good, None, 0xbB52217162539A4D9cb72Db99fD36263798E8619', '$user$2, 0.921, good, good, None, 0x2273f9acD6D094959D51Fcb23394952c31814946', '$user$3, 0.903, good, good, None, 0x0c28766BA974a46e294846df83263bc567d811BB']","[('close', '5c3d08b028ce5b89511cf0b4dbf9337fb6d017fa0fb8877b844426dd659aa6f1', 410456), ('slot', '52316b810d1d21993b516cc33f913a799e40ddf01414511f0352a3418abc2f99', 50814), ('slot', '8d4c59d20a6cfe32554e286ba63ca9d05859feff92094a51ac8fc2cf7af889b9', 50814), ('slot', '608fac285704e1b05b816009bf634dc086de843fd0c6f51d5219262a04f5cef6', 50814), ('slot', '9b2e17031d79c8965d696e3fe8a987a217a32187a99c48ed2943894a8df78127', 50802), ('weights', 'fadccd4802f0d069cb5cd8cb1ceecce4c7e96140b3bef0b867b3c0114079d122', 73694), ('weights', '771d2e4eb7218bca471c740ad04f6f1c4ffc11adb0043fe69e7b74f75d120dbd', 56594), ('weights', '6ab3af077907c672b74e788fcd947514136e635de101cef587a6c804c005f7fb', 56594), ('weights', '68338cd66bcfb3942f6f1cd8fa1d25b739cf6a41a8b3fc1a8cb135b52394f66e', 56594), ('feedback', '01f33680c945ff2ef5d962dd56fdcaf46523b7b7700625842934c20209c3590d', 521426), ('feedback', 'b2c4fc5987eb9a243a2c8d1b5791ac0e9dc24fd483d2b857559d2199e4deaf05', 487226), ('feedback', '4b9d7dd5d40982ae3a9e668a89fa0068fda14e2aeea08c894a3d7caec8aa7929', 470126), ('feedback', 'f73ca29a189e34fd20d7381aba922b8812b410b176dbb594e65b8b2690c5600c', 470126), ('contrib', '74e339a28178235b13bb2d949ce1a8b8518bbe284ae78edbee28d69a3cf20992', 75223), ('contrib', '4c6e9c8219f4ee1fecb03122cccceddcef56be4f36b438e5c4f897c9451a6744', 78035), ('contrib', '5cd5a4e01f7380e6fcf8fc90c18de919fc936e7a00f3beca45b46689f0530d8f', 58123), ('contrib', '3654acd4fcd2b36b71e9d370f0b2d4367d8315eacf9343600cf3e1851168f9bd', 58123), ('close', '13b98594bf85296fff7c9dc6467b27155772ff1945dab7b7bb7d68f71e7a7a2a', 410456)]"
9,18:17:10.954,0.9315,67.29839465022087,"[1468210984477197485, 2430906005188209485, 346737580043901990, 2654145430290691026, 0, 0]","[93, 93, 94, 90, 0, 0]","[7, 8, 8, 9, 0, 0]","[('0x2adF05454DC6B0494f9CAE2B56235fD4ca55592A', 5361789015522802672, 30000000000000170, 1468210984477197485), ('0xbB52217162539A4D9cb72Db99fD36263798E8619', 4330522566240361591, 38571428571428911, 2430906005188209485), ('0x2273f9acD6D094959D51Fcb23394952c31814946', 6490405277098955307, 37142857142857310, 346737580043901990), ('0x0c28766BA974a46e294846df83263bc567d811BB', 4217283141137880391, 71428571428571430, 2654145430290691026)]",100000000000000000,[],"[300000000000001709, -385714285714289117, 371428571428573106, 714285714285714301]","[[0.0, 1.0, 1.0, 1.0, 0.0, 0.0], [1.0, 0.0, 1.0, 1.0, 0.0, 0.0], [1.0, 1.0, 0.0, 1.0, 0.0, 0.0], [1.0, 1.0, 1.0, 0.0, 0.0, 0.0], [0.0, 0.0, 0.0, 0.0, 0.0, 0.0], [0.0, 0.0, 0.0, 0.0, 0.0, 0.0]]",[],"['$user$0, 0.923, good, good, None, 0x2adF05454DC6B0494f9CAE2B56235fD4ca55592A', '$user$1, 0.921, good, good, None, 0xbB52217162539A4D9cb72Db99fD36263798E8619', '$user$2, 0.936, good, good, None, 0x2273f9acD6D094959D51Fcb23394952c31814946', '$user$3, 0.914, good, good, None, 0x0c28766BA974a46e294846df83263bc567d811BB']","[('close', '13b98594bf85296fff7c9dc6467b27155772ff1945dab7b7bb7d68f71e7a7a2a', 410456), ('slot', '85ee9986cfc52cd2c32eb4c519c076f11ead8f02f9769fc8e8795e8b53ce3599', 50814), ('slot', 'bd77ea676abc178c1a2d4a8e442a9647c743a1e0f1f55abacaee81433d69e30a', 50802), ('slot', 'c7b1c3905c21a6c9d6e5f7998ab9794142455dffb52e001b4365fa3e627ee5d8', 50802), ('slot', 'c59a8ac4c4bfcf1cc07cfb4d0123efd582cf8cd1d95eb0a2d0b055133ac7fc65', 50814), ('weights', '79bda2b684bb9f83129cb01585cbe2b9a84809dd19cb4562be815991585c9434', 73682), ('weights', 'f821004ec504e5ffefadf5112cf834fc0511077b602d5f302b2bc6037a44269c', 56594), ('weights', '8658ad4b1c6e9329856d5e940e922126db20aa9bf11efbbfbc2cf45610460458', 56594), ('weights', 'b16eac56dd2002e2e0653f4e99523fee846fcf1cdf6a2052a336c6b3f0172c85', 56594), ('feedback', '3d026b73997f4a1ffe962147fc2b4887e274154d81c6b4422caf8842710b727f', 521426), ('feedback', '853b2c0e641b5c1d50918d3e65a1955f104b63889004c0044fdbe1ddba6441ff', 487226), ('feedback', '50ec6efde4a396728f359b0ddb00fa198227c33d9634b836a821d351a47e0ffb', 470126), ('feedback', 'b49b2b2bf33e17e0d1e37bb8c1742a6cc2ac20f37b5becb7a34dc5c40a88d070', 470126), ('contrib', '97441904bc1396d925bc22f19c4950339c26d5571ec01f7fbc6afaf648652fa4', 75223), ('contrib', 'd07b62ca45e210cf70503b011951e2bfae0e66abda170fee76571d025cd07721', 78035), ('contrib', '6d7a4cbc1cf9d164c5869cd09ed7fb43f4a8cbd98c11ee4fdf05f5fa06d8123f', 58123), ('contrib', '6dedc99a6e8e26e6e510fec4cf5552c352c09aaa9b09325071b135ab03390198', 58123), ('close', '129db5b6ce1cec70df0b5c99d783e2d63564591990925784efb28c2e1adbf173', 410456)]"
10,18:18:55.317,0.9401,60.02280985424295,"[1468210984477197501, 2464239338521542798, 367570913377235323, 2699978763624024361, 0, 0]","[93, 93, 94, 91, 0, 0]","[7, 7, 7, 8, 0, 0]","[('0x2adF05454DC6B0494f9CAE2B56235fD4ca55592A', 5431789015522802501, 16, 1468210984477197501), ('0xbB52217162539A4D9cb72Db99fD36263798E8619', 4469093994811790501, 33333333333333313, 2464239338521542798), ('0x2273f9acD6D094959D51Fcb23394952c31814946', 6553262419956097996, 20833333333333333, 367570913377235323), ('0x0c28766BA974a46e294846df83263bc567d811BB', 4245854569709308960, 45833333333333335, 2699978763624024361)]",0,[],"[166, 333333333333333148, 208333333333333342, 458333333333333370]","[[0.0, 1.0, 1.0, 1.0, 0.0, 0.0], [1.0, 0.0, 1.0, 1.0, 0.0, 0.0], [1.0, 1.0, 0.0, 1.0, 0.0, 0.0], [1.0, 1.0, 1.0, 0.0, 0.0, 0.0], [0.0, 0.0, 0.0, 0.0, 0.0, 0.0], [0.0, 0.0, 0.0, 0.0, 0.0, 0.0]]",[],"['$user$0, 0.927, good, good, None, 0x2adF05454DC6B0494f9CAE2B56235fD4ca55592A', '$user$1, 0.935, good, good, None, 0xbB52217162539A4D9cb72Db99fD36263798E8619', '$user$2, 0.94, good, good, None, 0x2273f9acD6D094959D51Fcb23394952c31814946', '$user$3, 0.922, good, good, None, 0x0c28766BA974a46e294846df83263bc567d811BB']","[('close', '129db5b6ce1cec70df0b5c99d783e2d63564591990925784efb28c2e1adbf173', 410456), ('slot', 'd6eea9a6db63d731cb3d9ebe190c3f990085b29949a15aab00e2d296fbc1f734', 50814), ('slot', '2ae7f2d8c9ac77cf3509b2b6a4d1ea478f1a7e2cef227e25fd35373f72ad8334', 50814), ('slot', '4ff935b9cb46560c3f153bd423c4b2854f1ba7ca22787d62530c2aca37968301', 50802), ('slot', '59b223e7c0f4c43f6a2a058ffb7ae51e50c0625e8db1b3b5dd58ad19fcf8f610', 50802), ('weights', '1ae50948ec2b617fd8652e34d5c4543e4aac50a9d633f7b96d5be6155f33ad10', 73682), ('weights', 'eb1cdfb924fff65553888417b6ebf2e992283b0c79f03d1b70c2a967aa5a5663', 56594), ('weights', '3163825a77e10a31a2f01622caab45f5704ff28ed7e9b3a8f6e82fbe67eabbda', 56594), ('weights', '9f6fb68d8c7c51caa74d506a208ebc774983f643fcfda30fa9b21b1163a72584', 56594), ('feedback', '2c1debac1eeba1f6335eba2d1bfb685a27f60c12112f6799be243d81b8f301c4', 521426), ('feedback', '44b65014bb0ff87608dfac608f4ee7133dbe2ad6617e43ee7b4ba083e7ac924c', 487226), ('feedback', '7cdf75660cdf3475a6e9b55fcfc5a74fd1cc6c849c0d14a3fab9d4288a5615a0', 470126), ('feedback', '263edf98e4ba0e566b185dd93f682ebee54f85390e84e4df9bfffb4408299a38', 470126), ('contrib', '2676c9aa51ceac354dfc93af81569060a82e175c030b820637b1b6f81bd2d23e', 75139), ('contrib', 'cbc60fe7d6633f3cecd2a5804d98f3a5e020f2bc9ee06d4b47bfc3cc32ccd817', 58123), ('contrib', '96a0219c97fc335f6b0ae73094605c2b29eca3e301e5b40d99491260e73a99eb', 58123), ('contrib', 'd9af485b8fb21726fabd620165fa8f66053075ed6709f5294ff1f608e8234617', 58123), ('close', '441b9e671813555cf92ae8f518a8acb86ebab91a9f2f8de470d57b2421573a10', 410444)]"
# $gasCosts$[653035, 799031, 747731, 730631, 730643, 730631, 75223, 58123, 58123, 58123, 58123, 58123, 755457, 642457, 625357, 623483, 631143, 625357, 75223, 58123, 58123, 58123, 58123, 715351, 646951, 629851, 691551, 603043, 604261, 75223, 58123, 58123, 58123, 717363, 648963, 631863, 631863, 613043, 612261, 75223, 58123, 58123, 58123, 717363, 648963, 631863, 631863, 613043, 612261, 75223, 58111, 78023, 58123, 619388, 568088, 550988, 550988, 396112, 75163, 58123, 78035, 58123, 521426, 487226, 470126, 470126, 75211, 58123, 78023, 58123, 521426, 487226, 470126, 470126, 75223, 78035, 58123, 58123, 521426, 487226, 470126, 470126, 75223, 78035, 58123, 58123, 521426, 487226, 470126, 470126, 75139, 58123, 58123, 58123],[126674, 126674, 126674, 126674, 126674],[50814, 50814, 50814, 50814, 50814, 50814, 50814, 50814, 50814, 50814, 50814, 50814, 50814, 50814, 50814, 50814, 50814, 50814, 50814, 50814, 50802, 50814, 50814, 50814, 50814, 50814, 50814, 50814, 50814, 50814, 50814, 50814, 50814, 50814, 50814, 50814, 50814, 50814, 50814, 50814, 50814, 50814, 50802, 50814, 50802, 50802, 50814, 50814, 50814, 50802, 50802],[73694, 56594, 56594, 56594, 56594, 56594, 73694, 56594, 56594, 56582, 56594, 56582, 73694, 56594, 56594, 56594, 56594, 56582, 73694, 56594, 56594, 56582, 56582, 56594, 73694, 56594, 56594, 56594, 56594, 56594, 73694, 56594, 56594, 56594, 56594, 73694, 56594, 56594, 56594, 73694, 56594, 56594, 56594, 73682, 56594, 56594, 56594, 73682, 56594, 56594, 56594],[641584, 643643, 658517, 658517, 618401, 502195, 410456, 410456, 410456, 410444],[],[]
# TOTAL EXPERIMENT TIME: 1276.18 seconds
