# Author Nykjaer
# ------Specs--------# cpu_name:  (processor model)
# cpu_cores: 6 (physical cores)
# ram_gb: 13.5 (system memory in GB)
# gpu_name: NVIDIA GeForce RTX 3060 Laptop GPU (graphics processor)
# os_name: Linux (operating system)
# ------Config--------# good_contributors: 4 (honest participants)
# bad_contributors: 1 (malicious participants)
# freeriders: 1 (contribute 0)
# inactive: 0 (never join)
# reward: 1000000000000000000 (total reward pool)
# minimum_rounds: 10 (rounds to simulate)
# min_buy_in: 1000000000000000000 (lower buy-in bound)
# max_buy_in: 1000000000000000000 (upper buy-in bound)
# standard_buy_in: 1000000000000000000 (default buy-in)
# epochs: 1 (local epochs per round)
# batch_size: 32 (training batch size)
# punish_factor: 3 (penalty multiplier)
# first_round_fee: 50 (fee for first round)
# fork: True (True=local fork, False=real net)
# contribution_score_strategy: accuracy (scoring method)
# use_outlier_detection: False (Whether to use outlier detection)
# freerider_start_round: 1 (When freeriders should start freeriding)
# freerider_noise_scale: 0.1 (How much noise a freeder should add)
round,time,globalAcc,globalLoss,GRS,accAvgPerUser,lossAvgPerUser,rewards,conctractBalanceRewards,punishments,contributionScores,feedbackMatrix,disqualifiedUsers,userStatuses,GasTransactions
# $startingUserConfig$['$user$0, 0, good, good, None, 0xA41dE09A63f6Cedd633f99052b44450d3BB91D44', '$user$1, 0, good, good, None, 0x17725D495A0843Ea05541fD61ba5D4082750bC08', '$user$2, 0, good, good, None, 0x37AC7AC5D09bbC6dAC1CF036b7F9DdD0EA4E052E', '$user$3, 0, good, good, None, 0x536fc4cd48ad9B3649e8aB615592E83Ec9F5fcd1', '$user$4, 0, good, bad, 3, 0x118E560679B62a9F24c135A96d416548782f8cc2', '$user$5, 0, good, freerider, 1, 0xA2F37A08a8488CB8551a0D03f7A73f4156757de7']
0,22:33:38.347,0,721.5484008789062,"[1000000000000000000, 1000000000000000000, 1000000000000000000, 1000000000000000000, 1000000000000000000, 1000000000000000000]",[],[],[],1000000000000000000,[],[],,[],"['$user$0, 0, good, good, None, 0xA41dE09A63f6Cedd633f99052b44450d3BB91D44', '$user$1, 0, good, good, None, 0x17725D495A0843Ea05541fD61ba5D4082750bC08', '$user$2, 0, good, good, None, 0x37AC7AC5D09bbC6dAC1CF036b7F9DdD0EA4E052E', '$user$3, 0, good, good, None, 0x536fc4cd48ad9B3649e8aB615592E83Ec9F5fcd1', '$user$4, 0, good, bad, 3, 0x118E560679B62a9F24c135A96d416548782f8cc2', '$user$5, 0, good, freerider, 1, 0xA2F37A08a8488CB8551a0D03f7A73f4156757de7']","[('register', 'a9d7cb009f2efde87566059a3eb564c3d9f4ab7c366371e07f1301674fa250ae', 126674), ('register', '9f5dadf635c993ff93aec18b5fed0d82fdcb6a2beab057d4ed39d7d93dd573c3', 126674), ('register', 'edddd1724ce90fcae436ddca9ffe56279b16721372be3e0616c726e135414b7a', 126674), ('register', 'dcce432cd0cc85644ea58e18fb5ecc01eceb66d280ba5a86ab43a68830c435f4', 126674), ('register', '56aa6f42dacd9847e024e1740e47576f9863adb19312d78fc437bde494b878f9', 126674)]"
1,22:34:05.758,0.2956,712.2799072265625,"[1398759885579673517, 1393326602725896063, 1333047282517247174, 1308199562510516576, 333333333333333334, 333333333333333334]","[8, 8, 8, 8, 9, 10]","[74, 74, 74, 74, 74, 74]","[('0xA41dE09A63f6Cedd633f99052b44450d3BB91D44', 4000000000000000000, 398759885579673517, 1398759885579673517), ('0x17725D495A0843Ea05541fD61ba5D4082750bC08', 4000000000000000000, 393326602725896063, 1393326602725896063), ('0x37AC7AC5D09bbC6dAC1CF036b7F9DdD0EA4E052E', 4000000000000000000, 333047282517247174, 1333047282517247174), ('0x536fc4cd48ad9B3649e8aB615592E83Ec9F5fcd1', 4000000000000000000, 308199562510516576, 1308199562510516576)]",900000000000000000,"[(1, 166666666666666666), (1, 166666666666666666)]","[278204571334655981, 274413908878532175, 232358569198079456, 215022950588732525]","[[0.0, 1.0, 1.0, 1.0, -1.0, -1.0], [1.0, 0.0, 1.0, 1.0, -1.0, -1.0], [1.0, 1.0, 0.0, 1.0, -1.0, -1.0], [1.0, 1.0, 1.0, 0.0, -1.0, -1.0], [1.0, 1.0, 1.0, 1.0, 0.0, -1.0], [0.0, 0.0, 0.0, 0.0, 0.0, 0.0]]","[5, 6]","['$user$0, 0.729, good, good, None, 0xA41dE09A63f6Cedd633f99052b44450d3BB91D44', '$user$1, 0.673, good, good, None, 0x17725D495A0843Ea05541fD61ba5D4082750bC08', '$user$2, 0.728, good, good, None, 0x37AC7AC5D09bbC6dAC1CF036b7F9DdD0EA4E052E', '$user$3, 0.68, good, good, None, 0x536fc4cd48ad9B3649e8aB615592E83Ec9F5fcd1', '$user$4, 0.523, good, bad, 3, 0x118E560679B62a9F24c135A96d416548782f8cc2', '$user$5, 0, freerider, freerider, 1, 0xA2F37A08a8488CB8551a0D03f7A73f4156757de7']","[('slot', 'ef0c069bd83e3afeb6f37389a6b5d0cd3247692fd3c18e5884969e1ea87e0b3e', 50802), ('slot', '283b7c4769a0527ade1a980ef00a327779d73429b14d853db08d1e9f6bce279e', 50814), ('slot', '6007163f6630eae705df108e6488e88c30af1fca12eddc4dcd7bca74b6aefdc5', 50814), ('slot', '978f9fa426c58f7987f01c796c675cd81e5bb2e43d17a9449d991988a45c3a28', 50814), ('slot', '63a742c38a9206b036e759a4b873a95617a4eb69c3be1d0bbd948e0a78c44759', 50802), ('slot', '2af4c582145274f04d9cd8b502b0a6096af3f0a7006da71c2b46a017988bbb74', 50802), ('weights', '689164362c9ee8ca714faa0a5262fb5b5499d664a0c722e9c647ab4566e40727', 73694), ('weights', '624fb2d32ceac601bbb0a883acc8fd1d5292413c230e1c8f4f8eb0dbad673757', 56594), ('weights', 'fcddf0f5e96ff66b1d50fe52a1f4df41f9b88416c0e3ea8582571d7c6c307fd4', 56594), ('weights', 'b5e774f15ea2f04453a54c3545dd0000ff67ffc6abfbd881de01661055b7f9fe', 56594), ('weights', '79e9791b371616174373759e28ef320f8fcb2f5fd7fd9b1c8475f07ef3fac83b', 56582), ('weights', 'c45f181083b394cebd6e39b65d87c94a8a507fb13e2d3fda4fab138225847e06', 56594), ('feedback', 'e18451cedd55c6553b7fb53bce5efa886fc24ceb9e179dfb900482008c52bebc', 777039), ('feedback', '357dd7f73d2164321d18f0b7fff548c82b0fedfe39ad52fabe6806821584c8ab', 708639), ('feedback', 'd2c9bda6957dda34d05113e7e3546713c6df3d008c562dd599a469aa66915ff1', 691539), ('feedback', '25bd39c748deaeed39ce7ace13829264534f915d2e6668428c3ad710f0f896a2', 691539), ('feedback', '0fa55a29661dc7724d1aa0173faf57c27e98fd42997bd31124b1c7940464ed19', 711091), ('feedback', '298e1528b705389a2df785e997b315e401918fb259527d43b854985a3756721d', 612273), ('contrib', '0384ee33d6c1a771bbccc8f610d7573486c612502cd8bf7788d986432cf3827b', 75223), ('contrib', '1e08d7393eda135f0031cb85601a5ad7bafb6eaa24ed94882aaf6a911d906cc9', 58123), ('contrib', 'fe2bc1b22c70c296d0cf46150fe58cc11934c906c5bb8bcb8311cd83bdae0eb3', 58123), ('contrib', '5d52178ebae9821d60483ae11fd86a998be16fc9af2eb4268c1cbf4f0c8dcb93', 58123), ('close', '9bb1db1067ccdae9989f9f169644a4a75495e4695cc69bfd8f16a323a66cf919', 682846)]"
2,22:34:32.803,0.7111,360.98266887664795,"[1443967154177061368, 1433858497482663051, 1375585163626329244, 1349490849753294750, 374876112738429360, 222222222222222223]","[28, 26, 30, 28, 28, 31]","[73, 73, 73, 73, 73, 73]","[('0xA41dE09A63f6Cedd633f99052b44450d3BB91D44', 4367906781086993147, 45207268597387851, 1443967154177061368), ('0x17725D495A0843Ea05541fD61ba5D4082750bC08', 4373340063940770601, 40531894756766988, 1433858497482663051), ('0x37AC7AC5D09bbC6dAC1CF036b7F9DdD0EA4E052E', 4433619384149419490, 42537881109082070, 1375585163626329244), ('0x536fc4cd48ad9B3649e8aB615592E83Ec9F5fcd1', 4458467104156150088, 41291287242778174, 1349490849753294750), ('0x118E560679B62a9F24c135A96d416548782f8cc2', 5433333333333333330, 41542779405096026, 374876112738429360)]",800000000000000000,"[(2, 111111111111111111)]","[214139693356047711, 191993185689948886, 201495226306178221, 195590307992107137, 196781586655718015]","[[0.0, 1.0, 1.0, 1.0, 1.0, -1.0], [1.0, 0.0, 1.0, 1.0, 1.0, -1.0], [1.0, 1.0, 0.0, 1.0, 1.0, -1.0], [1.0, 1.0, 1.0, 0.0, 1.0, -1.0], [1.0, 1.0, 1.0, 1.0, 0.0, -1.0], [0.0, 0.0, 0.0, 0.0, 0.0, 0.0]]",[6],"['$user$0, 0.7, good, good, None, 0xA41dE09A63f6Cedd633f99052b44450d3BB91D44', '$user$1, 0.618, good, good, None, 0x17725D495A0843Ea05541fD61ba5D4082750bC08', '$user$2, 0.672, good, good, None, 0x37AC7AC5D09bbC6dAC1CF036b7F9DdD0EA4E052E', '$user$3, 0.64, good, good, None, 0x536fc4cd48ad9B3649e8aB615592E83Ec9F5fcd1', '$user$4, 0.671, good, bad, 3, 0x118E560679B62a9F24c135A96d416548782f8cc2', '$user$5, 0, freerider, freerider, 1, 0xA2F37A08a8488CB8551a0D03f7A73f4156757de7']","[('close', '9bb1db1067ccdae9989f9f169644a4a75495e4695cc69bfd8f16a323a66cf919', 682846), ('slot', '5111a55139a1c8725db659f9ee7e2905c6d62bfb82b5861f8beb63f521dcfb7f', 50814), ('slot', '19d76e9272ca4516552f21601245a5d73ade797a19ef422c9c39c20c3071fd69', 50814), ('slot', '05e103458f1893c5b92c9d1c7be76e229526fe414dabe26c6a5800ce044c2708', 50814), ('slot', 'e8ab5e00a822df4a21e9525f07556feba9efcf93718d5a9a10d3d04c6e3e53ca', 50814), ('slot', '263e16f8d920dadd55577889cc2ba6f476e836becae2f9f783a6c2f5165fc52f', 50814), ('slot', 'e89e798b0d508084e0f63333d1e7edee0f0de2c3675f7a85b83baa0cdaae0686', 50814), ('weights', '29855ccca8d9dc428799b98871bf3bad8374f151551ac86c42c1d033195f2bee', 73682), ('weights', 'cbe9d5f013b304e0a67995df3168e7d64cf04169b442670b5f2a11634f2121f4', 56594), ('weights', '5bfcea44d8ab076bc340d883c251d259fadc78cf07f83bc2bc70389f6ebd0657', 56594), ('weights', '4e43c483c8594b6b2ab383e6457f8c590eb70ecae4800aadf6b3e1a669ae82b6', 56594), ('weights', 'b8ff34a5d50c5efff70a8383f4bc2e015be3c1f9273d9f280273ea4879a775f0', 56594), ('weights', 'd6b0ab8af888393c9c599a4a9f5a91b627e6d9a9401b54f53aa65ba4a5845a4e', 56594), ('feedback', 'dbba0d49560b5753f2ee87d4c24ea9f837ed46064d8a33cea940ac837ef0e3bf', 736891), ('feedback', '66ab13367e832d0eeb97b1e3e92649dce9b13c82abd75ee46eb481911a62ad7e', 668491), ('feedback', 'bd59aa264661008d093b571c5a0889c70edbacba85f0191a0c68b2e2613a92aa', 651391), ('feedback', '0156ff27da9aa5665637a2de051101013fc9536c3aef18a274f8de40221620c0', 651391), ('feedback', '3f3e7c0c1f280a99200ce48716e5ec6243925d4ce832a9b969ac0748f5dcc1a3', 631491), ('feedback', '5509a294259b883467c09de58529f43c2649e8283092479fcc147a29c2d289c7', 612273), ('contrib', 'eb537f5a75482c520cb6106894221dbc62cabe8a2f8e1d1f4cf7d3fcc0987d0b', 75223), ('contrib', '5962b927234a6a9e01576a5f134469d4fd885c8e6e29289d51e1ff3c5a21db60', 58111), ('contrib', 'd38d88aba9616e931dbb5591f0e09d16ba73e1de67aecbf6daae1d5776eeebd8', 58123), ('contrib', 'b0c363d4cd7de42e99d07fc9614e848bccc692e15dfd1dd858b721c28ce3ab08', 58123), ('contrib', 'ff84e9ce1e9796c945d397be895c9432d5a90b0eb36f6fd07da717f80b17f24a', 58123), ('close', '3951244675fdd5f9e1463ab3991f2ebabd11b16d076634424d11c7d4328c6e0f', 643640)]"
3,22:34:58.500,0.8586,158.99411489069462,"[1548038702449161097, 1543244315389162822, 1490285251167229033, 1468514322502160802, 249917408492286240, 0]","[70, 69, 69, 69, 71, 72]","[37, 38, 37, 38, 37, 36]","[('0xA41dE09A63f6Cedd633f99052b44450d3BB91D44', 3784058398123857685, 104071548272099729, 1548038702449161097), ('0x17725D495A0843Ea05541fD61ba5D4082750bC08', 3794167054818256002, 109385817906499771, 1543244315389162822), ('0x37AC7AC5D09bbC6dAC1CF036b7F9DdD0EA4E052E', 3852440388674589809, 114700087540899789, 1490285251167229033), ('0x536fc4cd48ad9B3649e8aB615592E83Ec9F5fcd1', 3878534702547624303, 119023472748866052, 1468514322502160802)]",700000000000000000,"[(3, 124958704246143120), (3, 222222222222222223)]","[232728057285471023, 244611993562381946, 256495929839292813, 266164019312854271]","[[0.0, 1.0, 1.0, 1.0, -1.0, -1.0], [1.0, 0.0, 1.0, 1.0, -1.0, -1.0], [1.0, 1.0, 0.0, 1.0, -1.0, -1.0], [1.0, 1.0, 1.0, 0.0, -1.0, -1.0], [-1.0, -1.0, -1.0, -1.0, 0.0, -1.0], [0.0, 0.0, 0.0, 0.0, 0.0, 0.0]]","[5, 6]","['$user$0, 0.808, good, good, None, 0xA41dE09A63f6Cedd633f99052b44450d3BB91D44', '$user$1, 0.825, good, good, None, 0x17725D495A0843Ea05541fD61ba5D4082750bC08', '$user$2, 0.82, good, good, None, 0x37AC7AC5D09bbC6dAC1CF036b7F9DdD0EA4E052E', '$user$3, 0.819, good, good, None, 0x536fc4cd48ad9B3649e8aB615592E83Ec9F5fcd1', '$user$4, 0.671, bad, bad, 3, 0x118E560679B62a9F24c135A96d416548782f8cc2']","[('close', '3951244675fdd5f9e1463ab3991f2ebabd11b16d076634424d11c7d4328c6e0f', 643640), ('slot', 'a14b87b1fa39e3260fa4e5218486062423ad15405257013d44c70ff4a7966fad', 50814), ('slot', 'c2a3323c131d49e4e454885b485ea1cf60db94a188bd56b88b60e7120afa0c57', 50814), ('slot', 'd2f387babb1f4a960585fd744b0e4ab4670d5bc77c99e8439dc5645c50d8d14c', 50814), ('slot', '57d7c8918a1daa4a20958f000b397e6502489622aaa85bbc8fbb88ff7839bd8c', 50814), ('slot', 'c24b992f6fa0c5fd715bf47028c1e833c2dbe531585d60de258cc90e94d9fafd', 50814), ('slot', '03fe83927971fb09e8c7dab78584c061071888e00b879c73e214a1109a364452', 50814), ('weights', '1bc3ff9a610dec183ba292cb94d6027454df556defa7fb3162b03722cd96afc5', 73694), ('weights', 'ef9cd6cfaa1595586f611d4f7f573e6cd190ea23453e36cbc578ac2c44f3fa54', 56594), ('weights', 'ca70b22848ad4ab55bea072b16f0adcc16d1a9e4c495979ead2bd8ef18e7bc24', 56594), ('weights', '0827c76be80430e28af6c2c07b7742365efc13b924952d48d43a9ee3171ab916', 56594), ('weights', 'd76a183ddfed64bbf3d957b938b47c872ad58d3ec762e0fd8471393bd613f43a', 56594), ('weights', 'debca111afd8c52eb61178e3096db2e82d163926a3d9d1bc250903364c5b9864', 56594), ('feedback', '456a3292d2a99a765c75559a0f343065a665d7408e3a0f92b4eb078f22c7d2a5', 715363), ('feedback', '5bc4d88db2eeafbd5451d4520680e2879de084a57ff27f575c10166f482a26f2', 646963), ('feedback', '5947449d6eececd58e33d0c90312cdcb63b584186a8a9412091d028cde938099', 629863), ('feedback', 'dc12ccfbe2125fe2818c67889c653ac73d7a6639eba7c581dcafcc915d775c4f', 629863), ('feedback', '29a82cfa79a1eee515385fa5f186830e88c3502f3038599766f1baa778afda76', 605043), ('feedback', '8b5c76627c76d74411677a181ebb99254797bc29ba9f10c664ae44edf90a94af', 612273), ('contrib', '690d6ae669d2b4b673d8142e2b5b51045a60cc264672a47fab43fef15e09df47', 75223), ('contrib', 'e2add7a5cfc7a9b27a8e45fd5461f21a46961081d53cc158e13f2753c4439cb8', 58123), ('contrib', '52c5eb1d9e754e35ca495789ab72ec1f571f53ce44e256c8dacfeeabab94a9ba', 58123), ('contrib', '495a852f5127252b8369d1586a2097d21aa87bdc608086e39625fd2f6c498603', 58123), ('close', '0240cace2e5d1b1611de8b5406ab54dd17ce17e22ffbaac81e749d120dfdb67b', 618388)]"
4,22:35:21.780,0.8915,116.96256329491735,"[1551566095679930108, 1668114035758385925, 1556952983228763408, 1623366885332920551, 0, 0]","[84, 85, 85, 84, 86, 0]","[15, 16, 17, 18, 16, 0]","[('0xA41dE09A63f6Cedd633f99052b44450d3BB91D44', 4252126480566266417, 3527393230769011, 1551566095679930108), ('0x17725D495A0843Ea05541fD61ba5D4082750bC08', 4256920867626264692, 124869720369223103, 1668114035758385925), ('0x37AC7AC5D09bbC6dAC1CF036b7F9DdD0EA4E052E', 4309879931848198481, 66667732061534375, 1556952983228763408), ('0x536fc4cd48ad9B3649e8aB615592E83Ec9F5fcd1', 4331650860513266712, 154852562830759749, 1623366885332920551)]",600000000000000000,"[(4, 249917408492286240)]","[10080645161290313, 356854838709677379, 190524193548387094, 442540322580645184]","[[0.0, 1.0, 1.0, 1.0, -1.0, 0.0], [1.0, 0.0, 1.0, 1.0, -1.0, 0.0], [1.0, 1.0, 0.0, 1.0, -1.0, 0.0], [1.0, 1.0, 1.0, 0.0, -1.0, 0.0], [-1.0, -1.0, -1.0, -1.0, 0.0, 0.0], [0.0, 0.0, 0.0, 0.0, 0.0, 0.0]]",[5],"['$user$0, 0.842, good, good, None, 0xA41dE09A63f6Cedd633f99052b44450d3BB91D44', '$user$1, 0.874, good, good, None, 0x17725D495A0843Ea05541fD61ba5D4082750bC08', '$user$2, 0.868, good, good, None, 0x37AC7AC5D09bbC6dAC1CF036b7F9DdD0EA4E052E', '$user$3, 0.858, good, good, None, 0x536fc4cd48ad9B3649e8aB615592E83Ec9F5fcd1']","[('close', '0240cace2e5d1b1611de8b5406ab54dd17ce17e22ffbaac81e749d120dfdb67b', 618388), ('slot', 'e270f20e75c754b864b865415014dde50dff2fcf3f0f989a4593526526fa1d0b', 50814), ('slot', '29e5dd20cc4ee3bfc902e72d16fb8e674e4495575c902dc4bf5de51f845bcc1a', 50814), ('slot', 'e58bf4564e13ab6138bcd712d66d03f96283895c9e68a2b61500279b4d86b471', 50814), ('slot', '4bcd821e96068c784a07f1de1176209c63330a83b7b43778d0d7d93bec2f9cd1', 50814), ('slot', 'aa1c73c5cad59bb4972390b2663c874f9893b411d8170ad6ffc096ef4602a910', 50814), ('weights', '31133bfafd2bed3c2f4c53b4498ce18b838518e954d7cb1a5e38cca143d30f59', 73694), ('weights', '4dd9adf272567ef4868de31415f92740ee9b9f0353205dc81900365823874952', 56594), ('weights', 'cd3426cfea953c93f3933ae7a4459a7e7e973859ef25c8484d9531dab0089e89', 56594), ('weights', 'e3d12d85707718c9525176d47d374a5ef0d44fb9ed6394dd116d63a4c0a5e62b', 56594), ('weights', '3bd6336a966e5a17c918a122dd06cc1aa81afa7fdecd465b27586fce2d8d0611', 56594), ('feedback', '60dd5ae2c7348d14ca0868d0fc9832020fbe9d0722699ca4779ea75c4d2cb5d7', 619400), ('feedback', '4aa4222e7fc39e7d167f0256da69c292b3dfed674e1ba4ed61bc117c630acd65', 568100), ('feedback', '468d5735b22bc146cd0132f3938087d7e676a0b197f5b4dfdeaf77de3cbbe9f9', 551000), ('feedback', '3153875ac4844fe3ba7ff6505eaf1e5a13414402a67c19e17ba192d51cb51484', 551000), ('feedback', '87efecf7f5e8ede5f0801165b10324bcce3a9ac29963c5192f6999084a4ccec9', 532168), ('contrib', 'f30a3e0407d96f0aab30b63c69376688e79dc5940b2ac67ab84340a1a5fb2c9f', 75211), ('contrib', '2377c6c429850dae565b66b6a243be4ed961f7a73d9816b0fddcdbdec448209b', 58123), ('contrib', '8fd12feb77ae7910a18d4be5176f344ad3df081041654d0692cecab8e72213f9', 58123), ('contrib', '440630b772e59371845c52a2e43b2fadb87b75eab78df04e1414fcbb5e76b2d8', 58123), ('close', '42c372936eab4e8ab5b303f31cd8068fd78676603cac9a687a65a95abab0ad82', 502181)]"
5,22:35:42.777,0.9099,95.87760461866856,"[1577109573940799641, 1682787948801864242, 1570617579502055314, 1669484897755280793, 0, 0]","[89, 90, 89, 86, 0, 0]","[11, 12, 12, 14, 0, 0]","[('0xA41dE09A63f6Cedd633f99052b44450d3BB91D44', 4848433904320069884, 25543478260869533, 1577109573940799641), ('0x17725D495A0843Ea05541fD61ba5D4082750bC08', 4731885964241614067, 14673913043478317, 1682787948801864242), ('0x37AC7AC5D09bbC6dAC1CF036b7F9DdD0EA4E052E', 4843047016771236584, 13664596273291906, 1570617579502055314), ('0x536fc4cd48ad9B3649e8aB615592E83Ec9F5fcd1', 4776633114667079441, 46118012422360242, 1669484897755280793)]",500000000000000000,[],"[255434782608695343, 146739130434783177, 136645962732919068, 461180124223602438]","[[0.0, 1.0, 1.0, 1.0, 0.0, 0.0], [1.0, 0.0, 1.0, 1.0, 0.0, 0.0], [1.0, 1.0, 0.0, 1.0, 0.0, 0.0], [1.0, 1.0, 1.0, 0.0, 0.0, 0.0], [0.0, 0.0, 0.0, 0.0, 0.0, 0.0], [0.0, 0.0, 0.0, 0.0, 0.0, 0.0]]",[],"['$user$0, 0.898, good, good, None, 0xA41dE09A63f6Cedd633f99052b44450d3BB91D44', '$user$1, 0.889, good, good, None, 0x17725D495A0843Ea05541fD61ba5D4082750bC08', '$user$2, 0.893, good, good, None, 0x37AC7AC5D09bbC6dAC1CF036b7F9DdD0EA4E052E', '$user$3, 0.882, good, good, None, 0x536fc4cd48ad9B3649e8aB615592E83Ec9F5fcd1']","[('close', '42c372936eab4e8ab5b303f31cd8068fd78676603cac9a687a65a95abab0ad82', 502181), ('slot', '2e3256fa8c1f9e2dd5a00302b5367d188ccd60c58719419b781d6989bb67c041', 50814), ('slot', 'cd336c3d4758ec64c8b132661e753e5fd358e0b1fce94483ddf3e46c72ae865c', 50814), ('slot', 'cb130fa353d265a97c45c78f17d648cd96151ea9b9877cc39f13faa039621e68', 50814), ('slot', '52c873e804f26d53baecab83a3f614774a7ce60f014d14fbe91a12fb3c3422ed', 50814), ('weights', 'b9cef30c3851b8a38879517fc285a4d518cec067937f4dbff3ca266ae2772395', 73682), ('weights', '05013a3c5e61a05d2d568ee88d7b42355aa8faffe02e16359a01881c31f57463', 56594), ('weights', 'ff49fb8ddaa8f034a0c4921053df440c583e42ea0c397309e94c72fbbe9cccd8', 56594), ('weights', 'c7a23635718ede034ec8f357fd8f4c8bfe3b48ea77a1596a63bdca20d67bc103', 56582), ('feedback', '07af734a89cbcc539c1786f73c66ec5571a3fbb1138f899db65efcb04fd370a6', 521426), ('feedback', 'e85e6b39c9801568d8b90cd6aeb45f03fadcf500a4f1e88b4962966445e08835', 487226), ('feedback', '88d8ef54624787f1f85601f5e388182827f0e67522fe593e00666f3bfa27ae4e', 470126), ('feedback', '04d226853d9304c3c481c8693f7755ddb0eb6bb33c940def20faecabe736068e', 470126), ('contrib', '26b1549ad05668f966b9e2cfefeed68e3ca2c4f2f269335a4180119770171789', 75223), ('contrib', 'caeb5093401557d2f10f2190bb61a060166187cda8b12840f695d3a1fd004111', 58123), ('contrib', 'b648d42909d3b92b698d3d3e4b582c82464d715aea51c9a16d6c18cef57f89b9', 58123), ('contrib', '9e66a06960fedb35aa6c10b2e5e45b57501e3e5dc41b63499898aeaf9b4f60f1', 58123), ('close', 'ef33883d5835404808909c8f837158c490bb7f400f4e671f25ab26893863e520', 410442)]"
6,22:36:03.852,0.9207,82.85379602760077,"[1598875308206533890, 1691966270480185915, 1604970726355202147, 1704187694958078036, 0, 0]","[91, 90, 92, 88, 0, 0]","[9, 10, 10, 11, 0, 0]","[('0xA41dE09A63f6Cedd633f99052b44450d3BB91D44', 4922890426059200349, 21765734265734249, 1598875308206533890), ('0x17725D495A0843Ea05541fD61ba5D4082750bC08', 4817212051198135748, 9178321678321673, 1691966270480185915), ('0x37AC7AC5D09bbC6dAC1CF036b7F9DdD0EA4E052E', 4929382420497944676, 34353146853146833, 1604970726355202147), ('0x536fc4cd48ad9B3649e8aB615592E83Ec9F5fcd1', 4830515102244719197, 34702797202797243, 1704187694958078036)]",400000000000000000,[],"[217657342657342489, 91783216783216728, 343531468531468320, 347027972027972420]","[[0.0, 1.0, 1.0, 1.0, 0.0, 0.0], [1.0, 0.0, 1.0, 1.0, 0.0, 0.0], [1.0, 1.0, 0.0, 1.0, 0.0, 0.0], [1.0, 1.0, 1.0, 0.0, 0.0, 0.0], [0.0, 0.0, 0.0, 0.0, 0.0, 0.0], [0.0, 0.0, 0.0, 0.0, 0.0, 0.0]]",[],"['$user$0, 0.912, good, good, None, 0xA41dE09A63f6Cedd633f99052b44450d3BB91D44', '$user$1, 0.896, good, good, None, 0x17725D495A0843Ea05541fD61ba5D4082750bC08', '$user$2, 0.912, good, good, None, 0x37AC7AC5D09bbC6dAC1CF036b7F9DdD0EA4E052E', '$user$3, 0.899, good, good, None, 0x536fc4cd48ad9B3649e8aB615592E83Ec9F5fcd1']","[('close', 'ef33883d5835404808909c8f837158c490bb7f400f4e671f25ab26893863e520', 410442), ('slot', 'a675c78d92025446a95dd715184362aaa345be0bddd862d8d0b12516d3ec71ed', 50814), ('slot', 'd6ddaeffe781b2a91c9b2845e0ed81c2c62fd76fb6773f5a35f1ffaf97eeff53', 50802), ('slot', '3f359f1930835439fcb5bc6856131c9a8028e424eb888893711877c5969a9eaf', 50802), ('slot', '6e2ca3253007c11ef1a4b535ef2657eb465870d5798085720c5826ad306c293d', 50802), ('weights', 'dc5e7dfab0bdaab96b35bfd3f3a529a2db1531dce757fbcb77743ce41ff5fa8f', 73694), ('weights', '609d61596c1843528dbb2d2cca379c8dec876250d020da10f191e39d444f988f', 56594), ('weights', '89e874c2a9775cdf1a25858578a68f627d9afe7dd487a233b7c29d7c89769be6', 56594), ('weights', '607dd30c9ff851d49fcb0dab941c07a0eec702df63280d3752a23653becdd6a6', 56570), ('feedback', 'a9fdee0344a079869c7cba9a663a3a7eb8f2e15aafb23dc89dd3fa96e4595fae', 521426), ('feedback', '1a1df96d212dd48111bbc8316797df31b73ee6966c9066cc6101bf1b81c83c9b', 487226), ('feedback', '08a80b4c0dd18bcc807c498c822f7165e1a4ac50d7f3f763e450e6f1352e2c53', 470126), ('feedback', 'eb870bd2a019b9bb7214ccde1e5ec98d7eb253ec312ba3577a09c9db1f1c5a4d', 470126), ('contrib', '8174887e5361c388a5707e2557b4d1906b3b03638773525afed5febcf41d2e01', 75223), ('contrib', 'ffb69bf66d334d5eb6ddb7f9d6ce49cc659c153bedd69ff43f3f1afa62a5e046', 58123), ('contrib', '7a588a1d011fc21c3e2ca69e1650eced970ded45c1658c0dd310d2260dccdc4d', 58123), ('contrib', '2d924e4a6d2776517053493195d690e963a631d9a9da0d306299e650a2c29df0', 58123), ('close', '135dd62f74871d175417a9ccad3352e4e415cc5250a7e000381f8b69cf579213', 410442)]"
7,22:36:24.936,0.9277,73.06555071473122,"[1630860602324180916, 1678179505774303577, 1645779549884613882, 1745180342016901613, 0, 0]","[92, 92, 92, 90, 0, 0]","[8, 8, 9, 10, 0, 0]","[('0xA41dE09A63f6Cedd633f99052b44450d3BB91D44', 5001124691793466098, 31985294117647026, 1630860602324180916), ('0x17725D495A0843Ea05541fD61ba5D4082750bC08', 4908033729519814073, 13786764705882338, 1678179505774303577), ('0x37AC7AC5D09bbC6dAC1CF036b7F9DdD0EA4E052E', 4995029273644797841, 40808823529411735, 1645779549884613882), ('0x536fc4cd48ad9B3649e8aB615592E83Ec9F5fcd1', 4895812305041921952, 40992647058823577, 1745180342016901613)]",300000000000000000,[],"[319852941176470229, -137867647058823372, 408088235294117307, 409926470588235725]","[[0.0, 1.0, 1.0, 1.0, 0.0, 0.0], [1.0, 0.0, 1.0, 1.0, 0.0, 0.0], [1.0, 1.0, 0.0, 1.0, 0.0, 0.0], [1.0, 1.0, 1.0, 0.0, 0.0, 0.0], [0.0, 0.0, 0.0, 0.0, 0.0, 0.0], [0.0, 0.0, 0.0, 0.0, 0.0, 0.0]]",[],"['$user$0, 0.914, good, good, None, 0xA41dE09A63f6Cedd633f99052b44450d3BB91D44', '$user$1, 0.911, good, good, None, 0x17725D495A0843Ea05541fD61ba5D4082750bC08', '$user$2, 0.921, good, good, None, 0x37AC7AC5D09bbC6dAC1CF036b7F9DdD0EA4E052E', '$user$3, 0.907, good, good, None, 0x536fc4cd48ad9B3649e8aB615592E83Ec9F5fcd1']","[('close', '135dd62f74871d175417a9ccad3352e4e415cc5250a7e000381f8b69cf579213', 410442), ('slot', '1779658174953387fab7c36ef2e789c18ac021358e2525120e232b4ffa51ecde', 50814), ('slot', '65c13d158ddd75d615dd9dd49a545e0688842b3eaa19f94f479f2a9d55e8580d', 50814), ('slot', '54afbed3954864cbf007d6748156d292eb8c051ae1e36235d02026f416dc9d88', 50814), ('slot', '0d37278e200fcc679a3ea87d6b409eebbd2ad5f273c9e0a42695d6d13e6d9db5', 50814), ('weights', 'feee9fbc09b909014c91ac8268a53c67bf139bc279f0bf461336318e345768ce', 73694), ('weights', '8ebe83b93d4db4010e2d2879bbb12e90f69431c9d478db976b8fd9ae744f3858', 56594), ('weights', 'c8b07c123f9cee3e8cf8f682835d8479231e4bceb44f52fe73fc30e004159a94', 56594), ('weights', '99dcdfcf142b2ab47614b273f8a4c84178fc34b6e29e3671318b4ef7a5e4809b', 56582), ('feedback', 'c58fe174c7626bae8033b6552663a6cd81108941acc7f50485ffcf51ca0f64e6', 521426), ('feedback', '635af9b1c3e576afc9058884234de010b8d15c5f19b707564fa7edac21538ffb', 487226), ('feedback', '6c027ddb04af7d5067b20a8ce1ef6887e592295bd4969759dc4be124b33f46d6', 470126), ('feedback', '79ce21bc604ef69bc128c60541cb8bc5f27690413a7a5c12692415d8e3e730bc', 470126), ('contrib', 'b93ec9670d0325d973a9786c7c7f5195203b1156dcea0f7fae044f92588d5564', 75223), ('contrib', '55ef6e3d5c2f22fac16b7a13b13b354508c20bddc728e4e978cdf1f3bff1a4f2', 78023), ('contrib', 'd2a65f1e29a89097c87cb556113523afc73695ecadf239380dcd237c3564baf6', 58123), ('contrib', '12edd5dfee478394bcb40e039fda224ad6d647ada37e7b5d7ee36ccba751216a', 58123), ('close', 'a346c79731311f33802271a584fb80ef4ddb9f8b344ba1147c08fa3dd941590a', 410453)]"
8,22:36:46.193,0.937,63.64835414662957,"[1680860602324180914, 1698179505774303577, 1665779549884613882, 1755180342016901613, 0, 0]","[93, 93, 93, 91, 0, 0]","[7, 7, 7, 9, 0, 0]","[('0xA41dE09A63f6Cedd633f99052b44450d3BB91D44', 5069139397675819072, 49999999999999998, 1680860602324180914), ('0x17725D495A0843Ea05541fD61ba5D4082750bC08', 5021820494225696411, 20000000000000000, 1698179505774303577), ('0x37AC7AC5D09bbC6dAC1CF036b7F9DdD0EA4E052E', 5054220450115386106, 20000000000000000, 1665779549884613882), ('0x536fc4cd48ad9B3649e8aB615592E83Ec9F5fcd1', 4954819657983098375, 10000000000000000, 1755180342016901613)]",200000000000000000,[],"[500000000000000000, 200000000000000011, 200000000000000011, 100000000000000005]","[[0.0, 1.0, 1.0, 1.0, 0.0, 0.0], [1.0, 0.0, 1.0, 1.0, 0.0, 0.0], [1.0, 1.0, 0.0, 1.0, 0.0, 0.0], [1.0, 1.0, 1.0, 0.0, 0.0, 0.0], [0.0, 0.0, 0.0, 0.0, 0.0, 0.0], [0.0, 0.0, 0.0, 0.0, 0.0, 0.0]]",[],"['$user$0, 0.916, good, good, None, 0xA41dE09A63f6Cedd633f99052b44450d3BB91D44', '$user$1, 0.93, good, good, None, 0x17725D495A0843Ea05541fD61ba5D4082750bC08', '$user$2, 0.934, good, good, None, 0x37AC7AC5D09bbC6dAC1CF036b7F9DdD0EA4E052E', '$user$3, 0.91, good, good, None, 0x536fc4cd48ad9B3649e8aB615592E83Ec9F5fcd1']","[('close', 'a346c79731311f33802271a584fb80ef4ddb9f8b344ba1147c08fa3dd941590a', 410453), ('slot', '37080617285c2b41152c1077b7543fc9eeab1d0bb1348150a6df944e2cc35702', 50802), ('slot', '87810e58075a81fb83c26345c8ed0190b450520e827559e3a2037d8a04b52a44', 50814), ('slot', 'f8893da019cbb57c446b5c09d5d2709edd84d120c6fd3428afe5bda8f7445bc5', 50814), ('slot', '1ee20914b923b28cfef8a88fc67de7649354990a547a6fcb41af4d4a79683ee5', 50814), ('weights', 'e5cac8e7fe94ee56cddf5563e455d336bb5b375579e1a0265213d01b9cdf30fc', 73694), ('weights', '65f49116398476059f9e74aac85ebd1b7d6e1b7695984c91cbe2f173931ebbde', 56594), ('weights', '985397793d1ca1ef809b3bc90de97fb732d4f4514f37a849d587ff6bcb23f118', 56594), ('weights', 'f7b2a0d5409c8f6dc0b53d0b2bf49dfb812a3612bb4e17bc286d44be330be50b', 56582), ('feedback', '0a5306cc93217e5f7c860eded33eb97bbbf8d580e96c1cf952613f27a607fd99', 521426), ('feedback', 'd18121423068a61cb3579cea02f890d63e040a60b6d498687166e2b66a158f55', 487226), ('feedback', '8c04ea4aff90bae3983a4f9f21e6ae3cbc2c7b9e45be5f76e1de3217ef0e4007', 470126), ('feedback', 'b2b68b5b542e8da295dc3d601f88f19bbb0843df7a6a02402a5f463f370a0b8d', 470126), ('contrib', 'f5c8cccddc820b3069de56e702673cdff45ce9277cd28c0b489226bbe644499a', 75199), ('contrib', '2d4ccd359fecf30a49510a957eb95548a5bacd822433c5b3e50a28c530fed3d1', 58111), ('contrib', '65c26869e495cfb7004e4e8917969e472db753a68c3a0f87e628233418ab1155', 58111), ('contrib', '24e59c59e294b514863488f510b671812a25a22a984dab406cdf991db298ab9a', 58111), ('close', '16519e95943056a2a8a4526965b1a7ccdb848c26f6335b1ae31a96e571aa2638', 410442)]"
9,22:37:07.508,0.944,57.13528223708272,"[1681485602324180911, 1746304505774303582, 1678904549884613871, 1793305342016901620, 0, 0]","[94, 94, 95, 91, 0, 0]","[6, 6, 7, 8, 0, 0]","[('0xA41dE09A63f6Cedd633f99052b44450d3BB91D44', 5119139397675819072, 624999999999997, 1681485602324180911), ('0x17725D495A0843Ea05541fD61ba5D4082750bC08', 5101820494225696409, 48125000000000005, 1746304505774303582), ('0x37AC7AC5D09bbC6dAC1CF036b7F9DdD0EA4E052E', 5134220450115386104, 13124999999999989, 1678904549884613871), ('0x536fc4cd48ad9B3649e8aB615592E83Ec9F5fcd1', 5044819657983098373, 38125000000000007, 1793305342016901620)]",100000000000000000,[],"[6249999999999977, 481250000000000066, 131249999999999894, 381250000000000088]","[[0.0, 1.0, 1.0, 1.0, 0.0, 0.0], [1.0, 0.0, 1.0, 1.0, 0.0, 0.0], [1.0, 1.0, 0.0, 1.0, 0.0, 0.0], [1.0, 1.0, 1.0, 0.0, 0.0, 0.0], [0.0, 0.0, 0.0, 0.0, 0.0, 0.0], [0.0, 0.0, 0.0, 0.0, 0.0, 0.0]]",[],"['$user$0, 0.933, good, good, None, 0xA41dE09A63f6Cedd633f99052b44450d3BB91D44', '$user$1, 0.932, good, good, None, 0x17725D495A0843Ea05541fD61ba5D4082750bC08', '$user$2, 0.94, good, good, None, 0x37AC7AC5D09bbC6dAC1CF036b7F9DdD0EA4E052E', '$user$3, 0.927, good, good, None, 0x536fc4cd48ad9B3649e8aB615592E83Ec9F5fcd1']","[('close', '16519e95943056a2a8a4526965b1a7ccdb848c26f6335b1ae31a96e571aa2638', 410442), ('slot', '68042dd7b343d1ae664a0822f1d82a8883bb91a772e07c9588759b9153d24817', 50814), ('slot', 'baca97704ba25a7f012b27ff32fb061a022846a83c16e5a30428d5cc7b21b819', 50814), ('slot', '602073f42b33a7e571ac4acf38c91cd3cb16fa4323e0009bdfd118480c606bfd', 50814), ('slot', 'd17c60fd516a080f1808b55b472e3b10693c3fc8e3dd750efed4d25aa48e73e5', 50814), ('weights', '79b2a2172bd5aef64aa4d9e220df87ba7031a1f6b0b023d01bb64e34df419e69', 73682), ('weights', 'fba202ac889b779141a277a2bfe9d6f815f52cadd8afdff44c11a6ee56792c42', 56594), ('weights', '301f778e3708ba35ee8ff311dfc2a4a2a7ee719764e05ee427343c383189c4b8', 56594), ('weights', '3526e4a02ce8d9f32d7f9f16b4c3f667a930b6a701f07e0697bf39d32db472d2', 56594), ('feedback', '5395718ce7ca1d8454957511e00672a9db13bb197d5e7d6713fb184f59a454b2', 521426), ('feedback', 'b73e4d59d998e99b877b315a465e1ceba0e18f2044bc70a2c6b9c871cb9c07d7', 487226), ('feedback', '642bbb55e99ad18f2ee0e872601502a993aa31585b15f03ce7aaaf7ac0003123', 470126), ('feedback', '8480324acff787811ae1fe3d115c32f1be45b9ea88ad9044a616f44798f41828', 470126), ('contrib', '5cdf0c26c674ee908e3ce680534b5419235f66f06674dae372d0e654967a0d81', 75211), ('contrib', '8223cb0489de7fc9cd7f00b8f879df7421ce889cda3c253d7e6394f0f61ac370', 58123), ('contrib', '9043826cf42caff842d99d5b9d6958801bc814d324eb7c35c69e69469fb9e2b7', 58123), ('contrib', 'df6bd8f3578d26ff935a3b6aa2cfbbba88564c837639caa28ce50fe8022c8401', 58123), ('close', 'aa86a43c2d4dd43af135e85955dfe0c0ddaa903ae4b5d1af71abeefd696c47cf', 410442)]"
10,22:37:28.772,0.9479,51.76508325710893,"[1672110602324180945, 1836929505774303548, 1690362883217947263, 1800597008683568227, 0, 0]","[94, 94, 95, 92, 0, 0]","[5, 6, 6, 7, 0, 0]","[('0xA41dE09A63f6Cedd633f99052b44450d3BB91D44', 5218514397675819073, 9374999999999966, 1672110602324180945), ('0x17725D495A0843Ea05541fD61ba5D4082750bC08', 5153695494225696402, 90624999999999966, 1836929505774303548), ('0x37AC7AC5D09bbC6dAC1CF036b7F9DdD0EA4E052E', 5221095450115386113, 11458333333333392, 1690362883217947263), ('0x536fc4cd48ad9B3649e8aB615592E83Ec9F5fcd1', 5106694657983098364, 7291666666666607, 1800597008683568227)]",0,[],"[-93749999999999666, 906249999999999666, 114583333333333925, 72916666666666074]","[[0.0, 1.0, 1.0, 1.0, 0.0, 0.0], [1.0, 0.0, 1.0, 1.0, 0.0, 0.0], [1.0, 1.0, 0.0, 1.0, 0.0, 0.0], [1.0, 1.0, 1.0, 0.0, 0.0, 0.0], [0.0, 0.0, 0.0, 0.0, 0.0, 0.0], [0.0, 0.0, 0.0, 0.0, 0.0, 0.0]]",[],"['$user$0, 0.942, good, good, None, 0xA41dE09A63f6Cedd633f99052b44450d3BB91D44', '$user$1, 0.944, good, good, None, 0x17725D495A0843Ea05541fD61ba5D4082750bC08', '$user$2, 0.951, good, good, None, 0x37AC7AC5D09bbC6dAC1CF036b7F9DdD0EA4E052E', '$user$3, 0.929, good, good, None, 0x536fc4cd48ad9B3649e8aB615592E83Ec9F5fcd1']","[('close', 'aa86a43c2d4dd43af135e85955dfe0c0ddaa903ae4b5d1af71abeefd696c47cf', 410442), ('slot', '6a82e1b7ceb55905806a0be286607d2fe219cb00fe2edcee38f74800b3e49c70', 50814), ('slot', '15b99f1c292168797e39e5413d5aacdcb3157d5a21b8207eff771a63cd5f6a55', 50814), ('slot', '076b94175b97b0a052bf2ef36a7f3567df06284630a11fa5250784380f1d64f1', 50814), ('slot', '5a064da2ec0587b48280f98ffa6afd3a603ef4722fd0ac45077cb3727e3fab0a', 50814), ('weights', '5a2bd5fd2cd5e4b85377cd2135274729c4e742c32200d87508307bdd6918f8ca', 73694), ('weights', 'a913e0bc000162908b1240661beb889b6b58a0fdd80727f234b115c4bc3cbb47', 56594), ('weights', '9e48a581cdd22b05d00dd1bd1b4b630368c3c969c1399f2c8d0bc075894f4db7', 56582), ('weights', '38c7cf37552db34113a22c12e2ce0dcea9b9529320e4407e29efead8cb3bb8c2', 56594), ('feedback', '685906c7401d33755764928426bb8b58dc755a98ac4db3f88904a9990aeea48d', 521426), ('feedback', '0ff4ab5287425b4f093889a9b47a0a1a0e9bd1aaecb036728a623f83d6b634ba', 487226), ('feedback', '2e76794b7180596a6d8ed2eb35f9a1d59e5608dee786f5f730fe6f018a125ca1', 470126), ('feedback', '0464c204656f060b913868cb8bee3c54c69a8dee49c766c35e4aa3e541a5e8fd', 470126), ('contrib', '725950cdf7bc03a008d6dce3e92174854a52b4fad81c3655bdc617ebad5f6268', 95135), ('contrib', '8151b2868caa26f8125839b760a5d0039c47491cb9f460716c5911b8ffed7b00', 58123), ('contrib', '37717fb017461c57a1da66d2d1ead92509faf2048dc2079601c32291d6797529', 58123), ('contrib', '9705caffe8db6218d61ba4d47c5655347cd7713d8931727d87856a709091cfc9', 58123), ('close', 'd70fc2158ef66a2513a47b2ea86fc9dce7d34d80947cd861b44ade55aeede7e4', 410453)]"
# $gasCosts$[777039, 708639, 691539, 691539, 711091, 612273, 75223, 58123, 58123, 58123, 736891, 668491, 651391, 651391, 631491, 612273, 75223, 58111, 58123, 58123, 58123, 715363, 646963, 629863, 629863, 605043, 612273, 75223, 58123, 58123, 58123, 619400, 568100, 551000, 551000, 532168, 75211, 58123, 58123, 58123, 521426, 487226, 470126, 470126, 75223, 58123, 58123, 58123, 521426, 487226, 470126, 470126, 75223, 58123, 58123, 58123, 521426, 487226, 470126, 470126, 75223, 78023, 58123, 58123, 521426, 487226, 470126, 470126, 75199, 58111, 58111, 58111, 521426, 487226, 470126, 470126, 75211, 58123, 58123, 58123, 521426, 487226, 470126, 470126, 95135, 58123, 58123, 58123],[126674, 126674, 126674, 126674, 126674],[50802, 50814, 50814, 50814, 50802, 50802, 50814, 50814, 50814, 50814, 50814, 50814, 50814, 50814, 50814, 50814, 50814, 50814, 50814, 50814, 50814, 50814, 50814, 50814, 50814, 50814, 50814, 50814, 50802, 50802, 50802, 50814, 50814, 50814, 50814, 50802, 50814, 50814, 50814, 50814, 50814, 50814, 50814, 50814, 50814, 50814, 50814],[73694, 56594, 56594, 56594, 56582, 56594, 73682, 56594, 56594, 56594, 56594, 56594, 73694, 56594, 56594, 56594, 56594, 56594, 73694, 56594, 56594, 56594, 56594, 73682, 56594, 56594, 56582, 73694, 56594, 56594, 56570, 73694, 56594, 56594, 56582, 73694, 56594, 56594, 56582, 73682, 56594, 56594, 56594, 73694, 56594, 56582, 56594],[682846, 643640, 618388, 502181, 410442, 410442, 410453, 410442, 410442, 410453],[],[]
# TOTAL EXPERIMENT TIME: 232.76 seconds
