# Author Nykjaer
# ------Specs--------# cpu_name:  (processor model)
# cpu_cores: 6 (physical cores)
# ram_gb: 13.5 (system memory in GB)
# gpu_name: NVIDIA GeForce RTX 3060 Laptop GPU (graphics processor)
# os_name: Linux (operating system)
# ------Config--------# good_contributors: 4 (honest participants)
# bad_contributors: 1 (malicious participants)
# freeriders: 1 (contribute 0)
# inactive: 0 (never join)
# reward: 1000000000000000000 (total reward pool)
# minimum_rounds: 10 (rounds to simulate)
# min_buy_in: 1000000000000000000 (lower buy-in bound)
# max_buy_in: 1000000000000000000 (upper buy-in bound)
# standard_buy_in: 1000000000000000000 (default buy-in)
# epochs: 1 (local epochs per round)
# batch_size: 32 (training batch size)
# punish_factor: 3 (penalty multiplier)
# first_round_fee: 50 (fee for first round)
# fork: True (True=local fork, False=real net)
# contribution_score_strategy: naive (scoring method)
# use_outlier_detection: False (Whether to use outlier detection)
# freerider_start_round: 1 (When freeriders should start freeriding)
# freerider_noise_scale: 0.0 (How much noise a freeder should add)
round,time,globalAcc,globalLoss,GRS,accAvgPerUser,lossAvgPerUser,rewards,conctractBalanceRewards,punishments,contributionScores,feedbackMatrix,disqualifiedUsers,userStatuses,GasTransactions
# $startingUserConfig$['$user$0, 0, good, good, None, 0xA41dE09A63f6Cedd633f99052b44450d3BB91D44', '$user$1, 0, good, good, None, 0x17725D495A0843Ea05541fD61ba5D4082750bC08', '$user$2, 0, good, good, None, 0x37AC7AC5D09bbC6dAC1CF036b7F9DdD0EA4E052E', '$user$3, 0, good, good, None, 0x536fc4cd48ad9B3649e8aB615592E83Ec9F5fcd1', '$user$4, 0, good, bad, 3, 0x118E560679B62a9F24c135A96d416548782f8cc2', '$user$5, 0, good, freerider, 1, 0xA2F37A08a8488CB8551a0D03f7A73f4156757de7']
0,23:33:36.607,0,721.0400390625,"[1000000000000000000, 1000000000000000000, 1000000000000000000, 1000000000000000000, 1000000000000000000, 1000000000000000000]",[],[],[],1000000000000000000,[],[],,[],"['$user$0, 0, good, good, None, 0xA41dE09A63f6Cedd633f99052b44450d3BB91D44', '$user$1, 0, good, good, None, 0x17725D495A0843Ea05541fD61ba5D4082750bC08', '$user$2, 0, good, good, None, 0x37AC7AC5D09bbC6dAC1CF036b7F9DdD0EA4E052E', '$user$3, 0, good, good, None, 0x536fc4cd48ad9B3649e8aB615592E83Ec9F5fcd1', '$user$4, 0, good, bad, 3, 0x118E560679B62a9F24c135A96d416548782f8cc2', '$user$5, 0, good, freerider, 1, 0xA2F37A08a8488CB8551a0D03f7A73f4156757de7']","[('register', 'b9ed21a37dcdb64f8027cb76432658e71939cffcbf4c75b0d870185ed20999a0', 126674), ('register', '70dc49ea406d57f7e83ade947c0cbf7bc4e2acca4b42c4b47a2d199099a0915d', 126674), ('register', 'bf243353408a5a4b2e2a50a51eeb7039b5a7a57e5fc63b56b4e0818adc6386fe', 126674), ('register', 'd00d34a8b9be91b2d42b1007557e6b7efefd627e53c544cf5f32cad22969c79c', 126674), ('register', '86d84bd97a762918053213b1c1b5524a29dad5cd521c58856be2b5980dd69c80', 126674)]"
1,23:34:05.404,0.2703,713.5670776367188,"[1153333333333333333, 1153333333333333333, 1153333333333333333, 1153333333333333333, 1153333333333333333, 333333333333333334]","[12, 12, 13, 14, 14, 17]","[74, 74, 74, 74, 74, 74]","[('0xA41dE09A63f6Cedd633f99052b44450d3BB91D44', 4000000000000000000, 153333333333333333, 1153333333333333333), ('0x17725D495A0843Ea05541fD61ba5D4082750bC08', 1000000000000000000, 153333333333333333, 1153333333333333333), ('0x37AC7AC5D09bbC6dAC1CF036b7F9DdD0EA4E052E', 4000000000000000000, 153333333333333333, 1153333333333333333), ('0x536fc4cd48ad9B3649e8aB615592E83Ec9F5fcd1', 1000000000000000000, 153333333333333333, 1153333333333333333), ('0x118E560679B62a9F24c135A96d416548782f8cc2', 4000000000000000000, 153333333333333333, 1153333333333333333)]",900000000000000000,"[(1, 166666666666666666)]","[200000000000000000, 200000000000000000, 200000000000000000, 200000000000000000, 200000000000000000]","[[0.0, 0.0, 1.0, 0.0, 1.0, -1.0], [1.0, 0.0, 1.0, 1.0, 1.0, -1.0], [1.0, 0.0, 0.0, 0.0, 1.0, -1.0], [1.0, 1.0, 1.0, 0.0, 1.0, -1.0], [1.0, 0.0, 1.0, 0.0, 0.0, -1.0], [0.0, 0.0, 0.0, 0.0, 0.0, 0.0]]",[6],"['$user$0, 0.736, good, good, None, 0xA41dE09A63f6Cedd633f99052b44450d3BB91D44', '$user$1, 0.63, good, good, None, 0x17725D495A0843Ea05541fD61ba5D4082750bC08', '$user$2, 0.733, good, good, None, 0x37AC7AC5D09bbC6dAC1CF036b7F9DdD0EA4E052E', '$user$3, 0.662, good, good, None, 0x536fc4cd48ad9B3649e8aB615592E83Ec9F5fcd1', '$user$4, 0.739, good, bad, 3, 0x118E560679B62a9F24c135A96d416548782f8cc2', '$user$5, 0, freerider, freerider, 1, 0xA2F37A08a8488CB8551a0D03f7A73f4156757de7']","[('slot', 'bc2b874845e9efede8582be4cda60c44b856fa87f630d1a532cdc61f071cfab1', 50814), ('slot', '8563f5978d2c7cf3d1f470fd5d4513e38ef2aae8c45b08e7acbc2986140100e2', 50814), ('slot', '1781a6a6813ac512c3fa8ab11d7464245be618e9486299cee911fa4a99edfc85', 50802), ('slot', '962f0ed96b5cab993fed8e05d605bea29231cef5220d4456dfcd432115ca5a32', 50814), ('slot', '240f799084c8cc40f588ddf4be04dfcd64ddf2a02fa5fb9bd1c622953f6a5e75', 50814), ('slot', 'bb71f788f5a7e7c8a163d82ad5a16bbdc40ade0e2959906bb06dcab84c368602', 50814), ('weights', '17a8e7095123ae6ee4f9325fc31a9e0bb841de8a0208932a40c0e0a64ac9f0c0', 73694), ('weights', 'cf47d4baa7c15e2daf0b71c26516a1726a170066d876a7831320b4fd4de1455e', 56594), ('weights', '865aa8cea9b4eca6b205de00433b744ddbac3b21ac6a9d310f3f147787ae2315', 56594), ('weights', '9e85b5c3f26198a03b0a1d7e7c89ac613ed56d04760e768b988d64142c258cd3', 56594), ('weights', '3980b4b62ad8bb82a6c02a70cc4d51b040034e65e93a2fbd64d371c51e5069b4', 56582), ('weights', 'd4ca10ed83a37c352e0f1544b9ce8b003ebcc303877521b0bd6eb4ff222b51da', 56594), ('feedback', 'd005f1d35e42a8e0a024a490237a71db80a60c5af62f55f1aeca359799542c3a', 321453), ('feedback', '3b958e35ca581da711f348f2734c2166fd25f7bd5a84f6594f82886fe5915710', 351701), ('feedback', '344b9a34b03c82241bd8c71979a2dc5ec3c925ebf6a3569ac0a176afc5c78234', 270153), ('feedback', 'e19120ab5a4a1de748f2483eca8f933d5c5cd156f780babb618392e7c8edc57a', 334601), ('feedback', 'd596ba00e99ebea288a80ffb1c5d4a4f70869e1e07ed5005b0e5bf846d59899a', 270153), ('feedback', '166f458ab338ad53ea6db0f9e78e598b2f3fd6a1ac02c8f365060ad62beed132', 218683), ('contrib', 'c9a0eaf4a4c6eada431a069945bd31e655d6d601200261e94490bd281276b2db', 75199), ('contrib', '93f9207f0ce21f2929533f1d6a42cb374ab3330be93d05b62ccb41f2874a879f', 58099), ('contrib', '596680e1a2b860f5c1bd849b9f048ec7b28b58dc767a5e1265cab310e4e30661', 58099), ('contrib', '3d61b883fa987831c94f2d85e72a0bad95956a9dd215156ba29b8d0488866017', 58099), ('contrib', 'a566f4bfc2b171653a9d558cf86b3a89036e954ac4dee7dbc3118f2c554b1152', 58099), ('close', 'cafe5df06db4adc0786b6ce58bf9a20b9c9f18d771e60531af79394b7bd8854c', 671004)]"
2,23:34:32.666,0.6845,439.05296516418457,"[1195555555555555555, 1195555555555555555, 1195555555555555555, 1195555555555555555, 1195555555555555555, 222222222222222223]","[24, 24, 26, 25, 27, 30]","[73, 73, 73, 73, 73, 73]","[('0xA41dE09A63f6Cedd633f99052b44450d3BB91D44', 4613333333333333332, 42222222222222222, 1195555555555555555), ('0x17725D495A0843Ea05541fD61ba5D4082750bC08', 4613333333333333332, 42222222222222222, 1195555555555555555), ('0x37AC7AC5D09bbC6dAC1CF036b7F9DdD0EA4E052E', 4613333333333333332, 42222222222222222, 1195555555555555555), ('0x536fc4cd48ad9B3649e8aB615592E83Ec9F5fcd1', 4613333333333333332, 42222222222222222, 1195555555555555555), ('0x118E560679B62a9F24c135A96d416548782f8cc2', 4613333333333333332, 42222222222222222, 1195555555555555555)]",800000000000000000,"[(2, 111111111111111111)]","[200000000000000000, 200000000000000000, 200000000000000000, 200000000000000000, 200000000000000000]","[[0.0, 1.0, 1.0, 1.0, 1.0, -1.0], [1.0, 0.0, 1.0, 1.0, 1.0, -1.0], [1.0, 1.0, 0.0, 1.0, 1.0, -1.0], [1.0, 1.0, 1.0, 0.0, 1.0, -1.0], [1.0, 1.0, 1.0, 1.0, 0.0, -1.0], [0.0, 0.0, 0.0, 0.0, 0.0, 0.0]]",[6],"['$user$0, 0.669, good, good, None, 0xA41dE09A63f6Cedd633f99052b44450d3BB91D44', '$user$1, 0.613, good, good, None, 0x17725D495A0843Ea05541fD61ba5D4082750bC08', '$user$2, 0.675, good, good, None, 0x37AC7AC5D09bbC6dAC1CF036b7F9DdD0EA4E052E', '$user$3, 0.614, good, good, None, 0x536fc4cd48ad9B3649e8aB615592E83Ec9F5fcd1', '$user$4, 0.646, good, bad, 3, 0x118E560679B62a9F24c135A96d416548782f8cc2', '$user$5, 0, freerider, freerider, 1, 0xA2F37A08a8488CB8551a0D03f7A73f4156757de7']","[('close', 'cafe5df06db4adc0786b6ce58bf9a20b9c9f18d771e60531af79394b7bd8854c', 671004), ('slot', 'f6837320f9306690ff84612f373154ca2e6f752a66b9afe3808869aa5e0a4e1e', 50814), ('slot', 'fefbeb8033e0104fb6a2ad2004a3abd69d2ddd6112ce5d0e1fbe9535127cce20', 50814), ('slot', 'ece068287e85a22bdb180a7349b8801537d47c04fc59f5c6159c6d21ed768e7c', 50814), ('slot', 'e608fc960ace96fea56976889fd75983e61ee60b973f0f401bc46e50031d31a0', 50814), ('slot', '06351f38ae6c927217fe0ef713d6ba1d66c9b99ecb90ac4a16e3b087a9f28853', 50814), ('slot', '8718becc2cd64056293cc27c75eaaddb33caa4cf506a11a4265c176e149ab249', 50814), ('weights', '5e9f285ebe5ecfef45e2c1e054141b9edb0eb13b242e8ad7011e2294e3233751', 73694), ('weights', 'cc6688b0ab24e1b5ad8d8d4798b486a945088ef68b153da00ac67f2d4319743f', 56594), ('weights', '5d83abc66b7ea0eba192e629565bce33bc12fb33cde1f96dedd381a652bb9340', 56594), ('weights', '05d8c85c150a5e92bc0e5fc4bf46ab96cfc2a45a24abbaf6849ed05bec836938', 56594), ('weights', '0411bf9d60e3ac4d4b4c3943f3c675107d86f31bb173a5966a798390b1b9b6ef', 56582), ('weights', '116f3a4e1525830f208c1984727c3cbfe39c9b852933fa74864f85ebd9674174', 56582), ('feedback', 'c5a5c704ffc6b8340dd33afb7b0b4c69e5c97fc7ab9fcbc615847599469a470a', 363201), ('feedback', 'd9bba2f011ba27fc7b15475794ab422c908e83204126ad58b66a152e9a37df9c', 255001), ('feedback', '7398da66641b283295da63aebe42d1471503099e652c2fbee53ae57000ab2397', 277701), ('feedback', '9f4848532bd64d70c37f56c7e6352e7ba2ba39a38eda2dd5619f8aa3ec4f61e8', 237901), ('feedback', 'dba02548b7b7cdb0acd2964fad159b461b0eb7aa6f9371270fca0cc736214578', 277701), ('feedback', '8272cd9c80236be6c2c3662a3eafdc70bc98b27fa50047a3a177cbfbeffbad76', 218683), ('contrib', 'c6fb2962e307ced9921ff32436017e6813771570f4f60423d930cee3768dd13f', 75199), ('contrib', '97ccc0710b095c7a8a48dc5b51f4de7e14fbcac982feeffcdc9666a72d6bded2', 58099), ('contrib', 'cf0d504de20e4590b9b14a8c296a072a5cc63371a3d4141a55ff4a67b0d0b5dc', 58099), ('contrib', '7c8b52b69c927d420f657bf2db4d5d8e5611610b13a08d2259a2dbad448ba370', 58099), ('contrib', 'e189cfd449308dc77e7b1420cfbe05ed58f8b2f5c608b96581786b8050a657fe', 58099), ('close', '04d615da809d50f4a7fa569217be99a7ae37b9123ac1d806ddc11ca12738f443', 643640)]"
3,23:34:58.253,0.8359,176.3141616731882,"[1375740740740740740, 1375740740740740740, 1375740740740740740, 1375740740740740740, 797037037037037037, 0]","[67, 66, 68, 66, 68, 70]","[45, 45, 45, 46, 45, 44]","[('0xA41dE09A63f6Cedd633f99052b44450d3BB91D44', 2391111111111111110, 180185185185185185, 1375740740740740740), ('0x17725D495A0843Ea05541fD61ba5D4082750bC08', 2391111111111111110, 180185185185185185, 1375740740740740740), ('0x37AC7AC5D09bbC6dAC1CF036b7F9DdD0EA4E052E', 2391111111111111110, 180185185185185185, 1375740740740740740), ('0x536fc4cd48ad9B3649e8aB615592E83Ec9F5fcd1', 2391111111111111110, 180185185185185185, 1375740740740740740)]",700000000000000000,"[(3, 398518518518518518), (3, 222222222222222223)]","[250000000000000000, 250000000000000000, 250000000000000000, 250000000000000000]","[[0.0, 1.0, 1.0, 1.0, -1.0, 0.0], [1.0, 0.0, 1.0, 1.0, -1.0, -1.0], [1.0, 1.0, 0.0, 1.0, -1.0, -1.0], [1.0, 1.0, 1.0, 0.0, -1.0, 0.0], [-1.0, -1.0, -1.0, -1.0, 0.0, -1.0], [0.0, 0.0, 0.0, 0.0, 0.0, 0.0]]","[5, 6]","['$user$0, 0.781, good, good, None, 0xA41dE09A63f6Cedd633f99052b44450d3BB91D44', '$user$1, 0.814, good, good, None, 0x17725D495A0843Ea05541fD61ba5D4082750bC08', '$user$2, 0.817, good, good, None, 0x37AC7AC5D09bbC6dAC1CF036b7F9DdD0EA4E052E', '$user$3, 0.787, good, good, None, 0x536fc4cd48ad9B3649e8aB615592E83Ec9F5fcd1', '$user$4, 0.646, bad, bad, 3, 0x118E560679B62a9F24c135A96d416548782f8cc2']","[('close', '04d615da809d50f4a7fa569217be99a7ae37b9123ac1d806ddc11ca12738f443', 643640), ('slot', '385358a0b8ef44eae1e954a7beaff41c61e23a5fdbce500dce1bccb8d41ef746', 50814), ('slot', '5cf2039b28e3f2855f3f832c24fd1ac956d9fb3971c4f4148410042782751685', 50814), ('slot', 'cf8dcc416a3a3c23c04ba176aaf4e10410a14015d11cefc75827b0b058b87ab0', 50814), ('slot', '277ce7e90265759582f75c59e145d3d93f5909ec2b1ebe3530bd2c4f596fe397', 50814), ('slot', '470d7c92ac3a05a182958b2b340d16fa5025b8b5b4a44308f385a7d793cac9c8', 50814), ('slot', 'ef1a67715c795bf0ff2415fb172394de4917ff59f829c95b61e4caa011bf6b33', 50814), ('weights', 'c18166d00e1b75fbdca55226e733989f9e4a35ae1c274fba39224d9ece63a766', 73682), ('weights', 'f8254e35dea61e871b4987cdde17bf0d991c4d16fc327fe6e8162697ab44bf2e', 56594), ('weights', '5737e70cd7a7e18234a2a34c8862f9e71e4ee6f69c7d877f8e0b05b54541ec42', 56594), ('weights', '21d3582d8edf353878bc4e5ce4cc39270978403937b6af4070ed0fae743e6d0c', 56594), ('weights', 'c9cceec49a974de8347cf5449da9f6ead8f0d20d830b7d4f6ff4afd932b969e9', 56582), ('weights', '67566a20d0d4a9034441eab2aaadd37fbab0b601489e3c0e2b09656506fc4ccf', 56594), ('feedback', '229687fb339a2ca6976110074c9f5680c8ad3348955a576f2b06c377e54b4945', 300527), ('feedback', '1763a39a8961595feed98ae4202063a269085dc0dda18a6c071ef157b6ca0dfe', 270449), ('feedback', 'cc9883737a2ed1a53b67211c371d9914df3d5475b74f3a3e4cadae4e24bd84a6', 236249), ('feedback', '987debef087a927b79368032930c1ac11a3a9d447751e2b799b438ea2350cfc4', 232127), ('feedback', '51233462b9dcce09bb920ba9fe08bd92f4b220dbb817a36442a4de73c95a2d38', 231293), ('feedback', '7e09c36b93ec094714795850359acc2746ea82d1bbcc0e3b840f8bbe9a7e8c70', 218683), ('contrib', '7712905485576d79d5aa726709b2aa9b35de98c1d5526be74c12246d60418184', 75199), ('contrib', '5d0fbbf510528bbe214a11d77cebb9a2619e460ed96fa27f1522cfcaf93fd7b4', 58099), ('contrib', '5d07e8870ee4759cab479b1872ffa325f69927048e7f6223e298f5cbf549f14c', 58099), ('contrib', '2568351d07d3c128f4cd90e11856f3f73810a989b7234dc9f25917956decd426', 58099), ('close', '95a42ff04f3b4738c994aa54d406543921e1ce8acadbb563d466eee36acd04fa', 618388)]"
4,23:35:22.069,0.8783,129.11096374690533,"[1467160493827160493, 1467160493827160493, 1467160493827160493, 1467160493827160493, 531358024691358025, 0]","[82, 84, 83, 82, 84, 0]","[17, 18, 19, 20, 17, 0]","[('0xA41dE09A63f6Cedd633f99052b44450d3BB91D44', 3330185185185185183, 91419753086419753, 1467160493827160493), ('0x17725D495A0843Ea05541fD61ba5D4082750bC08', 3330185185185185183, 91419753086419753, 1467160493827160493), ('0x37AC7AC5D09bbC6dAC1CF036b7F9DdD0EA4E052E', 3330185185185185183, 91419753086419753, 1467160493827160493), ('0x536fc4cd48ad9B3649e8aB615592E83Ec9F5fcd1', 3330185185185185183, 91419753086419753, 1467160493827160493)]",600000000000000000,"[(4, 265679012345679012)]","[250000000000000000, 250000000000000000, 250000000000000000, 250000000000000000]","[[0.0, 1.0, 1.0, 1.0, -1.0, 0.0], [1.0, 0.0, 1.0, 1.0, -1.0, 0.0], [1.0, 1.0, 0.0, 1.0, -1.0, 0.0], [1.0, 1.0, 1.0, 0.0, -1.0, 0.0], [-1.0, -1.0, -1.0, -1.0, 0.0, 0.0], [0.0, 0.0, 0.0, 0.0, 0.0, 0.0]]",[5],"['$user$0, 0.832, good, good, None, 0xA41dE09A63f6Cedd633f99052b44450d3BB91D44', '$user$1, 0.849, good, good, None, 0x17725D495A0843Ea05541fD61ba5D4082750bC08', '$user$2, 0.866, good, good, None, 0x37AC7AC5D09bbC6dAC1CF036b7F9DdD0EA4E052E', '$user$3, 0.86, good, good, None, 0x536fc4cd48ad9B3649e8aB615592E83Ec9F5fcd1', '$user$4, 0.646, bad, bad, 3, 0x118E560679B62a9F24c135A96d416548782f8cc2']","[('close', '95a42ff04f3b4738c994aa54d406543921e1ce8acadbb563d466eee36acd04fa', 618388), ('slot', '37da8fe617a8bc5f66b7d28a734b2696f1da0d596855743abdaa2d5d02692d83', 50814), ('slot', 'a9be6d03e4117fbd8bc9d51ca3df9ef41862c8a87bdd7e904af1bffe1e4da045', 50814), ('slot', '0de26376ccab6c2f84e8c199dbdedd388dc73f9834da88ee958760a2cf94cc2c', 50814), ('slot', 'a8c996ba8de4f8c4d4e1df7d875d4d459d3213ab6d2d135fd4c8024808bf150c', 50814), ('slot', 'e4fa111c652e3f552f029d337714488b48b723e9109bfbcc4ababe8508e5166c', 50814), ('weights', 'f5e2c473f73dcee0d001a7c92fcc8191af86c240fc9459725467429e72a7b3b8', 73694), ('weights', 'fbd54e3a3aaaaad511c201d1ae0aee328f5b84b3eda186fbfa5a4031513baf13', 56594), ('weights', '30d2d5302808b7cd3010bc8c6635edc17b63af7fcdcc1a0c9c41d41b7036d55e', 56594), ('weights', '1699633384071f8f7188ee65fe9c51e2f1a07b5cb63b2a1dcc61fb330c991a3a', 56594), ('weights', '8d2501adb58906de7cda4ba6f8559caf64da773811bc4ddc88233a63fee25f0d', 56582), ('feedback', 'e06bee47d8f8de621f7ad8c04c40ee92f2d4aa3c6db7c2d5cab2ee0e6859c4c3', 270522), ('feedback', '64bc200d8632962bef214a31ca44157be7ce0890ee77809dfc5c62ee2dd8b455', 219222), ('feedback', '6a4d601b6b219a6bd0296c5dfff6fd25d91b8ca50095617a2c4d2c89093b11d0', 202122), ('feedback', '6e1bb7a6e68d7ac3079a281730e2663fd5cee833317c076578ddb1b8906495f9', 202122), ('feedback', 'e7cad9ecba4ae2f88e567c21db097ff7f33a8172bd92c8e1f59d6ffe9e13ee02', 203166), ('contrib', 'f5e12a20b664023d8c771a75709ab95f218245538a437bb6e57d24089025c2f8', 75199), ('contrib', '6fda3edb62f4000617616b2744c796775890318d42fe2ae132d1163d30145b50', 58099), ('contrib', 'e0db133d833dd1d727af6db0c1551c10c691d300df24a2a78cb5c3b4c08c06cc', 58099), ('contrib', 'dded74e18f117ad39f6220dd4a8881ea2e5bd11d9f7efadf5d2d411f72851fd5', 58099), ('close', 'a6eb6131c66fc24ae1512890a8c7ab08cc85514477b5b29ea6856ea2fcaf8628', 543321)]"
5,23:35:45.404,0.8983,104.88647922128439,"[1536440329218106995, 1536440329218106995, 1536440329218106995, 1536440329218106995, 354238683127572017, 0]","[88, 89, 88, 85, 88, 0]","[12, 13, 14, 15, 13, 0]","[('0xA41dE09A63f6Cedd633f99052b44450d3BB91D44', 3870123456790123454, 69279835390946502, 1536440329218106995), ('0x17725D495A0843Ea05541fD61ba5D4082750bC08', 3870123456790123454, 69279835390946502, 1536440329218106995), ('0x37AC7AC5D09bbC6dAC1CF036b7F9DdD0EA4E052E', 3870123456790123454, 69279835390946502, 1536440329218106995), ('0x536fc4cd48ad9B3649e8aB615592E83Ec9F5fcd1', 3870123456790123454, 69279835390946502, 1536440329218106995)]",500000000000000000,"[(5, 177119341563786008)]","[250000000000000000, 250000000000000000, 250000000000000000, 250000000000000000]","[[0.0, 1.0, 1.0, 1.0, -1.0, 0.0], [1.0, 0.0, 1.0, 1.0, -1.0, 0.0], [1.0, 1.0, 0.0, 1.0, -1.0, 0.0], [1.0, 1.0, 1.0, 0.0, -1.0, 0.0], [-1.0, -1.0, -1.0, -1.0, 0.0, 0.0], [0.0, 0.0, 0.0, 0.0, 0.0, 0.0]]",[5],"['$user$0, 0.866, good, good, None, 0xA41dE09A63f6Cedd633f99052b44450d3BB91D44', '$user$1, 0.866, good, good, None, 0x17725D495A0843Ea05541fD61ba5D4082750bC08', '$user$2, 0.883, good, good, None, 0x37AC7AC5D09bbC6dAC1CF036b7F9DdD0EA4E052E', '$user$3, 0.879, good, good, None, 0x536fc4cd48ad9B3649e8aB615592E83Ec9F5fcd1', '$user$4, 0.646, bad, bad, 3, 0x118E560679B62a9F24c135A96d416548782f8cc2']","[('close', 'a6eb6131c66fc24ae1512890a8c7ab08cc85514477b5b29ea6856ea2fcaf8628', 543321), ('slot', '5cea3331539de4365e9edf4772d0f6a8b04d179691b6f22383e064bc5ca4ecd8', 50802), ('slot', '407ed6038b9becc6d5158fa7841866da74f30f16b95114c4c23b6d7bb130fa37', 50814), ('slot', '16fd7dc84eda8c5e26120a0bfecd393a87aed9e0fb19916b523ab79007f11d57', 50814), ('slot', 'f0ec0c45b16ff58c6955724e64d8cf6508bb2d37e24c59f970691e92c1d0d859', 50814), ('slot', '2a5438b191d5a041903224125ce71d71f885bab9b92a219a22400f169a67cc19', 50814), ('weights', '4c1762d1bf922bbc19fa5fe9e343723cd0336284736702c87e0edde5c8baca1f', 73694), ('weights', '5753058e2639edbb7249e7f2be199eb478338a60a319486eb3eac3ed829a7287', 56594), ('weights', '70cbd726e2b71525e3feaec1324cf3abe7f5b03266836247d3d7a0ec4f4adde6', 56594), ('weights', '4c81238b5be9f6300216d11a66c66d9c6f8ff9072c8a14db4121ee7e79ae46bd', 56594), ('weights', '517e3b5095d26e16e7e74d6878721189bc7e08fc1a9939952d76ffa047c831c3', 56582), ('feedback', '313ff5b6ccedd07a404c84cf3b0ab43577e62a316d2ee8388beffba6aeae78e3', 270522), ('feedback', '3fb606350874feeb36818713759501500b71b5af1b004c437034a3820d53a823', 219222), ('feedback', '19bd4ca53d6496d3d63e7b1bf3c5a90e231c45f94a74ce4070d2ad1cc5a83465', 202122), ('feedback', '1a11d235ce296502c288eb3bf2895ad40c6c6a0b7017719182cc411b7151d7f8', 202122), ('feedback', 'a6040ad27d4d1000b5f27d42f704dcd36a2c29dd318e1f3750e560801f9121a5', 203166), ('contrib', '3b29a57b803c5ab02c9533d2880c31cecbe937996f6c52f6f23eff7633af3765', 75199), ('contrib', '800535f3ab012480037b637e3f43d6b109aaf3797f7de823abb21f73ac6a14ba', 58099), ('contrib', '7d08b92c3ad60a1306ae0b51003c5092dd37ef0913546fd2ac99cf323cdf31ae', 58099), ('contrib', '3ba2fabe00f39d7a7b928bc2473cde5d9c3ae65c007f304a3bad4cd7de1466c4', 58099), ('close', '6753185ad9fb02df438a9ae809e1875ca9c23c3ce02e3752fc23882fb093a19e', 543321)]"
6,23:36:08.710,0.9119,89.95270154625177,"[1590960219478737996, 1590960219478737996, 1590960219478737996, 1590960219478737996, 236159122085048012, 0]","[90, 90, 91, 88, 89, 0]","[10, 11, 11, 12, 10, 0]","[('0xA41dE09A63f6Cedd633f99052b44450d3BB91D44', 4255082304526748968, 54519890260631001, 1590960219478737996), ('0x17725D495A0843Ea05541fD61ba5D4082750bC08', 4255082304526748968, 54519890260631001, 1590960219478737996), ('0x37AC7AC5D09bbC6dAC1CF036b7F9DdD0EA4E052E', 4255082304526748968, 54519890260631001, 1590960219478737996), ('0x536fc4cd48ad9B3649e8aB615592E83Ec9F5fcd1', 4255082304526748968, 54519890260631001, 1590960219478737996)]",400000000000000000,"[(6, 118079561042524005)]","[250000000000000000, 250000000000000000, 250000000000000000, 250000000000000000]","[[0.0, 1.0, 1.0, 1.0, -1.0, 0.0], [1.0, 0.0, 1.0, 1.0, -1.0, 0.0], [1.0, 1.0, 0.0, 1.0, -1.0, 0.0], [1.0, 1.0, 1.0, 0.0, -1.0, 0.0], [-1.0, -1.0, -1.0, -1.0, 0.0, 0.0], [0.0, 0.0, 0.0, 0.0, 0.0, 0.0]]",[5],"['$user$0, 0.889, good, good, None, 0xA41dE09A63f6Cedd633f99052b44450d3BB91D44', '$user$1, 0.873, good, good, None, 0x17725D495A0843Ea05541fD61ba5D4082750bC08', '$user$2, 0.902, good, good, None, 0x37AC7AC5D09bbC6dAC1CF036b7F9DdD0EA4E052E', '$user$3, 0.893, good, good, None, 0x536fc4cd48ad9B3649e8aB615592E83Ec9F5fcd1', '$user$4, 0.646, bad, bad, 3, 0x118E560679B62a9F24c135A96d416548782f8cc2']","[('close', '6753185ad9fb02df438a9ae809e1875ca9c23c3ce02e3752fc23882fb093a19e', 543321), ('slot', '1c8000abc78edca7c8d244fa129efc1a7833ddadd5d5ec6812dae638515502ee', 50814), ('slot', '4db1a607b6f2175f344f77509dfdad007b18251a49d339f3fdbcdbd5a23b20b1', 50802), ('slot', '68489a47ac52f981e02cde80613d85dd5557a08fe95a6641c7937a478624d3ad', 50814), ('slot', '4b5ee9b59abaf49d95bf03e89b7fc37055225a0e8052ad878d1e70cc343bbab7', 50814), ('slot', '3a199c222fcddb36ade3317e88f62b9e5b219ebac3833b6d90e5d5106f11a34d', 50814), ('weights', '917b8bcd3819fe09f6423f9d377f3b5c032ecd6b1f73cabd21d3d3c32bd3ca08', 73694), ('weights', 'b7dd3e5b90b93378c2337f2fc94fb688ec9fd0375ab9f121f2d9f838fd0c4404', 56594), ('weights', '2bcbdd8457e6801f92232409e62d0c4905d22066524edeaaa1672f09e95a33cd', 56594), ('weights', 'fc3117d12c441d2d4304e72dd7618b881c6adf47335fa6b94de667112957af3f', 56594), ('weights', 'd1133df5c313789a7fa15b26f6c62e01ca6969a6f53efa678f711b32d2cd41d1', 56582), ('feedback', 'f9a8feaff1f514ffd7397f594b9ccee3f03349aff0b169a84dd2fb9aee7381da', 270522), ('feedback', 'ee98a5a2e0aad553d50b0d78dfd561ea9b7e1bef3298f3a61a15a63b8ad747cf', 219222), ('feedback', '1202e93aecba64fc2de30b2ad0751b3050c6a3fa50ca3fa61bd53c6b881c8372', 202122), ('feedback', '2da923a090f0ed74d1c5a02f9871e2f6e0f542ad38345fd7637567f0bbb136b6', 202122), ('feedback', '9ea79882f7beb132f9f2325b766e91615d37a17d7aa18114e3b49b66c31e5c08', 203166), ('contrib', 'd85e34d680f5bd5341d41f8debf905bd06537c05009956820d576c2735df42eb', 75199), ('contrib', '48bd4ecc1e3d471d333b46e3c6642573e117ec2c2ce70489049db4d07ea96c4c', 58099), ('contrib', '06d7f82eae6a55d27d337ba80aaab23ad1f13446c1193dbcffca9646e9f910f3', 58099), ('contrib', '4221b1934a2d9ab5d3c57fae445f4d7f8ad48cc73c5213ef5aaa1380c7d6bca0', 58099), ('close', '08db56d8ff32ebe5bad3641d2b99482a064121b333268fba96dcf0a5253fee5e', 543321)]"
7,23:36:32.018,0.9234,78.25426787510514,"[1674999999999999999, 1674999999999999999, 1674999999999999999, 1674999999999999999, 0, 0]","[92, 91, 92, 89, 92, 0]","[8, 9, 9, 11, 9, 0]","[('0xA41dE09A63f6Cedd633f99052b44450d3BB91D44', 4536721536351165976, 84039780521262003, 1674999999999999999), ('0x17725D495A0843Ea05541fD61ba5D4082750bC08', 4536721536351165976, 84039780521262003, 1674999999999999999), ('0x37AC7AC5D09bbC6dAC1CF036b7F9DdD0EA4E052E', 4536721536351165976, 84039780521262003, 1674999999999999999), ('0x536fc4cd48ad9B3649e8aB615592E83Ec9F5fcd1', 4536721536351165976, 84039780521262003, 1674999999999999999)]",300000000000000000,"[(7, 236159122085048012)]","[250000000000000000, 250000000000000000, 250000000000000000, 250000000000000000]","[[0.0, 1.0, 1.0, 1.0, -1.0, 0.0], [1.0, 0.0, 1.0, 1.0, -1.0, 0.0], [1.0, 1.0, 0.0, 1.0, -1.0, 0.0], [1.0, 1.0, 1.0, 0.0, -1.0, 0.0], [-1.0, -1.0, -1.0, -1.0, 0.0, 0.0], [0.0, 0.0, 0.0, 0.0, 0.0, 0.0]]",[5],"['$user$0, 0.912, good, good, None, 0xA41dE09A63f6Cedd633f99052b44450d3BB91D44', '$user$1, 0.918, good, good, None, 0x17725D495A0843Ea05541fD61ba5D4082750bC08', '$user$2, 0.921, good, good, None, 0x37AC7AC5D09bbC6dAC1CF036b7F9DdD0EA4E052E', '$user$3, 0.909, good, good, None, 0x536fc4cd48ad9B3649e8aB615592E83Ec9F5fcd1']","[('close', '08db56d8ff32ebe5bad3641d2b99482a064121b333268fba96dcf0a5253fee5e', 543321), ('slot', 'be7032ac8156dbb1216ef11050f5804cce9dd268db142742c205af6e9990e53c', 50802), ('slot', '11b4054c99611d82fcf4437958b998f0b08895dd8e2e8d99dda4f045654170c2', 50814), ('slot', '0e5c4534db7482b625636c141b2ab2e73efbaa9a23e566dc6f572406813d021f', 50814), ('slot', 'f9938ba5b34b628ec06c5b9292739070e0b313780d1596c36c157f7848d87c9a', 50814), ('slot', '11fb26d3c6cbc58775665fed2e9ea7201128966e2ce53dee12a9a29391342272', 50814), ('weights', 'b52e93e51105bce9ee2de13a643554f8c2fbe2082b17f93a69c86ee0f3cb5b1f', 73694), ('weights', '8984006436dcdd0e5c3758bc260fbd4983382d28159e1dbced7499aedca013bb', 56594), ('weights', '5f89da09c9e8da31a0c663959025d3b265672a6db07c225c70a0746a0dd56558', 56594), ('weights', 'd73aa3b15773e5692ea77506003799f40f29df2f0ef862ddaa80f3d91967020b', 56582), ('weights', '9a5de88eaf480bde1c38223db8c63646a7328b4b6ab1f97b6dbd5a917af8e3a7', 56582), ('feedback', '70ddbbd28d87c962800bbe7b21161d68d1a0e807d501c29c515adb737a9ecfca', 270522), ('feedback', '0ef571f968a2ddf2ec926e38c4b7c205570fc2f40ce332634bf1f0061b994bd6', 219222), ('feedback', 'de461e98114dbcefe1d2640350d43a57b7a713cb30748c639ca3d9b1789006e4', 202122), ('feedback', '9adb82976ea267cc2d6aa68fa2295ca0d0b1c319383cf52dbeeb0315fea3ca4d', 202122), ('feedback', '2368eaca280bb77450619234e4f60903577a2316a7ca2a663962488c99626f2d', 203166), ('contrib', 'f0cbe1480143a4de458acdb9f622721da951dec1f142075ed648325a3d36fa66', 75199), ('contrib', 'd856ffd5c5ccaa96361844a0fa260c8a69e93faeae0749dc96d785da4fbea2ee', 58099), ('contrib', '8de09496ae5103ba3637fcf235919f5d79be0b85a02840e6ba29dd0c5789990f', 58099), ('contrib', 'fc2dc96384de48036e332378d22cf0eb945222b8d45092877ade1e540b789350', 58099), ('close', '9dd71bb7d2676f4879f0cb9057d36fe6039b2431797b26c6143d7ae674b156b2', 502181)]"
8,23:36:53.475,0.9335,68.71829299628735,"[1699999999999999999, 1699999999999999999, 1699999999999999999, 1699999999999999999, 0, 0]","[92, 92, 93, 90, 0, 0]","[8, 8, 8, 9, 0, 0]","[('0xA41dE09A63f6Cedd633f99052b44450d3BB91D44', 5024999999999999997, 25000000000000000, 1699999999999999999), ('0x17725D495A0843Ea05541fD61ba5D4082750bC08', 5024999999999999997, 25000000000000000, 1699999999999999999), ('0x37AC7AC5D09bbC6dAC1CF036b7F9DdD0EA4E052E', 5024999999999999997, 25000000000000000, 1699999999999999999), ('0x536fc4cd48ad9B3649e8aB615592E83Ec9F5fcd1', 5024999999999999997, 25000000000000000, 1699999999999999999)]",200000000000000000,[],"[250000000000000000, 250000000000000000, 250000000000000000, 250000000000000000]","[[0.0, 1.0, 1.0, 1.0, 0.0, 0.0], [1.0, 0.0, 1.0, 1.0, 0.0, 0.0], [1.0, 1.0, 0.0, 1.0, 0.0, 0.0], [1.0, 1.0, 1.0, 0.0, 0.0, 0.0], [0.0, 0.0, 0.0, 0.0, 0.0, 0.0], [0.0, 0.0, 0.0, 0.0, 0.0, 0.0]]",[],"['$user$0, 0.917, good, good, None, 0xA41dE09A63f6Cedd633f99052b44450d3BB91D44', '$user$1, 0.919, good, good, None, 0x17725D495A0843Ea05541fD61ba5D4082750bC08', '$user$2, 0.928, good, good, None, 0x37AC7AC5D09bbC6dAC1CF036b7F9DdD0EA4E052E', '$user$3, 0.908, good, good, None, 0x536fc4cd48ad9B3649e8aB615592E83Ec9F5fcd1']","[('close', '9dd71bb7d2676f4879f0cb9057d36fe6039b2431797b26c6143d7ae674b156b2', 502181), ('slot', '203fb0e972dce4d133d25c9dda778477fbcc87bbb00955bedbc9cba8fd12bdb7', 50814), ('slot', 'd600b067c5dc806121a568553a6e08a38f44dc78cfdf8c1dc3e790fae81dc747', 50802), ('slot', '769db4797b180976c0da864364dda675e630f9d949f66d9902c04390206ca6c8', 50802), ('slot', 'adfd1a341e037a08130d49da9f722b3d9a488abef6b4041bd8768e2634823e28', 50814), ('weights', '9dc5bdd8d208a63412e1b73645503976655c7188d0ee1ae3d9a3628b37e93f73', 73694), ('weights', 'e830d163f9b70970afef07f3b758d85cc77f113b165d08db9f4816392391f8af', 56594), ('weights', 'c5f14aeedd9774bb71e35c220ceed9648d14d2e6759a36795b03fdf2b6ed5303', 56594), ('weights', '3a8a5c33875f31024c9fab393ac8eafdbda2ea53fdc9d6963dc9f1a810d6417c', 56594), ('feedback', '745bdfecedeac3d48d83758fbb978d6594cf43cc0f68884a4d7be138bfd38cc6', 217307), ('feedback', '449d1742d4a00d832e201dba8efbc5f7ffc1c463ac4a8c775fb5deb8418aa062', 183107), ('feedback', '53e3a0219a9cc94533b6ef71e3a66cbcf6d8fc462b0c6d342d3da2288a63c692', 166007), ('feedback', 'cc01ce8d9f8349fabaa47e6be02218b17a8075014022e3ed6ddd7d5434a3103b', 166007), ('contrib', '4526ba326d3f67f4b2d27e982f9833196d62ee141ed0839a2436d83644407ef0', 75199), ('contrib', 'ac848a37aa45362a21b916d7c6042414437b92dc82f6c222d4bdd64f1d2f3d6d', 58099), ('contrib', 'c1edde63e402dad63873566d5c3490388849acbfc36ecf9d93589bc348c0ec34', 58099), ('contrib', '97004d45c3b723cfa47abe274997b2801200d997c5bae279006ed4dd626db08f', 58099), ('close', '9c96b0e8195c98b43c80fc9b8408eebd496fc7790450b29eaf1a9a91516547b5', 410442)]"
9,23:37:14.809,0.9392,61.81721781566739,"[1724999999999999999, 1724999999999999999, 1724999999999999999, 1724999999999999999, 0, 0]","[93, 93, 94, 92, 0, 0]","[7, 7, 7, 8, 0, 0]","[('0xA41dE09A63f6Cedd633f99052b44450d3BB91D44', 5099999999999999997, 25000000000000000, 1724999999999999999), ('0x17725D495A0843Ea05541fD61ba5D4082750bC08', 5099999999999999997, 25000000000000000, 1724999999999999999), ('0x37AC7AC5D09bbC6dAC1CF036b7F9DdD0EA4E052E', 5099999999999999997, 25000000000000000, 1724999999999999999), ('0x536fc4cd48ad9B3649e8aB615592E83Ec9F5fcd1', 5099999999999999997, 25000000000000000, 1724999999999999999)]",100000000000000000,[],"[250000000000000000, 250000000000000000, 250000000000000000, 250000000000000000]","[[0.0, 1.0, 1.0, 1.0, 0.0, 0.0], [1.0, 0.0, 1.0, 1.0, 0.0, 0.0], [1.0, 1.0, 0.0, 1.0, 0.0, 0.0], [1.0, 1.0, 1.0, 0.0, 0.0, 0.0], [0.0, 0.0, 0.0, 0.0, 0.0, 0.0], [0.0, 0.0, 0.0, 0.0, 0.0, 0.0]]",[],"['$user$0, 0.919, good, good, None, 0xA41dE09A63f6Cedd633f99052b44450d3BB91D44', '$user$1, 0.933, good, good, None, 0x17725D495A0843Ea05541fD61ba5D4082750bC08', '$user$2, 0.937, good, good, None, 0x37AC7AC5D09bbC6dAC1CF036b7F9DdD0EA4E052E', '$user$3, 0.918, good, good, None, 0x536fc4cd48ad9B3649e8aB615592E83Ec9F5fcd1']","[('close', '9c96b0e8195c98b43c80fc9b8408eebd496fc7790450b29eaf1a9a91516547b5', 410442), ('slot', '24837d4b5ca73a1e42018c9cd33aefc6f4930310226fb1b987ada26230a5a893', 50802), ('slot', '29e55cd0800a979f856d68c1eec555c1f245996d9998f016ad60c9106cbbc3ee', 50814), ('slot', 'a2593a5904051e46282a1dd693e3d1545607410c56f86360809f8524bb8f4def', 50814), ('slot', 'a92c796015df4958a468ceab216ac6b1041a2463ccbbe5cac3c8d04f36545fa5', 50814), ('weights', '0fb4de6657c6bb95c7f1a4edce7d838e283e375cb03d447b30d7ee8e3dd0efbf', 73694), ('weights', 'c4a174cb3dfb544308281848faac67e4d7bc861a013daa73b6e72d153c938088', 56594), ('weights', '01d7b93d72ee7d654dde00256237d6e1c09eb1dd59a2289bf82e96a50d061ed9', 56582), ('weights', 'f10ade27560c831035d5279ce27c190aa72ce6f0bcf33f1bd872257a726eb618', 56582), ('feedback', '7d270d3054edd2955accb292cb9fbadded3d68e5191cb5a9634d840cad8d2412', 217307), ('feedback', 'f51b2e7b8e5bd20fbf6f91c20f712042c2951b07e056d47a6a9db873a63f8ba2', 183107), ('feedback', 'f778675e9af9e799e2c83ac96ed2295e0528b8afd89fda80f9bbfd8ad8d46b1a', 166007), ('feedback', '2ff6cb5e096b776440d6448cb00e4773d60809dc98b57041267cd5f41a978774', 166007), ('contrib', 'c862eef0dee6862dbfa64a5f593faba2df08f750ce87e82419bdb2df6cf15b7a', 75199), ('contrib', '6d469ec5dd59079f5f3a28fb0e7b54146fc4f14c25ea89177659f4268270092d', 58099), ('contrib', '47db4e0751797f9fe5ffef93c2f39f6396f81f6823040fee94c029a18c643917', 58099), ('contrib', '85521359dfbcac4a373d125c3ab42d7b50802e98d6c8d451f3d7ff960d5adf74', 58099), ('close', '88fe8bad85c920dc3c498eb80e13b5a9974f84a0ef2625b9a0df8f9df1e89e21', 410442)]"
10,23:37:36.234,0.9431,56.17229898273945,"[1749999999999999999, 1749999999999999999, 1749999999999999999, 1749999999999999999, 0, 0]","[94, 94, 94, 92, 0, 0]","[6, 6, 6, 7, 0, 0]","[('0xA41dE09A63f6Cedd633f99052b44450d3BB91D44', 5174999999999999997, 25000000000000000, 1749999999999999999), ('0x17725D495A0843Ea05541fD61ba5D4082750bC08', 5174999999999999997, 25000000000000000, 1749999999999999999), ('0x37AC7AC5D09bbC6dAC1CF036b7F9DdD0EA4E052E', 5174999999999999997, 25000000000000000, 1749999999999999999), ('0x536fc4cd48ad9B3649e8aB615592E83Ec9F5fcd1', 5174999999999999997, 25000000000000000, 1749999999999999999)]",0,[],"[250000000000000000, 250000000000000000, 250000000000000000, 250000000000000000]","[[0.0, 1.0, 1.0, 1.0, 0.0, 0.0], [1.0, 0.0, 1.0, 1.0, 0.0, 0.0], [1.0, 1.0, 0.0, 1.0, 0.0, 0.0], [1.0, 1.0, 1.0, 0.0, 0.0, 0.0], [0.0, 0.0, 0.0, 0.0, 0.0, 0.0], [0.0, 0.0, 0.0, 0.0, 0.0, 0.0]]",[],"['$user$0, 0.933, good, good, None, 0xA41dE09A63f6Cedd633f99052b44450d3BB91D44', '$user$1, 0.941, good, good, None, 0x17725D495A0843Ea05541fD61ba5D4082750bC08', '$user$2, 0.94, good, good, None, 0x37AC7AC5D09bbC6dAC1CF036b7F9DdD0EA4E052E', '$user$3, 0.924, good, good, None, 0x536fc4cd48ad9B3649e8aB615592E83Ec9F5fcd1']","[('close', '88fe8bad85c920dc3c498eb80e13b5a9974f84a0ef2625b9a0df8f9df1e89e21', 410442), ('slot', '9ef27e210a330ab31e3599aa7bb4c491244cd91ef6df5e0b0bce95c88aa371f5', 50814), ('slot', '370584289c723d2a42a70f871272f2072c4e153fe4b5d910a964d1bd2b115c85', 50814), ('slot', '057952887dbd279d40c3d04d7e475c19bff8812e5df804641fbdda56c0848892', 50814), ('slot', 'ee8b8218b0e881e88d693614f2198d636daf5c28e740195f8eb5c2e4f62bb04e', 50814), ('weights', '67ab9a825ea8ffbf81d9cc12c929906088dd2810b5496a132a15ad8342b9d5e7', 73694), ('weights', 'b6c17abd837899b0902448013ec3a9187bf8b53637dd1c8ce81b8117353c84a1', 56594), ('weights', '096db4d14a2f284588fdade043f1937fe11d6b7180210701f841a70d5fb20b50', 56594), ('weights', 'd948698ea88503a750712c97885c40b7bea0cb037bd696afea5af513efbf6e3c', 56594), ('feedback', '71998b26bc6a94755ceed39f42d9b49dfc33596a94e6a8a6af7a2d523d8d0441', 217307), ('feedback', '3f6612e9f10b139146e0c1c83929280a8c57efb7fc0b89fed052b108bf5d3b59', 183107), ('feedback', '69bf8c0b8d21045c895a49db6a267cafe361dfdd66be941d6b47b5524fd3873a', 166007), ('feedback', 'a04235f2679e7981fb30b261b5cef52a7a138b97e73bc7f43c667210b23efdd0', 166007), ('contrib', 'bf254acdd32113e4faf6d2910e940170def60db7ca35b424261b1c491d93f439', 75199), ('contrib', '729172137619cd34f792dfcc08ca21d005128cc02240cb5351a7c335ec3fb888', 58099), ('contrib', 'c2841e6b6f2205bb9677917335f9e743764b1be925dd9d52452d3a8f1ee17d15', 58099), ('contrib', 'bfd5db2bc747ae17c72b19604f2e4dc0bb53ed9d86cac2a0eaf0fd51f7deaf5c', 58099), ('close', '93d3e6be69f41e584858460106f1ed65aa462490be559273af5efcc0b52c6441', 410442)]"
# $gasCosts$[321453, 351701, 270153, 334601, 270153, 218683, 75199, 58099, 58099, 58099, 58099, 363201, 255001, 277701, 237901, 277701, 218683, 75199, 58099, 58099, 58099, 58099, 300527, 270449, 236249, 232127, 231293, 218683, 75199, 58099, 58099, 58099, 270522, 219222, 202122, 202122, 203166, 75199, 58099, 58099, 58099, 270522, 219222, 202122, 202122, 203166, 75199, 58099, 58099, 58099, 270522, 219222, 202122, 202122, 203166, 75199, 58099, 58099, 58099, 270522, 219222, 202122, 202122, 203166, 75199, 58099, 58099, 58099, 217307, 183107, 166007, 166007, 75199, 58099, 58099, 58099, 217307, 183107, 166007, 166007, 75199, 58099, 58099, 58099, 217307, 183107, 166007, 166007, 75199, 58099, 58099, 58099],[126674, 126674, 126674, 126674, 126674],[50814, 50814, 50802, 50814, 50814, 50814, 50814, 50814, 50814, 50814, 50814, 50814, 50814, 50814, 50814, 50814, 50814, 50814, 50814, 50814, 50814, 50814, 50814, 50802, 50814, 50814, 50814, 50814, 50814, 50802, 50814, 50814, 50814, 50802, 50814, 50814, 50814, 50814, 50814, 50802, 50802, 50814, 50802, 50814, 50814, 50814, 50814, 50814, 50814, 50814],[73694, 56594, 56594, 56594, 56582, 56594, 73694, 56594, 56594, 56594, 56582, 56582, 73682, 56594, 56594, 56594, 56582, 56594, 73694, 56594, 56594, 56594, 56582, 73694, 56594, 56594, 56594, 56582, 73694, 56594, 56594, 56594, 56582, 73694, 56594, 56594, 56582, 56582, 73694, 56594, 56594, 56594, 73694, 56594, 56582, 56582, 73694, 56594, 56594, 56594],[671004, 643640, 618388, 543321, 543321, 543321, 502181, 410442, 410442, 410442],[],[]
# TOTAL EXPERIMENT TIME: 242.12 seconds
