# Author Nykjaer
# ------Specs--------# cpu_name:  (processor model)
# cpu_cores: 6 (physical cores)
# ram_gb: 13.5 (system memory in GB)
# gpu_name: NVIDIA GeForce RTX 3060 Laptop GPU (graphics processor)
# os_name: Linux (operating system)
# ------Config--------# good_contributors: 4 (honest participants)
# bad_contributors: 1 (malicious participants)
# freeriders: 1 (contribute 0)
# inactive: 0 (never join)
# reward: 1000000000000000000 (total reward pool)
# minimum_rounds: 10 (rounds to simulate)
# min_buy_in: 1000000000000000000 (lower buy-in bound)
# max_buy_in: 1000000000000000000 (upper buy-in bound)
# standard_buy_in: 1000000000000000000 (default buy-in)
# epochs: 1 (local epochs per round)
# batch_size: 32 (training batch size)
# punish_factor: 3 (penalty multiplier)
# first_round_fee: 50 (fee for first round)
# fork: True (True=local fork, False=real net)
# contribution_score_strategy: dotproduct (scoring method)
# use_outlier_detection: False (Whether to use outlier detection)
# freerider_start_round: 1 (When freeriders should start freeriding)
# freerider_noise_scale: 0.5 (How much noise a freeder should add)
round,time,globalAcc,globalLoss,GRS,accAvgPerUser,lossAvgPerUser,rewards,conctractBalanceRewards,punishments,contributionScores,feedbackMatrix,disqualifiedUsers,userStatuses,GasTransactions
# $startingUserConfig$['$user$0, 0, good, good, None, 0xA41dE09A63f6Cedd633f99052b44450d3BB91D44', '$user$1, 0, good, good, None, 0x17725D495A0843Ea05541fD61ba5D4082750bC08', '$user$2, 0, good, good, None, 0x37AC7AC5D09bbC6dAC1CF036b7F9DdD0EA4E052E', '$user$3, 0, good, good, None, 0x536fc4cd48ad9B3649e8aB615592E83Ec9F5fcd1', '$user$4, 0, good, bad, 3, 0x118E560679B62a9F24c135A96d416548782f8cc2', '$user$5, 0, good, freerider, 1, 0xA2F37A08a8488CB8551a0D03f7A73f4156757de7']
0,01:57:26.966,0,721.3579711914062,"[1000000000000000000, 1000000000000000000, 1000000000000000000, 1000000000000000000, 1000000000000000000, 1000000000000000000]",[],[],[],1000000000000000000,[],[],,[],"['$user$0, 0, good, good, None, 0xA41dE09A63f6Cedd633f99052b44450d3BB91D44', '$user$1, 0, good, good, None, 0x17725D495A0843Ea05541fD61ba5D4082750bC08', '$user$2, 0, good, good, None, 0x37AC7AC5D09bbC6dAC1CF036b7F9DdD0EA4E052E', '$user$3, 0, good, good, None, 0x536fc4cd48ad9B3649e8aB615592E83Ec9F5fcd1', '$user$4, 0, good, bad, 3, 0x118E560679B62a9F24c135A96d416548782f8cc2', '$user$5, 0, good, freerider, 1, 0xA2F37A08a8488CB8551a0D03f7A73f4156757de7']","[('register', '25f74009595baca43a0fa521e309466f06bae9f3c0f77c38ed806f3f16cb6643', 126674), ('register', 'd3e9bd30e6ec40dcc94727a992b86d16f81f5e6a3e9e32c351eac7fc31a03788', 126674), ('register', 'c017b1dd36a502738b4c5a594a854e9f0029e6b4d10f1cac863e14c87ff447fe', 126674), ('register', '78f41546ad41b44f6ba916da5151ec480da6294e0284583c9c27f6d6b0b088b5', 126674), ('register', 'ad0cfde4188494136aa0f7924327ed92612e59e27eb20761df6b67abacd0d2a9', 126674)]"
1,01:57:56.196,0.4462,709.91552734375,"[1152682081729862767, 1153237984474211237, 1153268464304090433, 1153010585293646989, 1154467550864855238, 333333333333333334]","[13, 10, 11, 10, 9, 9]","[74, 74, 74, 74, 74, 74]","[('0xA41dE09A63f6Cedd633f99052b44450d3BB91D44', 4000000000000000000, 152682081729862767, 1152682081729862767), ('0x17725D495A0843Ea05541fD61ba5D4082750bC08', 4000000000000000000, 153237984474211237, 1153237984474211237), ('0x37AC7AC5D09bbC6dAC1CF036b7F9DdD0EA4E052E', 4000000000000000000, 153268464304090433, 1153268464304090433), ('0x536fc4cd48ad9B3649e8aB615592E83Ec9F5fcd1', 3000000000000000000, 153010585293646989, 1153010585293646989), ('0x118E560679B62a9F24c135A96d416548782f8cc2', 4000000000000000000, 154467550864855238, 1154467550864855238)]",900000000000000000,"[(1, 166666666666666666)]","[199150532484054565, 199875622987747192, 199915379285812377, 199579015374183654, 201479405164718627]","[[0.0, 1.0, 1.0, 1.0, 1.0, -1.0], [1.0, 0.0, 1.0, 1.0, 1.0, -1.0], [1.0, 1.0, 0.0, 1.0, 1.0, -1.0], [1.0, 1.0, 1.0, 0.0, 1.0, -1.0], [1.0, 1.0, 1.0, 0.0, 0.0, -1.0], [0.0, 0.0, 0.0, 0.0, 0.0, 0.0]]",[6],"['$user$0, 0.703, good, good, None, 0xA41dE09A63f6Cedd633f99052b44450d3BB91D44', '$user$1, 0.71, good, good, None, 0x17725D495A0843Ea05541fD61ba5D4082750bC08', '$user$2, 0.718, good, good, None, 0x37AC7AC5D09bbC6dAC1CF036b7F9DdD0EA4E052E', '$user$3, 0.66, good, good, None, 0x536fc4cd48ad9B3649e8aB615592E83Ec9F5fcd1', '$user$4, 0.74, good, bad, 3, 0x118E560679B62a9F24c135A96d416548782f8cc2', '$user$5, 0, freerider, freerider, 1, 0xA2F37A08a8488CB8551a0D03f7A73f4156757de7']","[('slot', '6222215f3f7699e64dd365d6998861c88d89d5a20a37dc35db785366493f55f8', 50814), ('slot', 'f3816d46ee2a1a84d61915730b938b5d1970b589477fe432ee2f85bddf390009', 50814), ('slot', '1cc62dc407123abc7f88fc6cb46c3153f0c57612ce60fb292a89b8df29a75d45', 50814), ('slot', '3a393151f3a1305bf0826e99ed4d944cc749b012f2680eb28108570a1aaf21ce', 50814), ('slot', '0b281f95334123baa4d51bb4df0659641c819b23b4c496a6845252f004150bfa', 50814), ('slot', '45020905dac8b72f1bd9f64097e674916df0b6a2aa18cb9510c790aa732ad888', 50814), ('weights', 'e168bbf195c9ff355595f13833058b7e8f4612cde963ddf9897ec26e3373bbc7', 73694), ('weights', '189167699ed5b8c62cc4605bfb5b6de687a73addc40e0af61b847c8456d01f55', 56594), ('weights', '05c324d0d7ac11a22fda0394fa7519e2969e6443789329cb6f86c161ad451553', 56594), ('weights', 'ed17e0d522c1fd08d7aff59203126603a063186922ed8f34d8ebbf5d1e7f6ee1', 56582), ('weights', '4abc0e4f63804a067172f39408968cf62d95e3cdab77314275e6a13af1f5c508', 56582), ('weights', '78169560fa18c2a8143d809d62a86409c53195fd626ed0342cb1c908af5984e1', 56594), ('feedback', '4aaaeb24c559bf936c9f8914e7e4a021e20a664e9b5ec093d0358b4021ed91a5', 403001), ('feedback', '487a47d49762e4df231fbb8b2c771f2f6bf38b6aa80e9ce3f406d6a3e7cc7248', 334601), ('feedback', 'aeeec796c7b2bdd71ad26e2b2bdb96d94a4eddecda7a9aa4e85c35733a32a6aa', 317501), ('feedback', '00b97d2acb83d41692d1a4a52574b7bf96eb572339f6bcfe061466153ef4fbb3', 317501), ('feedback', '880343fc869ef811aaccfb06cb243d85693307fdd8d1c06709c85cabf29730be', 293827), ('feedback', '591ecc0e53bcea62ea997189486c5c76248ddd1b54fa67e2c0141218b0065fa0', 218683), ('contrib', '29774d66069fb1fd7c4d380495c490be4ab2cf537a6205e3f16e4a709a8a4592', 75223), ('contrib', 'ad33a4f4e5507913870b5a712f637de90b4cc29d486550c82b2e2976a4a6b6ac', 58123), ('contrib', '651822bb52c4b260018f937547eb76e03551d6e8539834c0252f229701f2ac94', 58123), ('contrib', '9367ede79b611eaab307681f9fdced89c247cc49092a6fb8f32c81522893e17e', 58111), ('contrib', '4fa441015baa1aed47e3b817f1454f49b84a86b61d369004daca7c0ce4d73ff5', 58123), ('close', '75131d5791d097d66fb4cc7a207a9cc2f8a5d2a26b26a7088f57de8581efc499', 671004)]"
2,01:58:25.365,0.7313,295.49865770339966,"[1194898319380215768, 1195468664497068229, 1195487920108891611, 1195258853490032585, 1196664020301569580, 222222222222222223]","[43, 41, 44, 42, 42, 48]","[73, 73, 73, 73, 73, 73]","[('0xA41dE09A63f6Cedd633f99052b44450d3BB91D44', 4613984584936803897, 42216237650353001, 1194898319380215768), ('0x17725D495A0843Ea05541fD61ba5D4082750bC08', 4613428682192455427, 42230680022856992, 1195468664497068229), ('0x37AC7AC5D09bbC6dAC1CF036b7F9DdD0EA4E052E', 4613398202362576231, 42219455804801178, 1195487920108891611), ('0x536fc4cd48ad9B3649e8aB615592E83Ec9F5fcd1', 4613656081373019675, 42248268196385596, 1195258853490032585), ('0x118E560679B62a9F24c135A96d416548782f8cc2', 4612199115801811426, 42196469436714342, 1196664020301569580)]",800000000000000000,"[(2, 111111111111111111)]","[199971631169319152, 200040042400360107, 199986875057220458, 200123354792594909, 199877992272377014]","[[0.0, 1.0, 1.0, 1.0, 1.0, -1.0], [1.0, 0.0, 1.0, 1.0, 1.0, -1.0], [1.0, 1.0, 0.0, 1.0, 1.0, -1.0], [1.0, 1.0, 1.0, 0.0, 1.0, -1.0], [1.0, 1.0, 1.0, 1.0, 0.0, -1.0], [0.0, 0.0, 0.0, 0.0, 0.0, 0.0]]",[6],"['$user$0, 0.695, good, good, None, 0xA41dE09A63f6Cedd633f99052b44450d3BB91D44', '$user$1, 0.676, good, good, None, 0x17725D495A0843Ea05541fD61ba5D4082750bC08', '$user$2, 0.687, good, good, None, 0x37AC7AC5D09bbC6dAC1CF036b7F9DdD0EA4E052E', '$user$3, 0.668, good, good, None, 0x536fc4cd48ad9B3649e8aB615592E83Ec9F5fcd1', '$user$4, 0.704, good, bad, 3, 0x118E560679B62a9F24c135A96d416548782f8cc2', '$user$5, 0, freerider, freerider, 1, 0xA2F37A08a8488CB8551a0D03f7A73f4156757de7']","[('close', '75131d5791d097d66fb4cc7a207a9cc2f8a5d2a26b26a7088f57de8581efc499', 671004), ('slot', 'fd042a26c6b6fed0a89f8aaabcd6e6de1370cc53d77b950398eb81a564e702ec', 50814), ('slot', '3e322e9521dc17df2b1aea6d5f1ea20a0c5a85ea372afe1ec95c9f680d011c3e', 50814), ('slot', '99427870cfe3308fd4693b21a4a60281c624b7c37e5f1c7c1f4464d80f401ee3', 50814), ('slot', '643aba4844906b6858f100838cd38c3745e7d01e104b8ead387db5a355273420', 50814), ('slot', '78ac800d7072b86ae2cf6a01bfc4914ae61e777757245f717df08124c83b6800', 50814), ('slot', '14991cc6f4df290091c4896fb6a907b0fa9ba77458cec05ebf4910013a949cf8', 50814), ('weights', 'bba6b4aa84e37ed0cadf72f6a1ec0b44e19dc9679a16de4c8154b8a01adf7ee9', 73694), ('weights', '1ed0046a610d074552bb18a53324c0229d30b31173099b8fccb4ba0c8fdfd90a', 56594), ('weights', 'a0d3b3d2247eac24737f1dae760824713fa59b923dd38996a3708d214f1e7827', 56594), ('weights', 'dd4fecdc283a617204dc159c94904bc0cff549ea56cc0d027e0e7013f6f7c9ea', 56594), ('weights', 'cd62ad398a5bf4a508a0414546461be6129320c2294cab9e1722056bdc3dce97', 56594), ('weights', 'df8229d062ad8a33c1c11bf1b7f96ef56a214d014d75c98a8a9f952274725e62', 56594), ('feedback', '4dab0e15b51bda4c849ef22855e897537d6f32bd768375f818de8399b3ef43ec', 323401), ('feedback', '8afebf889bd887055d8a391ab8838b71c9dac4180ab20e0b2e7894ba4dd3d21b', 255001), ('feedback', '064e1480cc62f684b5f6b466ae8b0304c8c0c34cd1c3b290deea8be897e3ce4a', 237901), ('feedback', '77a274bad69a6ffbb7534c017a6988bd5ef3a7bb856e24781aaa324059ee0480', 237901), ('feedback', 'f5738d76931187b58419db25b4a805dd8b19157b663fdcc6fa534de95d8614a4', 257801), ('feedback', 'b6b9d7d48a3292fc379c5372122f333827787cc6fdc970238562eaa6f631b89e', 218683), ('contrib', 'bf50679ffba9125aee71eccc132b965b80d473f5a75716ad22af2312498f37b7', 75211), ('contrib', '10aafcbbe2047d6ff969064c98de622c8df709c8c36930ce0b7ff773bc476fed', 58123), ('contrib', '6349dfc3b43ba41fa3187a5276ffb2278e8f4dbe81aa5ca3dc3c44289c27ead5', 58111), ('contrib', '15b59afcd14291ad34e0243b7683bca001c5c6407d247d99ee354c7d223b60ea', 58123), ('contrib', 'b768810f7febac417e3f5986afac6f51e1e29ba67ce61f518be47d048a13bd61', 58123), ('close', '53723455e64b98f8ebe620818ec633b50c3245b02a64b1dec55d8f6e589dbc21', 643640)]"
3,01:58:51.461,0.859,155.56950755417347,"[1375222199962478268, 1375746125035997639, 1375684424951878544, 1375571236515265824, 797776013534379720, 0]","[72, 71, 72, 72, 73, 74]","[31, 31, 31, 32, 30, 29]","[('0xA41dE09A63f6Cedd633f99052b44450d3BB91D44', 2389551417794422845, 180323880582262500, 1375222199962478268), ('0x17725D495A0843Ea05541fD61ba5D4082750bC08', 2388981072677570384, 180277460538929410, 1375746125035997639), ('0x37AC7AC5D09bbC6dAC1CF036b7F9DdD0EA4E052E', 2388961817065747002, 180196504842986933, 1375684424951878544), ('0x536fc4cd48ad9B3649e8aB615592E83Ec9F5fcd1', 2389190883684606028, 180312383025233239, 1375571236515265824)]",700000000000000000,"[(3, 398888006767189860), (3, 222222222222222223)]","[250064224004745483, 249999850988388061, 249887585639953613, 250048279762268066]","[[0.0, 1.0, 1.0, 1.0, -1.0, -1.0], [1.0, 0.0, 1.0, 1.0, -1.0, -1.0], [1.0, 1.0, 0.0, 1.0, -1.0, -1.0], [1.0, 1.0, 1.0, 0.0, -1.0, -1.0], [-1.0, -1.0, -1.0, -1.0, 0.0, -1.0], [0.0, 0.0, 0.0, 0.0, 0.0, 0.0]]","[5, 6]","['$user$0, 0.816, good, good, None, 0xA41dE09A63f6Cedd633f99052b44450d3BB91D44', '$user$1, 0.833, good, good, None, 0x17725D495A0843Ea05541fD61ba5D4082750bC08', '$user$2, 0.826, good, good, None, 0x37AC7AC5D09bbC6dAC1CF036b7F9DdD0EA4E052E', '$user$3, 0.825, good, good, None, 0x536fc4cd48ad9B3649e8aB615592E83Ec9F5fcd1', '$user$4, 0.704, bad, bad, 3, 0x118E560679B62a9F24c135A96d416548782f8cc2']","[('close', '53723455e64b98f8ebe620818ec633b50c3245b02a64b1dec55d8f6e589dbc21', 643640), ('slot', '82bbfe1d33934cae53758a9c4fbc72b162991021c528bd79597b03e3512dc745', 50814), ('slot', 'acd1e37146edc682b6b48a41931d294f20a651ff3e2a9eafb8dacc40e0d08c20', 50814), ('slot', '55b60208cf837c35521b175c16dce0a64834743e2c1ce0aec395b84826c84e50', 50814), ('slot', 'a03d7a7e76735446fc893bf6e7a2832b074b9b377107ab3ad91198c068d01e26', 50814), ('slot', '6bfe1a737a95f0a27b079c6efa1a5c4fb74343ffcdbc6072135a0cc914b748f7', 50814), ('slot', '169fb1fa681fdf6a7c14235c5b92c4cfecf422a9da2827842b51e9f72582477e', 50814), ('weights', '1f16c2d57a829d92e20284d4e8d483f2c9ee736de96943529a9a9d6406ce8d82', 73694), ('weights', '2cbd9c4d7063ba3b1bdf1338dd77821597d7873a6286964aac7de699251a5130', 56582), ('weights', '483fecc4dbd057f005838cc607b0e72ca70f6b2f3b61436ac97f03bc8186af0b', 56582), ('weights', '4af51d002183589cbebdf22bbf61875cdb51d6f43e57dc355eb487d949a997da', 56594), ('weights', 'cc336fc858c32a7601894bdeb69c58add8887016db875ee154f241d4904c4392', 56594), ('weights', 'f1653a6eedcec82f6adbfcd9d2b4627894fe0ec18077ba56dacdc8afa9916f29', 56594), ('feedback', 'a40af857109668063d0f8802146a2e1abe9b3d5dbd521c87002559c2afc7beb8', 321749), ('feedback', '4cdea59a503d2d7db297cf50e39ba2cf742d5adfe9959573c0d97071d2bdab64', 253349), ('feedback', '0ac88ffe48ec0fd1e2efe2e63194a8baef10e81ad67310a5450cf0718fd952e0', 236249), ('feedback', 'd68f0f3a711ce0920884ed6cdcadadcbb7d213077cb0ec6d995d45e5e6a332a8', 236249), ('feedback', 'f72b6372f986e521bd07d7e3524ea1143ad6fbb29a652e7ef877f8cb7e592568', 231293), ('feedback', '0ecdd48f9e752eec225ffe4d117fc3d5baf415bb7ea21b1b99b80256da1dfe7c', 218683), ('contrib', '2da9aa283f5ae9e6d26cf770768f2d93023dce9ccbd0d4f88cc2603bbb27dcf1', 75223), ('contrib', '81bc4dbb1df2c75161ad1ee2be09ca4f6d2fdaa99e35741413d6d9111541248f', 58123), ('contrib', 'd7cbc5ac659e0b0630ef222f5feb8cee9b100cb005721bd223f54b4848624096', 58123), ('contrib', '3c65ab895f94028de6eeb45389490313a27b24bed5f8856727346c63e369335b', 58123), ('close', 'e81024beef4a35f8503483dd5e50bbad23a750480574576638482732ac2561fe', 618388)]"
4,01:59:15.454,0.8884,118.37902599945664,"[1466695981053425673, 1467252666024773909, 1467125571557388905, 1467075105674825026, 531850675689586480, 0]","[84, 86, 85, 84, 86, 0]","[15, 16, 17, 18, 15, 0]","[('0xA41dE09A63f6Cedd633f99052b44450d3BB91D44', 3329225772968762287, 91473781090947405, 1466695981053425673), ('0x17725D495A0843Ea05541fD61ba5D4082750bC08', 3328701847895242916, 91506540988776270, 1467252666024773909), ('0x37AC7AC5D09bbC6dAC1CF036b7F9DdD0EA4E052E', 3328763547979362011, 91441146605510361, 1467125571557388905), ('0x536fc4cd48ad9B3649e8aB615592E83Ec9F5fcd1', 3328876736415974731, 91503869159559202, 1467075105674825026)]",600000000000000000,"[(4, 265925337844793240)]","[249979346990585327, 250068873167037963, 249890163540840148, 250061571598052978]","[[0.0, 1.0, 1.0, 1.0, -1.0, 0.0], [1.0, 0.0, 1.0, 1.0, -1.0, 0.0], [1.0, 1.0, 0.0, 1.0, -1.0, 0.0], [1.0, 1.0, 1.0, 0.0, -1.0, 0.0], [-1.0, -1.0, -1.0, -1.0, 0.0, 0.0], [0.0, 0.0, 0.0, 0.0, 0.0, 0.0]]",[5],"['$user$0, 0.857, good, good, None, 0xA41dE09A63f6Cedd633f99052b44450d3BB91D44', '$user$1, 0.858, good, good, None, 0x17725D495A0843Ea05541fD61ba5D4082750bC08', '$user$2, 0.876, good, good, None, 0x37AC7AC5D09bbC6dAC1CF036b7F9DdD0EA4E052E', '$user$3, 0.855, good, good, None, 0x536fc4cd48ad9B3649e8aB615592E83Ec9F5fcd1', '$user$4, 0.704, bad, bad, 3, 0x118E560679B62a9F24c135A96d416548782f8cc2']","[('close', 'e81024beef4a35f8503483dd5e50bbad23a750480574576638482732ac2561fe', 618388), ('slot', 'b083cafbab57e441d3bace11c9e056ca49ff094448220f7fce3eebe7f1e5940a', 50814), ('slot', '760f0255ee028d02b3ff8d1ca41247ae6e6c72cbfd60fe74e87e03f0527adf92', 50814), ('slot', '7080d5a075420a774b36336c07279a36d74dd7693999cf8d61e5a222219700ea', 50814), ('slot', '6a14925ed048db16171bc655c48ebeb0001f645ffd3524cb320af4875b54633f', 50814), ('slot', 'e209037f3ba648b0ad1bc792895eef6966be256ae35a42a7ab2d936084140faf', 50814), ('weights', 'b5500c8396c250f38440f59ac85692e1c5891c6e485bf76e35582977624a9710', 73694), ('weights', '3ff7988605a5b480f6a232b80d923ed7c7e4dfa9823f6f2c21bd00fc8eb06d1d', 56594), ('weights', '46baf25962205fa202cb653e77946d9d12c69924ac68738b6ba44649b00b1ff2', 56594), ('weights', '62ccd834f725c27fb03b8ebe067d3c0c5753094e1b893a1f8b3b0a51968fdea3', 56594), ('weights', 'd5f138d4680c163b0d3f4592076388299f335c671b1cdc6fc15b7a3dd55dc26c', 56594), ('feedback', '21eb56382f113dba83435f972e9b0f03574d2d33cb97416d47ef6a57418029bf', 270522), ('feedback', 'dc92640e3675e5e96c9e230a074c701dea5096c775a4866747231d3414ed0705', 219222), ('feedback', '61be0d1915bb4c0ca6c82216d2577c39ce69a0665fe2bdd5765ccd7066063651', 202122), ('feedback', '1af767563a165d73766a76506f1d38259611e39abacb2118972204dc28ad2f00', 202122), ('feedback', 'ea01f7593635047d313d778254aaa2b4c48d5cb73b57b3262dcdba47d0e9844c', 203166), ('contrib', 'eff939d9b579519267398f20905b99b1864b5e1f6e34b04ded7f8a91f61c0a5a', 75223), ('contrib', '378d4cbe4fd52501b78c2682a716818d6685cfff35e0d0d8ae2c36299919a735', 58123), ('contrib', '7ff55e791c620ea47383288f6d6848326735aa9a3f6ecdf73f53e3c261f9bca5', 58123), ('contrib', '8da01933277197efba7fe12fa642a300362197b2fc5d05dc4e5d631b8e62c389', 58123), ('close', '4f6d0cdec34351da05a9890120df06ca148884a690e7c914ac6d4b884c37a335', 543321)]"
5,01:59:39.373,0.9038,97.84551878273487,"[1536025189134830574, 1536593129256910622, 1536430199282074441, 1536384365199793367, 354567117126390987, 0]","[89, 88, 89, 86, 89, 0]","[11, 12, 12, 14, 12, 0]","[('0xA41dE09A63f6Cedd633f99052b44450d3BB91D44', 3869602667567401360, 69329208081404901, 1536025189134830574), ('0x17725D495A0843Ea05541fD61ba5D4082750bC08', 3869045982596053124, 69340463232136713, 1536593129256910622), ('0x37AC7AC5D09bbC6dAC1CF036b7F9DdD0EA4E052E', 3869173077063438128, 69304627724685536, 1536430199282074441), ('0x536fc4cd48ad9B3649e8aB615592E83Ec9F5fcd1', 3869223542946002007, 69309259524968341, 1536384365199793367)]",500000000000000000,"[(5, 177283558563195493)]","[250030010938644409, 250070601701736450, 249941363930702209, 249958068132400512]","[[0.0, 1.0, 1.0, 1.0, -1.0, 0.0], [1.0, 0.0, 1.0, 1.0, -1.0, 0.0], [1.0, 1.0, 0.0, 1.0, -1.0, 0.0], [1.0, 1.0, 1.0, 0.0, -1.0, 0.0], [-1.0, -1.0, -1.0, -1.0, 0.0, 0.0], [0.0, 0.0, 0.0, 0.0, 0.0, 0.0]]",[5],"['$user$0, 0.866, good, good, None, 0xA41dE09A63f6Cedd633f99052b44450d3BB91D44', '$user$1, 0.869, good, good, None, 0x17725D495A0843Ea05541fD61ba5D4082750bC08', '$user$2, 0.889, good, good, None, 0x37AC7AC5D09bbC6dAC1CF036b7F9DdD0EA4E052E', '$user$3, 0.881, good, good, None, 0x536fc4cd48ad9B3649e8aB615592E83Ec9F5fcd1', '$user$4, 0.704, bad, bad, 3, 0x118E560679B62a9F24c135A96d416548782f8cc2']","[('close', '4f6d0cdec34351da05a9890120df06ca148884a690e7c914ac6d4b884c37a335', 543321), ('slot', '75977375689ee4a26021c3d59c293dc96a0b7f634f78f2ad79a985f61e491dba', 50814), ('slot', 'ef8a3b60d8a9191463bf7f69ed6f6fce196b7caf3d83ad28f6beaa6252612ce6', 50814), ('slot', '9759efe3469499e99dcc55f4e27bc82666d3eb8dfcbf470291c486a7528e27d4', 50814), ('slot', '37f56a2719c5000b1d094858bf79a325094d404e876e5b0fb80fc3d7891ec6eb', 50814), ('slot', '0608bb24ab48a5888b46659df3e7f5071ff834389d5886c04bf5bbd9048f68b6', 50814), ('weights', 'bb6d766c9f1adddabd57e8bbdbbdee21db550bf7070007082677168a49999c16', 73694), ('weights', '734e1e0336f78872b84c55e935a9c58ce77de2cc09ac71dc5d2bb4be9e8616a3', 56594), ('weights', 'a5e10d890fe411f7132fc0f272a3cad9fe219d8bb48a2b60817ea1b4d6851791', 56582), ('weights', '00d84a2546faf30998a690b7d03b28df670252556cb533ed601a021f4278b8ab', 56594), ('weights', '88e89e4a67ae3a5af7fd6a86feef8ea36fe6880f1be3f82e0f323fd501e66c6a', 56594), ('feedback', '2f9e294869b845bbdd8c2ab67cac7ae25aee35f781c6aae3da050fd68906b8cf', 270522), ('feedback', '6ed3452e8dad5935a07f6d431638e6ff45e4f080509622d6aa6b9a8aded043fd', 219222), ('feedback', 'db26a67dda4b10d10b1dae0bd8cc62d732bfc99725d017dce9782f546490d686', 202122), ('feedback', 'a504af824b003e2aef109a73bdd04db6945203f1074e015060950ee17b9d8c25', 202122), ('feedback', 'e162fb0d7ec07763a1e1cf379c3898fb742802088f69c2bc998b55fb2badc487', 203166), ('contrib', 'c9dc188455477adedf72966adf78820759746726bf97b985454e7ffb71ba488b', 75223), ('contrib', '8b1d547b6c5505ae80bdeb0735b205a95c30dbd7f89e4b3ba423f026f366928f', 58123), ('contrib', 'ab3ab049c90560f5831480811aec987a4c3c28977aecc14ee3cf9efeeaf500b7', 58123), ('contrib', '345333dd234cf5ac7989e75412ba85fb02ea5f69755e368b55c05cf237494a29', 58123), ('close', '14994ab7fcdd8cdbdc2a2eebfd6905d30a06abffc826bb4c9f3bafeb2837f9a4', 543321)]"
6,02:00:04.288,0.9157,84.06733397766948,"[1590585323113252861, 1591152287854218720, 1590962411350467865, 1590921899597799885, 236378078084260658, 0]","[91, 90, 91, 88, 90, 0]","[9, 10, 10, 11, 10, 0]","[('0xA41dE09A63f6Cedd633f99052b44450d3BB91D44', 4254840576612387443, 54560133978422287, 1590585323113252861), ('0x17725D495A0843Ea05541fD61ba5D4082750bC08', 4254272636490307395, 54559158597308098, 1591152287854218720), ('0x37AC7AC5D09bbC6dAC1CF036b7F9DdD0EA4E052E', 4254435566465143576, 54532212068393424, 1590962411350467865), ('0x536fc4cd48ad9B3649e8aB615592E83Ec9F5fcd1', 4254481400547424650, 54537534398006518, 1590921899597799885)]",400000000000000000,"[(6, 118189039042130329)]","[250058978796005249, 250054508447647094, 249931007623672485, 249955400824546813]","[[0.0, 1.0, 1.0, 1.0, -1.0, 0.0], [1.0, 0.0, 1.0, 1.0, -1.0, 0.0], [1.0, 1.0, 0.0, 1.0, -1.0, 0.0], [1.0, 1.0, 1.0, 0.0, -1.0, 0.0], [-1.0, -1.0, -1.0, -1.0, 0.0, 0.0], [0.0, 0.0, 0.0, 0.0, 0.0, 0.0]]",[5],"['$user$0, 0.899, good, good, None, 0xA41dE09A63f6Cedd633f99052b44450d3BB91D44', '$user$1, 0.892, good, good, None, 0x17725D495A0843Ea05541fD61ba5D4082750bC08', '$user$2, 0.91, good, good, None, 0x37AC7AC5D09bbC6dAC1CF036b7F9DdD0EA4E052E', '$user$3, 0.896, good, good, None, 0x536fc4cd48ad9B3649e8aB615592E83Ec9F5fcd1', '$user$4, 0.704, bad, bad, 3, 0x118E560679B62a9F24c135A96d416548782f8cc2']","[('close', '14994ab7fcdd8cdbdc2a2eebfd6905d30a06abffc826bb4c9f3bafeb2837f9a4', 543321), ('slot', '870424711870daa7277a3d8c8f8f82287b7a8f4fe79e9d6d3fed8cbfba18af43', 50814), ('slot', '807bcb47ef7776671fd5ad7d068e6866c966ba997bd8a1a63577a2c2c1bbe307', 50814), ('slot', 'deaf1a338133c04c6559beb60759c1b8631892e0c9f9a97bd8d3a3306b7bb4d2', 50814), ('slot', '196a66101c4e74ce935eeab96163514e20301e6425cb6edfd3aa0db015dec92d', 50814), ('slot', '708d410ee95d3e1f42ab8f29c046f17328eb515413cd3f37ce23184b3b2157b2', 50814), ('weights', 'e3695bcb407871cbf36b24f4bfd3ad71f181e18733f1aef82ad513335517903a', 73682), ('weights', 'c67d27f5dc7c739a8faa94b6b48c90cc5ff1eddff22766220adb3b5a940229fc', 56594), ('weights', 'aae2a9079a02418920eadee9b48ebdc029d525ade27c9c2fc1b0e94cd8316363', 56594), ('weights', '4ac88b201fe30bce9767b5ec7ddaf9c46f3e58412be199fe967a8fd609ad6071', 56594), ('weights', 'e2106204a011b5a7a44ef7d88e0c141dab8db1600a222752c219f69feb2a66c8', 56594), ('feedback', '7aebfbb565e09da419bf546de772121b2aa358d10ddfa84c7a18a355a9d0edba', 270522), ('feedback', '4ba84f9a0383b5c5d62da18290f495de5e0ef6185af477d23e456842d8f33b07', 219222), ('feedback', '97bb735d9c337fbe6e160b4b6eb968207733ab2fa6d42bb6557a588ec8ff2cff', 202122), ('feedback', '8708d47ef06c88060d06081794049f4ea6001165549e313e869263d5eea4f365', 202122), ('feedback', 'bd18bba4b442c6c6d3dca84215c0cc640bd88e0fbd4268457e070042c54cdd73', 203166), ('contrib', 'c68777129c8a93e9ed8a521d61b54f9e2d635fe6c07a36edc9c809f6665e1340', 75223), ('contrib', '309c7027207c9c10254cf84c21bdb4c73a6bccaf095a50719f167eb139217f85', 58123), ('contrib', 'fc59820d98ed7b1a364a54f6b223893bc104b7a5496bc6fc4b4925f42b35a9dc', 58123), ('contrib', 'af720cd0a252d9cb8eea84ee9ca57e1491ba213638f2f7d055d2dd9037f3f047', 58123), ('close', 'ef50dec9847b243d27334df57b09fc8e9dbf5f7c6320dd89c3b13e6b40b20428', 543321)]"
7,02:00:28.289,0.9266,73.91387927904725,"[1674702766957365191, 1675283966983660436, 1675003911952317681, 1675009354106656679, 0, 0]","[92, 91, 92, 89, 92, 0]","[8, 8, 9, 10, 8, 0]","[('0xA41dE09A63f6Cedd633f99052b44450d3BB91D44', 4536658520718225812, 84117443844112330, 1674702766957365191), ('0x17725D495A0843Ea05541fD61ba5D4082750bC08', 4536091555977259953, 84131679129441716, 1675283966983660436), ('0x37AC7AC5D09bbC6dAC1CF036b7F9DdD0EA4E052E', 4536281432481010808, 84041500601849816, 1675003911952317681), ('0x536fc4cd48ad9B3649e8aB615592E83Ec9F5fcd1', 4536321944233678788, 84087454508856794, 1675009354106656679)]",300000000000000000,"[(7, 236378078084260658)]","[250068128108978271, 250110447406768798, 249842360615730285, 249978974461555480]","[[0.0, 1.0, 1.0, 1.0, -1.0, 0.0], [1.0, 0.0, 1.0, 1.0, -1.0, 0.0], [1.0, 1.0, 0.0, 1.0, -1.0, 0.0], [1.0, 1.0, 1.0, 0.0, -1.0, 0.0], [-1.0, -1.0, -1.0, -1.0, 0.0, 0.0], [0.0, 0.0, 0.0, 0.0, 0.0, 0.0]]",[5],"['$user$0, 0.912, good, good, None, 0xA41dE09A63f6Cedd633f99052b44450d3BB91D44', '$user$1, 0.916, good, good, None, 0x17725D495A0843Ea05541fD61ba5D4082750bC08', '$user$2, 0.922, good, good, None, 0x37AC7AC5D09bbC6dAC1CF036b7F9DdD0EA4E052E', '$user$3, 0.91, good, good, None, 0x536fc4cd48ad9B3649e8aB615592E83Ec9F5fcd1']","[('close', 'ef50dec9847b243d27334df57b09fc8e9dbf5f7c6320dd89c3b13e6b40b20428', 543321), ('slot', '8396f40606c14cee3335fe3c41327e27a80076d682d28e2ca995f6c74c108cf8', 50802), ('slot', '2a541070c6fb9aabc5244b0c12c2a1a7beaa7d06d2188a20ac4eb674752a5fd4', 50814), ('slot', 'd04704ea64b51172761a9e6e218478a0030073dec432a017d17af96efcc823e1', 50814), ('slot', 'fa1b5088e8c1520c4f3ede167c2d1c27545a488257389ad99eb4c75e04967c6f', 50802), ('slot', '65b2d21372f0f9b6f0c6ea2b986b4adfdeca7108821e1f920881bacd8868ca4e', 50814), ('weights', '15113acae35b4a0697662afcdfd79ea4cc14d201911e6253b362d646b498a171', 73694), ('weights', '0c338faa482b46392df08d73441135162585cb9aa190c74ce8f1c779e448aa89', 56594), ('weights', '1fd7689a5bb60a348c52e4b86209382bdf74247ccb4a8597beecaee323f07452', 56594), ('weights', '07f7aa47089a0031d01cd93470ebfdcdc2f009c46a538f80526c167f7db5be79', 56594), ('weights', '57881e44770970eb1f3445a9b669e15bbb865778f81f8257c90f85c228bf26b0', 56594), ('feedback', '8738e254dae28efa892661fec9c324db6180a5d507952e7704f0e7f4f779b48e', 270522), ('feedback', '1e66523f6e3da5d41ab38cb38d9a8c316de48995947f513e974fcc89ffcad9a4', 219222), ('feedback', 'a70fddd3590412748579bfe72aa82c2ec32df9a9e067663a74cefd58b0fe7613', 202122), ('feedback', 'de64fc8f3340237f279b8206736fc19bc48738a2bf7907189846a22d649df62e', 202122), ('feedback', 'c291ca1fb999792df56c5fe1ca238b957ef8e14397dc42a683f50ef6f9bef8eb', 203166), ('contrib', 'f5635b0fb0b1c76213cd655c74fbf43feb3571f05312f028d2a94de455ad1bdf', 75223), ('contrib', 'c5cd833182104da8e1511b3298d4986a85ed3c2b38fd7fedbc8604cc4859d062', 58123), ('contrib', 'bd85a8d38dd943f475c56e88f648f91502eb263a327f586964fe2879ed0c2e1d', 58123), ('contrib', 'c859c05345ac99b7f9d403808d1e8ac8af3045c3937707cade9d7f184fd4cdf2', 58123), ('close', '81a6469aebe684ddf429101385c5968ef704b9c8fb123de31f6399e7f540ddaf', 502181)]"
8,02:00:50.206,0.9358,64.43724989891052,"[1699705434265218889, 1700294704760416722, 1699990539650262322, 1700009321324102052, 0, 0]","[93, 92, 94, 90, 0, 0]","[7, 7, 8, 9, 0, 0]","[('0xA41dE09A63f6Cedd633f99052b44450d3BB91D44', 5025297233042634796, 25002667307853698, 1699705434265218889), ('0x17725D495A0843Ea05541fD61ba5D4082750bC08', 5024716033016339551, 25010737776756286, 1700294704760416722), ('0x37AC7AC5D09bbC6dAC1CF036b7F9DdD0EA4E052E', 5024996088047682306, 24986627697944641, 1699990539650262322), ('0x536fc4cd48ad9B3649e8aB615592E83Ec9F5fcd1', 5024990645893343308, 24999967217445373, 1700009321324102052)]",200000000000000000,[],"[250026673078536987, 250107377767562866, 249866276979446411, 249999672174453735]","[[0.0, 1.0, 1.0, 1.0, 0.0, 0.0], [1.0, 0.0, 1.0, 1.0, 0.0, 0.0], [1.0, 1.0, 0.0, 1.0, 0.0, 0.0], [1.0, 1.0, 1.0, 0.0, 0.0, 0.0], [0.0, 0.0, 0.0, 0.0, 0.0, 0.0], [0.0, 0.0, 0.0, 0.0, 0.0, 0.0]]",[],"['$user$0, 0.926, good, good, None, 0xA41dE09A63f6Cedd633f99052b44450d3BB91D44', '$user$1, 0.936, good, good, None, 0x17725D495A0843Ea05541fD61ba5D4082750bC08', '$user$2, 0.936, good, good, None, 0x37AC7AC5D09bbC6dAC1CF036b7F9DdD0EA4E052E', '$user$3, 0.915, good, good, None, 0x536fc4cd48ad9B3649e8aB615592E83Ec9F5fcd1']","[('close', '81a6469aebe684ddf429101385c5968ef704b9c8fb123de31f6399e7f540ddaf', 502181), ('slot', 'a14e09dbdb5af2935d07f61c930381633bbecb72e61b074fd870d392de8b201e', 50814), ('slot', '36f58348542f4fe4109b40910daa61e6cdea2a45b85da6fcb61b2418f4add707', 50802), ('slot', '6cbcb3fc61fe9e4d02ae37fc9a86b44b612575089068bd7d1b9107cdfa646404', 50814), ('slot', '0c75b0e32b8b4c5680a09643ea8279d8e6f2417145c9c06ee428ce741ff798ca', 50814), ('weights', 'f6bb76f16d9dd4f6d03e8b3f64574ad875482c96f91975ad3a57d3e84b353a90', 73694), ('weights', 'baa5edd72ba7d20bbf3fbdee132853aa0f6ff5d95c4e14cb5fbdc9974ce66cf5', 56594), ('weights', '18ac4d9f2742164761f01cc56bf8fa72b0b802298c62d54481b52acea48477a7', 56582), ('weights', 'e5fd2a48905827d1ac1c0c0f59d1f2cbe73748e95db1b928460cd48b28fb6716', 56594), ('feedback', 'c9da7094ff2346506211a1a6d68032a056f06f3ef9f44ee506dc3a969a3fa74d', 217307), ('feedback', 'b4473613525f71edbf23f1ea8dfca57785562a51336759e82f2a4cd97335871c', 183107), ('feedback', '858f786e3c2b0b3b347835484aa7f4fb37caa9851ab5c3c54164e1795a7c6297', 166007), ('feedback', '08913784fb2308975c2ad06885516eb15aeb5ef00ca8bb68b3e375468ee484c4', 166007), ('contrib', '4743735f6161e5f9fa1e92094d114ef4800f673a58ee8f9a8881581d85aa8caf', 75223), ('contrib', '3d9dae1c19dd0d8cbbba43e7567e3f3800941180b2715c306458cc2187fa6dcd', 58123), ('contrib', '7e0e63669d5744b82754ded53e3c20245aa9fcd644ac16e36d11969a332e9acd', 58123), ('contrib', '30d67c9b1fe8e7b1e1722b043b835b97e2e13f824a6d7fa3ff6c7da90bbe8cd4', 58123), ('close', '6700906c31cfc18854ddb35a845b5b89f7945c8e92337d9621a369e5f3432bce', 410442)]"
9,02:01:12.024,0.9425,57.359606608748436,"[1724714180502563592, 1725305707033767879, 1724974326440375782, 1725005786023292731, 0, 0]","[93, 94, 95, 92, 0, 0]","[6, 6, 7, 8, 0, 0]","[('0xA41dE09A63f6Cedd633f99052b44450d3BB91D44', 5100294565734781096, 25008746237344703, 1724714180502563592), ('0x17725D495A0843Ea05541fD61ba5D4082750bC08', 5099705295239583263, 25011002273351157, 1725305707033767879), ('0x37AC7AC5D09bbC6dAC1CF036b7F9DdD0EA4E052E', 5100009460349737663, 24983786790113460, 1724974326440375782), ('0x536fc4cd48ad9B3649e8aB615592E83Ec9F5fcd1', 5099990678675897933, 24996464699190679, 1725005786023292731)]",100000000000000000,[],"[250087440013885498, 250110000371932983, 249837845563888549, 249964624643325805]","[[0.0, 1.0, 1.0, 1.0, 0.0, 0.0], [1.0, 0.0, 1.0, 1.0, 0.0, 0.0], [1.0, 1.0, 0.0, 1.0, 0.0, 0.0], [1.0, 1.0, 1.0, 0.0, 0.0, 0.0], [0.0, 0.0, 0.0, 0.0, 0.0, 0.0], [0.0, 0.0, 0.0, 0.0, 0.0, 0.0]]",[],"['$user$0, 0.923, good, good, None, 0xA41dE09A63f6Cedd633f99052b44450d3BB91D44', '$user$1, 0.94, good, good, None, 0x17725D495A0843Ea05541fD61ba5D4082750bC08', '$user$2, 0.942, good, good, None, 0x37AC7AC5D09bbC6dAC1CF036b7F9DdD0EA4E052E', '$user$3, 0.928, good, good, None, 0x536fc4cd48ad9B3649e8aB615592E83Ec9F5fcd1']","[('close', '6700906c31cfc18854ddb35a845b5b89f7945c8e92337d9621a369e5f3432bce', 410442), ('slot', '1cf19e2a7d4aaab3b5528d3206ebd95f1782bb45a08af873f57c27c0fff66fb6', 50814), ('slot', '0638188a561952660926bec75971afee200e5e2a7c268e275d8bcd4b9a0015f5', 50814), ('slot', '577ac3851f42621519680d674281795dcd59eb476dc1f80c97121d8ea88a388b', 50814), ('slot', '93e69e60605d382f62274b054a986d6b2d3ed26e632b33a389a45ef65a082586', 50814), ('weights', '718cbd589b766a1ecd0bf8c3f6e9530e4175a94554dfc9acb5bf4c9e71c6911d', 73694), ('weights', '9d6785c9dbbcbd7f57b0003320adf89159e092a8d599a652962c133d48419247', 56594), ('weights', '53f63dd78e52fa827bc7fd2db3e5cddcc7a4b5477b8fc44e5af8dbb4c07fb871', 56594), ('weights', '97af0ba8e2c9a42bc3c0555efe78009cbe21c3fe7a62edd5353ef52d54be426d', 56594), ('feedback', 'b1c625af48f71c7731ded2cf22bdd49a4e7c71907cc0c603182ed6bf55600879', 217307), ('feedback', '1be7caf0da8f03edf1936549bdffa4e1f08ff380c36a8aac35df7de80478d84c', 183107), ('feedback', 'ef0d1f23818963e68bd60964a2b15d2a99f0abca0ba7f167b017e2a2229043d9', 166007), ('feedback', 'aa32ea1931ad5694e17eed54b9838aae8c3c7ae2b2be90f5992757c61cfba196', 166007), ('contrib', '39760b271e19badccbb815004bf16dbdbd3b74d3bdb0508d0762e313672352ec', 75223), ('contrib', '1c7d8f55a5bb37eff5a861e442b05727209ac330bd4b650e848f4f548eb5b655', 58123), ('contrib', 'd333f009061af2a83b0baee2062102c16e572e809d741d87945da4299edb98ad', 58123), ('contrib', '22d1d7902bbbdb92290448d915a0cc8cb023f4cc2625de6cb1688b7b89fe6aa2', 58123), ('close', 'f9ae09b79c85e439b426634695ae65f9663ae4b89b3efdc6b2ce5ef9b4a66f68', 410442)]"
10,02:01:33.908,0.9482,51.64386197179556,"[1749720839831898049, 1750314446565328987, 1749958625085889951, 1750006088516882996, 0, 0]","[94, 94, 95, 92, 0, 0]","[6, 6, 6, 7, 0, 0]","[('0xA41dE09A63f6Cedd633f99052b44450d3BB91D44', 5175285819497436392, 25006659329334457, 1749720839831898049), ('0x17725D495A0843Ea05541fD61ba5D4082750bC08', 5174694292966232105, 25008739531561108, 1750314446565328987), ('0x37AC7AC5D09bbC6dAC1CF036b7F9DdD0EA4E052E', 5175025673559624202, 24984298645514169, 1749958625085889951), ('0x536fc4cd48ad9B3649e8aB615592E83Ec9F5fcd1', 5174994213976707253, 25000302493590265, 1750006088516882996)]",0,[],"[250066578388214111, 250087380409240722, 249842971563339233, 250003010034561157]","[[0.0, 1.0, 1.0, 1.0, 0.0, 0.0], [1.0, 0.0, 1.0, 1.0, 0.0, 0.0], [1.0, 1.0, 0.0, 1.0, 0.0, 0.0], [1.0, 1.0, 1.0, 0.0, 0.0, 0.0], [0.0, 0.0, 0.0, 0.0, 0.0, 0.0], [0.0, 0.0, 0.0, 0.0, 0.0, 0.0]]",[],"['$user$0, 0.937, good, good, None, 0xA41dE09A63f6Cedd633f99052b44450d3BB91D44', '$user$1, 0.937, good, good, None, 0x17725D495A0843Ea05541fD61ba5D4082750bC08', '$user$2, 0.943, good, good, None, 0x37AC7AC5D09bbC6dAC1CF036b7F9DdD0EA4E052E', '$user$3, 0.927, good, good, None, 0x536fc4cd48ad9B3649e8aB615592E83Ec9F5fcd1']","[('close', 'f9ae09b79c85e439b426634695ae65f9663ae4b89b3efdc6b2ce5ef9b4a66f68', 410442), ('slot', 'd642e2c43ab29e5268e96b865ab0179368d9efd73a88cb031057b2feb7f5f6b8', 50814), ('slot', 'ff35899fc3b226fd61c1f8de0f2335e9f934051afaeee87d89f3ec89a5613467', 50802), ('slot', 'b5e959f5d992d927eee3182fd7566ac8fbea716478468ecbe6be8e2bf48851f6', 50814), ('slot', 'f3f3ce639e526629e69507e90bd2b27badb7f257c9603039443a720d25f6e793', 50814), ('weights', 'eb2659cb6fbc7af4e1a92fdceb8a4ab89e6f8206d1fdd26583080348144dada0', 73694), ('weights', '44ba144aea40a42a86a10f81c354ff8f95b1929efc40e8bb9e5d1d7741b7d188', 56594), ('weights', 'dd7823579ffde6890eb0884b4477bdacd77805eeb416d3df9fc7ab450287555d', 56582), ('weights', 'c0a8a659b4a1cda4fa945a89fe9169fbd44e9c5b423be66da17c41803c61932c', 56594), ('feedback', '06cb7915ee38084822e0653efe19a1af566bbc322c0f1f54a6fa4bdb80e8cd23', 217307), ('feedback', 'e3960074f226f8ab200ad98f9ecb22059beada52fa33eee08e88f528ddb56bbb', 183107), ('feedback', '8750e4a2f2d76b936d8a5e7c0711bde8ff35f6875a04decf91fe4c5567b15509', 166007), ('feedback', '43a366ff40d805597af0b998855c6dd82a0f2bc7ea17bb1b80427d00bbd866ff', 166007), ('contrib', '7cc1dc50fcb25d629df6bfb14e0b7d770fda0750e6118461f0ed880de658c411', 75223), ('contrib', '660dead5fc6935658428595cb4650c9e9822f285b0737410e00c0e2e7711b7f6', 58123), ('contrib', 'ade20cadf132c1cc84bd08c58b2b3be70a6df14502875ee0d674168fa05e8532', 58123), ('contrib', '660ee8976e2ade1d7eab608eeb3356bc3b77a9b8ab03eabad472088167f329ee', 58123), ('close', '3073d59a78a4e7ea1a7483bf0b889c804c2f00be00319e75d3234ea39efa720c', 410442)]"
# $gasCosts$[403001, 334601, 317501, 317501, 293827, 218683, 75223, 58123, 58123, 58111, 58123, 323401, 255001, 237901, 237901, 257801, 218683, 75211, 58123, 58111, 58123, 58123, 321749, 253349, 236249, 236249, 231293, 218683, 75223, 58123, 58123, 58123, 270522, 219222, 202122, 202122, 203166, 75223, 58123, 58123, 58123, 270522, 219222, 202122, 202122, 203166, 75223, 58123, 58123, 58123, 270522, 219222, 202122, 202122, 203166, 75223, 58123, 58123, 58123, 270522, 219222, 202122, 202122, 203166, 75223, 58123, 58123, 58123, 217307, 183107, 166007, 166007, 75223, 58123, 58123, 58123, 217307, 183107, 166007, 166007, 75223, 58123, 58123, 58123, 217307, 183107, 166007, 166007, 75223, 58123, 58123, 58123],[126674, 126674, 126674, 126674, 126674],[50814, 50814, 50814, 50814, 50814, 50814, 50814, 50814, 50814, 50814, 50814, 50814, 50814, 50814, 50814, 50814, 50814, 50814, 50814, 50814, 50814, 50814, 50814, 50814, 50814, 50814, 50814, 50814, 50814, 50814, 50814, 50814, 50814, 50802, 50814, 50814, 50802, 50814, 50814, 50802, 50814, 50814, 50814, 50814, 50814, 50814, 50814, 50802, 50814, 50814],[73694, 56594, 56594, 56582, 56582, 56594, 73694, 56594, 56594, 56594, 56594, 56594, 73694, 56582, 56582, 56594, 56594, 56594, 73694, 56594, 56594, 56594, 56594, 73694, 56594, 56582, 56594, 56594, 73682, 56594, 56594, 56594, 56594, 73694, 56594, 56594, 56594, 56594, 73694, 56594, 56582, 56594, 73694, 56594, 56594, 56594, 73694, 56594, 56582, 56594],[671004, 643640, 618388, 543321, 543321, 543321, 502181, 410442, 410442, 410442],[],[]
# TOTAL EXPERIMENT TIME: 249.38 seconds
