# Author Nykjaer
# ------Specs--------# cpu_name:  (processor model)
# cpu_cores: 6 (physical cores)
# ram_gb: 13.5 (system memory in GB)
# gpu_name: NVIDIA GeForce RTX 3060 Laptop GPU (graphics processor)
# os_name: Linux (operating system)
# ------Config--------# good_contributors: 4 (honest participants)
# bad_contributors: 1 (malicious participants)
# freeriders: 1 (contribute 0)
# inactive: 0 (never join)
# reward: 1000000000000000000 (total reward pool)
# minimum_rounds: 10 (rounds to simulate)
# min_buy_in: 1000000000000000000 (lower buy-in bound)
# max_buy_in: 1000000000000000000 (upper buy-in bound)
# standard_buy_in: 1000000000000000000 (default buy-in)
# epochs: 1 (local epochs per round)
# batch_size: 32 (training batch size)
# punish_factor: 3 (penalty multiplier)
# first_round_fee: 50 (fee for first round)
# fork: True (True=local fork, False=real net)
# contribution_score_strategy: dotproduct (scoring method)
# use_outlier_detection: True (Whether to use outlier detection)
# freerider_start_round: 3 (When freeriders should start freeriding)
# freerider_noise_scale: 0.01 (How much noise a freeder should add)
round,time,globalAcc,globalLoss,GRS,accAvgPerUser,lossAvgPerUser,rewards,conctractBalanceRewards,punishments,contributionScores,feedbackMatrix,disqualifiedUsers,userStatuses,GasTransactions
# $startingUserConfig$['$user$0, 0, good, good, None, 0xA41dE09A63f6Cedd633f99052b44450d3BB91D44', '$user$1, 0, good, good, None, 0x17725D495A0843Ea05541fD61ba5D4082750bC08', '$user$2, 0, good, good, None, 0x37AC7AC5D09bbC6dAC1CF036b7F9DdD0EA4E052E', '$user$3, 0, good, good, None, 0x536fc4cd48ad9B3649e8aB615592E83Ec9F5fcd1', '$user$4, 0, good, bad, 3, 0x118E560679B62a9F24c135A96d416548782f8cc2', '$user$5, 0, good, freerider, 3, 0xA2F37A08a8488CB8551a0D03f7A73f4156757de7']
0,01:05:40.940,0,721.5645751953125,"[1000000000000000000, 1000000000000000000, 1000000000000000000, 1000000000000000000, 1000000000000000000, 1000000000000000000]",[],[],[],1000000000000000000,[],[],,[],"['$user$0, 0, good, good, None, 0xA41dE09A63f6Cedd633f99052b44450d3BB91D44', '$user$1, 0, good, good, None, 0x17725D495A0843Ea05541fD61ba5D4082750bC08', '$user$2, 0, good, good, None, 0x37AC7AC5D09bbC6dAC1CF036b7F9DdD0EA4E052E', '$user$3, 0, good, good, None, 0x536fc4cd48ad9B3649e8aB615592E83Ec9F5fcd1', '$user$4, 0, good, bad, 3, 0x118E560679B62a9F24c135A96d416548782f8cc2', '$user$5, 0, good, freerider, 3, 0xA2F37A08a8488CB8551a0D03f7A73f4156757de7']","[('register', '86361963029b0aa44d15ea3421188a8459774a3b6f6d9e341cf3975fa8c1fb12', 126674), ('register', 'a43fec5c9d54b8bc87be83973ab2fd246938ab1efd2e3aa1f43e6212e7304c20', 126674), ('register', '81276d805b00418fc7d49b6e91e758c9ab3af98326d3b8de17b40a7de3345a48', 126674), ('register', 'b27ab4e1e20bcfa930844b845eb998b121411b521c7df2ca1acd521d7836ab97', 126674), ('register', '231976709d104cfceef454ec83de76f2623af2c070a29ca113987d61a89c55c3', 126674)]"
1,01:06:11.861,0.2782,715.7129516601562,"[1016685104617096139, 1016596737757568228, 1016693243630733815, 1016709341353972155, 1016592800871074134, 1016722771769555526]","[9, 11, 9, 11, 10, 10]","[74, 74, 74, 74, 74, 74]","[('0xA41dE09A63f6Cedd633f99052b44450d3BB91D44', 5000000000000000000, 16685104617096139, 1016685104617096139), ('0x17725D495A0843Ea05541fD61ba5D4082750bC08', 2000000000000000000, 16596737757568228, 1016596737757568228), ('0x37AC7AC5D09bbC6dAC1CF036b7F9DdD0EA4E052E', 5000000000000000000, 16693243630733815, 1016693243630733815), ('0x536fc4cd48ad9B3649e8aB615592E83Ec9F5fcd1', 2000000000000000000, 16709341353972155, 1016709341353972155), ('0x118E560679B62a9F24c135A96d416548782f8cc2', 1000000000000000000, 16592800871074134, 1016592800871074134), ('0xA2F37A08a8488CB8551a0D03f7A73f4156757de7', 5000000000000000000, 16722771769555526, 1016722771769555526)]",900000000000000000,[],"[166851058602333068, 165967389941215515, 166932448744773864, 167093425989151000, 165928021073341369, 167227730154991149]","[[0.0, 0.0, 1.0, 0.0, -1.0, 1.0], [1.0, 0.0, 1.0, 1.0, 1.0, 1.0], [1.0, 0.0, 0.0, 0.0, 0.0, 1.0], [1.0, 1.0, 1.0, 0.0, 1.0, 1.0], [1.0, 1.0, 1.0, 1.0, 0.0, 1.0], [1.0, 0.0, 1.0, 0.0, 0.0, 0.0]]",[],"['$user$0, 0.768, good, good, None, 0xA41dE09A63f6Cedd633f99052b44450d3BB91D44', '$user$1, 0.623, good, good, None, 0x17725D495A0843Ea05541fD61ba5D4082750bC08', '$user$2, 0.745, good, good, None, 0x37AC7AC5D09bbC6dAC1CF036b7F9DdD0EA4E052E', '$user$3, 0.649, good, good, None, 0x536fc4cd48ad9B3649e8aB615592E83Ec9F5fcd1', '$user$4, 0.615, good, bad, 3, 0x118E560679B62a9F24c135A96d416548782f8cc2', '$user$5, 0.768, good, freerider, 3, 0xA2F37A08a8488CB8551a0D03f7A73f4156757de7']","[('slot', '9a2588d5e71ad5f9719996f8fbf1a72885885ce277b7f401565c8c92ed037ea0', 50814), ('slot', 'bdaf6077e094403da12e16cb80d00af18010f4e5b567ef796b95376940ce739d', 50814), ('slot', 'cdfb3ceaaee0e4530bb0cc9bed4a93fb688cb43a711890c0acd42bc84921566e', 50814), ('slot', 'b49fbb5cdea4de38b1a0d5e003ad5291d58ca8d739cd32e4af64512712e1c46a', 50814), ('slot', 'bf0ba0f64614a3bca6dd59beca87e403cf28d9fea2eb1453e6ef75cbc97244ef', 50814), ('slot', 'f23d3e6ca8940f9fba901f6204670d5efce60e86c12d79f9e64588ac2ceccb9d', 50814), ('weights', '8db79451bfd4892e8266c029c5f462d4cab51cf450b9490300b64934ba750de8', 73694), ('weights', '88ed186ca4c8516a473c662b6f2893803244b9f3283913336c2f27c610be342c', 56594), ('weights', '8b94051abf277c959f07fdbf9b623ae7bfc09d405443806dc3714de216972a97', 56582), ('weights', '0798a295a012c4b3ad098a249521209f79bb4cd3feed30534fe3d21ac7a245e8', 56594), ('weights', '105d2afd4769b43f49335d460df7b82765975fd1bb60fc154ddf8d6b10662f0f', 56594), ('weights', '68b1d57d0ef4201cdad1bbc125bc8c9c9263ff2357df60df19acc9241f0a4630', 56594), ('feedback', '4de1542056ea7dd9e5c60ec5b45be481cdd6d2c7ba708e9668272890e6bfc054', 321453), ('feedback', 'e150708f19f0b380f86ea0e72e95b43cf919d877f2956a9619e0e2df42c3f1b9', 366453), ('feedback', '54257e0b64132c6fce82518cc4a64aaf1b7cccf82f49f030fe10cdc9b44fabf5', 266031), ('feedback', '21cf4aefaf13e9c0f1247c453d97fb6e815da2d71dafe83f13a2e2ba9946beb0', 371253), ('feedback', 'a21d3d97c8d7190337eaf7470c376b9e40e03a5522ec6b71f485a033e240bcc5', 337053), ('feedback', 'cff9fc93e73fa99cd08337f519281e44d91232d4ce7ed516e29dfef60ebbd67a', 266031), ('contrib', '170cb1c4da33be5c3d4852e4bc0ed04a544908fb6d3cf6a959a8d159e4ae06b2', 75223), ('contrib', '42f261e33b9e57317155898edc7eb2638c5510cda5b02a78a73a110cc2b9e78e', 58123), ('contrib', 'aecc99d4fad3dcf08546efa9549e5d7fc3a419e41cd57edc2dfa09a8af0a4dc8', 58123), ('contrib', '4c91228af64e08d9653127c052de249979ebc3b200f047f02403046ea2843d71', 58123), ('contrib', 'ae4a61da787b76f766ead52be4f3e57160e52190fc7c7cad53d21a4ff9b5db74', 58123), ('contrib', '66fb78e0bf23cff2afd4f85ec8daffd6d93e9dd3530332d3c80140355df5e84c', 58123), ('close', '748e6f5ac249fd2ddb3c5ed08a3bf8bc6ae452f0ceffcdc011f539e3de2ada94', 641581)]"
2,01:06:42.249,0.6656,578.5606994628906,"[1033352279661750079, 1033265198772529009, 1033363749085162715, 1033387334642458850, 1033247560267296322, 1033383877570803018]","[24, 26, 27, 29, 28, 30]","[73, 73, 73, 73, 73, 73]","[('0xA41dE09A63f6Cedd633f99052b44450d3BB91D44', 5083314895382903858, 16667175044653940, 1033352279661750079), ('0x17725D495A0843Ea05541fD61ba5D4082750bC08', 5083403262242431769, 16668461014960781, 1033265198772529009), ('0x37AC7AC5D09bbC6dAC1CF036b7F9DdD0EA4E052E', 5083306756369266182, 16670505454428900, 1033363749085162715), ('0x536fc4cd48ad9B3649e8aB615592E83Ec9F5fcd1', 5083290658646027842, 16677993288486695, 1033387334642458850), ('0x118E560679B62a9F24c135A96d416548782f8cc2', 2033306079111540383, 16654759396222188, 1033247560267296322), ('0xA2F37A08a8488CB8551a0D03f7A73f4156757de7', 5083277228230444471, 16661105801247492, 1033383877570803018)]",800000000000000000,[],"[166671738028526306, 166684597730636596, 166705042123794555, 166779920458793640, 166547581553459167, 166611045598983764]","[[0.0, 1.0, 1.0, 1.0, 0.0, 1.0], [1.0, 0.0, 1.0, 1.0, 1.0, 1.0], [1.0, 1.0, 0.0, 1.0, 0.0, 1.0], [1.0, 1.0, 1.0, 0.0, 1.0, 1.0], [1.0, 1.0, 1.0, 1.0, 0.0, 1.0], [1.0, 1.0, 1.0, 1.0, 0.0, 0.0]]",[],"['$user$0, 0.607, good, good, None, 0xA41dE09A63f6Cedd633f99052b44450d3BB91D44', '$user$1, 0.579, good, good, None, 0x17725D495A0843Ea05541fD61ba5D4082750bC08', '$user$2, 0.621, good, good, None, 0x37AC7AC5D09bbC6dAC1CF036b7F9DdD0EA4E052E', '$user$3, 0.606, good, good, None, 0x536fc4cd48ad9B3649e8aB615592E83Ec9F5fcd1', '$user$4, 0.556, good, bad, 3, 0x118E560679B62a9F24c135A96d416548782f8cc2', '$user$5, 0.696, good, freerider, 3, 0xA2F37A08a8488CB8551a0D03f7A73f4156757de7']","[('close', '748e6f5ac249fd2ddb3c5ed08a3bf8bc6ae452f0ceffcdc011f539e3de2ada94', 641581), ('slot', '284e29c2a9c6369046e6ea672eaca6ec45e3424cdf9aa673c5347f5eda86a2d9', 50814), ('slot', '8da9024d295aae641ec0652ea4340d6c9c1c90c48a6b3319afb55b4c5918d9d6', 50814), ('slot', 'f5801f000c8a6df871abb9b5d601b007c6bf463723f09590e8909574c0d15c7c', 50814), ('slot', '4cf69937df54f64a7c0732d99fb9617c43bcbc4756640830d90f8b8a826308ec', 50814), ('slot', '9705eabeb9155a5b54bb1376e6b3356f94bb25c7ad5641bc9909c9971564883c', 50814), ('slot', '8c76ba77773c75d0e4507d26a816475883bf551e49e6d815e5c91df5366d7b51', 50814), ('weights', 'f19e89bbabac84e0ba9bf11c13345392ed09abc60f7798070a611d0f62e06355', 73694), ('weights', 'a698073318d1c5c4e21c1894e3a2fc09925ba0d228bb44ae501f10d314bb9ee3', 56594), ('weights', 'ce7ba8f5ebd0c0840fcd5922818b0140df95b22681ab943179969a687dbfc807', 56594), ('weights', '2ea8dae7d861198fb62eac74b3bc0060456929deb4493aa1988f7f9157a72da5', 56594), ('weights', '5ba7bcd5629c947d7ead9ac99ade6388e1cb21272a6b4d9ab19b5f1a4b605ca1', 56594), ('weights', 'd68e84b3fedec98013b0449baa2d9a97c9f7686e2bd4ceb63e925393f8484824', 56582), ('feedback', '585347b15097faaf1a53b87f9dc837a282c64e61ba2a369d9ab3d00d05ebd3aa', 341979), ('feedback', '5c5ac42d6de383ed208f2132f476bfb554b45e3c2c2281bebefd654332acb201', 271753), ('feedback', 'a5943da049650fea09add5c7657d30a8f89cb49c0cd3934deddf67b0da9b9e50', 273579), ('feedback', '29e134bf2c1ac9f7a585662fbdd8b323f66a7614e7874ae0c45c81c00ddea6d1', 237553), ('feedback', '70dee4576b5b882350333cde0a0cbec41f8e7a033ec34cb29b852588c5a251f1', 237553), ('feedback', '3fac028f6a19529f2d720f9a21b1425420ebee247c938d8b24940de405e62caf', 273579), ('contrib', '5c863240465cf694b550bd3603c5f0497bbb58b0ea4fabecdeb8cfd3b08574a1', 75223), ('contrib', '8f0248492651967768f3c660fc18721ef1e3475a6908b9a156561b925feb7198', 58123), ('contrib', '84623317659fdb67c93d17851a78f1b390f6b7ebf89181edb54fa8f719396718', 58123), ('contrib', '31cfcf31fbce6baa88883bbfadab1b1201da1ac04db3516214869f03109b186e', 58123), ('contrib', '2de7d1956e60cb1f47a3f3c43438bca7cfcd46e5e739d88f4459f69d967f9934', 58123), ('contrib', 'e5f1c22f7b562b4ea07747b73f0a63c26684af14d4988406adb8189f08a67a32', 58123), ('close', '39ba3eb2d6e9df1d02c46504bf6bdede2cbcdddf23d43732718305ef871d6ebb', 611186)]"
3,01:07:08.534,0.8198,192.05127105116844,"[1230548064593969924, 1230570342193954951, 1230445708557747749, 1230681592762261139, 688831706844864215, 688922585047202012]","[65, 64, 66, 65, 66, 69]","[59, 59, 59, 60, 59, 59]","[('0xA41dE09A63f6Cedd633f99052b44450d3BB91D44', 2066768722232854252, 197195784932219845, 1230548064593969924), ('0x17725D495A0843Ea05541fD61ba5D4082750bC08', 2066855803122075322, 197305143421425942, 1230570342193954951), ('0x37AC7AC5D09bbC6dAC1CF036b7F9DdD0EA4E052E', 2066757252809441616, 197081959472585034, 1230445708557747749), ('0x536fc4cd48ad9B3649e8aB615592E83Ec9F5fcd1', 2066733667252145481, 197294258119802289, 1230681592762261139)]",700000000000000000,"[(3, 344415853422432107), (3, 344461292523601006)]","[249970212578773498, 250108838081359863, 249825924634933471, 250095039606094360]","[[0.0, 1.0, 1.0, 1.0, -1.0, 0.0], [1.0, 0.0, 1.0, 1.0, -1.0, 0.0], [1.0, 1.0, 0.0, 1.0, -1.0, 0.0], [1.0, 1.0, 1.0, 0.0, -1.0, 0.0], [-1.0, -1.0, -1.0, -1.0, 0.0, -1.0], [0.0, 0.0, 0.0, 0.0, 0.0, 0.0]]","[5, 6]","['$user$0, 0.771, good, good, None, 0xA41dE09A63f6Cedd633f99052b44450d3BB91D44', '$user$1, 0.781, good, good, None, 0x17725D495A0843Ea05541fD61ba5D4082750bC08', '$user$2, 0.801, good, good, None, 0x37AC7AC5D09bbC6dAC1CF036b7F9DdD0EA4E052E', '$user$3, 0.773, good, good, None, 0x536fc4cd48ad9B3649e8aB615592E83Ec9F5fcd1', '$user$4, 0.556, bad, bad, 3, 0x118E560679B62a9F24c135A96d416548782f8cc2', '$user$5, 0.696, freerider, freerider, 3, 0xA2F37A08a8488CB8551a0D03f7A73f4156757de7']","[('close', '39ba3eb2d6e9df1d02c46504bf6bdede2cbcdddf23d43732718305ef871d6ebb', 611186), ('slot', 'a3f6c2a3dad8d674329c98cfd9c11c498268a72669880b3347e2818429844087', 50814), ('slot', '9960eda30a670b162ac9b9542f79d03e0cc957fc0671f49db33d320585bdfae8', 50802), ('slot', '8576d38ed41b4a178efa0454e4b0f8d9baee17bf046705467e79393c483ea0ba', 50814), ('slot', '8b3a93a8dfdcdae02fc5f7a12eec2897649d92143d3e8ab8e8ce39e16205b81e', 50814), ('slot', 'ee321dcdb8ce3978a71a561079c025201a1fbef5e1e3162c4f57f3ed79be837c', 50814), ('slot', 'c11549ea9a3071e7b79d8ba5b8dc6d5ca3047fdc82fa6897dbb3cb3cba3a8dd9', 50814), ('weights', '10d0e61a3c7f732429599864d157daf6725d9ec9ef5ed126578666b8541ccd86', 73682), ('weights', '831236e00224d73fdcd52a2b9b3a8148bf8bdcabc298476d0a761ae2451610fe', 56594), ('weights', '32da98bafe8fae3d4cb43d9c16b09193eaf07a08a6a4c89bc1c68cd38893d23e', 56594), ('weights', 'bc606661034d99f5bf7b9952a1ef0494d5a3567c61aeb488733c645d13f1f137', 56594), ('weights', '4a2bc5cb5eb632669146adf723b4da02fb04b51cd56ff1a3d0b40604dc3a6181', 56594), ('weights', '33a0c48d1fe8f2d90f6ceb102069a80c1ca26bdf737a64724799d691da652bff', 56594), ('feedback', '4f894730f7a20b2b071fb4dfe86be08090785083edb3803c4fc0d8a462c594b3', 300527), ('feedback', 'c30515902d7d5e3189ec3961c5867ba0e718849678f1b59463602ff8f6a7e104', 247227), ('feedback', 'f2a3895ddd1ee8416fdc715f5f877ebe754646dc2b8909d61b944a2dcabeb18f', 232127), ('feedback', '832e691a274079f19c4c718cb88cc8e39258db639a5b48da6fccbd242328b1ce', 230127), ('feedback', '5729cafa112151688b1e42c03159adc342a9e2f9ad7fcad4a28527ce71334703', 246393), ('feedback', '549aa37cf7d5e0aae681f00da955c5556b7304e6b968954b34be6ed933b8dedb', 210683), ('contrib', 'f1db4710e3c576bc3a67b708d487a712f3c2dc7c654515072669057abf710900', 75223), ('contrib', '247c4237174f03400f2d9ef85bd1c006a5c3f4486dc65fb8df10fb988cbf2de3', 58123), ('contrib', '3712a3bdd9314c846e7736c8e4222fc4cdba680cc5d6650a8e2c2ccef5e7f0c0', 58123), ('contrib', '61ea4d9c66d60975921adb5bf924f2b7db227ed5d8d65f24a5539e5ee0d1d512', 58123), ('close', 'dba5cf85f6a95d444cf660cec9e698af1975f52e2caeb4199d7c9c0376a36df5', 658515)]"
4,01:07:34.691,0.8625,145.1682257503271,"[1293172855702761701, 1293187584203724999, 1293003417301907926, 1293303672678691176, 459221137896576144, 768111332216338042]","[80, 82, 81, 81, 83, 83]","[19, 20, 21, 22, 19, 19]","[('0xA41dE09A63f6Cedd633f99052b44450d3BB91D44', 3002865936669099624, 62624791108791777, 1293172855702761701), ('0x17725D495A0843Ea05541fD61ba5D4082750bC08', 3002843659069114597, 62617242009770048, 1293187584203724999), ('0x37AC7AC5D09bbC6dAC1CF036b7F9DdD0EA4E052E', 3002968292705321799, 62557708744160177, 1293003417301907926), ('0x536fc4cd48ad9B3649e8aB615592E83Ec9F5fcd1', 3002732408500808409, 62622079916430037, 1293303672678691176), ('0xA2F37A08a8488CB8551a0D03f7A73f4156757de7', 4233414001263069548, 79188747169136030, 768111332216338042)]",600000000000000000,"[(4, 229610568948288071)]","[189996302127838134, 189973399043083190, 189792782068252563, 189988076686859130, 240249410271644592]","[[0.0, 1.0, 1.0, 1.0, -1.0, 1.0], [1.0, 0.0, 1.0, 1.0, -1.0, 1.0], [1.0, 1.0, 0.0, 1.0, -1.0, 1.0], [1.0, 1.0, 1.0, 0.0, -1.0, 1.0], [-1.0, -1.0, -1.0, -1.0, 0.0, -1.0], [0.0, 0.0, 0.0, 0.0, 0.0, 0.0]]",[5],"['$user$0, 0.838, good, good, None, 0xA41dE09A63f6Cedd633f99052b44450d3BB91D44', '$user$1, 0.831, good, good, None, 0x17725D495A0843Ea05541fD61ba5D4082750bC08', '$user$2, 0.858, good, good, None, 0x37AC7AC5D09bbC6dAC1CF036b7F9DdD0EA4E052E', '$user$3, 0.839, good, good, None, 0x536fc4cd48ad9B3649e8aB615592E83Ec9F5fcd1', '$user$4, 0.556, bad, bad, 3, 0x118E560679B62a9F24c135A96d416548782f8cc2', '$user$5, 0.696, freerider, freerider, 3, 0xA2F37A08a8488CB8551a0D03f7A73f4156757de7']","[('close', 'dba5cf85f6a95d444cf660cec9e698af1975f52e2caeb4199d7c9c0376a36df5', 658515), ('slot', '71097501ef285b36a5e9942244a788ef514de985d9d410f3bd07518562ae1f1b', 50814), ('slot', '6f824fcedda4cb2164a0690b6b7b22f24d19c0588743c486547b80e586c7bc54', 50802), ('slot', '81959039898393964d905f41d9f1a52af0d8fe646de05e23922a30fd33c4ced6', 50814), ('slot', '38b19808219bdbb2ef9aeaad0e18af59847b2dae6659afc5b1afd73895884d63', 50802), ('slot', '093fb0a22e380ca371392f8ecb95309e2e2440dbc9d796a9dc101cdc4911cfd3', 50814), ('slot', 'eecf341deb1d7faf5fd299f77a79ef14b09d72e1bfcb3f7ebb922ad195b13a26', 50814), ('weights', 'b2d3671ead0ad26d67c158f23981a09cf1718ab74d2d6ad184638dab85cde76e', 73694), ('weights', '82a0e87347d850a3090b5df529f8d0805be5e6e989bb0fe82ea2313bd30eeed7', 56594), ('weights', '795371030b51f7df046b0a1c12da224145fb155c50fad8257945f5ad1348cc24', 56594), ('weights', '44494e459ec776cb98186c9c6675848bbf9c7890a9feb0dab9307014a41c66cf', 56594), ('weights', '45e96ea012ca6562cf5102fc7c6d05fbfd1c67ce3199c52e927109f70b2dbb37', 56594), ('weights', '567a59e67baee8bd546b886faf004514b0672994baae3249b52f9afdb3f28c95', 56594), ('feedback', '1e0ea29acbfacbee0dc58e5761b5cc5fb7eda9130f2f6604024f370949b8ec8a', 343301), ('feedback', '5837a75b10ae34a34590c4461188a0369342e6d2dbdb3ea2c92b4ed35f917cfb', 274901), ('feedback', '9fb73ee3a776fef11d7a68410bc0b25b60f9f7a04a2426e75564fd27b87559e7', 257801), ('feedback', '9be6ff79818064195b9aeb94abb52d6222ba5ba7ad41efaf554c4073fa9d285b', 257801), ('feedback', '403d6947b64a8e5513e86bd990105c894849aa331edcd62fe6a31a8f372ba445', 239293), ('feedback', '787135a08c906d0a91e71c9ca1c50e3de93ea5e8b4845d29210969904ad764b4', 218683), ('contrib', '1828379bf5b228ab7d34a4e16cbe99f6a4d589c9c8f9d54f1a814e9669e04300', 75211), ('contrib', '664ceb4f80f11c8787e25bbabe1350ccf4daddff50154eefe8a20a0e1c403783', 58123), ('contrib', 'a7fb1dcf8c9938c35b846a1b9e3bb22097a3c62b5ebb6715edfd50dad005e53d', 58123), ('contrib', '5441b0b65262361621f9ca24703e5c80879fe46ad10c247566409a8a022f6b77', 58123), ('contrib', 'e79d500cb04e513a93d41d8b0a6a84e5cab2dbb21a5e28e52bf3be13230fb2eb', 58123), ('close', 'd493f5015d960dfaf71b34bebefed5b23310adecf3155e3ad49efdfb1ff19d91', 643640)]"
5,01:08:00.976,0.8864,118.70183931663632,"[1341398564318720450, 1341430421122178535, 1341182375683162167, 1341532345373417187, 306147425264384096, 828308868238137550]","[86, 86, 86, 85, 86, 86]","[14, 15, 15, 16, 14, 14]","[('0xA41dE09A63f6Cedd633f99052b44450d3BB91D44', 3420273536287747957, 48225708615958749, 1341398564318720450), ('0x17725D495A0843Ea05541fD61ba5D4082750bC08', 3420258807786784659, 48242836918453536, 1341430421122178535), ('0x37AC7AC5D09bbC6dAC1CF036b7F9DdD0EA4E052E', 3420442974688601732, 48178958381254241, 1341182375683162167), ('0x536fc4cd48ad9B3649e8aB615592E83Ec9F5fcd1', 3420142719311818482, 48228672694726011, 1341532345373417187), ('0xA2F37A08a8488CB8551a0D03f7A73f4156757de7', 4713446391990509658, 60197536021799508, 828308868238137550)]",500000000000000000,"[(5, 153073712632192048)]","[190559908747673034, 190627589821815490, 190375179052352905, 190571621060371398, 237865597009658813]","[[0.0, 1.0, 1.0, 1.0, -1.0, 1.0], [1.0, 0.0, 1.0, 1.0, -1.0, 1.0], [1.0, 1.0, 0.0, 1.0, -1.0, 1.0], [1.0, 1.0, 1.0, 0.0, -1.0, 1.0], [-1.0, -1.0, -1.0, -1.0, 0.0, -1.0], [0.0, 0.0, 0.0, 0.0, 0.0, 0.0]]",[5],"['$user$0, 0.88, good, good, None, 0xA41dE09A63f6Cedd633f99052b44450d3BB91D44', '$user$1, 0.871, good, good, None, 0x17725D495A0843Ea05541fD61ba5D4082750bC08', '$user$2, 0.884, good, good, None, 0x37AC7AC5D09bbC6dAC1CF036b7F9DdD0EA4E052E', '$user$3, 0.868, good, good, None, 0x536fc4cd48ad9B3649e8aB615592E83Ec9F5fcd1', '$user$4, 0.556, bad, bad, 3, 0x118E560679B62a9F24c135A96d416548782f8cc2', '$user$5, 0.696, freerider, freerider, 3, 0xA2F37A08a8488CB8551a0D03f7A73f4156757de7']","[('close', 'd493f5015d960dfaf71b34bebefed5b23310adecf3155e3ad49efdfb1ff19d91', 643640), ('slot', '11858ba6b1f71c6668e02dd601337badc78a942de3c83c47e165f925bf2af16d', 50814), ('slot', 'e80e3ca29dc3c961097fb48cab3b7faaa06669c5cf3ecdb0501d1ee44b9ca121', 50814), ('slot', 'c95dc95e4782bc95d6e540fe91fb2df537d15bd83904c73bdd10fabe05e958bb', 50814), ('slot', '8b723a542f629e3d56c618ca56ce1845a261d245b23a22f0a830c72f7b2bce56', 50814), ('slot', 'c444acaefe1956db85c8b3d7cc25c8ee420bc95b584ff93c80107ed255eba9dc', 50814), ('slot', 'a0be0b8c18540edbea83de8e0e22672db41eddb3672a7461ff022f7d4e25a787', 50814), ('weights', '2d8d054e3968cfce009363edf7c9c686f122acde91ed76729df81b63842a68d4', 73694), ('weights', 'a21e9534aaae23bf27f4cc44767d2c18436ae9eab207a5e74c48586eaa21b8ca', 56594), ('weights', '5ad2ce631977b194509ec7607222627198c71abb5ccfdd93a81995b073581ec1', 56594), ('weights', '88011811e845e250406024af0985217e65b4c719f4ca51058ccb7e1569a813e8', 56582), ('weights', '0ef53b711bad7172812fbb6d43bebb874f138f75c9a130f8abc60d7201f0c12c', 56594), ('weights', '7e537855e0758aa65a59784f8c41fc3817f2df103d1ee7246894a4eed0b915d3', 56594), ('feedback', 'c96753c6a11228d764c6f2a28ec4a83faa0ef85532f50be4ff635ea2a984ddaa', 323401), ('feedback', 'ff8b327aa1aaf1959d394df1213b084c0039e60e8eb34fe68121ad8e85420713', 255001), ('feedback', '24adc1e062b59f57063fd3b73ae899e617254171869041f48862ca0ddacb8c38', 237901), ('feedback', '05c6eff48fcd89eeac5d6f4cd6db20456b14ad9433c2f0aa2d5a69c5547fbbde', 237901), ('feedback', 'eff396633a3d2185c54f98d2eecbc17035681e3c43a6d9b89ef411a296a5649a', 239293), ('feedback', '6d2e3949e7a1c903066f8521ce63feb24b640adc271cbc1dbae79c28d1292086', 218683), ('contrib', '426973fdb338ea36ab46c9f074cf88f47e3eac2cf04aa069e33de9c7365bfb85', 75223), ('contrib', '8b03949f481017c78812df8caeb8319083378b9eb6e3174a273e1528a0386225', 58123), ('contrib', 'f66386fd670d1e7758e29e69d526c33c47c0004d2373252551b486e68c97821b', 58123), ('contrib', '6b4c1f4fa89110ce51ae278eec8d9c3ea2f04f89ab7f3c5aefa492fa4ac0cb8c', 58123), ('contrib', '2100e9930612ed55525e30e4f88afd5024e59d06d080ff24d96ea13b086e8465', 58123), ('close', '2bce777865fc1242c516e8c871175105fe929d343d273f5773fd04dec31b68c6', 643640)]"
6,01:08:27.405,0.9011,101.49688066914678,"[1419017512330485246, 1419073420054611640, 1418759570473565447, 1419146699865104668, 924002797276232982, 0]","[89, 89, 89, 87, 89, 88]","[11, 12, 12, 14, 12, 12]","[('0xA41dE09A63f6Cedd633f99052b44450d3BB91D44', 3717997716914373793, 77618948011764796, 1419017512330485246), ('0x17725D495A0843Ea05541fD61ba5D4082750bC08', 3717965860110915708, 77642998932433105, 1419073420054611640), ('0x37AC7AC5D09bbC6dAC1CF036b7F9DdD0EA4E052E', 3718213905549932076, 77577194790403280, 1418759570473565447), ('0x536fc4cd48ad9B3649e8aB615592E83Ec9F5fcd1', 3717863935859677056, 77614354491687481, 1419146699865104668), ('0xA2F37A08a8488CB8551a0D03f7A73f4156757de7', 5059396281233094243, 95693929038095432, 924002797276232982)]",400000000000000000,"[(6, 306147425264384096)]","[191110268235206604, 191169485449790954, 191007465124130249, 191098958253860473, 235613763332366943]","[[0.0, 1.0, 1.0, 1.0, -1.0, 1.0], [1.0, 0.0, 1.0, 1.0, -1.0, 1.0], [1.0, 1.0, 0.0, 1.0, -1.0, 1.0], [1.0, 1.0, 1.0, 0.0, -1.0, 1.0], [-1.0, -1.0, -1.0, -1.0, 0.0, -1.0], [0.0, 0.0, 0.0, 0.0, 0.0, 0.0]]",[5],"['$user$0, 0.892, good, good, None, 0xA41dE09A63f6Cedd633f99052b44450d3BB91D44', '$user$1, 0.863, good, good, None, 0x17725D495A0843Ea05541fD61ba5D4082750bC08', '$user$2, 0.895, good, good, None, 0x37AC7AC5D09bbC6dAC1CF036b7F9DdD0EA4E052E', '$user$3, 0.882, good, good, None, 0x536fc4cd48ad9B3649e8aB615592E83Ec9F5fcd1', '$user$5, 0.696, freerider, freerider, 3, 0xA2F37A08a8488CB8551a0D03f7A73f4156757de7']","[('close', '2bce777865fc1242c516e8c871175105fe929d343d273f5773fd04dec31b68c6', 643640), ('slot', 'bb74d09104dba68af80c709fde024944177756d8bb5478f6041de34e2a2648c7', 50802), ('slot', 'dbb95e97e6bcb2b0a30702fee146ba63502359cd4f7d8ff65122ca5818ee2640', 50814), ('slot', '1525f83c863655883a871e1df7209acbe24f1e682ef14a0918172cf623ec4925', 50814), ('slot', '8246a88e9c4734e8dd28cf80a9d0f0595430fbefe65241c441be68ef17bb3684', 50814), ('slot', '4639be05738f61c91789c1ca5d59aecb95627bf86889d8506ef9e17b583f16a5', 50814), ('slot', '94bf6076b413b52f9d91090021c92695f1b1252010b5a43b7e3622cc331f0795', 50814), ('weights', 'f55f5e7fdc23b6bbf511d2621fe5b79e52f202dbdb127f7ac2d6dfdac4be69b4', 73694), ('weights', '38c972b52921291e9f98c7c1f6f4206c472db4c7bcac36fbfdde5ac871b49921', 56594), ('weights', 'e9c07ff657e2f9d4bb2072edaae4f691258069c568c5d9e62d26b72218a7aec9', 56594), ('weights', 'c476ea41bdbbe6e52976a4c54769254ba088a16486d3c1bc638b421e458f0cfe', 56582), ('weights', '5b589d8a115233f7f425852a42f811a60b1d06839de80dc0fe9a93d9ccae69cb', 56594), ('weights', 'a7066f4ba703e9d2d5cf8e50a5f253c35ac625404cc26500dbf81086c6cc715c', 56594), ('feedback', 'b2e2bd3f5e996028ab7fc851f1a0f070ba93d4db4131a4b884be742472fecd6d', 323401), ('feedback', '03b8fec25252e48dad6b45fd78266e98dad6d9698e52ecf49a47bda59952034b', 255001), ('feedback', '089a4e718687c27204c586cfd11f380ee9d9a42f0a9f9cdd3d764758bcd49878', 237901), ('feedback', 'a52136b4b5b40cd4b83b836f606515d49803a2bc7b5b69e8aa7910f04ed55235', 237901), ('feedback', '1bb05d22338b45f65f129cbe343acae8a1e8cf11151f693af6ca67ae989375a1', 239293), ('feedback', '2861a7dd469642ed673ee3d60bf94488cd078557902510abd065a66ca42ae625', 218683), ('contrib', 'dcd13550d160b649dc9e966bc80ffa6353c62fd31eb97693edf33ddd0684540b', 75223), ('contrib', 'c4fdbd23f947ab42ca21ea45d9a811a19391591a21f3d597bde2a4e4b7efcb9e', 58123), ('contrib', '24408f95a7d3a44781fb81a2e8a40f47401a39bfa0e34f2258be761f93e3a3a3', 58123), ('contrib', 'd24e6961e6419ce94c264eef1f50fee6f2f4efd5f9e098ff7b72dad2c2706ffb', 58123), ('contrib', '82d099130a09f8e958993a6e6921256a52d98527e4a31569072336a7d5116386', 58123), ('close', '432cb6d8d0790d3507e7fd816f2168628f477e9e428b448de5ac522c8ab4254f', 606020)]"
7,01:08:51.340,0.9104,90.24619778990746,"[1438176670823790735, 1438237396093187526, 1437910734494128691, 1438299580499386284, 947375618089506745, 0]","[90, 90, 91, 88, 0, 90]","[10, 10, 11, 12, 0, 11]","[('0xA41dE09A63f6Cedd633f99052b44450d3BB91D44', 4256979690393281755, 19159158493305489, 1438176670823790735), ('0x17725D495A0843Ea05541fD61ba5D4082750bC08', 4256923782669155361, 19163976038575886, 1438237396093187526), ('0x37AC7AC5D09bbC6dAC1CF036b7F9DdD0EA4E052E', 4257237632250201554, 19151164020563244, 1437910734494128691), ('0x536fc4cd48ad9B3649e8aB615592E83Ec9F5fcd1', 4256850502858662333, 19152880634281616, 1438299580499386284), ('0xA2F37A08a8488CB8551a0D03f7A73f4156757de7', 5675997202723767001, 23372820813273763, 947375618089506745)]",300000000000000000,[],"[191591590642929077, 191639766097068786, 191511645913124084, 191528812050819396, 233728215098381042]","[[0.0, 1.0, 1.0, 1.0, 0.0, 1.0], [1.0, 0.0, 1.0, 1.0, 0.0, 1.0], [1.0, 1.0, 0.0, 1.0, 0.0, 1.0], [1.0, 1.0, 1.0, 0.0, 0.0, 1.0], [0.0, 0.0, 0.0, 0.0, 0.0, 0.0], [0.0, 0.0, 0.0, 0.0, 0.0, 0.0]]",[],"['$user$0, 0.902, good, good, None, 0xA41dE09A63f6Cedd633f99052b44450d3BB91D44', '$user$1, 0.882, good, good, None, 0x17725D495A0843Ea05541fD61ba5D4082750bC08', '$user$2, 0.906, good, good, None, 0x37AC7AC5D09bbC6dAC1CF036b7F9DdD0EA4E052E', '$user$3, 0.897, good, good, None, 0x536fc4cd48ad9B3649e8aB615592E83Ec9F5fcd1', '$user$5, 0.696, freerider, freerider, 3, 0xA2F37A08a8488CB8551a0D03f7A73f4156757de7']","[('close', '432cb6d8d0790d3507e7fd816f2168628f477e9e428b448de5ac522c8ab4254f', 606020), ('slot', 'a296dbd67ee26b57dee2fac41521214511cb921131cde138ccdc547a7edf41dc', 50814), ('slot', '578eabb4e73f25e795888282cb08c5f57ff3043f7dccc460bbc1acd28cf10b61', 50814), ('slot', '94c87ca94845a21f9e9f3513b866e38e93f6742547b3aa5aaf2d980d8fc84fef', 50814), ('slot', '9beec81ea754e23c13be1668ec5b7199eb808a223f1adfd35cdb4f0387089a0b', 50814), ('slot', 'e953072ca63dd069381b3c402264b2ee41d9407cf0cf13e228e99eb12afc0749', 50802), ('weights', '3eabe579d7589f33673a35637a924a6e9e4bd87265afeddc1aa37134bc6b034f', 73694), ('weights', 'b4196135bd1b8f5825f50e1f6c3692000dab3e026c4ca11dabd049afff87ae87', 56594), ('weights', '3fb13bf74705bc638c3fa29a87a2c0b6b8ec32fb02ad9467d20f7d4bab895e42', 56594), ('weights', '90594a9ad71a8ad2e30e1b14d7b311154d820b863dd8a348a15439fdc8ec4be4', 56594), ('weights', '2cd0f49f0a5f8a7932b6836361529b4300581cc04289830ba7beddb6924f07ec', 56594), ('feedback', '7977aa22de73f0d675db1b0012485173e4a0915deaa1f5f680e2c950ce69f1c3', 270174), ('feedback', '673827521b355586a0fd8918b72ca7b752d4953a9f67c2a29e76df0797fe202f', 218874), ('feedback', 'cda9b656f0c73edd7d125ab9a3a3579df22592b40bc50adcb4ff877a68428530', 201774), ('feedback', '385047287ee54072242c5b2c8b650874d958f2ae3b4ea59132af0c6e816716e2', 201774), ('feedback', '4f137bd7c27b0e9c4a444fc616873fb7549b893693ad7f192904cb883daf33a8', 186678), ('contrib', '076638c2143abf01519064627387efa7c221c76c61ba480e82855b5282faa057', 75223), ('contrib', '5250044244fa538f53b9b302684a2a99af7ec96cb8ee3ca518a196d52a76eea8', 58123), ('contrib', 'd28b4dbd11f4ac12b8b6a196ebb1b95e6c8e9d0ce1d041756736837d058f0055', 58111), ('contrib', '8627c9e581ba34c2fffa0ff32e4de01c1c1b12c5856608f3016cc2f048a00066', 58123), ('contrib', 'd716840ee7d1b1486b74484e857ef0ac736e8a7788e3402a0456cd013666771c', 58123), ('close', '64bb068787d0cfa6625b933e142ac4b981afdd20d37885a4768b2f6cdce83786', 513374)]"
8,01:09:16.011,0.9199,79.81881960108876,"[1457387304745572422, 1457444580396101434, 1457104543514555694, 1457504367205428375, 970559204138342053, 0]","[91, 91, 92, 89, 0, 90]","[9, 9, 9, 11, 0, 10]","[('0xA41dE09A63f6Cedd633f99052b44450d3BB91D44', 4314447711086702501, 19210633921781687, 1457387304745572422), ('0x17725D495A0843Ea05541fD61ba5D4082750bC08', 4314386985817305710, 19207184302913908, 1457444580396101434), ('0x37AC7AC5D09bbC6dAC1CF036b7F9DdD0EA4E052E', 4314713647416364545, 19193809020427003, 1457104543514555694), ('0x536fc4cd48ad9B3649e8aB615592E83Ec9F5fcd1', 4314324801411106952, 19204786706042091, 1457504367205428375), ('0xA2F37A08a8488CB8551a0D03f7A73f4156757de7', 5752624381910493236, 23183586048835308, 970559204138342053)]",200000000000000000,[],"[192106336355209350, 192071840167045593, 191938087344169616, 192047864198684692, 231835857033729553]","[[0.0, 1.0, 1.0, 1.0, 0.0, 1.0], [1.0, 0.0, 1.0, 1.0, 0.0, 1.0], [1.0, 1.0, 0.0, 1.0, 0.0, 1.0], [1.0, 1.0, 1.0, 0.0, 0.0, 1.0], [0.0, 0.0, 0.0, 0.0, 0.0, 0.0], [0.0, 0.0, 0.0, 0.0, 0.0, 0.0]]",[],"['$user$0, 0.907, good, good, None, 0xA41dE09A63f6Cedd633f99052b44450d3BB91D44', '$user$1, 0.908, good, good, None, 0x17725D495A0843Ea05541fD61ba5D4082750bC08', '$user$2, 0.915, good, good, None, 0x37AC7AC5D09bbC6dAC1CF036b7F9DdD0EA4E052E', '$user$3, 0.903, good, good, None, 0x536fc4cd48ad9B3649e8aB615592E83Ec9F5fcd1', '$user$5, 0.696, freerider, freerider, 3, 0xA2F37A08a8488CB8551a0D03f7A73f4156757de7']","[('close', '64bb068787d0cfa6625b933e142ac4b981afdd20d37885a4768b2f6cdce83786', 513374), ('slot', '091732dadc8836bc457f4700b649c1849e99dd8490ec9e21db5dcc191eec2cc6', 50814), ('slot', 'ee79e13cbb2c3f7d365f098c3c11f3c28ff238aff868d54d2e8a38effda8b787', 50814), ('slot', '771bf7c570c0336c40c8b9b7cede012c6f57e1947ab966c6a2b90251da68b627', 50814), ('slot', '60ec4e7efd52afbe074a46c54b49286156bf27248b69c32db199688e766925b2', 50802), ('slot', '6d89429095445ac0a46873e16511a5b54210d24e9351510b535ab36f214efcd2', 50814), ('weights', '141025da2cd50d973d32ca623dbf45a547fe712f7d71cc7af473148bffefdf7d', 73694), ('weights', 'b584b9935334356631d2303daf82e79ab839db15ed6662b6c470445378f60d07', 56594), ('weights', '40a9d6c285c1cd3fbf39b31a1e74b7f75ff232263aa806e680cc8bbba4f7c9e1', 56582), ('weights', 'e7d108d27185e0ac48f6f3a9f78d833ba8c8c858a5724ceb078cfa2e8f9887f4', 56594), ('weights', 'ef9ad7ae4abdb5965ec56d3359d95d2aa7d263ce91a82338cd753c5237497568', 56594), ('feedback', '0830193f76e02777c8729641cf2d04a48b3428db2b64aaa3f820b87a1afdaef3', 270174), ('feedback', '374774d45fe63ec9869673dff02b605056aef5c6f1a58b6d6b34e0c7c9aaf847', 218874), ('feedback', '1ef488457e8481b563469a1b491b3249df03348685fbac4678ca68606bfcf3c4', 201774), ('feedback', '018f4890b7d7069a028928d1f57c3009cffc667a62d426d7b98e307efb6fc602', 201774), ('feedback', 'a096ba083ddac4b04b37015d9003917b5d9337d5000bf46cc83425e79fb78b9b', 186678), ('contrib', '267cd0523d8ca1db9bc37bc7028693b9ec44426f0ac028702dbb8a757397ada8', 75223), ('contrib', '860283bf887e2675b16a96adda654fca683e277328b04a1055e4d708602f9776', 58123), ('contrib', 'da18a274003bc76da3078ab19f9900315d2c0ae34037fb350d6ca6256804415c', 58123), ('contrib', '63ec844034c6ebad1e1807bce64300e68f4240bcaab616ef83da8eebc129b51d', 58123), ('contrib', '67e7858009967ec73410bb5b5a1cdb7ba5dccbae659b678dd521e38e57ca1fd8', 58123), ('close', '56535cd399c653c072b955ff3d1efb630e602d6d2df4be3b62a64036c7235855', 513374)]"
9,01:09:39.798,0.927,72.13454747200012,"[1476632072757809494, 1476697156616920433, 1476336958463978991, 1476743627748406133, 993590184412884925, 0]","[92, 92, 93, 90, 0, 91]","[8, 8, 8, 10, 0, 9]","[('0xA41dE09A63f6Cedd633f99052b44450d3BB91D44', 4372053491116085503, 19244768012237072, 1476632072757809494), ('0x17725D495A0843Ea05541fD61ba5D4082750bC08', 4371996215465556491, 19252576220818999, 1476697156616920433), ('0x37AC7AC5D09bbC6dAC1CF036b7F9DdD0EA4E052E', 4372336252347102231, 19232414949423297, 1476336958463978991), ('0x536fc4cd48ad9B3649e8aB615592E83Ec9F5fcd1', 4371936428656229550, 19239260542977758, 1476743627748406133), ('0xA2F37A08a8488CB8551a0D03f7A73f4156757de7', 5829440795861657925, 23030980274542872, 993590184412884925)]",100000000000000000,[],"[192447677254676818, 192525759339332580, 192324146628379821, 192392602562904357, 230309799313545227]","[[0.0, 1.0, 1.0, 1.0, 0.0, 1.0], [1.0, 0.0, 1.0, 1.0, 0.0, 1.0], [1.0, 1.0, 0.0, 1.0, 0.0, 1.0], [1.0, 1.0, 1.0, 0.0, 0.0, 1.0], [0.0, 0.0, 0.0, 0.0, 0.0, 0.0], [0.0, 0.0, 0.0, 0.0, 0.0, 0.0]]",[],"['$user$0, 0.914, good, good, None, 0xA41dE09A63f6Cedd633f99052b44450d3BB91D44', '$user$1, 0.917, good, good, None, 0x17725D495A0843Ea05541fD61ba5D4082750bC08', '$user$2, 0.922, good, good, None, 0x37AC7AC5D09bbC6dAC1CF036b7F9DdD0EA4E052E', '$user$3, 0.908, good, good, None, 0x536fc4cd48ad9B3649e8aB615592E83Ec9F5fcd1', '$user$5, 0.696, freerider, freerider, 3, 0xA2F37A08a8488CB8551a0D03f7A73f4156757de7']","[('close', '56535cd399c653c072b955ff3d1efb630e602d6d2df4be3b62a64036c7235855', 513374), ('slot', '6bf53ccc3213c9bacfb37714a30d1f525461386198478dd3bfcde38e5efba65b', 50814), ('slot', '5297571ab724d132b37de7088cbbacf4a38200fca5ced4b22e961ee95bd51224', 50814), ('slot', '62cf9fa52f58af42aacd5f2987a06ed712eda5beb6851e746707e7671ed62062', 50814), ('slot', '85965f7f33a6bbed470e51046cdacf477bd77492c9dc2ef18a5308426523d941', 50802), ('slot', 'e5b8e07877caa0927b96c64cab2e8ce7625c86bdc74bc5632f795aa33bf253f0', 50814), ('weights', '8e1a3901a7881be1eb15c08c6277ce63ad73302860e48ba6dbde64bc124e2f0b', 73694), ('weights', '3a0dee938c236b9034b4c2a294a8eb48ca651ccdaeb5778d0e96b7c40299e768', 56594), ('weights', 'cccc8de9efcb5a1d3aadb750bc37a10a383941b5c04bfaf59b4bb931e37d7d29', 56594), ('weights', 'd50ce0e6faf906e62d7ad344cd070357c21b3c3d2d1bb77f93fd120df4490eac', 56594), ('weights', 'eca2a44040b898088d5fec4729c2773ed6f3592a86fc7e1a214cb87a4c59f9e5', 56594), ('feedback', '57333b84e5774e10d77441ede60e1ed92536e2fcc83de77d6d165dcdc8040e3d', 270174), ('feedback', '779d95ed4908eb8687e3f22d772a80de749f3e2160800a3de76177893e570a07', 218874), ('feedback', '04520918793f5d5905ef0ba760de1e93edd68ffabc01d660f88af50dc02de6c8', 201774), ('feedback', '1188f3471f4e191b2c6467e0871b92f9e77f51e0ebee5e059c8eade1ea208952', 201774), ('feedback', '9d51e31923c3007199ea286c3db0260da926529132678820e8ea25543ccefe0e', 186678), ('contrib', '82fb06aa03d15a3ad145287366da0604503d08b24337e74ae7703ce71503fb00', 75223), ('contrib', 'bdff96a9259133d03975df54e39abaf7521ca6b8ea2929a37b7e1895abf670e1', 58123), ('contrib', '56a4a087ce9efbc46950ee534d779839e7f4e8358a21a7880ad471c9e206473b', 58123), ('contrib', '068e521dc2bcbb3da9b7f99500a6eb0653453b669b8ebd445d44b28f54634493', 58123), ('contrib', 'e9d1c88769c6e509a537ca9551365329ea779ac8093e385047c65bc11a4da542', 58123), ('close', '43694c0cdfa908ffcbbd7d686cc406d5cf94ccda21189aea035339ffc657242e', 513374)]"
10,01:10:03.736,0.9338,65.50803662464023,"[1495900940131275985, 1495976079293960533, 1495598320122552141, 1496016798577225407, 1016507861874985907, 0]","[92, 93, 94, 91, 0, 92]","[7, 7, 8, 9, 0, 8]","[('0xA41dE09A63f6Cedd633f99052b44450d3BB91D44', 4429777742829305557, 19268867373466491, 1495900940131275985), ('0x17725D495A0843Ea05541fD61ba5D4082750bC08', 4429712658970194618, 19278922677040100, 1495976079293960533), ('0x37AC7AC5D09bbC6dAC1CF036b7F9DdD0EA4E052E', 4430072857123136060, 19261361658573150, 1495598320122552141), ('0x536fc4cd48ad9B3649e8aB615592E83Ec9F5fcd1', 4429666187838708918, 19273170828819274, 1496016798577225407), ('0xA2F37A08a8488CB8551a0D03f7A73f4156757de7', 5906409815587115051, 22917677462100982, 1016507861874985907)]",0,[],"[192688673734664916, 192789226770401000, 192613616585731506, 192731708288192749, 229176774621009826]","[[0.0, 1.0, 1.0, 1.0, 0.0, 1.0], [1.0, 0.0, 1.0, 1.0, 0.0, 1.0], [1.0, 1.0, 0.0, 1.0, 0.0, 1.0], [1.0, 1.0, 1.0, 0.0, 0.0, 1.0], [0.0, 0.0, 0.0, 0.0, 0.0, 0.0], [0.0, 0.0, 0.0, 0.0, 0.0, 0.0]]",[],"['$user$0, 0.921, good, good, None, 0xA41dE09A63f6Cedd633f99052b44450d3BB91D44', '$user$1, 0.936, good, good, None, 0x17725D495A0843Ea05541fD61ba5D4082750bC08', '$user$2, 0.931, good, good, None, 0x37AC7AC5D09bbC6dAC1CF036b7F9DdD0EA4E052E', '$user$3, 0.908, good, good, None, 0x536fc4cd48ad9B3649e8aB615592E83Ec9F5fcd1', '$user$5, 0.696, freerider, freerider, 3, 0xA2F37A08a8488CB8551a0D03f7A73f4156757de7']","[('close', '43694c0cdfa908ffcbbd7d686cc406d5cf94ccda21189aea035339ffc657242e', 513374), ('slot', 'b8d12433e85facafdc7ce5fade511b807e441f0ad49bf4c020e27d73d731eac9', 50814), ('slot', 'd74bcd13a486ac458e1d3c11fc1b7f4f4dbd27eef0ac5e37d83994e461897c76', 50790), ('slot', 'ebc294223cffde941ae3a925fecad60ce788e2f62b1f8a3ab72216e2e487af5f', 50814), ('slot', '0fa25db8ed3147bbfe512976c4f9cd82479dca3c375ea85251d9314857136cfa', 50802), ('slot', '1924ea6fb6663bc44118c746f7970e0ef1e1032d43f3ea7ed719118a4c567022', 50814), ('weights', '65ddd48f79360590a4e2afdd90e91576420939cca88f7080ade8abe709b63d2a', 73694), ('weights', 'b2b8e5d960d9e49dc8df9d525b411b2d34586a0244a4d5af4c5e077bd9ed21bf', 56594), ('weights', 'c7992486a5c33108c301e8b7fb16eeb7feea4e98372ed4b6811149723ec19c05', 56594), ('weights', 'd2cdf54a48eb7551706a41437493e0c43bc43ee4e35fb12e42cf87decd488822', 56594), ('weights', '96a146257aa5c639de0893b6299f10bd7b797d29609a3e5a8d76a5245d1ba8eb', 56594), ('feedback', '57b8f81bb02b435425896276a08d46a7b25fea9b6cd768fc752d3c12f4a8b178', 270174), ('feedback', '657d9ab915ff4bbcb9ca34d6a796b295e9772069b08dac1104041202a1f99a52', 218874), ('feedback', 'f02451e2bc60dc1550cb22956f3114583d47331ca23588eec81c66eb89f5eb5d', 201774), ('feedback', '77fcf68c958f3ead9aed00217aaf9d84d6270c7a7c5905d0c7516335bbecec53', 201774), ('feedback', '526afb2e604fb99cbf11a0e36661dcb7232548c0a1fe325648a1dd6f089eedd2', 186678), ('contrib', '424049a4a30a1d5e5ee3842e4d21337738f024fdd26e90cad939b09c3691e218', 75223), ('contrib', 'a54a55914b046f8ebd60928e6a62f97d45b0c1dc4a79ae3b275ffabab22dce32', 58123), ('contrib', '577f793755623f087b6e2f0f0c045690f11ac801107c70d5d78b980f4505b2f3', 58123), ('contrib', '3d60deed31b0cc0140f1791d4e7a0a33314a873167017b908a1b1a859ee2314a', 58123), ('contrib', 'a191591a8342a251b701e454cc79c9a426d207ee812cc1971613c537ab53177c', 58123), ('close', '68d429bebd63a8b80a30b2dfa6b25f4fe4da4b514ecb4f143129ebf843039f68', 513374)]"
# $gasCosts$[321453, 366453, 266031, 371253, 337053, 266031, 75223, 58123, 58123, 58123, 58123, 58123, 341979, 271753, 273579, 237553, 237553, 273579, 75223, 58123, 58123, 58123, 58123, 58123, 300527, 247227, 232127, 230127, 246393, 210683, 75223, 58123, 58123, 58123, 343301, 274901, 257801, 257801, 239293, 218683, 75211, 58123, 58123, 58123, 58123, 323401, 255001, 237901, 237901, 239293, 218683, 75223, 58123, 58123, 58123, 58123, 323401, 255001, 237901, 237901, 239293, 218683, 75223, 58123, 58123, 58123, 58123, 270174, 218874, 201774, 201774, 186678, 75223, 58123, 58111, 58123, 58123, 270174, 218874, 201774, 201774, 186678, 75223, 58123, 58123, 58123, 58123, 270174, 218874, 201774, 201774, 186678, 75223, 58123, 58123, 58123, 58123, 270174, 218874, 201774, 201774, 186678, 75223, 58123, 58123, 58123, 58123],[126674, 126674, 126674, 126674, 126674],[50814, 50814, 50814, 50814, 50814, 50814, 50814, 50814, 50814, 50814, 50814, 50814, 50814, 50802, 50814, 50814, 50814, 50814, 50814, 50802, 50814, 50802, 50814, 50814, 50814, 50814, 50814, 50814, 50814, 50814, 50802, 50814, 50814, 50814, 50814, 50814, 50814, 50814, 50814, 50814, 50802, 50814, 50814, 50814, 50802, 50814, 50814, 50814, 50814, 50802, 50814, 50814, 50790, 50814, 50802, 50814],[73694, 56594, 56582, 56594, 56594, 56594, 73694, 56594, 56594, 56594, 56594, 56582, 73682, 56594, 56594, 56594, 56594, 56594, 73694, 56594, 56594, 56594, 56594, 56594, 73694, 56594, 56594, 56582, 56594, 56594, 73694, 56594, 56594, 56582, 56594, 56594, 73694, 56594, 56594, 56594, 56594, 73694, 56594, 56582, 56594, 56594, 73694, 56594, 56594, 56594, 56594, 73694, 56594, 56594, 56594, 56594],[641581, 611186, 658515, 643640, 643640, 606020, 513374, 513374, 513374, 513374],[],[]
# TOTAL EXPERIMENT TIME: 265.28 seconds
