# Author Nykjaer
# ------Specs--------# cpu_name:  (processor model)
# cpu_cores: 6 (physical cores)
# ram_gb: 13.5 (system memory in GB)
# gpu_name: NVIDIA GeForce RTX 3060 Laptop GPU (graphics processor)
# os_name: Linux (operating system)
# ------Config--------# good_contributors: 4 (honest participants)
# bad_contributors: 1 (malicious participants)
# freeriders: 1 (contribute 0)
# inactive: 0 (never join)
# reward: 1000000000000000000 (total reward pool)
# minimum_rounds: 10 (rounds to simulate)
# min_buy_in: 1000000000000000000 (lower buy-in bound)
# max_buy_in: 1000000000000000000 (upper buy-in bound)
# standard_buy_in: 1000000000000000000 (default buy-in)
# epochs: 1 (local epochs per round)
# batch_size: 32 (training batch size)
# punish_factor: 3 (penalty multiplier)
# first_round_fee: 50 (fee for first round)
# fork: True (True=local fork, False=real net)
# contribution_score_strategy: naive (scoring method)
# use_outlier_detection: False (Whether to use outlier detection)
# freerider_start_round: 5 (When freeriders should start freeriding)
# freerider_noise_scale: 0.5 (How much noise a freeder should add)
round,time,globalAcc,globalLoss,GRS,accAvgPerUser,lossAvgPerUser,rewards,conctractBalanceRewards,punishments,contributionScores,feedbackMatrix,disqualifiedUsers,userStatuses,GasTransactions
# $startingUserConfig$['$user$0, 0, good, good, None, 0xA41dE09A63f6Cedd633f99052b44450d3BB91D44', '$user$1, 0, good, good, None, 0x17725D495A0843Ea05541fD61ba5D4082750bC08', '$user$2, 0, good, good, None, 0x37AC7AC5D09bbC6dAC1CF036b7F9DdD0EA4E052E', '$user$3, 0, good, good, None, 0x536fc4cd48ad9B3649e8aB615592E83Ec9F5fcd1', '$user$4, 0, good, bad, 3, 0x118E560679B62a9F24c135A96d416548782f8cc2', '$user$5, 0, good, freerider, 5, 0xA2F37A08a8488CB8551a0D03f7A73f4156757de7']
0,00:29:04.517,0,720.1608276367188,"[1000000000000000000, 1000000000000000000, 1000000000000000000, 1000000000000000000, 1000000000000000000, 1000000000000000000]",[],[],[],1000000000000000000,[],[],,[],"['$user$0, 0, good, good, None, 0xA41dE09A63f6Cedd633f99052b44450d3BB91D44', '$user$1, 0, good, good, None, 0x17725D495A0843Ea05541fD61ba5D4082750bC08', '$user$2, 0, good, good, None, 0x37AC7AC5D09bbC6dAC1CF036b7F9DdD0EA4E052E', '$user$3, 0, good, good, None, 0x536fc4cd48ad9B3649e8aB615592E83Ec9F5fcd1', '$user$4, 0, good, bad, 3, 0x118E560679B62a9F24c135A96d416548782f8cc2', '$user$5, 0, good, freerider, 5, 0xA2F37A08a8488CB8551a0D03f7A73f4156757de7']","[('register', 'a8314eb2783cfc8a33547a898a1962b92c30b7220fb2624906d091269fe2c7d1', 126674), ('register', 'eec133e5a492d6d6b26ad9f9969cdb0640534ae1c629c0c058c2eba96174196e', 126674), ('register', 'b98e0afc0ee9206d4552527203efc5ceb2a43b26693a8a34e1c1c9741ad854db', 126674), ('register', '088e03efbc924388071685614f8c0b3858c7d441a9aad9537dad10bd4203c3a4', 126674), ('register', '8c212a3b37d2e4e51f21ab36e404b50269b0992f57254f04c5474cffe0ae27ec', 126674)]"
1,00:29:41.296,0.1782,714.740966796875,"[1016666666666666666, 1016666666666666666, 1016666666666666666, 1016666666666666666, 1016666666666666666, 1016666666666666666]","[9, 9, 8, 7, 8, 8]","[74, 74, 74, 74, 74, 74]","[('0xA41dE09A63f6Cedd633f99052b44450d3BB91D44', 5000000000000000000, 16666666666666666, 1016666666666666666), ('0x17725D495A0843Ea05541fD61ba5D4082750bC08', 5000000000000000000, 16666666666666666, 1016666666666666666), ('0x37AC7AC5D09bbC6dAC1CF036b7F9DdD0EA4E052E', 5000000000000000000, 16666666666666666, 1016666666666666666), ('0x536fc4cd48ad9B3649e8aB615592E83Ec9F5fcd1', 5000000000000000000, 16666666666666666, 1016666666666666666), ('0x118E560679B62a9F24c135A96d416548782f8cc2', 5000000000000000000, 16666666666666666, 1016666666666666666), ('0xA2F37A08a8488CB8551a0D03f7A73f4156757de7', 5000000000000000000, 16666666666666666, 1016666666666666666)]",900000000000000000,[],"[166666666666666666, 166666666666666666, 166666666666666666, 166666666666666666, 166666666666666666, 166666666666666666]","[[0.0, 1.0, 1.0, 1.0, 1.0, 1.0], [1.0, 0.0, 1.0, 1.0, 1.0, 1.0], [1.0, 1.0, 0.0, 1.0, 1.0, 1.0], [1.0, 1.0, 1.0, 0.0, 1.0, 1.0], [1.0, 1.0, 1.0, 1.0, 0.0, 1.0], [1.0, 1.0, 1.0, 1.0, 1.0, 0.0]]",[],"['$user$0, 0.753, good, good, None, 0xA41dE09A63f6Cedd633f99052b44450d3BB91D44', '$user$1, 0.697, good, good, None, 0x17725D495A0843Ea05541fD61ba5D4082750bC08', '$user$2, 0.745, good, good, None, 0x37AC7AC5D09bbC6dAC1CF036b7F9DdD0EA4E052E', '$user$3, 0.676, good, good, None, 0x536fc4cd48ad9B3649e8aB615592E83Ec9F5fcd1', '$user$4, 0.725, good, bad, 3, 0x118E560679B62a9F24c135A96d416548782f8cc2', '$user$5, 0.775, good, freerider, 5, 0xA2F37A08a8488CB8551a0D03f7A73f4156757de7']","[('slot', 'd2967f2277d344ca3d451f1c3a28cbd89f729c1c5137649708b792b7fa86fb3c', 50814), ('slot', 'c548eb4e1690977e3f8cbafe785ac8c36228895361fbbf0c8224cc3e41d596ec', 50814), ('slot', 'ab48a225e3b85ab049f1eb8dc424ab4d6748cca67a4cc538efa1f4ab72fb7cbd', 50814), ('slot', 'c0f6586bb63aff0244228846b9775447efbc683ef7332b153a776f32eb92d8f4', 50802), ('slot', 'a9074e1becb32342ba22321130f48f2e201750bfc439d1acf86818770e9ef435', 50814), ('slot', 'a2a7d0abef7da65bc418440859084b89fd33181d7f5748b4d48e07eb8d401e72', 50814), ('weights', '76f129ea0c5fca39bc5712675369349ee342aaae30fd890aabb466c3c9f65cae', 73682), ('weights', 'df7c504c016667b2e5390bf70289e662d460e4b00791f387c671fc9e8b59cdd6', 56594), ('weights', '2da0a3fc23876b2a58fd2c33266e4ba1fbd5b2f318f7536d9246f360a399738c', 56594), ('weights', '6a5f97ba26acb92c96cf8e5d699292f8e1068c7eabd23d5bf84502622c5ff978', 56594), ('weights', '9006f94aa9fa3c7eb28b8a2e81cb47437ae65cf89291026dec10be26647a8c52', 56594), ('weights', '466b66b915688f61ceaca028c1ed18c3b202b4971b1ddc05603f7d1fd9eb5724', 56594), ('feedback', '775d1508c4825a7cd41676ef4c05ffb89feb60bb15f572318ccdd35877e3ce4c', 422553), ('feedback', '87ce1ccbbcaa5816829d04def058e1a48d477fc43825c1103c102d59e03d7a09', 354153), ('feedback', 'cf909c2df7c6a3e386268e681877e6f199486da615d7a17bb443f58b5bc831d2', 337053), ('feedback', 'eac594aa02cfe8ff24208b3c641548543eb0283a2b7390c2a7848846df5e5444', 337053), ('feedback', 'cab31815a793f750d7af5773072470bdf902135562041840b3b77b89c2665185', 337053), ('feedback', 'b59f945f425e4e3e611093522d5a82414752885ddf6996b5e1d69d771a57f851', 337053), ('contrib', '1572135fc567f86003164618e2d034b9ecf02c1b1200af024c7c63f3018f742f', 75223), ('contrib', '7ccd6a5e4d5a170f515bd045d5205d1d90f6133355c3491ab8925c8d934976d0', 58123), ('contrib', 'c1b2727cda9e051fad9de4f709058501aadc38fe921f7900ab7c8e99af3d5c71', 58123), ('contrib', '4069c3da48f6fea9764d66d3f11f94ee1ea1886f8ab9242e9a37bb1633adf432', 58123), ('contrib', '3228a1adc910b104685dd4ff4fc4cdffbf6d7583085297837e6559d0c2788145', 58123), ('contrib', '718bf7390257278d60fa63487f56deb3a9dd422d50c8abd5b8727d600fe37803', 58123), ('close', '7cc17de1c3a102c712fe783ffe91dac8fb1a7cb278d0d97c76131d3f74f640ac', 641581)]"
2,00:30:12.339,0.6578,522.1777954101562,"[1033333333333333332, 1033333333333333332, 1033333333333333332, 1033333333333333332, 1033333333333333332, 1033333333333333332]","[16, 14, 18, 18, 16, 19]","[73, 73, 73, 73, 73, 73]","[('0xA41dE09A63f6Cedd633f99052b44450d3BB91D44', 5083333333333333330, 16666666666666666, 1033333333333333332), ('0x17725D495A0843Ea05541fD61ba5D4082750bC08', 5083333333333333330, 16666666666666666, 1033333333333333332), ('0x37AC7AC5D09bbC6dAC1CF036b7F9DdD0EA4E052E', 5083333333333333330, 16666666666666666, 1033333333333333332), ('0x536fc4cd48ad9B3649e8aB615592E83Ec9F5fcd1', 4066666666666666664, 16666666666666666, 1033333333333333332), ('0x118E560679B62a9F24c135A96d416548782f8cc2', 2033333333333333332, 16666666666666666, 1033333333333333332), ('0xA2F37A08a8488CB8551a0D03f7A73f4156757de7', 5083333333333333330, 16666666666666666, 1033333333333333332)]",800000000000000000,[],"[166666666666666666, 166666666666666666, 166666666666666666, 166666666666666666, 166666666666666666, 166666666666666666]","[[0.0, 1.0, 1.0, 1.0, 0.0, 1.0], [1.0, 0.0, 1.0, 1.0, 1.0, 1.0], [1.0, 1.0, 0.0, 0.0, 0.0, 1.0], [1.0, 1.0, 1.0, 0.0, 1.0, 1.0], [1.0, 1.0, 1.0, 1.0, 0.0, 1.0], [1.0, 1.0, 1.0, 1.0, 0.0, 0.0]]",[],"['$user$0, 0.634, good, good, None, 0xA41dE09A63f6Cedd633f99052b44450d3BB91D44', '$user$1, 0.577, good, good, None, 0x17725D495A0843Ea05541fD61ba5D4082750bC08', '$user$2, 0.666, good, good, None, 0x37AC7AC5D09bbC6dAC1CF036b7F9DdD0EA4E052E', '$user$3, 0.586, good, good, None, 0x536fc4cd48ad9B3649e8aB615592E83Ec9F5fcd1', '$user$4, 0.576, good, bad, 3, 0x118E560679B62a9F24c135A96d416548782f8cc2', '$user$5, 0.696, good, freerider, 5, 0xA2F37A08a8488CB8551a0D03f7A73f4156757de7']","[('close', '7cc17de1c3a102c712fe783ffe91dac8fb1a7cb278d0d97c76131d3f74f640ac', 641581), ('slot', '5085aa670daa62072cbc0f95cc9228df8c2d36dde0949fd8c46782bcf3e27e75', 50814), ('slot', 'ee39704684b4d240aa26d7fee776c986fb42b78a7f61a941e5c7526f36b1ff55', 50814), ('slot', 'a47f22ed4a6646f5708c6ddf3c6d0ad4ae5847a0f1fc11d213878afbe29d2223', 50814), ('slot', 'd8e20a608e968a43936eea2cb4a8cf4a76a57eb31da945a6762aea59922e7e20', 50814), ('slot', '8f637f2ffc1af507b9fac279a249cafa1bc1e8b0041dcebe3c9d397a64c78756', 50814), ('slot', '921be9eb65b055d3009844baf9ee980f72ca5aebaf217705b29944980e3d1625', 50814), ('weights', 'cf1b95d59756ff1cfc7fcd7e606083e589b6f634a9b5e7f9c6b1c3da2ec3c900', 73670), ('weights', 'f800b08c635f1099c2c51747c32b62482867b951fbb384b94c6ff9c81d63ee86', 56582), ('weights', '185383f5a24a3547221c6166637089b7ed9a8c3e2fdffc5d57d8f5227e0338e2', 56582), ('weights', '4d4d8148c6a301881b7b80fe0df69da7eb26fd22b9b85fd544076713f6d106b4', 56594), ('weights', 'f5fa822f522504171a394ed5c1d4aa06cd5bfd43bb3cc1427bdb19ec1fc5d48f', 56594), ('weights', 'a04739c53e974cef291a7e9d4f08eb4b8c39d96556e10563ac9c3aff03b44f6d', 56594), ('feedback', '440ad0fedf84bfb6e4296df7f1083b94095b7f46805580a78bf5de037d771b49', 300179), ('feedback', '19b9128a7fc9c36543f7ed5c54e775df1102f78216c683d5091f44db50e545f5', 271753), ('feedback', 'b59ea914402f49d2a73fcec713d6d7167da389187cace209d335645f1f74b502', 226005), ('feedback', '02a92cf334e4efda9e2683b27d8333618d2d4e72ccdc75080a17c6907e84a80f', 237553), ('feedback', '1abfbde12e5d52d05758024c27fe1c08bd93609158245d344aad727923585b61', 237553), ('feedback', '7b337649c92171ce6cb9cca2f3dc4967b80592e7b6f66be200d1a63c9c204776', 231779), ('contrib', '9e3b92b8136bbcda62ea2a9fcf5c0e4f95293660c3d6bae319d5cd56113fd903', 75223), ('contrib', '4765f92ceeda09084b7ebde9ba53fb28ecc51eb3de9a603ca4d8dddc843808ee', 58123), ('contrib', '11bb1f47e1bed90cf44d4a7000078c0d83e0d23205aef90ed11180d920d2fd42', 58123), ('contrib', '83e52914b9bfb927238b784d1833a5642ef04e02cf167eea0fb102f74cd06982', 58123), ('contrib', 'b49497d6dcf580e5e8e9900ab64952c9676ab0ad0f58f3c15912d5b30f879ea4', 58123), ('contrib', 'b9621867280d44f91e1d2521301caa77a98e75bd9a36a0468f5eff09a997721e', 58123), ('close', '0563bc72b15c36188606348972f7bb5521b977ba9d1e62b355e259e52492a7b4', 611186)]"
3,00:30:41.403,0.8279,182.34458002448082,"[1122222222222222220, 1122222222222222220, 1122222222222222220, 1122222222222222220, 688888888888888888, 1122222222222222220]","[65, 64, 67, 64, 65, 69]","[54, 54, 54, 54, 54, 53]","[('0xA41dE09A63f6Cedd633f99052b44450d3BB91D44', 3099999999999999996, 88888888888888888, 1122222222222222220), ('0x17725D495A0843Ea05541fD61ba5D4082750bC08', 3099999999999999996, 88888888888888888, 1122222222222222220), ('0x37AC7AC5D09bbC6dAC1CF036b7F9DdD0EA4E052E', 3099999999999999996, 88888888888888888, 1122222222222222220), ('0x536fc4cd48ad9B3649e8aB615592E83Ec9F5fcd1', 3099999999999999996, 88888888888888888, 1122222222222222220), ('0xA2F37A08a8488CB8551a0D03f7A73f4156757de7', 3099999999999999996, 88888888888888888, 1122222222222222220)]",700000000000000000,"[(3, 344444444444444444)]","[200000000000000000, 200000000000000000, 200000000000000000, 200000000000000000, 200000000000000000]","[[0.0, 1.0, 1.0, 1.0, -1.0, 1.0], [1.0, 0.0, 1.0, 1.0, -1.0, 1.0], [1.0, 1.0, 0.0, 1.0, -1.0, 1.0], [1.0, 1.0, 1.0, 0.0, -1.0, 1.0], [-1.0, -1.0, -1.0, -1.0, 0.0, -1.0], [1.0, 1.0, 1.0, 1.0, -1.0, 0.0]]",[5],"['$user$0, 0.771, good, good, None, 0xA41dE09A63f6Cedd633f99052b44450d3BB91D44', '$user$1, 0.793, good, good, None, 0x17725D495A0843Ea05541fD61ba5D4082750bC08', '$user$2, 0.806, good, good, None, 0x37AC7AC5D09bbC6dAC1CF036b7F9DdD0EA4E052E', '$user$3, 0.798, good, good, None, 0x536fc4cd48ad9B3649e8aB615592E83Ec9F5fcd1', '$user$4, 0.576, bad, bad, 3, 0x118E560679B62a9F24c135A96d416548782f8cc2', '$user$5, 0.791, good, freerider, 5, 0xA2F37A08a8488CB8551a0D03f7A73f4156757de7']","[('close', '0563bc72b15c36188606348972f7bb5521b977ba9d1e62b355e259e52492a7b4', 611186), ('slot', '4b36b0f15a28cc45ba4a34599683172f70b63fca7cbde23fa8f17879d463f732', 50814), ('slot', '2861b0352154e075561aa88a513a4157ad6e9dbbfdc55e43564a0e77ab473269', 50814), ('slot', '75b9954d854e3cf91ba34f941bd6d2b286269137fb5b29c72e5af82d33bf82d8', 50814), ('slot', 'eefcec25de14e62adc75ae7181295870516720d96c8f879a073c53fe4b1570f5', 50802), ('slot', 'a99ae09047d55b634dfff41824001cedcf5cb7849047a1b0d57840aa21b619b4', 50814), ('slot', 'db5bd7dd7b59d0a10ca9e36efb43de4258bb636ddaadab85984e778c46bb8d28', 50814), ('weights', 'a23fa55efab0cfd4885b1e65a4575106558b5c32bcecfc5b6a34a74995652ab8', 73682), ('weights', 'fc6790d679b4642463e0e36be748ed0f3930f75510b15fb76b3292593600c04d', 56594), ('weights', 'c4113e3f71115f6718dd5b5721f656498e11f81b80920bd8406d8f25777f54ac', 56594), ('weights', '87e9629735fa2b7f409e85501542285d58edb6f56a9619d3072d58148d0b4572', 56594), ('weights', '6565512a0fe8ab1af5473df04dd406c03022806c9baa93db1999055b2c75dd20', 56594), ('weights', '9bc6b08aa2701ca35ca151864ce465144c13cf75d1e01523708383b0d0521ea1', 56594), ('feedback', '1e5badb614ca96201d348b2ff79582ab73fb3a1a4f40d8335d9a428bcdb52b05', 323401), ('feedback', '6c576baf5e47180fbfb5c879a70f776ddf00654e349141cc824e57ca15670d1d', 253001), ('feedback', '1805280a6673ccd91a9f0bff2d82ff3891047917d731df063c53a6d2ca82537d', 257801), ('feedback', '6c803ffa3d33e3225376042d20986963c929fa4223578839f430127d68652fca', 235901), ('feedback', '4a2b9818efb7137298bc362094a510bf37afc10fc10660ebb73f388c74c8321c', 229293), ('feedback', '235b319e9085119790f25489c384d9215c71032aaee986a16766ea3ff849daa0', 237901), ('contrib', '4134c3723386640cf72d8c60c5362a43e42dd6af4d54b8f3cab464c167ddd799', 75199), ('contrib', '7b7a2080a979c415b1c60911447019c9aee26ee1fd4286bacaf4da08e905c4c4', 58099), ('contrib', '0b2ff277096cf7bab7d49f8928c66211d0264aeaf8db77172c7a2151c97b8585', 58099), ('contrib', '33dd81c93a6fd93c5fe01bc6a9765f6a851c5b16b69196ce659fe2d33087cb56', 58099), ('contrib', '96bbfe53d3dbe6e43b73efe4e57e0cbecec227b72eba7547e637a7940ec4bf8b', 58099), ('close', 'cc1e536e7ffb202dcf927eaa6f5bff88323f5ed7820baaf29b55982ce529b290', 643640)]"
4,00:31:10.269,0.8681,135.00872369855642,"[1188148148148148145, 1188148148148148145, 1188148148148148145, 1188148148148148145, 459259259259259259, 1188148148148148145]","[82, 83, 82, 81, 84, 83]","[18, 18, 19, 20, 18, 18]","[('0xA41dE09A63f6Cedd633f99052b44450d3BB91D44', 3799999999999999992, 65925925925925925, 1188148148148148145), ('0x17725D495A0843Ea05541fD61ba5D4082750bC08', 3799999999999999992, 65925925925925925, 1188148148148148145), ('0x37AC7AC5D09bbC6dAC1CF036b7F9DdD0EA4E052E', 3799999999999999992, 65925925925925925, 1188148148148148145), ('0x536fc4cd48ad9B3649e8aB615592E83Ec9F5fcd1', 3799999999999999992, 65925925925925925, 1188148148148148145), ('0xA2F37A08a8488CB8551a0D03f7A73f4156757de7', 3799999999999999992, 65925925925925925, 1188148148148148145)]",600000000000000000,"[(4, 229629629629629629)]","[200000000000000000, 200000000000000000, 200000000000000000, 200000000000000000, 200000000000000000]","[[0.0, 1.0, 1.0, 1.0, -1.0, 1.0], [1.0, 0.0, 1.0, 1.0, -1.0, 1.0], [1.0, 1.0, 0.0, 1.0, -1.0, 1.0], [1.0, 1.0, 1.0, 0.0, -1.0, 1.0], [-1.0, -1.0, -1.0, -1.0, 0.0, -1.0], [1.0, 1.0, 1.0, 1.0, -1.0, 0.0]]",[5],"['$user$0, 0.839, good, good, None, 0xA41dE09A63f6Cedd633f99052b44450d3BB91D44', '$user$1, 0.838, good, good, None, 0x17725D495A0843Ea05541fD61ba5D4082750bC08', '$user$2, 0.872, good, good, None, 0x37AC7AC5D09bbC6dAC1CF036b7F9DdD0EA4E052E', '$user$3, 0.86, good, good, None, 0x536fc4cd48ad9B3649e8aB615592E83Ec9F5fcd1', '$user$4, 0.576, bad, bad, 3, 0x118E560679B62a9F24c135A96d416548782f8cc2', '$user$5, 0.869, good, freerider, 5, 0xA2F37A08a8488CB8551a0D03f7A73f4156757de7']","[('close', 'cc1e536e7ffb202dcf927eaa6f5bff88323f5ed7820baaf29b55982ce529b290', 643640), ('slot', 'f487bdfc5005688df172c630f600b8ef53a7dd07f50a122752774d9d7d24bd89', 50814), ('slot', '6061bc4123822019710038c24dc50b3e6677d010ff98d3d9bbc796065e83ab0e', 50814), ('slot', '25682cbf6fd999c4b0aaea3bb6bd73e7fceeb4ccc4a27c874ab261c41178cbeb', 50814), ('slot', 'd1316369a7e1ba2a10d5ff18f8e2f00c5647d2891c1b72821633d770f91175e2', 50814), ('slot', 'd60840646b43a11764d622308db04a7b81144ccf1b47921152f422af52c49159', 50814), ('slot', 'caa577d39ff2fb620af7c7ed914b18d90cfbdd5f018af27acee04b406ec81b17', 50814), ('weights', '6ec0dddfc98673448a4e2a27416450822dd1c0fe51830a548441123ed23af858', 73682), ('weights', 'f7b6a72baf5efedcbfb3fa03bf94a23adc2a8e8e2b90175afc1250dd2791af12', 56594), ('weights', '33348cacadefe98600b8dd964dae76d135fc358910277262fe3948b94fd9e933', 56582), ('weights', 'e4bd31218de16be3da4fba28c3206a39e9d30764b444cfc26503efd501dbd815', 56594), ('weights', '56423e821db7504ef5e53b07eca8ed655e51b0ef9ddce5014df52d0d24e959df', 56594), ('weights', 'f91f2b3a4fc58a2e128d103bd0f30b2904e41908973839c2224051feb01c3bd2', 56594), ('feedback', '45013a275092996b683d09890c29857cdf2b71a780314f6a2e7807473d65cc41', 323401), ('feedback', '501291cd7462c1d34e83e4ae20f069e7d3fc82dae49d07a9843621cf61387241', 255001), ('feedback', '13d25cad7bdc7c833fc3fa02c80259178b07f45bd34b803661c8feb4ff1be9cc', 237901), ('feedback', '0745ccbfbc25ac234b6123f91c6336823fa747eed5b0a9b836bbe75319df1440', 237901), ('feedback', 'cbe9af8d2185f75f7b2b43f4579f110e1344a18447d31b211217c8603721a625', 239293), ('feedback', '8e2406c5c1e93aedd5a4c2b1cef662e0b322855f9d7fafa22e0a25cb6e66f7e2', 237901), ('contrib', '5d89d41123bcc03351e7f16c5d8622290032c9095d32be794b26dcdbfea6e538', 75199), ('contrib', 'daf72eae26e52eb362ca9485c8cfdc1b694fa5b07dbdf489488e2b1cc83c85fa', 58099), ('contrib', '4a494c877099e2274d25d799f91278efe8e3f2c4e9793a70ff91d3bfdc756335', 58099), ('contrib', 'a1b8e2b79ceffe211789410524c3c5af7a4cb7a5702aa79ace6ebd6d950198d8', 58099), ('contrib', 'a287172c63082b73f47f79e000793ba950a358675a0e275af8e06a8ee82a7158', 58099), ('close', '5caf16d5095d3c0f7c5cd2f0339d38ff530b3716041f4f98653354e4167f82a2', 643640)]"
5,00:31:37.589,0.893,108.04640225693583,"[1350432098765432095, 1350432098765432095, 1350432098765432095, 1350432098765432095, 306172839506172840, 792098765432098764]","[87, 88, 87, 85, 87, 87]","[13, 13, 14, 15, 13, 13]","[('0xA41dE09A63f6Cedd633f99052b44450d3BB91D44', 3105185185185185176, 162283950617283950, 1350432098765432095), ('0x17725D495A0843Ea05541fD61ba5D4082750bC08', 3105185185185185176, 162283950617283950, 1350432098765432095), ('0x37AC7AC5D09bbC6dAC1CF036b7F9DdD0EA4E052E', 3105185185185185176, 162283950617283950, 1350432098765432095), ('0x536fc4cd48ad9B3649e8aB615592E83Ec9F5fcd1', 3105185185185185176, 162283950617283950, 1350432098765432095)]",500000000000000000,"[(5, 153086419753086419), (5, 396049382716049381)]","[250000000000000000, 250000000000000000, 250000000000000000, 250000000000000000]","[[0.0, 1.0, 1.0, 1.0, -1.0, -1.0], [1.0, 0.0, 1.0, 1.0, -1.0, -1.0], [1.0, 1.0, 0.0, 1.0, -1.0, -1.0], [1.0, 1.0, 1.0, 0.0, -1.0, -1.0], [-1.0, -1.0, -1.0, -1.0, 0.0, -1.0], [0.0, 0.0, 0.0, 0.0, 0.0, 0.0]]","[5, 6]","['$user$0, 0.88, good, good, None, 0xA41dE09A63f6Cedd633f99052b44450d3BB91D44', '$user$1, 0.866, good, good, None, 0x17725D495A0843Ea05541fD61ba5D4082750bC08', '$user$2, 0.879, good, good, None, 0x37AC7AC5D09bbC6dAC1CF036b7F9DdD0EA4E052E', '$user$3, 0.868, good, good, None, 0x536fc4cd48ad9B3649e8aB615592E83Ec9F5fcd1', '$user$4, 0.576, bad, bad, 3, 0x118E560679B62a9F24c135A96d416548782f8cc2', '$user$5, 0.869, freerider, freerider, 5, 0xA2F37A08a8488CB8551a0D03f7A73f4156757de7']","[('close', '5caf16d5095d3c0f7c5cd2f0339d38ff530b3716041f4f98653354e4167f82a2', 643640), ('slot', '9201bb5188376543934ee89afab431b87c697242cc19124bce38e159ce5d361e', 50814), ('slot', '447a14f7c541f9796d0fe077870359af9fbb949c4d1b0e76a83a15e453b75b7c', 50814), ('slot', 'fe8a63973bb33877529bf19e279744d2f93960f6d9f1634f6200d9d7b2425254', 50814), ('slot', '7e3ad626b5dd0a01fcc939b4dd901f55a2eab344e0434aefa023c2d2604cf052', 50814), ('slot', '01b8c6dc6040eeca486a8529dd87c0dd0ee4411b8857c88ceb57b9a7f5721bfc', 50814), ('slot', '9f0e7a3857bbce04b58ca7b32e5776db56dfeb22e17bc2f9dfe48c91da43544d', 50814), ('weights', 'cddfc80027f9b3c8b3b398781e808582fa8ab1dc4782aa6fda68e795d8500878', 73670), ('weights', 'd65e73fccc54db016ec87d393f46cdaa30d858144fe837c0a7105772cbe19cbe', 56594), ('weights', '536b3217e62828120573f45191c849fab08e186d07079e2e899e0e9465d59d91', 56594), ('weights', '1f6c3927d8f2619ff9ce453e6932726d3d82faf06f52055dbe75356f871757ef', 56594), ('weights', 'e1dc25659f60a744adc083c35cb3941d2cff698cacbc58fe73a863db8f16dd32', 56594), ('weights', '9e50125dff755d1a858c7db0b84c0ecf13a67a81380ac9e9ca4f8c529f565bc8', 56594), ('feedback', '4113700b1d188a8fd77e0cfe1652e1328076e54a197dd8c7decdbf6f813e040f', 321749), ('feedback', 'e1189a9e547860aed0dac51658072e1dc3c91d609234de043b5ca545630dd854', 253349), ('feedback', '400e019d198bfe1c2e22e3638c9c8a63c2b30b6ee3211a616f9b31de3acfe6f2', 236249), ('feedback', '6b072c3f3c7886cba84ebce63200657a4051c45b2b4a603b77b3160d5ce6b4f9', 236249), ('feedback', '4fedc923e80eaf86fbc48e9360fb29b04ee60da6e8cea448ef7ba033697c2d67', 239293), ('feedback', 'f8c7173674b3c5b4a97a108cf11092483725108b263ab1291ad3cee8d51db0c1', 210683), ('contrib', 'aabaafb8c2bec3ef1574a64b91b5ec83a41ab9da9f6b1427532f3f9325cb6770', 75199), ('contrib', 'cfab9ecef60a7dd5c0eb36bbf4abb17defcebdeb09bdd0888b642fca920ebe93', 58099), ('contrib', '70f490fab87179c0cc8963f58ed0cc74cc18e07fe2c7313ff8e0a2f127ef5960', 58099), ('contrib', 'b4c7862bb41872d7a15237686a38cbd12a4da60e2d2eea72776de482a4c581fc', 58099), ('close', '28afea6bb25b767291555f0c078f5d4b7466c3d48da7d35ea80f13979396b94d', 658515)]"
6,00:32:04.736,0.9105,90.26032067090273,"[1517983539094650202, 1517983539094650202, 1517983539094650202, 1517983539094650202, 528065843621399176, 0]","[90, 90, 90, 87, 89, 89]","[10, 11, 11, 12, 11, 11]","[('0xA41dE09A63f6Cedd633f99052b44450d3BB91D44', 3745123456790123445, 167551440329218107, 1517983539094650202), ('0x17725D495A0843Ea05541fD61ba5D4082750bC08', 3745123456790123445, 167551440329218107, 1517983539094650202), ('0x37AC7AC5D09bbC6dAC1CF036b7F9DdD0EA4E052E', 3745123456790123445, 167551440329218107, 1517983539094650202), ('0x536fc4cd48ad9B3649e8aB615592E83Ec9F5fcd1', 3745123456790123445, 167551440329218107, 1517983539094650202)]",400000000000000000,"[(6, 264032921810699588), (6, 306172839506172840)]","[250000000000000000, 250000000000000000, 250000000000000000, 250000000000000000]","[[0.0, 1.0, 1.0, 1.0, -1.0, -1.0], [1.0, 0.0, 1.0, 1.0, -1.0, -1.0], [1.0, 1.0, 0.0, 1.0, -1.0, -1.0], [1.0, 1.0, 1.0, 0.0, -1.0, -1.0], [-1.0, -1.0, -1.0, -1.0, 0.0, -1.0], [0.0, 0.0, 0.0, 0.0, 0.0, 0.0]]","[6, 5]","['$user$0, 0.899, good, good, None, 0xA41dE09A63f6Cedd633f99052b44450d3BB91D44', '$user$1, 0.888, good, good, None, 0x17725D495A0843Ea05541fD61ba5D4082750bC08', '$user$2, 0.901, good, good, None, 0x37AC7AC5D09bbC6dAC1CF036b7F9DdD0EA4E052E', '$user$3, 0.891, good, good, None, 0x536fc4cd48ad9B3649e8aB615592E83Ec9F5fcd1', '$user$5, 0.869, freerider, freerider, 5, 0xA2F37A08a8488CB8551a0D03f7A73f4156757de7']","[('close', '28afea6bb25b767291555f0c078f5d4b7466c3d48da7d35ea80f13979396b94d', 658515), ('slot', '56ac4c499ae80d97b9ba5a9b90b4c7c3c1d62d8374f58bf85163b9bec6e051f7', 50814), ('slot', '1b7e1fdf26dd2ffb9baae93fca912074e09b769c17ea6badb283457ea4c0f10d', 50814), ('slot', '3ff3ba88377ffb1071687972edcd791cf86949f2e2f731766b1ea65cc693a48e', 50814), ('slot', 'a56c2722fe8e5f88b85650a68ff4b9b8aef49dc313b95ede516dd55bfd264d26', 50814), ('slot', '9a5fac25a99fda5990bcd6d4f1f5e99642cc67a8d15598b966a9d9c08dbb254b', 50814), ('slot', '67ceb52e7d04b4d412561403f1f5594826e60809bde6cf50cdc184d3063651ec', 50814), ('weights', '5b6a2627748713b96ad0b04ddfbeb40c1765004071ace4eaf6a490e40abb831c', 73682), ('weights', 'bcbe000e2164b1aeae58d1447a7a49ff5c0d6676ca482d34e929db9b04118c11', 56594), ('weights', '2a74a2a1fc6674c316b7f6500588cf7e49622f2f04494ba9239b44830f3b697b', 56594), ('weights', '815a9dcb2ef2525e430a73dd0fbfd47ca96f9383d867095b2f880080ba76b879', 56594), ('weights', '2ddcc635081b185df68415f02ef02537445404d2ca1db0d5987abb892704385c', 56594), ('weights', '5e49a7b51fdf89603905fcea9e7a3a1ac1f9ac7bdb29945cfc9836a82069fb52', 56594), ('feedback', '7016e2b571b92f3b991969bf8a83471bf4a0eea5951c7e2843dbc545e3b7cf86', 323749), ('feedback', '0363ea407c8f2a8f073f9ca35572c4d5cfbb2d47f0ebac9757b205f4e8ba3e59', 255349), ('feedback', '1b9e783d6066e87d3abd1abb8abecd64740685a9fc5d27d261cbee3504917484', 238249), ('feedback', '14a96d6203fa651da7bffe68e35806f25c4b3f6350a1609bd4aec21b93ecd0cc', 238249), ('feedback', '6fd795101be99d96c30614a1473c8404599b55f4cd2a4550ea84398a622ba8ed', 239293), ('feedback', 'a6765ed17c3f3755a5622ae43a4f88665baea1050232995a02fbb1f8a4571500', 218683), ('contrib', '254191e60102efb1cdfab0f831d580ceddb021509f805c5d042dc50a5281e729', 75199), ('contrib', '93d9c955c93a98b0fd62147385354666d1b63a82a76a448c99ffddbb3f894be0', 58099), ('contrib', '088f37ee97dda27e3ce2f4265385f486aaf18efc58a35468abd76d41730c0883', 58099), ('contrib', '167048dcc101840c7eb32ea6873e15c2219afcf947ebdedb515902ab8c0e5405', 58099), ('close', 'e093ca7fb3bacb9f6a817285803e31d6e14aa5632efa335f726a4bdba60a89d3', 618388)]"
7,00:32:29.265,0.9229,78.28832640871406,"[1586989026063100133, 1586989026063100133, 1586989026063100133, 1586989026063100133, 352043895747599451, 0]","[91, 91, 92, 89, 0, 90]","[9, 9, 9, 11, 0, 10]","[('0xA41dE09A63f6Cedd633f99052b44450d3BB91D44', 4553950617283950606, 69005486968449931, 1586989026063100133), ('0x17725D495A0843Ea05541fD61ba5D4082750bC08', 4553950617283950606, 69005486968449931, 1586989026063100133), ('0x37AC7AC5D09bbC6dAC1CF036b7F9DdD0EA4E052E', 4553950617283950606, 69005486968449931, 1586989026063100133), ('0x536fc4cd48ad9B3649e8aB615592E83Ec9F5fcd1', 4553950617283950606, 69005486968449931, 1586989026063100133)]",300000000000000000,"[(7, 176021947873799725)]","[250000000000000000, 250000000000000000, 250000000000000000, 250000000000000000]","[[0.0, 1.0, 1.0, 1.0, 0.0, -1.0], [1.0, 0.0, 1.0, 1.0, 0.0, -1.0], [1.0, 1.0, 0.0, 1.0, 0.0, -1.0], [1.0, 1.0, 1.0, 0.0, 0.0, -1.0], [0.0, 0.0, 0.0, 0.0, 0.0, 0.0], [0.0, 0.0, 0.0, 0.0, 0.0, 0.0]]",[5],"['$user$0, 0.898, good, good, None, 0xA41dE09A63f6Cedd633f99052b44450d3BB91D44', '$user$1, 0.91, good, good, None, 0x17725D495A0843Ea05541fD61ba5D4082750bC08', '$user$2, 0.917, good, good, None, 0x37AC7AC5D09bbC6dAC1CF036b7F9DdD0EA4E052E', '$user$3, 0.908, good, good, None, 0x536fc4cd48ad9B3649e8aB615592E83Ec9F5fcd1', '$user$5, 0.869, freerider, freerider, 5, 0xA2F37A08a8488CB8551a0D03f7A73f4156757de7']","[('close', 'e093ca7fb3bacb9f6a817285803e31d6e14aa5632efa335f726a4bdba60a89d3', 618388), ('slot', 'd11e2e150f04726c770aba5e62410224467d33ee513d2c6c3fa2fe918de00b3f', 50814), ('slot', '937405697e5dabc9adc72f411b0be51b12d91fea08fb5634b43c070a26520b37', 50814), ('slot', '8d6c3849fcb8389486856bef6fb129f9f87c183bb9d74a29110f402715ec115a', 50814), ('slot', 'f930d8e80cbdd9a0ecef36888dd4a86ca841f711340175ef29268cfdbba6d999', 50814), ('slot', 'b12ee2bcc03dede0514a76a77cce99e9bf550b8e96fa15fdcaf353537da456fa', 50814), ('weights', 'bdbf42321519c33f45e15bf9333884fe5feec1aeb5a943780b6a0b0cf651746a', 73682), ('weights', '987db603aa5b3ded34e70d9d349db5b4f02418ca3b8ed5478ea9af40958cfbca', 56594), ('weights', '0b3fc1f191677e007059db0000ada0121e19b764bc3be153c5a9609f160bdcba', 56594), ('weights', '7de8c25678402bdbe067703d0e5f12a565ce53057c5a661f6a6c9334ed18f3a6', 56594), ('weights', '31474c97554c24a827bd69d96854503b1e2c4ba7fcc8d9add6578129362590a5', 56594), ('feedback', '65ba6ad5b05e8de7d34a450d56386f96968ae7225fb06ce0395ab72edd7236e0', 270522), ('feedback', '984fc0d70086694a75c910cc3227489889ddc22f5d8bb5d717b6049871eff5ff', 219222), ('feedback', '95aaf6d84b48330c472223b7a18923c9f06643c61ec436824a050d6680c848b0', 202122), ('feedback', '41329d3ca6ca846c3f9616f744279fde4286444ffc2b1c0bbefbbb331d100394', 202122), ('feedback', '48845f90067268460274d71a56c7089afe4c0b47819e53ee79a7aec53a39d401', 186678), ('contrib', '12807353af255b4b756fbc03419c344aafde7d9298b3d56ce7ec618fab185c1d', 75199), ('contrib', '941f040efdc81d532723a9a1ef61dcb99fad33e5de18c3535215d86f135f369c', 58099), ('contrib', '0deddd542ff2da758734cdeadaf96f4c715d5cd08bc8d26ac18de0ee87a9c795', 58099), ('contrib', '87aef74e10df0bb39db839f564308ee0522011cdce696d3dc73f167f1d83dc61', 58099), ('close', '8bc3328b6ed716df63349f7cf281058751b2ab7647fd93b48b5d3ce63e9a6914', 543321)]"
8,00:32:53.870,0.9322,68.8863181322813,"[1641326017375400087, 1641326017375400087, 1641326017375400087, 1641326017375400087, 234695930498399634, 0]","[93, 93, 93, 90, 0, 91]","[8, 8, 8, 9, 0, 9]","[('0xA41dE09A63f6Cedd633f99052b44450d3BB91D44', 4760967078189300399, 54336991312299954, 1641326017375400087), ('0x17725D495A0843Ea05541fD61ba5D4082750bC08', 4760967078189300399, 54336991312299954, 1641326017375400087), ('0x37AC7AC5D09bbC6dAC1CF036b7F9DdD0EA4E052E', 4760967078189300399, 54336991312299954, 1641326017375400087), ('0x536fc4cd48ad9B3649e8aB615592E83Ec9F5fcd1', 4760967078189300399, 54336991312299954, 1641326017375400087)]",200000000000000000,"[(8, 117347965249199817)]","[250000000000000000, 250000000000000000, 250000000000000000, 250000000000000000]","[[0.0, 1.0, 1.0, 1.0, 0.0, -1.0], [1.0, 0.0, 1.0, 1.0, 0.0, -1.0], [1.0, 1.0, 0.0, 1.0, 0.0, -1.0], [1.0, 1.0, 1.0, 0.0, 0.0, -1.0], [0.0, 0.0, 0.0, 0.0, 0.0, 0.0], [0.0, 0.0, 0.0, 0.0, 0.0, 0.0]]",[5],"['$user$0, 0.91, good, good, None, 0xA41dE09A63f6Cedd633f99052b44450d3BB91D44', '$user$1, 0.919, good, good, None, 0x17725D495A0843Ea05541fD61ba5D4082750bC08', '$user$2, 0.932, good, good, None, 0x37AC7AC5D09bbC6dAC1CF036b7F9DdD0EA4E052E', '$user$3, 0.91, good, good, None, 0x536fc4cd48ad9B3649e8aB615592E83Ec9F5fcd1', '$user$5, 0.869, freerider, freerider, 5, 0xA2F37A08a8488CB8551a0D03f7A73f4156757de7']","[('close', '8bc3328b6ed716df63349f7cf281058751b2ab7647fd93b48b5d3ce63e9a6914', 543321), ('slot', '30c9d57828fae0143f14e4018c47c287aa6c463010e78f40baf675ef0e273fb9', 50814), ('slot', '7c1d34f501bab27f27578bcff8fe8282d83d9a5438740cbef036ee8252fb5a59', 50814), ('slot', '5e15676cac8ac8c83434bad163c94326aa1d7c4f6fa3ed9355797378c322cac0', 50814), ('slot', '38e63c12111f889f50bcfd14badd738155ddd5f78b35c80892fdba218affd2f0', 50814), ('slot', '472fd4d4a6099d0da12cc7a97ffc74f46f3659babbf714387105e84bc50f2ab5', 50814), ('weights', '38aa6d03937c24c704060af112b4e5c733bf468209d614b24a119d77ba0d72a5', 73682), ('weights', '647111bbae02c307cc3d49589ad6d64a4c580ec70825609e5b36d24c9bbd3674', 56594), ('weights', 'd8ef64a87a50e6c5e0c12ee14bc9f5cf9442bef0d7423260b6b050676de94f78', 56594), ('weights', '0b7c2b97a149ee3466df87760373aee908b56de66e8bad837e0a5c871d55215f', 56594), ('weights', '32c7084356672e50933ce333f4dc0dad5bfb7499a2d2d3d8981845159c05f14c', 56594), ('feedback', 'ee3263d4345f4df8da15034a2b2ed9da7089569523c27c9c4fcb5719e2e2dcc7', 270522), ('feedback', 'f8b94f12a058c357e411f8eb7fd66d1f0944a5a93db0f33382d39e6eec4364ed', 219222), ('feedback', '4fd0c082b63cd0db6951f4b21487dabed161c9cfcf476caafce92ea72c38b890', 202122), ('feedback', 'fc0a56996f25107d11a708d52eebec66c9229aa6e3c7d9b1a5eecb484ca2d351', 202122), ('feedback', 'd26bfe4aaae201734163211beff35f18b39282513ca87050962b3fef689cabf8', 186678), ('contrib', 'f80be792f44ecb1c8d8483a0ca632f5417635a99b520a7866186201d966b872b', 75199), ('contrib', '1533b38d6c9f4238d96a8bec34a23bfdad9b088fcf52cb0a66fff68059adbd4d', 58099), ('contrib', '15a1e7b63f0d3d40089c789568b38e979e9f362a1621eecfbf8554062a557bf4', 58099), ('contrib', '805430b3ef1b039eac65d501f746622ea56e386bacac1eb00445929b59ec7fbc', 58099), ('close', '28878aae5c562327f1a92ccbb84676de942265ce1c1eb7dbc925bd7897af1118', 543321)]"
9,00:33:18.451,0.938,61.49305299296975,"[1724999999999999995, 1724999999999999995, 1724999999999999995, 1724999999999999995, 0, 0]","[93, 93, 94, 91, 0, 92]","[7, 7, 7, 8, 0, 8]","[('0xA41dE09A63f6Cedd633f99052b44450d3BB91D44', 4923978052126200261, 83673982624599908, 1724999999999999995), ('0x17725D495A0843Ea05541fD61ba5D4082750bC08', 4923978052126200261, 83673982624599908, 1724999999999999995), ('0x37AC7AC5D09bbC6dAC1CF036b7F9DdD0EA4E052E', 4923978052126200261, 83673982624599908, 1724999999999999995), ('0x536fc4cd48ad9B3649e8aB615592E83Ec9F5fcd1', 4923978052126200261, 83673982624599908, 1724999999999999995)]",100000000000000000,"[(9, 234695930498399634)]","[250000000000000000, 250000000000000000, 250000000000000000, 250000000000000000]","[[0.0, 1.0, 1.0, 1.0, 0.0, -1.0], [1.0, 0.0, 1.0, 1.0, 0.0, -1.0], [1.0, 1.0, 0.0, 1.0, 0.0, -1.0], [1.0, 1.0, 1.0, 0.0, 0.0, -1.0], [0.0, 0.0, 0.0, 0.0, 0.0, 0.0], [0.0, 0.0, 0.0, 0.0, 0.0, 0.0]]",[5],"['$user$0, 0.933, good, good, None, 0xA41dE09A63f6Cedd633f99052b44450d3BB91D44', '$user$1, 0.934, good, good, None, 0x17725D495A0843Ea05541fD61ba5D4082750bC08', '$user$2, 0.937, good, good, None, 0x37AC7AC5D09bbC6dAC1CF036b7F9DdD0EA4E052E', '$user$3, 0.917, good, good, None, 0x536fc4cd48ad9B3649e8aB615592E83Ec9F5fcd1']","[('close', '28878aae5c562327f1a92ccbb84676de942265ce1c1eb7dbc925bd7897af1118', 543321), ('slot', '5fd1990dd6ba5aa10a9ca5603a683b4b3c1392da414502a5e2403183a278e0fa', 50802), ('slot', '32e282f219123e2ac6208c34e31ba651b7f79f31972cf3778c1aa5af050b5e97', 50814), ('slot', '4b7fb8c9824ad5c48e8f03bf26a27204aef6842e5f50dee1afe951c3d336a2eb', 50814), ('slot', '715eba33749962b2b66983d79e035c81e3636ef7b69e75a1ea155963c81c8e1e', 50802), ('slot', '8063ebbcd6b1b1676468befa2aa3f8bbda8d539b0062bd15e2e8a8e16f54c7a9', 50814), ('weights', 'f72e252c10e2350ed7eeff82d9858b1182634a410241931441a13f9a2ff590fd', 73682), ('weights', 'f70b950084f4039b98acfb0eb997842d07c9084ff8fe661b88a836f9d132cdfa', 56594), ('weights', '1b9fac843591b44fd4cf8350ecebfa963d9cb5d00092f2ab226b6ed2f5596779', 56594), ('weights', '726ba61dcb25adf37d96a2e02faf98d7c775376fea2118e1f91e152bf88cfac4', 56594), ('weights', '28e8f08cf5c9464f83021ec51f7c8d5079b059569b8fee836c077bd7145afa98', 56594), ('feedback', '7c17078b1b7423b54598bc59550d5e67d9ccb0e76a503b2888201caf4e69c6b9', 270522), ('feedback', 'c7f1ca2d7af77b8743bfa474f195cbea5d626533eee7bdea6de68a324fe817ab', 219222), ('feedback', '6b2357d3080e9e8029a20971eb57262d2a31863b76e4840c96e39a0c0ea95156', 202122), ('feedback', '03205eb7ad4f921e23fd3d82e8dc48bbc7eaf687116cdffc4c86fb2b2e665149', 202122), ('feedback', '9902e90df8581708d52c29b1dc6a217aeb4a238eb8ca26ff0f2dc38a1a7b879c', 186678), ('contrib', '74c05f4a05492b1b7f1b833aea007d74b59c2029c7d70dc0e601d5c0b680a76f', 75199), ('contrib', 'ec1419ba814fd21c25d4054d9821deb05e588f34c6318695571016e91fe403b0', 58099), ('contrib', '3973ac0f6c249016202515c7574757810bbc4a6dea0c09754c4ccde471e79805', 58099), ('contrib', '4fa3e7326040f9fcb68a1dfbb9e271d3476c4b634916933dd68a77609a6b2a54', 58099), ('close', '3034345dddd644b5faa34c603128b9bd40b63b874674348db6eac86e95f5b4f0', 502181)]"
10,00:33:41.053,0.9445,55.86288155242801,"[1749999999999999995, 1749999999999999995, 1749999999999999995, 1749999999999999995, 0, 0]","[94, 94, 95, 92, 0, 0]","[6, 6, 6, 7, 0, 0]","[('0xA41dE09A63f6Cedd633f99052b44450d3BB91D44', 5174999999999999985, 25000000000000000, 1749999999999999995), ('0x17725D495A0843Ea05541fD61ba5D4082750bC08', 5174999999999999985, 25000000000000000, 1749999999999999995), ('0x37AC7AC5D09bbC6dAC1CF036b7F9DdD0EA4E052E', 5174999999999999985, 25000000000000000, 1749999999999999995), ('0x536fc4cd48ad9B3649e8aB615592E83Ec9F5fcd1', 5174999999999999985, 25000000000000000, 1749999999999999995)]",0,[],"[250000000000000000, 250000000000000000, 250000000000000000, 250000000000000000]","[[0.0, 1.0, 1.0, 1.0, 0.0, 0.0], [1.0, 0.0, 1.0, 1.0, 0.0, 0.0], [1.0, 1.0, 0.0, 1.0, 0.0, 0.0], [1.0, 1.0, 1.0, 0.0, 0.0, 0.0], [0.0, 0.0, 0.0, 0.0, 0.0, 0.0], [0.0, 0.0, 0.0, 0.0, 0.0, 0.0]]",[],"['$user$0, 0.936, good, good, None, 0xA41dE09A63f6Cedd633f99052b44450d3BB91D44', '$user$1, 0.942, good, good, None, 0x17725D495A0843Ea05541fD61ba5D4082750bC08', '$user$2, 0.945, good, good, None, 0x37AC7AC5D09bbC6dAC1CF036b7F9DdD0EA4E052E', '$user$3, 0.927, good, good, None, 0x536fc4cd48ad9B3649e8aB615592E83Ec9F5fcd1']","[('close', '3034345dddd644b5faa34c603128b9bd40b63b874674348db6eac86e95f5b4f0', 502181), ('slot', '383bdc88ef13786733f6e6070e859f136f57065f6a7556da162ead5d4113b06c', 50814), ('slot', 'b5901bfcfe7339ccb8b35fa4162770f167d1b17c738fb8d433f66982cd878987', 50814), ('slot', '15c74f4ffb0577f1a65fd7cadcfd40f74613612c3ebffca067502cf4f6ac834a', 50814), ('slot', '587cebcdd49953e4a34cc74e831c81a3d37eb7a5a7dc814376d1f53a7abf0c4c', 50814), ('weights', '41f4afb89419cf45d2a9c4939e4ebdfc47bbca4b5c95df159ea20639609e3efa', 73682), ('weights', '06d234b7a2aea68c62d28d3db91e6af90f9918ccf53e5b82327b43b09d014f09', 56582), ('weights', '926d3c1647342e7d27d4c1607543f1dc69a24246fc37160cc0a14dfa36c6fd6e', 56582), ('weights', 'f688ad7f1ae2e4348a54c517f99bfa394189792a1db15c8d23f29ebfff70efeb', 56594), ('feedback', '3b5ca5d07611c192f2e1fd1e561b5a2d5163fe89ff2097d78eac94dba009a40e', 217307), ('feedback', '053ddfa873b95ce800c59f9e3b200a5b41f554f30824273d9db8f8e21170e8ac', 183107), ('feedback', '175ecf81537a2c3e425af16234a1d90e62680dc43c5d06a5192680f7580ce0c2', 166007), ('feedback', 'b74c1f0c5a77a87b98e404c710be981d038b8e7cae29e6ee9c9006190ed75711', 166007), ('contrib', '1be65a3f0981f699ca0be6c20d163751a987c588f847804f33b71a26a2e773d9', 75199), ('contrib', 'c97eb968f1e00ad7a2bad41ff530c2ec4c9f121c1c25b2f59b53688b394a6b86', 58099), ('contrib', '6ec5c8255ea3942e37365381da6fa7e4f28fcbe934acd6ea09c919fb1e936123', 58099), ('contrib', 'ec1a0cbfb596955946038c627daf49d88c710b871e3dc0b80edeece008387284', 58099), ('close', '99f2189df9a77cbc6efb2e00a2d02118f68b2c1d4b94adc6a4eabdf89c7112d6', 410442)]"
# $gasCosts$[422553, 354153, 337053, 337053, 337053, 337053, 75223, 58123, 58123, 58123, 58123, 58123, 300179, 271753, 226005, 237553, 237553, 231779, 75223, 58123, 58123, 58123, 58123, 58123, 323401, 253001, 257801, 235901, 229293, 237901, 75199, 58099, 58099, 58099, 58099, 323401, 255001, 237901, 237901, 239293, 237901, 75199, 58099, 58099, 58099, 58099, 321749, 253349, 236249, 236249, 239293, 210683, 75199, 58099, 58099, 58099, 323749, 255349, 238249, 238249, 239293, 218683, 75199, 58099, 58099, 58099, 270522, 219222, 202122, 202122, 186678, 75199, 58099, 58099, 58099, 270522, 219222, 202122, 202122, 186678, 75199, 58099, 58099, 58099, 270522, 219222, 202122, 202122, 186678, 75199, 58099, 58099, 58099, 217307, 183107, 166007, 166007, 75199, 58099, 58099, 58099],[126674, 126674, 126674, 126674, 126674],[50814, 50814, 50814, 50802, 50814, 50814, 50814, 50814, 50814, 50814, 50814, 50814, 50814, 50814, 50814, 50802, 50814, 50814, 50814, 50814, 50814, 50814, 50814, 50814, 50814, 50814, 50814, 50814, 50814, 50814, 50814, 50814, 50814, 50814, 50814, 50814, 50814, 50814, 50814, 50814, 50814, 50814, 50814, 50814, 50814, 50814, 50802, 50814, 50814, 50802, 50814, 50814, 50814, 50814, 50814],[73682, 56594, 56594, 56594, 56594, 56594, 73670, 56582, 56582, 56594, 56594, 56594, 73682, 56594, 56594, 56594, 56594, 56594, 73682, 56594, 56582, 56594, 56594, 56594, 73670, 56594, 56594, 56594, 56594, 56594, 73682, 56594, 56594, 56594, 56594, 56594, 73682, 56594, 56594, 56594, 56594, 73682, 56594, 56594, 56594, 56594, 73682, 56594, 56594, 56594, 56594, 73682, 56582, 56582, 56594],[641581, 611186, 643640, 643640, 658515, 618388, 543321, 543321, 502181, 410442],[],[]
# TOTAL EXPERIMENT TIME: 279.03 seconds
