# Author Nykjaer
# ------Specs--------# cpu_name:  (processor model)
# cpu_cores: 6 (physical cores)
# ram_gb: 13.5 (system memory in GB)
# gpu_name: NVIDIA GeForce RTX 3060 Laptop GPU (graphics processor)
# os_name: Linux (operating system)
# ------Config--------# good_contributors: 4 (honest participants)
# bad_contributors: 1 (malicious participants)
# freeriders: 1 (contribute 0)
# inactive: 0 (never join)
# reward: 1000000000000000000 (total reward pool)
# minimum_rounds: 10 (rounds to simulate)
# min_buy_in: 1000000000000000000 (lower buy-in bound)
# max_buy_in: 1000000000000000000 (upper buy-in bound)
# standard_buy_in: 1000000000000000000 (default buy-in)
# epochs: 1 (local epochs per round)
# batch_size: 32 (training batch size)
# punish_factor: 3 (penalty multiplier)
# first_round_fee: 50 (fee for first round)
# fork: True (True=local fork, False=real net)
# contribution_score_strategy: dotproduct (scoring method)
# use_outlier_detection: True (Whether to use outlier detection)
# freerider_start_round: 1 (When freeriders should start freeriding)
# freerider_noise_scale: 0.5 (How much noise a freeder should add)
round,time,globalAcc,globalLoss,GRS,accAvgPerUser,lossAvgPerUser,rewards,conctractBalanceRewards,punishments,contributionScores,feedbackMatrix,disqualifiedUsers,userStatuses,GasTransactions
# $startingUserConfig$['$user$0, 0, good, good, None, 0xA41dE09A63f6Cedd633f99052b44450d3BB91D44', '$user$1, 0, good, good, None, 0x17725D495A0843Ea05541fD61ba5D4082750bC08', '$user$2, 0, good, good, None, 0x37AC7AC5D09bbC6dAC1CF036b7F9DdD0EA4E052E', '$user$3, 0, good, good, None, 0x536fc4cd48ad9B3649e8aB615592E83Ec9F5fcd1', '$user$4, 0, good, bad, 3, 0x118E560679B62a9F24c135A96d416548782f8cc2', '$user$5, 0, good, freerider, 1, 0xA2F37A08a8488CB8551a0D03f7A73f4156757de7']
0,00:53:03.124,0,720.7410888671875,"[1000000000000000000, 1000000000000000000, 1000000000000000000, 1000000000000000000, 1000000000000000000, 1000000000000000000]",[],[],[],1000000000000000000,[],[],,[],"['$user$0, 0, good, good, None, 0xA41dE09A63f6Cedd633f99052b44450d3BB91D44', '$user$1, 0, good, good, None, 0x17725D495A0843Ea05541fD61ba5D4082750bC08', '$user$2, 0, good, good, None, 0x37AC7AC5D09bbC6dAC1CF036b7F9DdD0EA4E052E', '$user$3, 0, good, good, None, 0x536fc4cd48ad9B3649e8aB615592E83Ec9F5fcd1', '$user$4, 0, good, bad, 3, 0x118E560679B62a9F24c135A96d416548782f8cc2', '$user$5, 0, good, freerider, 1, 0xA2F37A08a8488CB8551a0D03f7A73f4156757de7']","[('register', '1d5135948bb67befcdca09d7562184ebda5b5b126e20a5373203e7d165abfaec', 126674), ('register', 'f29086715f5ebb85e0c94263a98848bf5203bc319ca5a733dffc3e1d7d17a966', 126674), ('register', 'f95627a2e8104af41814943b16461a7f5554d135d0b4f0cd8a90a448a2addfb4', 126674), ('register', '42954e6cb0ae07cf4b8079a92f911f49c48197d12f09477804c3c0cfb258976c', 126674), ('register', 'fe6192ae839a926926421590b6d929cd29c9dd2311d2a0a141ed07e71d02d8f0', 126674)]"
1,00:53:31.873,0.1232,715.9549560546875,"[1152807320983768245, 1152924019420702094, 1153432008916218543, 1153884499536881871, 1153618817809095910, 333333333333333334]","[15, 13, 14, 15, 15, 17]","[74, 74, 74, 74, 74, 74]","[('0xA41dE09A63f6Cedd633f99052b44450d3BB91D44', 2000000000000000000, 152807320983768245, 1152807320983768245), ('0x17725D495A0843Ea05541fD61ba5D4082750bC08', 2000000000000000000, 152924019420702094, 1152924019420702094), ('0x37AC7AC5D09bbC6dAC1CF036b7F9DdD0EA4E052E', 4000000000000000000, 153432008916218543, 1153432008916218543), ('0x536fc4cd48ad9B3649e8aB615592E83Ec9F5fcd1', 4000000000000000000, 153884499536881871, 1153884499536881871), ('0x118E560679B62a9F24c135A96d416548782f8cc2', 4000000000000000000, 153618817809095910, 1153618817809095910)]",900000000000000000,"[(1, 166666666666666666)]","[199313908815383911, 199466124176979064, 200128719210624694, 200718924403190612, 200372382998466491]","[[0.0, 1.0, 1.0, 1.0, 1.0, -1.0], [1.0, 0.0, 1.0, 1.0, 1.0, -1.0], [0.0, 0.0, 0.0, 1.0, 1.0, -1.0], [1.0, 1.0, 1.0, 0.0, 1.0, -1.0], [0.0, 0.0, 1.0, 1.0, 0.0, -1.0], [0.0, 0.0, 0.0, 0.0, 0.0, 0.0]]",[6],"['$user$0, 0.595, good, good, None, 0xA41dE09A63f6Cedd633f99052b44450d3BB91D44', '$user$1, 0.623, good, good, None, 0x17725D495A0843Ea05541fD61ba5D4082750bC08', '$user$2, 0.733, good, good, None, 0x37AC7AC5D09bbC6dAC1CF036b7F9DdD0EA4E052E', '$user$3, 0.661, good, good, None, 0x536fc4cd48ad9B3649e8aB615592E83Ec9F5fcd1', '$user$4, 0.701, good, bad, 3, 0x118E560679B62a9F24c135A96d416548782f8cc2', '$user$5, 0, freerider, freerider, 1, 0xA2F37A08a8488CB8551a0D03f7A73f4156757de7']","[('slot', '88d61a62777a861570ef126c42016f768a4c38fa55e5c92402877557466a2d63', 50814), ('slot', '06394c5d2d79d1f9d0f138496b2f01043533b9bddbb7e4be5eb3047f3fbb37f7', 50814), ('slot', '719ab38fe672d7177e25d7caa954ed16d67f04eb327a23c682181d2bb7ab788c', 50814), ('slot', 'adee9c2b0b61f362ce7a1ba6842cd07f483f45417440687fc985605f08803f53', 50814), ('slot', '8fb6c61a25b28fcb30ce6d9afa988a481826a798e9a98ba4dafe0a2ea967fbaa', 50814), ('slot', '170d660178fa08c0121b56d5ed01bc427c73885e73ed45fae0505f630ef3b8e8', 50814), ('weights', 'fac500b01f5058de571d3694669d0fc5551daadc9b844a5e844a03beffa84f85', 73694), ('weights', 'ee399ce06ada3f7858e1a1c0303a6c865f43cce23dbae90f0d1f1959915a9017', 56594), ('weights', '5944f2c051eab7f8573999505b6d21c87de85180ba60308fc15a8f61a5f20b12', 56594), ('weights', '06279fe8513e48165fc01aad8ca60b7ba67230450be730f381314e966499bf0e', 56594), ('weights', '4b836fc911d3570f2919de4a9ef4c8a97e73702cf37ac34b22d8bd6e1898af2e', 56594), ('weights', 'cefb66374eef819ad4532173ed89dac078c23606fa684e216c2e63f4a65403ba', 56594), ('feedback', '89865b57acde6a7bd4dddf8f91924737bbb333654f709fd6d21ce5b0f448643e', 403001), ('feedback', '289aaf00d322a9fc5e65ba54260873f84a95bdffb5b898cae2c9366a4b7ad534', 334601), ('feedback', '5f2cc1e66b07f9f897c0d591304788d0a4136c20d3b6ef441ed91bb03b69baba', 270153), ('feedback', 'a4c38ba9011731bc7faf660cd3653be59e23583ce09c9c3e672cbe3117f516b2', 317501), ('feedback', 'deaf2444d85e3195e9edab195f6ed4d339e7379be9679763bf74583e88dcf47b', 270153), ('feedback', '2ebfe77e4d20eee2b3c4d3b984c30c0d8d0f9a70e43b90ae58b3b90f2c91f6a2', 218683), ('contrib', '9bed559c2f71c1130b10465b4f2f27623ec29b620bdd44e0024bc2053dc11e29', 75223), ('contrib', '4b41aaf07891a77cf245bd44a06efe8adb65f8e3463d29c6f782a56ebd894253', 58123), ('contrib', 'ac751c21bfbb71e5b297a205557ddd2270ad8ad629601e0e14042657339ae982', 58111), ('contrib', 'ce69cc1198c54a070451f35943ada659f0201061b3a65ec7a9586616ae428a6a', 58123), ('contrib', 'dd5d53775b4a24596de3a2aeb880bb7226c0023c5ae5dbfaeccbb37b229ea774', 58123), ('close', 'ddb0f433562ab1070d273d2fe140f723f4cc8b4a0ff1eb26389062fac3746ee6', 671004)]"
2,00:54:00.266,0.6167,609.1350860595703,"[1195028350947455437, 1195151105051090954, 1195647687872602079, 1196127188339655288, 1195823445566974013, 222222222222222223]","[11, 10, 12, 13, 12, 14]","[73, 73, 73, 73, 73, 73]","[('0xA41dE09A63f6Cedd633f99052b44450d3BB91D44', 4613859345682898418, 42221029963687192, 1195028350947455437), ('0x17725D495A0843Ea05541fD61ba5D4082750bC08', 3459858147709082698, 42227085630388860, 1195151105051090954), ('0x37AC7AC5D09bbC6dAC1CF036b7F9DdD0EA4E052E', 4613234657750448120, 42215678956383536, 1195647687872602079), ('0x536fc4cd48ad9B3649e8aB615592E83Ec9F5fcd1', 4612782167129784792, 42242688802773417, 1196127188339655288), ('0x118E560679B62a9F24c135A96d416548782f8cc2', 1152924019420702094, 42204627757878103, 1195823445566974013)]",800000000000000000,"[(2, 111111111111111111)]","[199994340538978576, 200023025274276733, 199968993663787841, 200096935033798217, 199916645884513854]","[[0.0, 1.0, 1.0, 1.0, 0.0, -1.0], [1.0, 0.0, 1.0, 1.0, 1.0, -1.0], [1.0, 1.0, 0.0, 1.0, 0.0, -1.0], [1.0, 0.0, 1.0, 0.0, 0.0, -1.0], [1.0, 1.0, 1.0, 1.0, 0.0, -1.0], [0.0, 0.0, 0.0, 0.0, 0.0, 0.0]]",[6],"['$user$0, 0.563, good, good, None, 0xA41dE09A63f6Cedd633f99052b44450d3BB91D44', '$user$1, 0.52, good, good, None, 0x17725D495A0843Ea05541fD61ba5D4082750bC08', '$user$2, 0.582, good, good, None, 0x37AC7AC5D09bbC6dAC1CF036b7F9DdD0EA4E052E', '$user$3, 0.594, good, good, None, 0x536fc4cd48ad9B3649e8aB615592E83Ec9F5fcd1', '$user$4, 0.498, good, bad, 3, 0x118E560679B62a9F24c135A96d416548782f8cc2', '$user$5, 0, freerider, freerider, 1, 0xA2F37A08a8488CB8551a0D03f7A73f4156757de7']","[('close', 'ddb0f433562ab1070d273d2fe140f723f4cc8b4a0ff1eb26389062fac3746ee6', 671004), ('slot', 'f960b361889584ce51f3156767e218d06976c2aa37bed117f51a367233cdfac8', 50814), ('slot', '80fc8973fc9b7bcf50b54bcc5bf8224a612b7ca38a301dccf2f3b6631a01eabe', 50814), ('slot', '94b1c4f36788bec26336b468dda8048d87206414ce2dcd5a401a0eed3a9f510c', 50814), ('slot', '407a48b9da8e61146fcf0fcd346b99cc5eb73fdf0a5eb261f51efd5ef990d07d', 50814), ('slot', '6c79d4f893a8dc09bfb4e42d13463a40117504ed840a960540b711bd15da6968', 50814), ('slot', '2f0ed97b5e4a8d839235e0b957c962aaa3ea44e41b18ba251efa6d3a1e951be6', 50814), ('weights', '4cbdadda6e5f2e1bbecd14f11ca0fa15a188ebe96c2149737918927168ab3385', 73694), ('weights', 'f0204f81f925ba599da3c603d5ce59e1f48ac265f7edc20c6f287c518805450a', 56594), ('weights', 'b5f782ac9ef71d7773681cecdff90629d7f4934e3490e79a6c4b9a3790840d34', 56582), ('weights', '92c8982a9ac203f9496893f9e94ba72262e8e8bf9bc0439e1b53359f7f96f488', 56594), ('weights', '312d9d133eb6c06b9b6db9fd9b3110f505626ccde41b3625de146a90848b3fb6', 56594), ('weights', 'd12d5733f413b6bcf25a8538d90a07e34ed531cdc7c3f63cb50a39fcfd8e39f2', 56594), ('feedback', 'ef911adb56c2012564f9031baadb6a92c5fedea4b978824f124ce77d1b40b1c0', 300527), ('feedback', '7a443f702d5ca2c2a9e6733da684dc11227f3cbbd28034d602ceafcc8899570c', 272101), ('feedback', '790b05a14481d78b2acff29ee5c724cb55c3122e1abc15c156a69f32ef99cee1', 271927), ('feedback', '43ba0eb1281c26daa92664a3d56c811747012b8a65cce743cee9a4e2d6255089', 226353), ('feedback', '8e9dbf9530481d91dea47e32cc067a103f82012a85138ba2b99de9b950dacdf0', 277701), ('feedback', '503bee764b66121378d3ea7de846c42d2e86269865a3ceeda9744563655272ac', 218683), ('contrib', 'c4393642f3322dfbc2e2d1bf915fa44fbeb428252d0967255411ddd639d1bacf', 75223), ('contrib', '8bc6c3fa81c960664d7cc03378771c7764404e9d7aac4fc75a3c93886f5d16f1', 58123), ('contrib', '7d40e1eff715b4bd8bd73cca46e18b0ff0d236d79904102c376f127bd23ecea3', 58123), ('contrib', 'c14e1eb254f5ff1126251b88e72ce999837b60ada19a9c4657f2a7b62ce4fa63', 58123), ('contrib', 'c91a588d13e3f3c5ab15b76686a568eda1ccca05b03e81e0c911aeb686c9ba5f', 58123), ('close', 'e63cf8cbde13a3ba9df94906685ac800527a798f3c830693786bf2d501f8d965', 643640)]"
3,00:54:26.216,0.8277,188.59335455298424,"[1375250135363699332, 1375380107558103863, 1375773660726852513, 1376380465973361608, 797215630377982676, 0]","[59, 59, 62, 60, 61, 65]","[63, 62, 63, 63, 63, 62]","[('0xA41dE09A63f6Cedd633f99052b44450d3BB91D44', 2391102535696374308, 180221784416243895, 1375250135363699332), ('0x17725D495A0843Ea05541fD61ba5D4082750bC08', 2390979781592738791, 180229002507012909, 1375380107558103863), ('0x37AC7AC5D09bbC6dAC1CF036b7F9DdD0EA4E052E', 2390483198771227666, 180125972854250434, 1375773660726852513), ('0x536fc4cd48ad9B3649e8aB615592E83Ec9F5fcd1', 2390003698304174457, 180253277633706320, 1376380465973361608)]",700000000000000000,"[(3, 398607815188991337), (3, 222222222222222223)]","[250019758939743041, 250029772520065307, 249886840581893920, 250063449144363403]","[[0.0, 1.0, 1.0, 1.0, -1.0, -1.0], [1.0, 0.0, 1.0, 1.0, -1.0, -1.0], [1.0, 1.0, 0.0, 1.0, -1.0, -1.0], [1.0, 1.0, 1.0, 0.0, -1.0, -1.0], [-1.0, -1.0, -1.0, -1.0, 0.0, -1.0], [0.0, 0.0, 0.0, 0.0, 0.0, 0.0]]","[5, 6]","['$user$0, 0.775, good, good, None, 0xA41dE09A63f6Cedd633f99052b44450d3BB91D44', '$user$1, 0.793, good, good, None, 0x17725D495A0843Ea05541fD61ba5D4082750bC08', '$user$2, 0.791, good, good, None, 0x37AC7AC5D09bbC6dAC1CF036b7F9DdD0EA4E052E', '$user$3, 0.764, good, good, None, 0x536fc4cd48ad9B3649e8aB615592E83Ec9F5fcd1', '$user$4, 0.498, bad, bad, 3, 0x118E560679B62a9F24c135A96d416548782f8cc2']","[('close', 'e63cf8cbde13a3ba9df94906685ac800527a798f3c830693786bf2d501f8d965', 643640), ('slot', 'ff54763dce8824324e178be99e01916494a9b7de76c4e2817a6e86093e5d5865', 50802), ('slot', 'bd034787fc00babf0d48fec0892fc7ca2b394344296f2ae79f2ea082105195e0', 50814), ('slot', 'a1d2fc2e5167d8ff790434a4891e9328a72b610e496e40d7178c30df52f65432', 50814), ('slot', '6cb1ac07f03ecdebb65f04ff019c7df8fdb852c54ced7471310b32d43143665b', 50814), ('slot', '3756fe60de20d9e0474db0014d0c17c88215b5431efb1c36d826dc7fd9d05956', 50814), ('slot', '680850ea418e80b039d58066f19323e5a6e67f67dc855a43a16120a4473e2946', 50814), ('weights', '90af6d774f47b6490651f38ee998719a7f0f49acd5fb18b5c0027b99f401e22a', 73682), ('weights', '70a525ad742c50a43aa77bdcbb9c682923df8906ea0ab5414dadccca8a227b49', 56594), ('weights', '3b73ddc8efae036ebfdf34c39484b79aba110c9239749ce222b3569b7bc7d8c2', 56594), ('weights', 'b650f8a5ecadbdf5067caafb58adad58e4c0314d7da12d2a2a78d354fd88bfa0', 56594), ('weights', 'f5df4c61506d09f7a592e66f5ce5905a4e44d2d6135c28840ebe1285aee17ca2', 56582), ('weights', 'f6308ae6e2e102cec13932ae2aaf1ae6d4a18acc46569d6546d5ec3c4594ef26', 56594), ('feedback', '4dfdda6001d514a7a3e5812154207a8fbc316b1d0cbfa0449a9ebfd9ce9c18a4', 323749), ('feedback', 'c90213704caf147bb9f464d87b4bf06fb469ff092e9c06e451327dc6c7a5be65', 253349), ('feedback', '740077951bb939c55fe60dda3ae2c09d4a39619bc17e85e0fbe3d05c205e415d', 238249), ('feedback', '61d8df7a1f88552ba2c52ea051cfcaf0b1acdd2b809e05b1544c586405e798e6', 258149), ('feedback', '748599b874da4437ec3a32f7a17e76886ba43433a186ebdeae480826f72f2683', 231293), ('feedback', '3595c460ce77102fc2a559c8cbbde98c7da6501ed520d33813ab770dd8f9856a', 218683), ('contrib', 'a056eee6054beeaa4fc910eaccdd491fe115428807f8c6202caf3e34dcb27516', 75223), ('contrib', '51d1ef08ee238250e2a3b5af1fbe53d197f3ef005e43994db27634f7e56ae41b', 58123), ('contrib', 'c18c9a04eabaabfeeb1ab71a9a5115df793eda8b406e828ecb2b8587ba319820', 58123), ('contrib', '98d9298571235070750ea4ddcc21304d9e701e67a7b5ee3fd43451e6d95473b9', 58123), ('close', '4989c0004c26e21dbf99c0aba6a9000ca113c71024fdb97b381e377c5e1e7ab2', 618388)]"
4,00:54:50.261,0.8743,132.80751527100801,"[1466694413517266211, 1466834849577360260, 1467167118282734621, 1467826531703983780, 531477086918655118, 0]","[81, 82, 81, 81, 83, 0]","[19, 19, 20, 21, 19, 0]","[('0xA41dE09A63f6Cedd633f99052b44450d3BB91D44', 3330318603880335308, 91444278153566879, 1466694413517266211), ('0x17725D495A0843Ea05541fD61ba5D4082750bC08', 3330188631685930777, 91454742019256397, 1466834849577360260), ('0x37AC7AC5D09bbC6dAC1CF036b7F9DdD0EA4E052E', 3329795078517182127, 91393457555882108, 1467167118282734621), ('0x536fc4cd48ad9B3649e8aB615592E83Ec9F5fcd1', 3329188273270673032, 91446065730622172, 1467826531703983780)]",600000000000000000,"[(4, 265738543459327558)]","[250026315450668334, 250054925680160522, 249887362122535705, 250031203031539916]","[[0.0, 1.0, 1.0, 1.0, -1.0, 0.0], [1.0, 0.0, 1.0, 1.0, -1.0, 0.0], [1.0, 1.0, 0.0, 1.0, -1.0, 0.0], [1.0, 1.0, 1.0, 0.0, -1.0, 0.0], [-1.0, -1.0, -1.0, -1.0, 0.0, 0.0], [0.0, 0.0, 0.0, 0.0, 0.0, 0.0]]",[5],"['$user$0, 0.851, good, good, None, 0xA41dE09A63f6Cedd633f99052b44450d3BB91D44', '$user$1, 0.845, good, good, None, 0x17725D495A0843Ea05541fD61ba5D4082750bC08', '$user$2, 0.863, good, good, None, 0x37AC7AC5D09bbC6dAC1CF036b7F9DdD0EA4E052E', '$user$3, 0.835, good, good, None, 0x536fc4cd48ad9B3649e8aB615592E83Ec9F5fcd1', '$user$4, 0.498, bad, bad, 3, 0x118E560679B62a9F24c135A96d416548782f8cc2']","[('close', '4989c0004c26e21dbf99c0aba6a9000ca113c71024fdb97b381e377c5e1e7ab2', 618388), ('slot', 'd140ba1132a56be2ce0f9c3cf08de53e536bf376cf98495dcd6ca8f837cc9696', 50814), ('slot', '6cb0662cd45c00f6e5e20cf3b0d2fb074c18b6cda7fe4770c91ad3366f2f48bb', 50814), ('slot', '46e2c12fb582d9d765b239cb72d906cb0fc49a497fdd0ab8d1396cc7b77d2654', 50814), ('slot', '1b64072388c8c40d7293d3a90f17fc816a5a5338cc16a326fad9ab015c6d4beb', 50814), ('slot', 'cd3fbe1189867105c4a353f09a482d17eac9e98c0073e585f2e21355aefb0092', 50802), ('weights', '3c5074fdff7b04db6e04a5a4d92bc9b5bbc066b18c4a4b03676d0b5fd147ab50', 73694), ('weights', '8676b83167afb91e4654be88b80dc108235ace407340f2f8d61e998c19f1e66c', 56594), ('weights', 'b20277c49a648a03645cfc6266a87c71cc0d3cf77b228622cf3a6db4abda59be', 56594), ('weights', 'd57cb7d4797f37a14e194c91b9acb17515b6440ea93ed4373f1abe894d5cd3fb', 56594), ('weights', '3396a92d06aea0e975db31401eb11f3fb8bb1addcd2bc209e8e37c4761ee9874', 56594), ('feedback', '062900967d21047f2163a8d26febeace71e66989855fbdfe2cbdcac56e97b38e', 270522), ('feedback', 'd9963a3a6b19e58ea6e99c1138bd67db1ab6512dd44d1d1245074b4ff8b4d462', 219222), ('feedback', '3233b48944096a79cd6f27c5f37742a0f02353e8086197f89f9e7c4b7d51ab86', 202122), ('feedback', '985bbad97e653efd914633c38be27b1101cd196f83dfc54b78de429a20c341fe', 202122), ('feedback', '8b2fcd491eda5cc64868ff7372880e856805675b91722ad23d7d4eddb22481e0', 203166), ('contrib', '5e39aed8df02aebc5262f110488202e13178e4a5c849b0de3309b388fc3c9d17', 75223), ('contrib', '7efa9b823307357beed106d8af89fe29febcf370d7fb67f2a2af4206e6e854f5', 58123), ('contrib', '68b018983005965371c66b66e94f98c3256e2ad5eb1456620d96d40522c2b017', 58123), ('contrib', '083b45970494396d8f3e0969798914a628a696c152c84f88867c164b10b5ab01', 58123), ('close', '994acd2b16284555ef54029c935fe781f78cc8e81927d5937e28e36c61d64344', 543321)]"
5,00:55:13.993,0.898,106.54712074995041,"[1535990704406830152, 1536136410335908563, 1536425049812481352, 1537129777499009842, 354318057945770079, 0]","[87, 88, 87, 86, 88, 0]","[13, 13, 14, 15, 13, 0]","[('0xA41dE09A63f6Cedd633f99052b44450d3BB91D44', 3870351412645423543, 69296290889563941, 1535990704406830152), ('0x17725D495A0843Ea05541fD61ba5D4082750bC08', 3870210976585329494, 69301560758548303, 1536136410335908563), ('0x37AC7AC5D09bbC6dAC1CF036b7F9DdD0EA4E052E', 3869878707879955133, 69257931529746731, 1536425049812481352), ('0x536fc4cd48ad9B3649e8aB615592E83Ec9F5fcd1', 3869219294458705974, 69303245795026062, 1537129777499009842)]",500000000000000000,"[(5, 177159028972885039)]","[250023573637008666, 250042587518692016, 249885171651840209, 250048667192459106]","[[0.0, 1.0, 1.0, 1.0, -1.0, 0.0], [1.0, 0.0, 1.0, 1.0, -1.0, 0.0], [1.0, 1.0, 0.0, 1.0, -1.0, 0.0], [1.0, 1.0, 1.0, 0.0, -1.0, 0.0], [-1.0, -1.0, -1.0, -1.0, 0.0, 0.0], [0.0, 0.0, 0.0, 0.0, 0.0, 0.0]]",[5],"['$user$0, 0.876, good, good, None, 0xA41dE09A63f6Cedd633f99052b44450d3BB91D44', '$user$1, 0.89, good, good, None, 0x17725D495A0843Ea05541fD61ba5D4082750bC08', '$user$2, 0.876, good, good, None, 0x37AC7AC5D09bbC6dAC1CF036b7F9DdD0EA4E052E', '$user$3, 0.876, good, good, None, 0x536fc4cd48ad9B3649e8aB615592E83Ec9F5fcd1', '$user$4, 0.498, bad, bad, 3, 0x118E560679B62a9F24c135A96d416548782f8cc2']","[('close', '994acd2b16284555ef54029c935fe781f78cc8e81927d5937e28e36c61d64344', 543321), ('slot', '745702f5019005b78eca890d1ef937cb45f22419f0b74215cff1d8195cfedd9e', 50814), ('slot', '6eb6e25e083cbd4e924f10b894f1dcdcb5448740b4672e695ee707f69b35b88c', 50814), ('slot', 'b03f8ebbee6f61b5da3e0d1ee59176c7994fd073374ea9204b8ddf95e852cef9', 50814), ('slot', '2fb7ccff85fe518bcc5e7d4ab0e41d5d70440eb7eb91206f7c0f2694d18d9098', 50814), ('slot', '61bbb5d37edec09ead49ebb292928a00b10e99d8eae070bca58fbe77d33cc703', 50814), ('weights', 'e511f7bd537da3c08dbd6fd492da9b764966493a3389c3d349f8c6dbd433e0ec', 73694), ('weights', '99ee76b48e74596607d82984e9ffbdaab8e7d1bc78cc72c74b65d1c81587889f', 56594), ('weights', '5dcc2212b6c79991a8c46b1ee3c23f6fe232057c40556866426b787c437818a6', 56594), ('weights', '77858b3973d3cdc0e166b8339dc6fa530ec641884eacd44cfdc651fc76b08ee1', 56594), ('weights', '7b04b93a720e96c8d16f5047be73efc66cdb756a37449f42d49caf49fa38a902', 56594), ('feedback', '1bf3141c51ad9e7e3bc73e4b5579c3d390e0aba36bcaacb80480446a387724c0', 270522), ('feedback', '68f29460c4c6cfe1a850d437a3db256d6af74437c05fcca3255fdeb8770d05a7', 219222), ('feedback', '0d021d6af0ebd3107e53583bb467bc3eaf516e78945ae5e5e9b4cc1545a97e39', 202122), ('feedback', 'abff88de57385b847afc9de8b9a2b6c3f135c70ec7889ed7aa0f0b5b3a32ce49', 202122), ('feedback', '7970dfe9fdddc194b0e401946fc6a833d7a1900218a7a42e68dad9d10a27909b', 203166), ('contrib', '96222204025b0c7485f4317a939cef48354b8780bfa19d53b4bc3ab7aad8945a', 75223), ('contrib', '55ba21a307c4696832b0ebce3dceea703ff12b6df13cf4b2e170c7c50ff6b5df', 58123), ('contrib', '4bdcbab8587b342a30543a2802504d4743ebe4f17920acb4c122be4bf11def7d', 58123), ('contrib', 'dc01564c1b0d1b2c1f3de6f9b85a450b8bd59b54f08f80cec29a16c25f70c867', 58123), ('close', '94d52469885fa0e9d5b74b4f77ce2ddec555f3bf88a435bfb96013e2ed5f3b36', 543321)]"
6,00:55:37.769,0.912,90.30997359752655,"[1590517175922803100, 1590701693749432721, 1590910801661361761, 1591658290035889017, 236212038630513386, 0]","[90, 90, 90, 87, 90, 0]","[10, 10, 11, 12, 11, 0]","[('0xA41dE09A63f6Cedd633f99052b44450d3BB91D44', 4255373179701629678, 54526471515972948, 1590517175922803100), ('0x17725D495A0843Ea05541fD61ba5D4082750bC08', 4255227473772551267, 54565283413524158, 1590701693749432721), ('0x37AC7AC5D09bbC6dAC1CF036b7F9DdD0EA4E052E', 4254938834295978478, 54485751848880409, 1590910801661361761), ('0x536fc4cd48ad9B3649e8aB615592E83Ec9F5fcd1', 4254234106609449988, 54528512536879175, 1591658290035889017)]",400000000000000000,"[(6, 118106019315256693)]","[249999821186065673, 250177770853042602, 249813124537467956, 250009179115295410]","[[0.0, 1.0, 1.0, 1.0, -1.0, 0.0], [1.0, 0.0, 1.0, 1.0, -1.0, 0.0], [1.0, 1.0, 0.0, 1.0, -1.0, 0.0], [1.0, 1.0, 1.0, 0.0, -1.0, 0.0], [-1.0, -1.0, -1.0, -1.0, 0.0, 0.0], [0.0, 0.0, 0.0, 0.0, 0.0, 0.0]]",[5],"['$user$0, 0.888, good, good, None, 0xA41dE09A63f6Cedd633f99052b44450d3BB91D44', '$user$1, 0.885, good, good, None, 0x17725D495A0843Ea05541fD61ba5D4082750bC08', '$user$2, 0.901, good, good, None, 0x37AC7AC5D09bbC6dAC1CF036b7F9DdD0EA4E052E', '$user$3, 0.887, good, good, None, 0x536fc4cd48ad9B3649e8aB615592E83Ec9F5fcd1', '$user$4, 0.498, bad, bad, 3, 0x118E560679B62a9F24c135A96d416548782f8cc2']","[('close', '94d52469885fa0e9d5b74b4f77ce2ddec555f3bf88a435bfb96013e2ed5f3b36', 543321), ('slot', '386404768bb40b6e4d97d87ad4d347c72cc3bbc043e5b11053e510456c1927fb', 50814), ('slot', '29502aef5996c69fdaab634865f7cd267ad8f15f41e59c4475ad0520817ea38e', 50814), ('slot', 'b255cfda0e12f1e2ae39e2269e124def6925a280ee58339296cf183869ea14bf', 50814), ('slot', 'c2a9deba1cf2079a74ef1e599b96433a02190db137cbb49ac421390e80a8d3bb', 50814), ('slot', '34fdf50818e30de48de09286dc5dcfc9837f2b1321c96a0e96557c2a91d16795', 50814), ('weights', '9d21ac6a0075240ba6b7591cbfd44585115adf0616f6ae9288a17d9ad61a7492', 73694), ('weights', '6d1425d85521f96753f367f88082d4f2cd8eb2d351095e3a8085b713da89a358', 56594), ('weights', 'ff92cc1278e7afd1abea63d74b3e334e504dff30abc50ab486ee7a87b04d0872', 56582), ('weights', '04d4bea578c0f9c151103307596644fd79c8bdcc5fa1a40312fd708c399dd302', 56594), ('weights', '27a007c478cfec44d155208536e1a3a86bd1b7a0894cfa191c35287985041819', 56570), ('feedback', '32b07ee5216b004bbdfc4ffcc253eec35a49126baec91f7c0b30a7ad4d442df7', 270522), ('feedback', '3b4e0dd42b56af4507cecd32ed2c70dd0539d5054fbb785bf628f264c3f10fea', 219222), ('feedback', '1e7d78627a2e624d6db20f340031cc897289017ac8ed0a074af75c3b1614b2d2', 202122), ('feedback', '021b1c32702310c7c5671be8ee87479f8885d21160b49519b206e98b6571e058', 202122), ('feedback', '2fd468c241e5fb3dd3f60f874d0f9eb7b1dd2773d729ef02a6dbaa21d1ad11e1', 203166), ('contrib', '611fb0213ac65346a3dea9c98e131bdeb1f7b6f89a900996e9143ae8b0ad2b5a', 75223), ('contrib', 'a1e2bea47d5f9a4d3c64e04de78586d63781dca4667533b6447500d0bce0b789', 58123), ('contrib', '774becd7ea2fdff312718b4a2e735572d9a408e0f0bbb074a3b444759c21f731', 58123), ('contrib', '2775747081bdd3bebb2679adfedcbf7c23e883b31d8268e778b5ace0c86d2d22', 58123), ('close', '86444f2f621a5fde968458476eaedf8fbb5a8744ae5ac4b8135835c10e674fde', 543321)]"
7,00:56:01.812,0.9209,79.25137897208333,"[1674551632483068365, 1674799957032985962, 1674930413739756559, 1675717996744189097, 0, 0]","[92, 90, 92, 89, 92, 0]","[9, 9, 9, 11, 9, 0]","[('0xA41dE09A63f6Cedd633f99052b44450d3BB91D44', 4537058746816170113, 84034456560265265, 1674551632483068365), ('0x17725D495A0843Ea05541fD61ba5D4082750bC08', 4536874228989540492, 84098263283553241, 1674799957032985962), ('0x37AC7AC5D09bbC6dAC1CF036b7F9DdD0EA4E052E', 4536665121077611452, 84019612078394798, 1674930413739756559), ('0x536fc4cd48ad9B3649e8aB615592E83Ec9F5fcd1', 4535917632703084196, 84059706708300080, 1675717996744189097)]",300000000000000000,"[(7, 236212038630513386)]","[249944806098937988, 250134587287902832, 249900653958320617, 250019907951354980]","[[0.0, 1.0, 1.0, 1.0, -1.0, 0.0], [1.0, 0.0, 1.0, 1.0, -1.0, 0.0], [1.0, 1.0, 0.0, 1.0, -1.0, 0.0], [1.0, 1.0, 1.0, 0.0, -1.0, 0.0], [-1.0, -1.0, -1.0, -1.0, 0.0, 0.0], [0.0, 0.0, 0.0, 0.0, 0.0, 0.0]]",[5],"['$user$0, 0.907, good, good, None, 0xA41dE09A63f6Cedd633f99052b44450d3BB91D44', '$user$1, 0.899, good, good, None, 0x17725D495A0843Ea05541fD61ba5D4082750bC08', '$user$2, 0.921, good, good, None, 0x37AC7AC5D09bbC6dAC1CF036b7F9DdD0EA4E052E', '$user$3, 0.898, good, good, None, 0x536fc4cd48ad9B3649e8aB615592E83Ec9F5fcd1']","[('close', '86444f2f621a5fde968458476eaedf8fbb5a8744ae5ac4b8135835c10e674fde', 543321), ('slot', '21626efd901c3567a0633af40456a3c6664c2354fe6e466794b8e398c2fd28b8', 50814), ('slot', '2ea98060853c80126658e95178cce8a62b9bacb3b2d6f87a258c5763ed0e78fa', 50802), ('slot', 'ecf493219ec5e10748dcae1dbf2fb77cef6ce2a40ec3cae9cbdd460ef35ff5a2', 50814), ('slot', 'a702a4363230203f14176af5f07f64358e0c1d78b37e3bda1752803d0d99ecb8', 50814), ('slot', '2d4fb64fc87a1930d838536cd2380ee09050b46edcfb48d7d7fd5fe28273e563', 50814), ('weights', '8700ca2113283babb22e81464d611ded4afdc8cd7162fff4ac56151abcb1c32f', 73694), ('weights', '55194da7dee3eb2dd7fb78f3d9ca00e0ec0396364bceeded43e75e22289f7f3a', 56594), ('weights', '2a7e8e2ea990b6c94acf9115e97886723e61ccadd6e3e46f45e2c1f2f82cbca1', 56594), ('weights', 'bfe9160d94b109a549e595fcbc1f17a73f1b342706822c3ad793f307f632a6a3', 56594), ('weights', 'f2cb03a57ea4d63f82dd3b403fd32920db40b0908fdb07193b7db16f05bdbb8f', 56594), ('feedback', '7734ea03d025a18207136222e98d19e19b5393eca24047f27bc69b1433a72a7b', 270522), ('feedback', 'ae1dbe01e49d3f9aa9ad241086322a10289fbf92007ede5fb1bc5aac20d620b5', 219222), ('feedback', '74188c65999f47a8ab8ae5428cd70d01053f2e026afdabd2f929d076dbcb895c', 202122), ('feedback', 'e7728e5317bfc33fa36a1e2a332ff3d305069c2fd2347a6560114939286421af', 202122), ('feedback', '6049821e16e4add6f5c33e162781169a00dc59b99ce0a602b88c0735b935db5f', 203166), ('contrib', '21373c244e5a287c8a2019216c0c94a3966f35ee39be516e910c9b6e827da39d', 75223), ('contrib', 'd7ab3bd68e7b5e5fc9d00c6dab65b2fa7ed890c1cfaa25b54e9326f09a3421e6', 58123), ('contrib', '988c3be1dcc57dde7c0535508c2a7d9bbb162a8d3a529bc5171c112f4b61c151', 58123), ('contrib', '09b14b69def8552854c2035feaf42be0ce777d3626f6894c941155d67e48bdcf', 58123), ('close', '97090dae8a56fb3e64c593c807a6cbe76ac6454822a40cde2ed8d7cccc7a2f9d', 502181)]"
8,00:56:23.692,0.9313,68.50474329665303,"[1699550663907533033, 1699809233006382023, 1699916054979974318, 1700724048106110607, 0, 0]","[92, 92, 93, 90, 0, 0]","[8, 8, 8, 9, 0, 0]","[('0xA41dE09A63f6Cedd633f99052b44450d3BB91D44', 5025448367516931618, 24999031424464668, 1699550663907533033), ('0x17725D495A0843Ea05541fD61ba5D4082750bC08', 5025200042967014021, 25009275973396061, 1699809233006382023), ('0x37AC7AC5D09bbC6dAC1CF036b7F9DdD0EA4E052E', 5025069586260243424, 24985641240217759, 1699916054979974318), ('0x536fc4cd48ad9B3649e8aB615592E83Ec9F5fcd1', 5024282003255810886, 25006051361921510, 1700724048106110607)]",200000000000000000,[],"[249990299344062805, 250092744827270507, 249856397509574890, 250060498714447021]","[[0.0, 1.0, 1.0, 1.0, 0.0, 0.0], [1.0, 0.0, 1.0, 1.0, 0.0, 0.0], [1.0, 1.0, 0.0, 1.0, 0.0, 0.0], [1.0, 1.0, 1.0, 0.0, 0.0, 0.0], [0.0, 0.0, 0.0, 0.0, 0.0, 0.0], [0.0, 0.0, 0.0, 0.0, 0.0, 0.0]]",[],"['$user$0, 0.917, good, good, None, 0xA41dE09A63f6Cedd633f99052b44450d3BB91D44', '$user$1, 0.922, good, good, None, 0x17725D495A0843Ea05541fD61ba5D4082750bC08', '$user$2, 0.931, good, good, None, 0x37AC7AC5D09bbC6dAC1CF036b7F9DdD0EA4E052E', '$user$3, 0.91, good, good, None, 0x536fc4cd48ad9B3649e8aB615592E83Ec9F5fcd1']","[('close', '97090dae8a56fb3e64c593c807a6cbe76ac6454822a40cde2ed8d7cccc7a2f9d', 502181), ('slot', 'bfea155c4c65734716ccfe5daeb9c56d7fe52fce422229d37d46730c9113938a', 50814), ('slot', '549898db47f65ad35a7d68ce1a88306fb27cf3657ceb25fb2e7384f535844511', 50814), ('slot', '953e6f564ce4e43582cb439d9b402a971244ac3e1c284821cca866cb088367de', 50802), ('slot', '44686ce1e31bc2262e807e707f21635232a498c49795c90d0b6dbc9eb575d340', 50814), ('weights', '119eec1708c202888f84fb8db8220150099ee6343af8ee35cb23a5d5a9f2336d', 73694), ('weights', '68d315869b5a6639c8b00146deba8f69cf23332018aca36f16fdc313ed353ea8', 56594), ('weights', '30073b061f288bb5d96851a53d3615ca593e4f2e67f16c1d9bc11d34924fd224', 56594), ('weights', '61d8c2d83dc9d725d9abe934605530d181f90d8380fd805a8b752f1182c68045', 56594), ('feedback', 'a68b6daae0c43a3b7d46230b81f55e2f2c5933da121c156691b67a68b686bba2', 217307), ('feedback', '44cf60fd4ca91a1597daf8bfe7a22dc76a7d4a2d46502ee1b7920aae3b89218d', 183107), ('feedback', '86d9aebb69e46a7281e206aa36ae987428a985a7a34e17463662a822e367587e', 166007), ('feedback', 'f206d0aa340317fb2c437268a1cdd4f77d90dfb5323386d8615217f2d7fa798d', 166007), ('contrib', 'c9fbd0554582d2724746f0902ef0a678b03b57ecf90c9375f2862e1916e2f0ed', 75223), ('contrib', '0abe97f8f6ed76eb923868d54d1d174981b75528c169ecd83e4abf6059d94d37', 58123), ('contrib', '7d2a1536030f0fb5c208af43f62bb79057dbb4413ed7f2f13ee2edafdaf05514', 58123), ('contrib', 'e418e40b75d3793c6ed8f8d9f7cd759bb433362371a6bf1210317588be268e4d', 58123), ('close', 'bf8e3ef97af3307b27e752c22617ec2686f4216c811bf36c2144b2d6b9eef8e0', 410442)]"
9,00:56:45.117,0.9372,62.16472838073969,"[1724547400925711987, 1724825645518094522, 1724902201742734998, 1725724751813458472, 0, 0]","[93, 94, 94, 91, 0, 0]","[7, 7, 7, 8, 0, 0]","[('0xA41dE09A63f6Cedd633f99052b44450d3BB91D44', 5100449336092466948, 24996737018178954, 1724547400925711987), ('0x17725D495A0843Ea05541fD61ba5D4082750bC08', 5100190766993617958, 25016412511712499, 1724825645518094522), ('0x37AC7AC5D09bbC6dAC1CF036b7F9DdD0EA4E052E', 5100083945020025663, 24986146762760680, 1724902201742734998), ('0x536fc4cd48ad9B3649e8aB615592E83Ec9F5fcd1', 5099275951893889374, 25000703707347865, 1725724751813458472)]",100000000000000000,[],"[249967366456985473, 250164121389389038, 249861463904380798, 250007033348083496]","[[0.0, 1.0, 1.0, 1.0, 0.0, 0.0], [1.0, 0.0, 1.0, 1.0, 0.0, 0.0], [1.0, 1.0, 0.0, 1.0, 0.0, 0.0], [1.0, 1.0, 1.0, 0.0, 0.0, 0.0], [0.0, 0.0, 0.0, 0.0, 0.0, 0.0], [0.0, 0.0, 0.0, 0.0, 0.0, 0.0]]",[],"['$user$0, 0.921, good, good, None, 0xA41dE09A63f6Cedd633f99052b44450d3BB91D44', '$user$1, 0.935, good, good, None, 0x17725D495A0843Ea05541fD61ba5D4082750bC08', '$user$2, 0.94, good, good, None, 0x37AC7AC5D09bbC6dAC1CF036b7F9DdD0EA4E052E', '$user$3, 0.915, good, good, None, 0x536fc4cd48ad9B3649e8aB615592E83Ec9F5fcd1']","[('close', 'bf8e3ef97af3307b27e752c22617ec2686f4216c811bf36c2144b2d6b9eef8e0', 410442), ('slot', '94bf6e673cc3d311ae2621e8ca803718056b2fa54d0282800377d096968ca93b', 50814), ('slot', '5cd4dbac7827a0a6fed45d51b7e3dee288ac3a081995c585bad44c3727d09762', 50814), ('slot', '2114ce7591f76e3bf58159ba1523cb52b55406c4d66df85f181a5ba6e174636f', 50814), ('slot', 'd2a3cb3878249db98de5bc4f4b711cc068994eb5c3f0e870fcbef3f42343b173', 50802), ('weights', 'd576c3a61b61e272436bda545d5ce7ae2e33f3675883ccc318a4f4e1cacdbe0c', 73694), ('weights', '1d76f59c0e81c664493a5153feb3be352491fb59a2caa30834e3a3a6f6131a05', 56594), ('weights', '18f81b5fd03dc99967cf16f78dc1e1012c7fadb07fa80cb3e9b0f3fb4161e84a', 56594), ('weights', '3a0da8d5cd89ced81d18798344397801b8d18bb50b35ab98945d4f25987f06f1', 56594), ('feedback', 'e1b90819c94607a603e19ab7d0801274746d6e19f242a47d0d1e72374c5145e1', 217307), ('feedback', 'e05fba80d9534dd8c9917317448ebd4445cd02647f1c5fd0dd4ac19c968ca5b0', 183107), ('feedback', '25a646a77c15c1148dd9e40c5c0e6fce771d14ede18043a00997f0a7450a363e', 166007), ('feedback', '3cf2438981bcd7a2c53c11382a05956fe3383346156b26fd7a5adc3c626ac2eb', 166007), ('contrib', '7b8907eed759b1869f40383d535484abf89c13c5b7f589f80ac53e99809277b2', 75223), ('contrib', '6abec0abcb5bcf0d7a5f1e786bdc12a3d0477e1a8e673343a46046d9a33b8e17', 58123), ('contrib', 'eeeb30a2813119bcca418820fe140e46238578c31f887beb8564e132ff5f134d', 58123), ('contrib', 'bf2ea27ff17cfa7ababd1b2db7003b99f90572ce40d8115e5a9583312937eb88', 58123), ('close', '07cb017d24e94ad64ceca09f1498839de00fd4035e34c485e8cb2f39d9763a1f', 410442)]"
10,00:57:06.730,0.9434,55.95361718162894,"[1749547330145198425, 1749837878626012036, 1749888395072242309, 1750726396156547207, 0, 0]","[93, 94, 95, 92, 0, 0]","[6, 6, 6, 7, 0, 0]","[('0xA41dE09A63f6Cedd633f99052b44450d3BB91D44', 5175452599074287992, 24999929219486438, 1749547330145198425), ('0x17725D495A0843Ea05541fD61ba5D4082750bC08', 5175174354481905457, 25012233107917514, 1749837878626012036), ('0x37AC7AC5D09bbC6dAC1CF036b7F9DdD0EA4E052E', 5175097798257264981, 24986193329507311, 1749888395072242309), ('0x536fc4cd48ad9B3649e8aB615592E83Ec9F5fcd1', 5174275248186541507, 25001644343088735, 1750726396156547207)]",0,[],"[249999299645423889, 250122338533401489, 249861940741539001, 250016450881958007]","[[0.0, 1.0, 1.0, 1.0, 0.0, 0.0], [1.0, 0.0, 1.0, 1.0, 0.0, 0.0], [1.0, 1.0, 0.0, 1.0, 0.0, 0.0], [1.0, 1.0, 1.0, 0.0, 0.0, 0.0], [0.0, 0.0, 0.0, 0.0, 0.0, 0.0], [0.0, 0.0, 0.0, 0.0, 0.0, 0.0]]",[],"['$user$0, 0.926, good, good, None, 0xA41dE09A63f6Cedd633f99052b44450d3BB91D44', '$user$1, 0.932, good, good, None, 0x17725D495A0843Ea05541fD61ba5D4082750bC08', '$user$2, 0.945, good, good, None, 0x37AC7AC5D09bbC6dAC1CF036b7F9DdD0EA4E052E', '$user$3, 0.918, good, good, None, 0x536fc4cd48ad9B3649e8aB615592E83Ec9F5fcd1']","[('close', '07cb017d24e94ad64ceca09f1498839de00fd4035e34c485e8cb2f39d9763a1f', 410442), ('slot', '710dfb4a6528cda353b1c70f1775795048c1111afc367e3eb80b8be6ce646405', 50814), ('slot', 'b1e511497e2907f5d5f4706b7e813c7515a276b5c73afc3c316265eaa517e714', 50814), ('slot', 'e823f4203bf2ab570fb1652c6d9562daa11c9f791672805b20e3a7c180c56d4d', 50814), ('slot', '7b8d1c22126e4f60dbe94b3a57a340013301f7cd6c4e0b1ae9ebc9d8998d6695', 50802), ('weights', '6330f79667fe70d3b71ee08283abf586a76435b097d0e093813f3a5080a740a7', 73694), ('weights', '78fa296ef7f84f30fe17a7cbb16a180b080a3e904448952cb4ce665ba562eda7', 56594), ('weights', 'cc9426038a4d85c7ce710e4f37da49f124bd0ee42f77764d568c6ff21bfdb43b', 56594), ('weights', '44abd15d08bd5d9a8d56f9da71867b07abb5382647c3b1ed70deaf377cc1cfce', 56594), ('feedback', 'd5221af9ba32816a608cea896798510c5e3a616cd3e9514d7aa8ae6e3bfafc2b', 217307), ('feedback', 'cf8706ffb572deae88d1fa23c0eb0adbc47b8483fd199b5e1b1f9b1a4fbc3420', 183107), ('feedback', '3ef44dbd7830122c3e3e0f94e4aa65c4d24a7d7ea76971137938fc9633daf45d', 166007), ('feedback', '8b983a1d48b0de56848901e7816ce09e4da25bc7097fae3ae045e34b13ea306d', 166007), ('contrib', '33750b5fd6000016dbd9b5c9f1e67444105e0f76da2782bc7709b2ff6b336536', 75223), ('contrib', 'ab6bd5739b5f281ba4672d62a35584b38bb01a43105efdcfd9250b3461b536fe', 58123), ('contrib', '89664f8481828d91d49b660bf006a59d617cf253a60b7dfffb67279572c34d7a', 58123), ('contrib', '9e166f2323a7598a3ad9cdc76e4235363cc9fe786df2d72aa2b9fe2bd76afc2f', 58123), ('close', 'a76b7215096c7fba09a2c14073858acd551e9728c053a44884ac8eb31dfbb485', 410442)]"
# $gasCosts$[403001, 334601, 270153, 317501, 270153, 218683, 75223, 58123, 58111, 58123, 58123, 300527, 272101, 271927, 226353, 277701, 218683, 75223, 58123, 58123, 58123, 58123, 323749, 253349, 238249, 258149, 231293, 218683, 75223, 58123, 58123, 58123, 270522, 219222, 202122, 202122, 203166, 75223, 58123, 58123, 58123, 270522, 219222, 202122, 202122, 203166, 75223, 58123, 58123, 58123, 270522, 219222, 202122, 202122, 203166, 75223, 58123, 58123, 58123, 270522, 219222, 202122, 202122, 203166, 75223, 58123, 58123, 58123, 217307, 183107, 166007, 166007, 75223, 58123, 58123, 58123, 217307, 183107, 166007, 166007, 75223, 58123, 58123, 58123, 217307, 183107, 166007, 166007, 75223, 58123, 58123, 58123],[126674, 126674, 126674, 126674, 126674],[50814, 50814, 50814, 50814, 50814, 50814, 50814, 50814, 50814, 50814, 50814, 50814, 50802, 50814, 50814, 50814, 50814, 50814, 50814, 50814, 50814, 50814, 50802, 50814, 50814, 50814, 50814, 50814, 50814, 50814, 50814, 50814, 50814, 50814, 50802, 50814, 50814, 50814, 50814, 50814, 50802, 50814, 50814, 50814, 50814, 50802, 50814, 50814, 50814, 50802],[73694, 56594, 56594, 56594, 56594, 56594, 73694, 56594, 56582, 56594, 56594, 56594, 73682, 56594, 56594, 56594, 56582, 56594, 73694, 56594, 56594, 56594, 56594, 73694, 56594, 56594, 56594, 56594, 73694, 56594, 56582, 56594, 56570, 73694, 56594, 56594, 56594, 56594, 73694, 56594, 56594, 56594, 73694, 56594, 56594, 56594, 73694, 56594, 56594, 56594],[671004, 643640, 618388, 543321, 543321, 543321, 502181, 410442, 410442, 410442],[],[]
# TOTAL EXPERIMENT TIME: 246.06 seconds
