# Author Nykjaer
# ------Specs--------# cpu_name:  (processor model)
# cpu_cores: 6 (physical cores)
# ram_gb: 13.5 (system memory in GB)
# gpu_name: NVIDIA GeForce RTX 3060 Laptop GPU (graphics processor)
# os_name: Linux (operating system)
# ------Config--------# good_contributors: 4 (honest participants)
# bad_contributors: 1 (malicious participants)
# freeriders: 1 (contribute 0)
# inactive: 0 (never join)
# reward: 1000000000000000000 (total reward pool)
# minimum_rounds: 10 (rounds to simulate)
# min_buy_in: 1000000000000000000 (lower buy-in bound)
# max_buy_in: 1000000000000000000 (upper buy-in bound)
# standard_buy_in: 1000000000000000000 (default buy-in)
# epochs: 1 (local epochs per round)
# batch_size: 32 (training batch size)
# punish_factor: 3 (penalty multiplier)
# first_round_fee: 50 (fee for first round)
# fork: True (True=local fork, False=real net)
# contribution_score_strategy: dotproduct (scoring method)
# use_outlier_detection: False (Whether to use outlier detection)
# freerider_start_round: 1 (When freeriders should start freeriding)
# freerider_noise_scale: 0.01 (How much noise a freeder should add)
round,time,globalAcc,globalLoss,GRS,accAvgPerUser,lossAvgPerUser,rewards,conctractBalanceRewards,punishments,contributionScores,feedbackMatrix,disqualifiedUsers,userStatuses,GasTransactions
# $startingUserConfig$['$user$0, 0, good, good, None, 0xA41dE09A63f6Cedd633f99052b44450d3BB91D44', '$user$1, 0, good, good, None, 0x17725D495A0843Ea05541fD61ba5D4082750bC08', '$user$2, 0, good, good, None, 0x37AC7AC5D09bbC6dAC1CF036b7F9DdD0EA4E052E', '$user$3, 0, good, good, None, 0x536fc4cd48ad9B3649e8aB615592E83Ec9F5fcd1', '$user$4, 0, good, bad, 3, 0x118E560679B62a9F24c135A96d416548782f8cc2', '$user$5, 0, good, freerider, 1, 0xA2F37A08a8488CB8551a0D03f7A73f4156757de7']
0,01:49:11.396,0,721.2977905273438,"[1000000000000000000, 1000000000000000000, 1000000000000000000, 1000000000000000000, 1000000000000000000, 1000000000000000000]",[],[],[],1000000000000000000,[],[],,[],"['$user$0, 0, good, good, None, 0xA41dE09A63f6Cedd633f99052b44450d3BB91D44', '$user$1, 0, good, good, None, 0x17725D495A0843Ea05541fD61ba5D4082750bC08', '$user$2, 0, good, good, None, 0x37AC7AC5D09bbC6dAC1CF036b7F9DdD0EA4E052E', '$user$3, 0, good, good, None, 0x536fc4cd48ad9B3649e8aB615592E83Ec9F5fcd1', '$user$4, 0, good, bad, 3, 0x118E560679B62a9F24c135A96d416548782f8cc2', '$user$5, 0, good, freerider, 1, 0xA2F37A08a8488CB8551a0D03f7A73f4156757de7']","[('register', 'c6a22a72e1398e934bf4ca5e1dc92edd8629527f848ed44fcd7eca74dcc019f3', 126674), ('register', '0b5c9283dcce3b4baf53bbf536538badc0a4e83bfa2ea5d29f74e01be111c786', 126674), ('register', 'a6092a63f8a753d59fdb9ba2aacb651f0f6d4419bb0d92fa7b364242730f8e9e', 126674), ('register', 'f95740b3b28907b477cb976dedb79c45560978ad896601caa4ee8301f29a1bed', 126674), ('register', '137f227ee66cc2a085bdc22ba8a24f5496538542c3f76bb2001aba95ee06adc1', 126674)]"
1,01:49:39.956,0.3849,710.6510009765625,"[1153674529189747633, 1153498641846100859, 1153035286768745083, 1153088740710088500, 1153369468151984589, 333333333333333334]","[9, 10, 10, 12, 13, 13]","[74, 74, 74, 74, 74, 74]","[('0xA41dE09A63f6Cedd633f99052b44450d3BB91D44', 4000000000000000000, 153674529189747633, 1153674529189747633), ('0x17725D495A0843Ea05541fD61ba5D4082750bC08', 3000000000000000000, 153498641846100859, 1153498641846100859), ('0x37AC7AC5D09bbC6dAC1CF036b7F9DdD0EA4E052E', 4000000000000000000, 153035286768745083, 1153035286768745083), ('0x536fc4cd48ad9B3649e8aB615592E83Ec9F5fcd1', 3000000000000000000, 153088740710088500, 1153088740710088500), ('0x118E560679B62a9F24c135A96d416548782f8cc2', 4000000000000000000, 153369468151984589, 1153369468151984589)]",900000000000000000,"[(1, 166666666666666666)]","[200445041060447692, 200215622782707214, 199611246585845947, 199680969119071960, 200047135353088378]","[[0.0, 0.0, 1.0, 0.0, 1.0, -1.0], [1.0, 0.0, 1.0, 1.0, 1.0, -1.0], [1.0, 1.0, 0.0, 1.0, 1.0, -1.0], [1.0, 1.0, 1.0, 0.0, 1.0, -1.0], [1.0, 1.0, 1.0, 1.0, 0.0, -1.0], [0.0, 0.0, 0.0, 0.0, 0.0, 0.0]]",[6],"['$user$0, 0.763, good, good, None, 0xA41dE09A63f6Cedd633f99052b44450d3BB91D44', '$user$1, 0.676, good, good, None, 0x17725D495A0843Ea05541fD61ba5D4082750bC08', '$user$2, 0.725, good, good, None, 0x37AC7AC5D09bbC6dAC1CF036b7F9DdD0EA4E052E', '$user$3, 0.682, good, good, None, 0x536fc4cd48ad9B3649e8aB615592E83Ec9F5fcd1', '$user$4, 0.699, good, bad, 3, 0x118E560679B62a9F24c135A96d416548782f8cc2', '$user$5, 0, freerider, freerider, 1, 0xA2F37A08a8488CB8551a0D03f7A73f4156757de7']","[('slot', '95f5244d6540bba1bbfbdcf5f9ec2f861e354ffc5b052277b91ce68d5beb533d', 50814), ('slot', '0218c66700e0ad25d057c54a175953b50af342cad659b056f4c54a8520a0d38c', 50814), ('slot', '50e8a40c3003b84eb03f14ad90cdc67279649d5ba8b886a8c8ff3cfd5a9bf011', 50802), ('slot', '5cbcbeebe968f9c17ce1e80de334e76e859ff1f3d8bf740cd214b13334e3524b', 50814), ('slot', '5df29cf2c4516a7d81da484bdc44cdea34de432bbd00ab878937ec724792c11e', 50814), ('slot', '0a18f06dc204ce81dd44ec14d04b9ac786747fc891ec8aefa0f1d9cdd687085a', 50814), ('weights', '474681dfb49a65a9916ff40de79a88846ad8d66a0ced0c61e8b1120ee0960e2b', 73682), ('weights', '134e17deb60b600f739768396679dcbd21157af8a5e894ca3fbce2b309625acc', 56594), ('weights', '353ced79efd895fa9c73de943c1859073febbc48377a2aecfce687d2706ae69d', 56594), ('weights', '42569a0e0c1967960564c5ff552435822daf49ef5c966fadd2b7931cd391af7c', 56594), ('weights', 'b10ec96229c2ad6ff8b4060e1023ed002f8bf55cdd0ace50e7865f8ce39af557', 56594), ('weights', '14b4511ad2da5f6d90debf11e1b041043580e8d3d703aeebc20e6f5400747e10', 56594), ('feedback', '76f0b0806a679baae3f417cea08c8c65a68dcaee221bcd969577712580e27294', 321453), ('feedback', '3cbc2d0df85db6fb264a35f5ad3f0fd1fdea6c91d8d41dee65dd2b4239faa55a', 351701), ('feedback', 'b6329b35c11ad442538dfe8f1161a7d534c36846fa05f7fbd77b6569ac11fde9', 334601), ('feedback', '3cdd15513d575cba2b91f2f121b808d97afe7f243f8d96f35d9cb11ac7352815', 317501), ('feedback', 'bca8b28f1a1977baaba27c2dade50a06cabf7e97b48abf4794d1c689ce9e9c27', 317501), ('feedback', 'a4f2920a6fb045062814a75675563fac7b9f8c2cc384ae76691776cf7ff5ff9a', 218683), ('contrib', 'f1e237b7ae44e5e5b49b1ed4b7332518eeae38858ecaa53d8748b80884d4d2ca', 75223), ('contrib', '5aa360a39013b747d276d99aec4ad40ac6bae31d8da393ac965806afc2ad9c17', 58123), ('contrib', '85f3f71749e8213f11286808982d1c28bb42d9863ba54080d7b83ab08bf8e6cf', 58123), ('contrib', '893751aad2f05a8b146c25b7702225b18c9b0a9e93fd60eb56c126307021be7e', 58123), ('contrib', '4660e6234ceddd9bc02f7f5b17dc7d59af80fa6673ca219d32c75b2e24a2357d', 58123), ('close', '4a02c232a738b921171eadc365288d2d09e2441f084bc31dbe0f60a3e42bd3de', 671004)]"
2,01:50:09.023,0.7243,305.45207965373993,"[1195888172813598388, 1195733573102947476, 1195259478262173956, 1195334430605156759, 1195562122993901193, 222222222222222223]","[35, 35, 36, 36, 36, 40]","[73, 73, 73, 73, 73, 73]","[('0xA41dE09A63f6Cedd633f99052b44450d3BB91D44', 4612992137476919031, 42213643623850755, 1195888172813598388), ('0x17725D495A0843Ea05541fD61ba5D4082750bC08', 4613168024820565805, 42234931256846617, 1195733573102947476), ('0x37AC7AC5D09bbC6dAC1CF036b7F9DdD0EA4E052E', 4613631379897921581, 42224191493428873, 1195259478262173956), ('0x536fc4cd48ad9B3649e8aB615592E83Ec9F5fcd1', 4613577925956578164, 42245689895068259, 1195334430605156759), ('0x118E560679B62a9F24c135A96d416548782f8cc2', 4613297198514682075, 42192654841916604, 1195562122993901193)]",800000000000000000,"[(2, 111111111111111111)]","[199959367513656616, 200060203671455383, 200009331107139587, 200111165642738342, 199859946966171264]","[[0.0, 1.0, 1.0, 1.0, 1.0, -1.0], [1.0, 0.0, 1.0, 1.0, 1.0, -1.0], [1.0, 1.0, 0.0, 1.0, 1.0, -1.0], [1.0, 1.0, 1.0, 0.0, 1.0, -1.0], [1.0, 1.0, 1.0, 1.0, 0.0, -1.0], [0.0, 0.0, 0.0, 0.0, 0.0, 0.0]]",[6],"['$user$0, 0.688, good, good, None, 0xA41dE09A63f6Cedd633f99052b44450d3BB91D44', '$user$1, 0.665, good, good, None, 0x17725D495A0843Ea05541fD61ba5D4082750bC08', '$user$2, 0.691, good, good, None, 0x37AC7AC5D09bbC6dAC1CF036b7F9DdD0EA4E052E', '$user$3, 0.667, good, good, None, 0x536fc4cd48ad9B3649e8aB615592E83Ec9F5fcd1', '$user$4, 0.7, good, bad, 3, 0x118E560679B62a9F24c135A96d416548782f8cc2', '$user$5, 0, freerider, freerider, 1, 0xA2F37A08a8488CB8551a0D03f7A73f4156757de7']","[('close', '4a02c232a738b921171eadc365288d2d09e2441f084bc31dbe0f60a3e42bd3de', 671004), ('slot', 'af90879e253c26ec1d3ee05fcbbe2e8bfce7df61d27fd4e2df18dbd59b2ecc09', 50814), ('slot', 'c9842d4bdf433a2a5316a022497802d4142ad0fa408c802d4146ad04af31a786', 50802), ('slot', '9eeb109f513d7413c4356b43145d605d41ba38738532c503702c1ac81a89b44f', 50814), ('slot', '55b2ab7cebb7725906a63ca170c2077d2e5a94591700328fc2d025e4e1d82976', 50814), ('slot', '7c882554bddd23ccbf26cde0340e627b2f134954eb7c154df3b1a4b09464729e', 50814), ('slot', 'e49073d5e99aad3991cffa0250e3abae5eb67d91290ff6148530523fc524b3da', 50814), ('weights', '367a354d3a4cecc8019347b6bfd380fc160fcc14777d7de7111b61b66a3accf0', 73670), ('weights', 'a12f0e7d9b18fa33cf967ba8f8ce29b2d7a7e90ab5d774fc836663ba1f9a5364', 56594), ('weights', '90215e7e019b6732f591286156b1395c611e27ea720dc2fcd53b651f4cccd871', 56594), ('weights', 'faa2a286fe85caa99b49f07e196b556d0d69f56612b992a0fffe6be7d6f0bbec', 56594), ('weights', '50d625da7f7309fbc85d471ae82f8b61e760cf7e94f18becd3733613d59f4eea', 56594), ('weights', 'ae291b2f4a2b2e45bd9db3824d614798783cbd9136863dd56141529075e46233', 56594), ('feedback', '553f6f7247208b68cf35cbfdb64e64063b7c767b1a43448b710983cc5fdd2c23', 363201), ('feedback', 'ef42227ba84c2787b6d1527862ceb88753a2c779ce4ab4bad20f72138064525d', 255001), ('feedback', 'a2556d39afe91b0bad2a0f4a1f60ffe9b7ccf4112e6410937b76a5af3743de45', 237901), ('feedback', 'a3a63989b533f672f416497ef9f74abfc7d108290264d95d2f27650d94a97c84', 237901), ('feedback', '0b74b2d01c54c02644be26a168d52cd60725a2d374929301d49a190061eb91a7', 237901), ('feedback', '65003aef532bd4da1d72069c364ed64bbc3ca99905f39778a7cd2be61106df0b', 218683), ('contrib', '8d825c80ac44366ef84db987eed7f43d63336af89d9e1ba4a0b1456b060f2494', 75223), ('contrib', '29d3880df4352cd200a3a89f77205cbd673b8447f24387737520eebd3261f1d5', 58123), ('contrib', 'f3340a25008b592dfbcdaa726a4dd8b11d87232662a594debad295960c2c59c8', 58123), ('contrib', 'aa0f36281998b796a375365ec79d52a93c7c2b046819f85f1190c6394b4d6ef3', 58123), ('contrib', 'b2b04ea0a5bc3956cfaeb25881ff6220eba18beb6b180a5e343ad8fe0e72f5ae', 58123), ('close', '0df2e8087a8b158aa0e3b1a6f8df804a874d7a3976c0b9460b026150d80a59f5', 643640)]"
3,01:50:35.012,0.8489,161.05927702784538,"[1376097213567909668, 1375933399017277889, 1375426783738902894, 1375501188346642080, 797041415329267462, 0]","[71, 70, 72, 70, 73, 74]","[32, 32, 32, 33, 31, 31]","[('0xA41dE09A63f6Cedd633f99052b44450d3BB91D44', 2390765358976376998, 180209040754311280, 1376097213567909668), ('0x17725D495A0843Ea05541fD61ba5D4082750bC08', 2390919958687027910, 180199825914330413, 1375933399017277889), ('0x37AC7AC5D09bbC6dAC1CF036b7F9DdD0EA4E052E', 2391394053527801430, 180167305476728938, 1375426783738902894), ('0x536fc4cd48ad9B3649e8aB615592E83Ec9F5fcd1', 2391319101184818627, 180166757741485321, 1375501188346642080)]",700000000000000000,"[(3, 398520707664633731), (3, 222222222222222223)]","[250032335519790649, 250019550323486328, 249974429607391357, 249973669648170471]","[[0.0, 1.0, 1.0, 1.0, -1.0, 0.0], [1.0, 0.0, 1.0, 1.0, -1.0, -1.0], [1.0, 1.0, 0.0, 1.0, -1.0, 0.0], [1.0, 1.0, 1.0, 0.0, -1.0, -1.0], [-1.0, -1.0, -1.0, -1.0, 0.0, -1.0], [0.0, 0.0, 0.0, 0.0, 0.0, 0.0]]","[5, 6]","['$user$0, 0.798, good, good, None, 0xA41dE09A63f6Cedd633f99052b44450d3BB91D44', '$user$1, 0.827, good, good, None, 0x17725D495A0843Ea05541fD61ba5D4082750bC08', '$user$2, 0.833, good, good, None, 0x37AC7AC5D09bbC6dAC1CF036b7F9DdD0EA4E052E', '$user$3, 0.825, good, good, None, 0x536fc4cd48ad9B3649e8aB615592E83Ec9F5fcd1', '$user$4, 0.7, bad, bad, 3, 0x118E560679B62a9F24c135A96d416548782f8cc2']","[('close', '0df2e8087a8b158aa0e3b1a6f8df804a874d7a3976c0b9460b026150d80a59f5', 643640), ('slot', '2efcc0850b8d9ae2e73a908ba362746481246b32c1fafba1358b5658e69275de', 50814), ('slot', '0667ae7e736878dd2c9a8a265c2632b5c48be330ae95ff98b9600716fe9888b7', 50814), ('slot', '231c051e815098fd11da427adda2db8794c8e1039808262c2e9d7ae53630cdd4', 50814), ('slot', '9ad584bb0b749779a73251fe61c82adedc90fe1aa1edfc9fe1a0d929af9737d8', 50814), ('slot', '8ad3133420bc361788c08edd0478b9e8876612860ffbdcb6cf4967764aebd8e0', 50814), ('slot', 'e5e65ddf4cdfcc5b0f493dcf0841008564bfea54f521972cb12cf669fc58364f', 50814), ('weights', '1501040d23411a70f0efc8d8cbcb797ff75aba56ac5dfac9b8f6e78ce2bd3f8d', 73682), ('weights', '91623853615d3649ac5577492f9b309bebe341477eb1668c1d919f60c0d96c86', 56594), ('weights', '1f9c3744ddfd77a7634f3d3fca33b5a0824c50c606856466e8f2128f962a5f89', 56594), ('weights', '2f934bfce9e0d558afe0d9f0a61137a4031d37c16da00f26e3e44468a0493337', 56594), ('weights', '5453129a9cc908b120683cbaec546119ce9e913b7e49d4c88754bf2c07db4a3d', 56594), ('weights', '40e3c68927e27fc73f8c95ba7f01523f4a735d0047949394729c0a8923691f26', 56582), ('feedback', 'fef243370daa9bbf67978dd1da6c76c2a57b307ea51b34e913ab67bf2cc8e7d8', 300527), ('feedback', 'c99a2af720d35fdaa84c027fb7da130588a4e257113e8f93c27dd0caf5f88bd6', 270449), ('feedback', '438b3fb54b88269dfa8ce2a0e67900479321c62404d03abb51f0222e754151ed', 232127), ('feedback', '7408917ac0115efd96c656dfab4ff0c0180ed20d3601726753fa4ffd6a82cb11', 236249), ('feedback', 'f7ef635fbf3ca852bf324e0a247f1a48db15f907e3593d88cb0beada9f61e3c4', 231293), ('feedback', '13dd3e005e85cf8941c8ce3f146416a2dfe9f993fc4766d32475c7e6fc1e2cb0', 218683), ('contrib', '9bdce355dd19fd7e4e923f16846b7a2c0cc1a1b0df180c40f7f9acb3a534a45a', 75223), ('contrib', 'a99890d597799904d517571d3c365d5d9f81d8bd3385f40cb51cd875f0de32a9', 58123), ('contrib', 'be23d9342e03f5938a3cf531c2009113a564e98a40a56ccafb32f872c2d40bf4', 58123), ('contrib', '62d9d3a89f9f1e40f98e680efc905fed8df87c8e46caa6aa9cfcc626a5e28593', 58123), ('close', '4821565fb160778539c10c7199e03375e92a53d01b12a0bea15cd53886f7bc1f', 618388)]"
4,01:50:59.305,0.8787,125.28290708363056,"[1467530646300247652, 1467371430759752199, 1466819942438163165, 1466917036948992000, 531360943552844975, 0]","[84, 85, 85, 83, 86, 0]","[16, 16, 17, 18, 16, 0]","[('0xA41dE09A63f6Cedd633f99052b44450d3BB91D44', 3329819955773555401, 91433432732337984, 1467530646300247652), ('0x17725D495A0843Ea05541fD61ba5D4082750bC08', 3329983770324187180, 91438031742474310, 1467371430759752199), ('0x37AC7AC5D09bbC6dAC1CF036b7F9DdD0EA4E052E', 3330490385602562175, 91393158699260271, 1466819942438163165), ('0x536fc4cd48ad9B3649e8aB615592E83Ec9F5fcd1', 3330415980994822989, 91415848602349920, 1466917036948992000)]",600000000000000000,"[(4, 265680471776422487)]","[250036388635635375, 250048965215682983, 249926254153251647, 249988302588462829]","[[0.0, 1.0, 1.0, 1.0, -1.0, 0.0], [1.0, 0.0, 1.0, 1.0, -1.0, 0.0], [1.0, 1.0, 0.0, 1.0, -1.0, 0.0], [1.0, 1.0, 1.0, 0.0, -1.0, 0.0], [-1.0, -1.0, -1.0, -1.0, 0.0, 0.0], [0.0, 0.0, 0.0, 0.0, 0.0, 0.0]]",[5],"['$user$0, 0.86, good, good, None, 0xA41dE09A63f6Cedd633f99052b44450d3BB91D44', '$user$1, 0.843, good, good, None, 0x17725D495A0843Ea05541fD61ba5D4082750bC08', '$user$2, 0.852, good, good, None, 0x37AC7AC5D09bbC6dAC1CF036b7F9DdD0EA4E052E', '$user$3, 0.844, good, good, None, 0x536fc4cd48ad9B3649e8aB615592E83Ec9F5fcd1', '$user$4, 0.7, bad, bad, 3, 0x118E560679B62a9F24c135A96d416548782f8cc2']","[('close', '4821565fb160778539c10c7199e03375e92a53d01b12a0bea15cd53886f7bc1f', 618388), ('slot', '7ddf3d081f2056019294d824f0077b8e2594a49089f2cbf264558c3a4cec6d93', 50814), ('slot', 'ca8e2ed02cb8d34ae9db4ddda55b9802711ef6f94d5fb8a066cd3f5188fa2c9a', 50802), ('slot', '770db174411381131b874a95bf8404606365487bcd15d2ec1067b1becbe19cc2', 50814), ('slot', '395d4dc849a03908bb7e9677c5ff13df1aa1de3bd03f4ea97ed7e68ca9f4f80b', 50814), ('slot', '5ffe8b459aad2657a5ea8d998e6df9ad40806dd2d21184629891969450201059', 50814), ('weights', 'e000a43c769cc515f1f39ab4f91a57f2b100424e869adbf417d43e95a889080b', 73682), ('weights', 'dcf6aa90976d6e519ccd374e861e9b84170d7349b68a8ae29b24ecb29aaa8570', 56594), ('weights', '0613b25caf5b3f520c231c000bcb521d68967e79f03646fd0faf7be81f160373', 56594), ('weights', 'ef861a9a56bc89a22dea3da91d457d9c3860ed4cc97eceb46259b3db39cc66ae', 56594), ('weights', '77e5c7830e96ee0599aa53868d1e893bcc6897821cfc2c3b602778dcdfc36f9f', 56594), ('feedback', '7d2d59e8855291d21cade8d1a4e0c968701bdc9250f507c90adf04060449c918', 270522), ('feedback', '50e4709c5c8b1e04c6eec064e6bc0b0cd8de5e431bcd71b9eacab2a89d648b0b', 219222), ('feedback', 'e6445c6ef6cb60e6786d1282c45ae909093467be3207669c14c7c1aa7bf497a6', 202122), ('feedback', 'e7045f278ddb048b6868a8749e739febdc7c4261d42d02e00060ca178648a1a3', 202122), ('feedback', '98c0763b0bbd7b130b7d83d537a95609b4c1522429f684f682a5f4d893ec686b', 203166), ('contrib', '4aa120ea845d8bdb18ebedef4d4c1caa65a8ccebf894780ebad3507cf744aba3', 75223), ('contrib', 'b85b6944cda218b69620cbb803b32ec1e1d8e966a143aca3b671216f49a8a30e', 58123), ('contrib', 'b9d37343aa7b3cf52d9ad9f232a67f1b04f48d623bc448cf8c277610c8878c26', 58123), ('contrib', 'cfa1bc7b4e004a2d13a50c9f6b05b9d8db048574f4aaf35184a0ff3a4a18b025', 58123), ('close', '730bf79423bec234bb0cd6407bca9dbf0fe115817b5d35d4cc51ba4428663580', 543321)]"
5,01:51:23.267,0.9009,101.94342796504498,"[1536820960716243136, 1536672332994939297, 1536067546318316658, 1536198530935270913, 354240629035229984, 0]","[88, 88, 88, 86, 88, 0]","[12, 13, 13, 14, 12, 0]","[('0xA41dE09A63f6Cedd633f99052b44450d3BB91D44', 3869747466594062389, 69290314415995484, 1536820960716243136), ('0x17725D495A0843Ea05541fD61ba5D4082750bC08', 3869906682134557842, 69300902235187098, 1536672332994939297), ('0x37AC7AC5D09bbC6dAC1CF036b7F9DdD0EA4E052E', 3870458170456146876, 69247603880153493, 1536067546318316658), ('0x536fc4cd48ad9B3649e8aB615592E83Ec9F5fcd1', 3870361075945318041, 69281493986278913, 1536198530935270913)]",500000000000000000,"[(5, 177120314517614991)]","[250036925077438354, 250075131654739379, 249882802367210388, 250005096197128295]","[[0.0, 1.0, 1.0, 1.0, -1.0, 0.0], [1.0, 0.0, 1.0, 1.0, -1.0, 0.0], [1.0, 1.0, 0.0, 1.0, -1.0, 0.0], [1.0, 1.0, 1.0, 0.0, -1.0, 0.0], [-1.0, -1.0, -1.0, -1.0, 0.0, 0.0], [0.0, 0.0, 0.0, 0.0, 0.0, 0.0]]",[5],"['$user$0, 0.851, good, good, None, 0xA41dE09A63f6Cedd633f99052b44450d3BB91D44', '$user$1, 0.864, good, good, None, 0x17725D495A0843Ea05541fD61ba5D4082750bC08', '$user$2, 0.883, good, good, None, 0x37AC7AC5D09bbC6dAC1CF036b7F9DdD0EA4E052E', '$user$3, 0.877, good, good, None, 0x536fc4cd48ad9B3649e8aB615592E83Ec9F5fcd1', '$user$4, 0.7, bad, bad, 3, 0x118E560679B62a9F24c135A96d416548782f8cc2']","[('close', '730bf79423bec234bb0cd6407bca9dbf0fe115817b5d35d4cc51ba4428663580', 543321), ('slot', '2d85f757b42ed8ca96f2321465a125cbc0c858744fc2b0339837356bad2c55b7', 50814), ('slot', '794ec9981c225398171aee3000b41ea69c76f131bf094868d9c5cbefd68103a5', 50814), ('slot', '3b923d8bfb589086ad672549d457d66f21109a0173f1b6432d776134478cc116', 50814), ('slot', 'e01545322f5b11ff7e09169ffe752827fd701fb692a7d845baa9cd60cbc7154c', 50814), ('slot', 'd347c123122ff38b75ffd3ce47e5fdfcd54c80d9711347f844c2f674c929e28c', 50814), ('weights', '0655263397ec667573e21ed84918815bc875ee0de0fab34b96533ab4e2d8a16f', 73682), ('weights', '0dec92d754a042c05060c8d316fa9e27cb13804eab1998dd84b359676f4faf74', 56594), ('weights', 'a9acda346f3f7b5c1a93a1fb3f035543d25a06fc12c37b9fe4011e9c60eebdd7', 56594), ('weights', '03e2e70236726d6fa3e00d303c7cb0b9d9245556a86867c40c154bbb995952d7', 56594), ('weights', '6523e9391560e8ddf8d1d292211446e3004fae3955a2748937c05bede89bd2cd', 56594), ('feedback', '4ed0508d115d0f153c699734d0fad118b3c4f5e77355dd08321eb01964aac648', 270522), ('feedback', 'a3b5be9fabdeca2af175e94d80dc28e795f05686d5ccfd9383ae34f7170e5dd2', 219222), ('feedback', '3dc3b1319cdfedf46c27cf7dbd4ad1e8ed5b45d1c9271d0dca18e5e5e86470cc', 202122), ('feedback', '158320bee63b9f9e649bd091c233809fdab5d88935c61bef2e3d1625207fecc9', 202122), ('feedback', 'e0af8e29c55233624e1696bc6fea96e053f3aa8a5fb34a5681ad705128f697f9', 203166), ('contrib', 'eb67c9703e79b460c6b11e8e131cf31bc791629460b53cfb92e14ce4084ea4f4', 75223), ('contrib', 'b707969cf2b1cc1c607089160e057b0c5a3bb6ccf3a827043aa52bedc1114b05', 58123), ('contrib', '9b2777efb3c044028d5f596266b8f2f385a9fe7fbfacf64774e24f08603a97c4', 58123), ('contrib', 'cd22b5e076e609e881d9c0c5c4b47e35cd00fe859315c454b39ca0c45ef55c25', 58111), ('close', '6c7a599ba92bc090271491d14efa27c7dd0fdc3bc4f57738261672894515d742', 543321)]"
6,01:51:47.220,0.9119,88.44520980492234,"[1591351090296003216, 1591200681767293265, 1590567480163738056, 1590720328416145459, 236160419356819990, 0]","[90, 90, 91, 88, 90, 0]","[10, 10, 11, 12, 10, 0]","[('0xA41dE09A63f6Cedd633f99052b44450d3BB91D44', 4254697781213296884, 54530129579760080, 1591351090296003216), ('0x17725D495A0843Ea05541fD61ba5D4082750bC08', 4254846408934600723, 54528348772353968, 1591200681767293265), ('0x37AC7AC5D09bbC6dAC1CF036b7F9DdD0EA4E052E', 4255451195611223362, 54499933845421398, 1590567480163738056), ('0x536fc4cd48ad9B3649e8aB615592E83Ec9F5fcd1', 4255320210994269107, 54521797480874546, 1590720328416145459)]",400000000000000000,"[(6, 118080209678409994)]","[250046193599700927, 250038027763366699, 249907732009887695, 250007987022399902]","[[0.0, 1.0, 1.0, 1.0, -1.0, 0.0], [1.0, 0.0, 1.0, 1.0, -1.0, 0.0], [1.0, 1.0, 0.0, 1.0, -1.0, 0.0], [1.0, 1.0, 1.0, 0.0, -1.0, 0.0], [-1.0, -1.0, -1.0, -1.0, 0.0, 0.0], [0.0, 0.0, 0.0, 0.0, 0.0, 0.0]]",[5],"['$user$0, 0.897, good, good, None, 0xA41dE09A63f6Cedd633f99052b44450d3BB91D44', '$user$1, 0.89, good, good, None, 0x17725D495A0843Ea05541fD61ba5D4082750bC08', '$user$2, 0.905, good, good, None, 0x37AC7AC5D09bbC6dAC1CF036b7F9DdD0EA4E052E', '$user$3, 0.892, good, good, None, 0x536fc4cd48ad9B3649e8aB615592E83Ec9F5fcd1', '$user$4, 0.7, bad, bad, 3, 0x118E560679B62a9F24c135A96d416548782f8cc2']","[('close', '6c7a599ba92bc090271491d14efa27c7dd0fdc3bc4f57738261672894515d742', 543321), ('slot', '7e6f5b6dbf149a88c85031b05f026a9249d2aece462d7435504d82555813d34a', 50802), ('slot', '4f11210e93c40cd28b16e841549396495aec281d7e17449822dfed2afd4dcd32', 50814), ('slot', 'de7ad9393c9d0909bce56bd4a3b64e8df7c04a71cea4bc091157acc9869761d0', 50814), ('slot', '1736090d6a7bed7c14187059b52cebd6438758039c06cb8781a68d960970c682', 50802), ('slot', 'f9e680054d75a9e1fbe0b2b9d0c2c86dd6a74de69801f4504b941b4717f5e17b', 50814), ('weights', '8b83a063959f00dbb097e3bc393a483e06d7eca8e31b0d0d0d3960e22bfd72bb', 73682), ('weights', 'ebbf4de266247a71e1457a35c371c3cbc4503dbdf5f009a4573f1cc94e359c31', 56594), ('weights', '06c0f8a0c2da4d988a44b2a97bf1019335a30c6b44828043bcc72f6b2cb9c192', 56594), ('weights', '5fd3c98ab54edd74ff9ffa829a8786f978896fd2c01ba2b57c31d0aa1b024765', 56594), ('weights', 'ffd50cba461be376318a98b41cf5302e4a7eb554916881895d9c005077cf10c2', 56594), ('feedback', '382aea8e8cd2113016be9bfb31963868a0504ba798417e1537a247facb6f98d6', 270522), ('feedback', '556b5eba21e70465cf493cfa4138b45fc4867ed5354b5574f721e3431b88f8ea', 219222), ('feedback', '1421d5d949a9285d018591603027e3f6d2f06cb2e2906ecaba6bd13cf9440d05', 202122), ('feedback', '6ea160ba4153bc69940b3d10de8a38cc4f6e024e0777ded9731a23a63cbe2854', 202122), ('feedback', 'a7c5a4af9a719b27a41d1ef94f87e9593484173dc98dc77a6b37b949c9ebcc3d', 203166), ('contrib', '354a1d537e92e774dbd725ea0f2760e908395ba46b42804264cd333db3b2b046', 75223), ('contrib', '1daf67f07f38dbff35c9db67682ec7feb9a9b9171c16a9cbece664b2131e9f51', 58123), ('contrib', 'e2c87c4d11557812fca67ba4c349b09e1fffb37ad92d67aedbdb8f4ccba39b3e', 58123), ('contrib', 'f1459a8f21ec89b2e03ce3d96c2efffbc48c1ff07bdb32bf12c90edceeaa2a48', 58123), ('close', 'f2b8a2956dca231cf337f152349edcc6332b88206e5f5f5d9d2d8241d9350171', 543321)]"
7,01:52:11.079,0.9221,77.05958450585604,"[1675377130606504078, 1675292041801523774, 1674572511968002558, 1674758315623969573, 0, 0]","[91, 91, 92, 89, 91, 0]","[8, 9, 9, 10, 9, 0]","[('0xA41dE09A63f6Cedd633f99052b44450d3BB91D44', 4536328070990356790, 84026040310500862, 1675377130606504078), ('0x17725D495A0843Ea05541fD61ba5D4082750bC08', 4536478479519066741, 84091360034230509, 1675292041801523774), ('0x37AC7AC5D09bbC6dAC1CF036b7F9DdD0EA4E052E', 4537111681122621950, 84005031804264502, 1674572511968002558), ('0x536fc4cd48ad9B3649e8aB615592E83Ec9F5fcd1', 4536958832870214547, 84037987207824114, 1674758315623969573)]",300000000000000000,"[(7, 236160419356819990)]","[249958127737045288, 250152438879013061, 249895632266998291, 249993667006492614]","[[0.0, 1.0, 1.0, 1.0, -1.0, 0.0], [1.0, 0.0, 1.0, 1.0, -1.0, 0.0], [1.0, 1.0, 0.0, 1.0, -1.0, 0.0], [1.0, 1.0, 1.0, 0.0, -1.0, 0.0], [-1.0, -1.0, -1.0, -1.0, 0.0, 0.0], [0.0, 0.0, 0.0, 0.0, 0.0, 0.0]]",[5],"['$user$0, 0.914, good, good, None, 0xA41dE09A63f6Cedd633f99052b44450d3BB91D44', '$user$1, 0.913, good, good, None, 0x17725D495A0843Ea05541fD61ba5D4082750bC08', '$user$2, 0.921, good, good, None, 0x37AC7AC5D09bbC6dAC1CF036b7F9DdD0EA4E052E', '$user$3, 0.895, good, good, None, 0x536fc4cd48ad9B3649e8aB615592E83Ec9F5fcd1']","[('close', 'f2b8a2956dca231cf337f152349edcc6332b88206e5f5f5d9d2d8241d9350171', 543321), ('slot', '91ed224e7a90004dc87627c91a1bc48bc5cc867423e634c1952cf617b633aa78', 50814), ('slot', '76d28cab17cc93761e4f6e03bf21ab54d610082694449f339343c40be5538059', 50814), ('slot', '509e4009c736def29df5c84505705412049215527049ecd7ff116750f5a69fe0', 50814), ('slot', 'c26bcc64fde9bf1af43ee3317dc34054173ea5de83f81f62f5c09e4bcbb9684e', 50814), ('slot', '8ab86c8883004605c45d078840024b77db6e85c6f97da670eb5805c1359f9c18', 50814), ('weights', '0531f40b2a52b40121af5d3f30c984ec6e1c13fa05816d35e22bf00dcfd819c6', 73682), ('weights', '883ba9c8ecb34647dfc44b01af52f05e9ef013a3869184619248f6717cf70730', 56594), ('weights', '9aa1b17d9a68898a9e4a23e91232556ab0f0995f81770656c0573babe25a59d9', 56582), ('weights', '9cdbd0a654841e41466870b82e95e25e7cd7a0107b7d4343c674155444af3b92', 56582), ('weights', '2a6ca352eb3338d8266805f2705b90ec117cfecac3c49552f4214b995936216d', 56594), ('feedback', 'b45d2130b7a50b439d566a07e5fda987e40c7e6c7fe8adde233aa0ad0da26abb', 270522), ('feedback', 'eaba9dded7989da69c11c106254db8ba691423e4215fed6e70abb67c12e1edd2', 219222), ('feedback', '4150d79b9a8918672740993e7e38c13da50080e7f0f0ef745070cd37e10da28a', 202122), ('feedback', 'd42788698c8c433595e505028c6f5293cd0ade4f1de8985dbc0f554220e8f83e', 202122), ('feedback', '501c5bfbcd2049dd9b41cf177090fc321a2f737e9037f0faab1025c679fc512b', 203166), ('contrib', '4a1a78f0e2c97b47ced68aac879d0a05667220181174b9d1d958cac193adad75', 75223), ('contrib', 'adaf8f2923a5b87ba8dd63c0808298b0516de567da14fedcfbd74eb2db7f582d', 58123), ('contrib', '956f5b7340bbe6dae4623307f81897843bf3ebc53f2ed1831bcf44c56655876e', 58123), ('contrib', '292b2ca4400b33cd9b78c4f6b9b3734690b9ad433aae987845df9691fd16e16f', 58123), ('close', 'fb309a6d7c70ecd6f299dd00db277331f553409c80afc17f29b195256de08bbf', 502181)]"
8,01:52:32.893,0.9314,68.07838056236506,"[1700379247689075334, 1700303841659071646, 1699554364960560426, 1699762545691292575, 0, 0]","[92, 93, 93, 90, 0, 0]","[7, 8, 8, 9, 0, 0]","[('0xA41dE09A63f6Cedd633f99052b44450d3BB91D44', 5024622869393495905, 25002117082571256, 1700379247689075334), ('0x17725D495A0843Ea05541fD61ba5D4082750bC08', 5024707958198476209, 25011799857547872, 1700303841659071646), ('0x37AC7AC5D09bbC6dAC1CF036b7F9DdD0EA4E052E', 5025427488031997425, 24981852992557868, 1699554364960560426), ('0x536fc4cd48ad9B3649e8aB615592E83Ec9F5fcd1', 5025241684376030410, 25004230067323002, 1699762545691292575)]",200000000000000000,[],"[250021159648895263, 250117987394332885, 249818518757820129, 250042289495468139]","[[0.0, 1.0, 1.0, 1.0, 0.0, 0.0], [1.0, 0.0, 1.0, 1.0, 0.0, 0.0], [1.0, 1.0, 0.0, 1.0, 0.0, 0.0], [1.0, 1.0, 1.0, 0.0, 0.0, 0.0], [0.0, 0.0, 0.0, 0.0, 0.0, 0.0], [0.0, 0.0, 0.0, 0.0, 0.0, 0.0]]",[],"['$user$0, 0.919, good, good, None, 0xA41dE09A63f6Cedd633f99052b44450d3BB91D44', '$user$1, 0.92, good, good, None, 0x17725D495A0843Ea05541fD61ba5D4082750bC08', '$user$2, 0.928, good, good, None, 0x37AC7AC5D09bbC6dAC1CF036b7F9DdD0EA4E052E', '$user$3, 0.908, good, good, None, 0x536fc4cd48ad9B3649e8aB615592E83Ec9F5fcd1']","[('close', 'fb309a6d7c70ecd6f299dd00db277331f553409c80afc17f29b195256de08bbf', 502181), ('slot', '41c00afea5d709aa80714364753a07a511f7bdf39965118601ba83e305db1ac0', 50802), ('slot', 'e241e7cd708c583842c344e7e4d7f48b20ab918d132c0b6220e3c0a96aa9e77f', 50814), ('slot', '10e5291c2e1355997fc9312eed78045d66885922f17c14896ea4cfa718521a97', 50814), ('slot', '50379e1691c0ee1eabf0cc05866dbe67025ed0854b1a9a64eba15cd292c7014a', 50814), ('weights', 'af30cb7f5cc0bfbf16ab559cc10176e874604a10dd74989caec064a346d5c156', 73670), ('weights', 'd540f57bcfa85b07f0617558b3493aa063041f94a5bc9f8c44f991165bd3c319', 56594), ('weights', '27d067046c36aee9d5b237a6ed52d4471b9f9c2f50655b06da72d139d26907f0', 56582), ('weights', '9d6702f8b10264360426c933e32f412924f4f30103f3dd51214ef794634bcd10', 56594), ('feedback', '03ddc502c9f04a3b6ac5ba246b7ace2f019f2fb978cc5e3e3512daeb87d61e3a', 217307), ('feedback', 'da8688b25a9e3b02c509ca43a02e76b8bc260f1a9dcddab2b134b610b644fa9b', 183107), ('feedback', '3d943b7f83317af57ee6e7eba1fcabf7b5cba7b0aa50adaedfd0c8ae28a18813', 166007), ('feedback', '94a56621618f0145a4e33cd19747b298decbd29ce548ecc9f9751af60a2ffc92', 166007), ('contrib', 'a6b4961d4c1e166835193f82a752e513b81ab90497a9e7b6f88ae55a411fa71f', 75223), ('contrib', '976086dbe7f33bd875c3f50feb84367362e8873fb10de055e322e915068f4bbf', 58123), ('contrib', '7ffd0132e36e9be4c9b3af1bb35e069cdd31b690399b7b6ada3c6737ded75f33', 58123), ('contrib', '5dc67f99e5893bf2e8a1383d31e1dedffe79b7078492e1e4f4825305996c6da9', 58123), ('close', 'b10165707d7853a31520aa05e2994343cf6e8866151c273fb5d018d452924790', 410442)]"
9,01:52:54.837,0.938,61.21848118677735,"[1725381441140526027, 1725316299032799772, 1724540889837280109, 1724761369989394071, 0, 0]","[93, 94, 94, 91, 0, 0]","[6, 7, 7, 8, 0, 0]","[('0xA41dE09A63f6Cedd633f99052b44450d3BB91D44', 5099620752310924647, 25002193451450693, 1725381441140526027), ('0x17725D495A0843Ea05541fD61ba5D4082750bC08', 5099696158340928335, 25012457373728126, 1725316299032799772), ('0x37AC7AC5D09bbC6dAC1CF036b7F9DdD0EA4E052E', 5100445635039439555, 24986524876719683, 1724540889837280109), ('0x536fc4cd48ad9B3649e8aB615592E83Ec9F5fcd1', 5100237454308707406, 24998824298101496, 1724761369989394071)]",100000000000000000,[],"[250021874904632568, 250124514102935791, 249865189194679260, 249988183379173278]","[[0.0, 1.0, 1.0, 1.0, 0.0, 0.0], [1.0, 0.0, 1.0, 1.0, 0.0, 0.0], [1.0, 1.0, 0.0, 1.0, 0.0, 0.0], [1.0, 1.0, 1.0, 0.0, 0.0, 0.0], [0.0, 0.0, 0.0, 0.0, 0.0, 0.0], [0.0, 0.0, 0.0, 0.0, 0.0, 0.0]]",[],"['$user$0, 0.926, good, good, None, 0xA41dE09A63f6Cedd633f99052b44450d3BB91D44', '$user$1, 0.931, good, good, None, 0x17725D495A0843Ea05541fD61ba5D4082750bC08', '$user$2, 0.935, good, good, None, 0x37AC7AC5D09bbC6dAC1CF036b7F9DdD0EA4E052E', '$user$3, 0.91, good, good, None, 0x536fc4cd48ad9B3649e8aB615592E83Ec9F5fcd1']","[('close', 'b10165707d7853a31520aa05e2994343cf6e8866151c273fb5d018d452924790', 410442), ('slot', '7c6dc4a5f53f957ab7991a0d6ba8aa0d51a66f00522a30d66d2e560d027ebcff', 50802), ('slot', '5fc7459410425de33acede7a01a6bd8a11c725d416dacd30546a8b056c259d1e', 50814), ('slot', '6d1d4e8d63f5f0fff76029043b0199adb8d88e9552d8fbf460b1195b5aa11a48', 50814), ('slot', '81bc64ca659764fbcb79410be33081fafa027c90cfb9ea591bb875cff76a68ae', 50814), ('weights', 'fdf790d909d4143357db9c7ddcc88dcadc9408edd9c75ae84a46b56b24b2f526', 73682), ('weights', '5fe8761ca6b025662095e0bad5b733bf2dd5b54b3eb7f5b3a2ddc0edf0e82140', 56594), ('weights', 'a5d5f1f9f7280f591d195cbc95caba9117411bdbfc08466ef4df80f83c303abc', 56570), ('weights', '22cc2f8e0f8fc3ad99a30b770f374baa4962d7c66442471fc9c9936c671b14f8', 56594), ('feedback', 'c7fc09a5aaa3e90bf2c2cf374140985c250c64eff38d485e52de6394b57b13e6', 217307), ('feedback', '15bcedb8bc8b950b795502bf20ae713a56ae671f8b05c64b72a402c8a0008c14', 183107), ('feedback', 'ef96f3edff11330b2780ec68327a468c81edbb0f9b57dc04be56e3ce641cd3dd', 166007), ('feedback', '341ae6591e8e182c2b2e96ea8667b7cfd9089641562d9d5bf91f1dca6fe4ee75', 166007), ('contrib', '20f280f2aa7f335f2cf2dd0a57b1bc307cebd192a582fa677fec1eb9af1ea004', 75223), ('contrib', '62b52f79ab43553d7179406ba57d4f7bf6d11817c2cb35e1be3700ae19b7bed0', 58111), ('contrib', '24d3b65f797cc09c976e7738f1df590848d40d80dd104419eccc3c0e630268a1', 58123), ('contrib', 'd7f9eedaa9477d411acadb0cccd1e588ed09e8be47694e528253db2c480665c0', 58123), ('close', '56f997f8fbedd23583705a68ceed25223c713e91082bd2b7983bf9b1c95e1a7f', 410442)]"
10,01:53:16.735,0.944,54.827576857060194,"[1750393105398196217, 1750323913154435013, 1749524577161890629, 1749758404285478118, 0, 0]","[93, 94, 95, 92, 0, 0]","[6, 6, 6, 7, 0, 0]","[('0xA41dE09A63f6Cedd633f99052b44450d3BB91D44', 5174618558859473952, 25011664257670190, 1750393105398196217), ('0x17725D495A0843Ea05541fD61ba5D4082750bC08', 5174683700967200207, 25007614121635241, 1750323913154435013), ('0x37AC7AC5D09bbC6dAC1CF036b7F9DdD0EA4E052E', 5175459110162719870, 24983687324610520, 1749524577161890629), ('0x536fc4cd48ad9B3649e8aB615592E83Ec9F5fcd1', 5175238630010605908, 24997034296084047, 1749758404285478118)]",0,[],"[250116616487503051, 250076115131378173, 249836847186088562, 249970316886901855]","[[0.0, 1.0, 1.0, 1.0, 0.0, 0.0], [1.0, 0.0, 1.0, 1.0, 0.0, 0.0], [1.0, 1.0, 0.0, 1.0, 0.0, 0.0], [1.0, 1.0, 1.0, 0.0, 0.0, 0.0], [0.0, 0.0, 0.0, 0.0, 0.0, 0.0], [0.0, 0.0, 0.0, 0.0, 0.0, 0.0]]",[],"['$user$0, 0.93, good, good, None, 0xA41dE09A63f6Cedd633f99052b44450d3BB91D44', '$user$1, 0.939, good, good, None, 0x17725D495A0843Ea05541fD61ba5D4082750bC08', '$user$2, 0.934, good, good, None, 0x37AC7AC5D09bbC6dAC1CF036b7F9DdD0EA4E052E', '$user$3, 0.924, good, good, None, 0x536fc4cd48ad9B3649e8aB615592E83Ec9F5fcd1']","[('close', '56f997f8fbedd23583705a68ceed25223c713e91082bd2b7983bf9b1c95e1a7f', 410442), ('slot', 'f8d0c5a04afa4005c9bf979f1722300730a54eed0397831f550589fb652443d0', 50814), ('slot', 'a32ede1cc21f9a7d655f3fd24fa2066e6fdc6a7927e4abbd59d5dcdcfb62aad0', 50814), ('slot', '79e494f71edc8f03696a063b00ac47cbce2a03421cb20433178ae54370cbfbbc', 50814), ('slot', 'f7e76f679d0cb252d5fe49953abc9511c44b3f5c426fcc9c59613ccabd11ac65', 50814), ('weights', 'fa76f805723bcf9541ddc3338fbab73eb36b6e2e5ae37ffec5216510ec849c06', 73682), ('weights', '475efbdf5bd07d5f03a05dde18192bf302999c082837b936fe665dbf856a2720', 56594), ('weights', 'f04f97405c07d4ed131dc773c16428cb178206ab129afb33c041b98ff1dcf681', 56594), ('weights', 'ba10e14a84bf427c66f489e322c4a67cd3d5b1d4953db7b652d97b48c4b38c46', 56594), ('feedback', '5431c72236d7b3dd22bb6f3d54a327042948027e3c73a61f3169c93c5b423d8b', 217307), ('feedback', '222c0f806372ca2863623f1ae54b291d2dedb4384eae3240db87378d45561e76', 183107), ('feedback', '8788be1b65628eabf616fa1731e41411ee1ac187fb2f8e11fd4f3011f081e4d8', 166007), ('feedback', '20820bf1bb5efe5c3f3d8e40d0f9ec5a10f7a710b1d153aa27ec87d46961efdf', 166007), ('contrib', 'de2f35b47540482d82bf33bf3f529169061bc56a9b37fe918cbae82fabf46947', 75223), ('contrib', 'e886601964f1631c8f6758783ac90cc0cd16b18128eb0467b47693e704f294d8', 58123), ('contrib', '8b4c70bfa27134c5bb666371a51ab7087b2958b5503fd7461deeb7cbdfc80d71', 58123), ('contrib', 'bc4d9a6df079ca5f5ea5370f021f5b378bda58656bc5d2c2be0a481e78bac4c9', 58123), ('close', '96a278d52b29c56c1759300278465bc954920f5ffcbd890c7c8ed9f7e35fb520', 410442)]"
# $gasCosts$[321453, 351701, 334601, 317501, 317501, 218683, 75223, 58123, 58123, 58123, 58123, 363201, 255001, 237901, 237901, 237901, 218683, 75223, 58123, 58123, 58123, 58123, 300527, 270449, 232127, 236249, 231293, 218683, 75223, 58123, 58123, 58123, 270522, 219222, 202122, 202122, 203166, 75223, 58123, 58123, 58123, 270522, 219222, 202122, 202122, 203166, 75223, 58123, 58123, 58111, 270522, 219222, 202122, 202122, 203166, 75223, 58123, 58123, 58123, 270522, 219222, 202122, 202122, 203166, 75223, 58123, 58123, 58123, 217307, 183107, 166007, 166007, 75223, 58123, 58123, 58123, 217307, 183107, 166007, 166007, 75223, 58111, 58123, 58123, 217307, 183107, 166007, 166007, 75223, 58123, 58123, 58123],[126674, 126674, 126674, 126674, 126674],[50814, 50814, 50802, 50814, 50814, 50814, 50814, 50802, 50814, 50814, 50814, 50814, 50814, 50814, 50814, 50814, 50814, 50814, 50814, 50802, 50814, 50814, 50814, 50814, 50814, 50814, 50814, 50814, 50802, 50814, 50814, 50802, 50814, 50814, 50814, 50814, 50814, 50814, 50802, 50814, 50814, 50814, 50802, 50814, 50814, 50814, 50814, 50814, 50814, 50814],[73682, 56594, 56594, 56594, 56594, 56594, 73670, 56594, 56594, 56594, 56594, 56594, 73682, 56594, 56594, 56594, 56594, 56582, 73682, 56594, 56594, 56594, 56594, 73682, 56594, 56594, 56594, 56594, 73682, 56594, 56594, 56594, 56594, 73682, 56594, 56582, 56582, 56594, 73670, 56594, 56582, 56594, 73682, 56594, 56570, 56594, 73682, 56594, 56594, 56594],[671004, 643640, 618388, 543321, 543321, 543321, 502181, 410442, 410442, 410442],[],[]
# TOTAL EXPERIMENT TIME: 247.71 seconds
