# Author Nykjaer
# ------Specs--------# cpu_name:  (processor model)
# cpu_cores: 6 (physical cores)
# ram_gb: 13.5 (system memory in GB)
# gpu_name: NVIDIA GeForce RTX 3060 Laptop GPU (graphics processor)
# os_name: Linux (operating system)
# ------Config--------# good_contributors: 4 (honest participants)
# bad_contributors: 1 (malicious participants)
# freeriders: 1 (contribute 0)
# inactive: 0 (never join)
# reward: 1000000000000000000 (total reward pool)
# minimum_rounds: 10 (rounds to simulate)
# min_buy_in: 1000000000000000000 (lower buy-in bound)
# max_buy_in: 1000000000000000000 (upper buy-in bound)
# standard_buy_in: 1000000000000000000 (default buy-in)
# epochs: 1 (local epochs per round)
# batch_size: 32 (training batch size)
# punish_factor: 3 (penalty multiplier)
# first_round_fee: 50 (fee for first round)
# fork: True (True=local fork, False=real net)
# contribution_score_strategy: accuracy (scoring method)
# use_outlier_detection: False (Whether to use outlier detection)
# freerider_start_round: 5 (When freeriders should start freeriding)
# freerider_noise_scale: 0.01 (How much noise a freeder should add)
round,time,globalAcc,globalLoss,GRS,accAvgPerUser,lossAvgPerUser,rewards,conctractBalanceRewards,punishments,contributionScores,feedbackMatrix,disqualifiedUsers,userStatuses,GasTransactions
# $startingUserConfig$['$user$0, 0, good, good, None, 0xA41dE09A63f6Cedd633f99052b44450d3BB91D44', '$user$1, 0, good, good, None, 0x17725D495A0843Ea05541fD61ba5D4082750bC08', '$user$2, 0, good, good, None, 0x37AC7AC5D09bbC6dAC1CF036b7F9DdD0EA4E052E', '$user$3, 0, good, good, None, 0x536fc4cd48ad9B3649e8aB615592E83Ec9F5fcd1', '$user$4, 0, good, bad, 3, 0x118E560679B62a9F24c135A96d416548782f8cc2', '$user$5, 0, good, freerider, 5, 0xA2F37A08a8488CB8551a0D03f7A73f4156757de7']
0,23:17:25.310,0,721.0513305664062,"[1000000000000000000, 1000000000000000000, 1000000000000000000, 1000000000000000000, 1000000000000000000, 1000000000000000000]",[],[],[],1000000000000000000,[],[],,[],"['$user$0, 0, good, good, None, 0xA41dE09A63f6Cedd633f99052b44450d3BB91D44', '$user$1, 0, good, good, None, 0x17725D495A0843Ea05541fD61ba5D4082750bC08', '$user$2, 0, good, good, None, 0x37AC7AC5D09bbC6dAC1CF036b7F9DdD0EA4E052E', '$user$3, 0, good, good, None, 0x536fc4cd48ad9B3649e8aB615592E83Ec9F5fcd1', '$user$4, 0, good, bad, 3, 0x118E560679B62a9F24c135A96d416548782f8cc2', '$user$5, 0, good, freerider, 5, 0xA2F37A08a8488CB8551a0D03f7A73f4156757de7']","[('register', 'bb9335a15d4bd85201a98929a91d8de7a7aea9ed812571cd76c891c68465fa7c', 126674), ('register', '208a7373ac061be76a9478f9383d29158d7f09143d7541323ac5a05279d2df92', 126674), ('register', 'b2dfa1d39a9aeb32ebd8e644d0a5a6a7f354bbd215ed41873ef7f5d1694734f9', 126674), ('register', '754d71ed860c74a01fe34c25768277cad6888b6988c55ecf59682eec2af1af7e', 126674), ('register', 'ff7020bb962b66a55f0ef15f3737ce8b701536ad5a95fee960bc5f7d84cf8eee', 126674)]"
1,23:17:55.789,0.2043,716.7838134765625,"[1013747440076478322, 1018590451621435352, 1021236743113755256, 1017848510881165232, 1016277955949394434, 1012298898357771400]","[6, 5, 4, 5, 6, 5]","[74, 74, 74, 74, 74, 74]","[('0xA41dE09A63f6Cedd633f99052b44450d3BB91D44', 5000000000000000000, 13747440076478322, 1013747440076478322), ('0x17725D495A0843Ea05541fD61ba5D4082750bC08', 5000000000000000000, 18590451621435352, 1018590451621435352), ('0x37AC7AC5D09bbC6dAC1CF036b7F9DdD0EA4E052E', 5000000000000000000, 21236743113755256, 1021236743113755256), ('0x536fc4cd48ad9B3649e8aB615592E83Ec9F5fcd1', 4000000000000000000, 17848510881165232, 1017848510881165232), ('0x118E560679B62a9F24c135A96d416548782f8cc2', 5000000000000000000, 16277955949394434, 1016277955949394434), ('0xA2F37A08a8488CB8551a0D03f7A73f4156757de7', 5000000000000000000, 12298898357771400, 1012298898357771400)]",900000000000000000,[],"[137474400764783233, 185904516214353526, 212367431137552575, 178485108811652332, 162779559493944347, 122988983577714011]","[[0.0, 1.0, 1.0, 1.0, 1.0, 1.0], [1.0, 0.0, 1.0, 1.0, 1.0, 1.0], [1.0, 1.0, 0.0, 0.0, 1.0, 1.0], [1.0, 1.0, 1.0, 0.0, 1.0, 1.0], [1.0, 1.0, 1.0, 1.0, 0.0, 1.0], [1.0, 1.0, 1.0, 1.0, 1.0, 0.0]]",[],"['$user$0, 0.651, good, good, None, 0xA41dE09A63f6Cedd633f99052b44450d3BB91D44', '$user$1, 0.684, good, good, None, 0x17725D495A0843Ea05541fD61ba5D4082750bC08', '$user$2, 0.736, good, good, None, 0x37AC7AC5D09bbC6dAC1CF036b7F9DdD0EA4E052E', '$user$3, 0.658, good, good, None, 0x536fc4cd48ad9B3649e8aB615592E83Ec9F5fcd1', '$user$4, 0.681, good, bad, 3, 0x118E560679B62a9F24c135A96d416548782f8cc2', '$user$5, 0.723, good, freerider, 5, 0xA2F37A08a8488CB8551a0D03f7A73f4156757de7']","[('slot', '854c6bafc5d0a785f36f69247e69f6c2cf769b3a8454db02b1de9b8f3fc8d4e9', 50814), ('slot', '7d32b5b42996df85a977bb525d7e0493cd78fd19c7f0ee9e85bf326d64039423', 50802), ('slot', '52cc1cccc402426b88bc25f0c747935b53e75696f2c6ac68b308e333294a0e00', 50814), ('slot', 'b5477589c507430517f3b6ad9e16bd669912e5a22555a536f1314cd1096747ff', 50814), ('slot', 'ae4e5a14ef8c92efc5ef6aae201dd93fec8967d2fe3456172813268e34f2e1fd', 50814), ('slot', 'c9a87dfa91a54c1426a036d7aa7898c3140528b42f9251f72e18d8fb72958170', 50814), ('weights', '60d0ea457381eea58ac6aaeb11ae6e34e165f22d9f1f4d11bc63e7ce828d4f5e', 73682), ('weights', '32adc45f78b4124bca8e0afd1e455f5b391b358a9ac48a4dec166ca8b457d7ea', 56594), ('weights', 'e332c56cf1038256d7d054e8196eaa55de8f40f325b58ace40a94ee80aee55ec', 56594), ('weights', '5e8b8b1a0878e08eacf55e67f52ec5fffb9fe8c0b15372b2bd247ecabe3f7207', 56594), ('weights', '0a7eed2d932d02b32f39be1b11a62a88aabc46b2980571b218daaf6eae68479e', 56582), ('weights', 'eee9511734f78c9eb014b8a8c7580da37cdc28b020d34d44306e99c82c7dfec3', 56594), ('feedback', '3458613007e52c800b1275ebcc4ccd0df2ccd66f45d2e0986e3b9bb72e22fa62', 816143), ('feedback', '8bb939ea1cadf99a61a5bb6866755887ed254adeb577648a52758f868e5be396', 747743), ('feedback', '90e89da96b52cc14eb496550236d06de843de30ee27384c958de09bbc48f081d', 706969), ('feedback', '1353207c617b2b82a9919d4fb0583bcbe564b54c203cf6267cec9a27f210569f', 730643), ('feedback', '4414a238c058cf4cdba026cff405f3b169f6e6e03080b98d0fe15697cd26e8dc', 730643), ('feedback', 'a9d2523afeea55ce790b826f539762f4d2d6a82503bfa5affce9a6788665ef98', 730643), ('contrib', '679e414b79cd05801245b31b2f3d5df1965b97a2a661fd31cd74914399c78f3d', 75223), ('contrib', '36b1408bb9b233985d8a2cdc5fdeae67e28bd6dae71c0b74f480bc881fadc76d', 58123), ('contrib', 'cdf8f64cf1e8733aabc439691070f5c30a9f651392cf3c8fabe969bcd293c730', 58123), ('contrib', '671f5b5de316ad3e6cf6590ab658ef74866128bb4d8b3240676a871729e1442b', 58123), ('contrib', 'dccbd793f315ffd0e6af16a77e78b022cbaba4c2f809b2179859df31d2edc49e', 58123), ('contrib', 'c029260f3e32e9c8950e1d5fcf73798986a4fa55c02acca4abaa36429f7e59f6', 58123), ('close', 'af0a77f1197bde476da06b20be76b83151466df3bc5d66b277880d7c41f630f6', 641581)]"
2,23:18:26.717,0.6012,655.5605163574219,"[1102061322659317902, 1102923283426261118, 1109117683907382400, 1114715510904375898, 677518637299596290, 1093663561803066387]","[18, 19, 20, 22, 21, 23]","[73, 73, 73, 73, 73, 73]","[('0xA41dE09A63f6Cedd633f99052b44450d3BB91D44', 5086252559923521674, 88313882582839580, 1102061322659317902), ('0x17725D495A0843Ea05541fD61ba5D4082750bC08', 4063561037497399412, 84332831804825766, 1102923283426261118), ('0x37AC7AC5D09bbC6dAC1CF036b7F9DdD0EA4E052E', 4060914746005079508, 87880940793627144, 1109117683907382400), ('0x536fc4cd48ad9B3649e8aB615592E83Ec9F5fcd1', 5082151489118834764, 96867000023210666, 1114715510904375898), ('0xA2F37A08a8488CB8551a0D03f7A73f4156757de7', 4069852590761063364, 81364663445294987, 1093663561803066387)]",800000000000000000,"[(2, 338759318649798144)]","[201280927444708102, 192207500149158522, 200294186489451048, 220774798177053449, 185442587739628905]","[[0.0, 1.0, 1.0, 1.0, 0.0, 1.0], [1.0, 0.0, 1.0, 1.0, 0.0, 1.0], [1.0, 1.0, 0.0, 1.0, 0.0, 1.0], [1.0, 0.0, 0.0, 0.0, -1.0, 0.0], [1.0, 1.0, 1.0, 1.0, 0.0, 1.0], [1.0, 1.0, 1.0, 1.0, 0.0, 0.0]]",[5],"['$user$0, 0.506, good, good, None, 0xA41dE09A63f6Cedd633f99052b44450d3BB91D44', '$user$1, 0.472, good, good, None, 0x17725D495A0843Ea05541fD61ba5D4082750bC08', '$user$2, 0.489, good, good, None, 0x37AC7AC5D09bbC6dAC1CF036b7F9DdD0EA4E052E', '$user$3, 0.57, good, good, None, 0x536fc4cd48ad9B3649e8aB615592E83Ec9F5fcd1', '$user$4, 0.396, good, bad, 3, 0x118E560679B62a9F24c135A96d416548782f8cc2', '$user$5, 0.527, good, freerider, 5, 0xA2F37A08a8488CB8551a0D03f7A73f4156757de7']","[('close', 'af0a77f1197bde476da06b20be76b83151466df3bc5d66b277880d7c41f630f6', 641581), ('slot', '014de8676db8ff74e146a4effad3a28da536c7c2c45d212c377d7e19e1b6706d', 50814), ('slot', '28405cf33886d45df782b3556bb6f86d5a01a7822e7a7ed478c2fa062df4ad41', 50814), ('slot', 'c632043a9fb7ecd89162f15ae54007b75815ee992c8eedb21bcd5800f94f7a3a', 50778), ('slot', 'c71d29966b5f9c0cfe6c91b41dd5a5f4bb315cca0d24443cf6df38e37bd39e38', 50814), ('slot', 'f8b06cfa009214243a183db1bac0e2663be5c8add46973a1014d667f95278b55', 50814), ('slot', '5d9e9a549870dea38f2e3bebae0f248ba33122de7ae11933ff209bfbe7e771c7', 50814), ('weights', 'fb071cacb85cae1c282a353a721ed42b36a1a7a51e6cd81862defcf661c6f52c', 73694), ('weights', 'e5b8556ec3c7ab80bcd657ff587f0ae0ce125f0ec2151572d0b4d45c9c0cecba', 56594), ('weights', '85a348854f3523e458a932eb93f50e2a0e71b3e35b8b6b12d6fc3b06b6ffb9ad', 56594), ('weights', 'b294084131e4ef198e119b45e3184691b1721bcd5be7ca91915570574cdb6a12', 56594), ('weights', 'd4ecc922f3c3bc6c8ec4ebb3f2036d1b05d493643826f7160e967358a803353f', 56594), ('weights', 'a7ccd4b4348b01d22726461acce1ac882ee40097dbe5447e88df67dc16f0febe', 56594), ('feedback', 'cb998356ea4a91ebf527be575aee892b05c05ccf82cfbdcbe1e9f11e5950c3f7', 693769), ('feedback', '9473f6cf321ca85e741f73927a3f8d7c76bcb60b58265e07d9918ccc56ef6cba', 642469), ('feedback', '356cc27af874e11ee7f8f1540cb52192b04a33e72fb1f6dfb16f5837d65b09d4', 645269), ('feedback', '79ac37b084eb26f5fcb5823ae5df59886e154950cef14111b991a287e7e58073', 629269), ('feedback', '0731fad2c3800c884e5bf2e3441b82384cc49a88bcdcf1206c19ef6289a3e185', 631143), ('feedback', '37b82a1ee48189a6c418e2ae3640ee5846af60bccfc5a0ef636be57ae2f9c6a0', 625369), ('contrib', '97db9f7330205f33dea7aedcf23924e3f92ce2d443559852f1d3a0c1435b8f38', 75223), ('contrib', '8f12b0cfc1f374102ace988a013f90969cb4290c19da259548d9b860b55c49b1', 58123), ('contrib', '9490aa8c7d0f1e90c4908f8f1f6233d4c2028aadf118aaacc5f5e060c5c525c5', 58123), ('contrib', '2ddfe7b3d0ed5e1e49a6f8e41da8d1078938ff33580e33bfabea519cc17c357d', 58123), ('contrib', 'c143a09796d5763760c2a5351b2b19628f7a088d01b117a3860001a7df9a4f9c', 58123), ('close', '19919d606cbbf6278530bf3ace86fe58e396192979d52f26a2450031cc5a0ba1', 643640)]"
3,23:18:55.645,0.8024,210.92745462059975,"[1164132668435694912, 1170197723370543695, 1174450788775598611, 1179674927432910478, 451679091533064194, 1159864800452188102]","[58, 57, 58, 56, 61, 63]","[67, 67, 67, 67, 67, 67]","[('0xA41dE09A63f6Cedd633f99052b44450d3BB91D44', 3742901402741489513, 62071345776377010, 1164132668435694912), ('0x17725D495A0843Ea05541fD61ba5D4082750bC08', 3742039441974546297, 67274439944282577, 1170197723370543695), ('0x37AC7AC5D09bbC6dAC1CF036b7F9DdD0EA4E052E', 3735845041493425015, 65333104868216211, 1174450788775598611), ('0x536fc4cd48ad9B3649e8aB615592E83Ec9F5fcd1', 3730247214496431517, 64959416528534580, 1179674927432910478), ('0xA2F37A08a8488CB8551a0D03f7A73f4156757de7', 3751299163597741028, 66201238649121715, 1159864800452188102)]",700000000000000000,"[(3, 225839545766532096)]","[190496661878027134, 206464932873695800, 200506984855141429, 199360137136573273, 203171283256562390]","[[0.0, 1.0, 1.0, 1.0, -1.0, 1.0], [1.0, 0.0, 1.0, 1.0, -1.0, 1.0], [1.0, 1.0, 0.0, 1.0, -1.0, 1.0], [1.0, 1.0, 1.0, 0.0, -1.0, 1.0], [-1.0, -1.0, -1.0, -1.0, 0.0, -1.0], [1.0, 1.0, 1.0, 1.0, -1.0, 0.0]]",[5],"['$user$0, 0.75, good, good, None, 0xA41dE09A63f6Cedd633f99052b44450d3BB91D44', '$user$1, 0.769, good, good, None, 0x17725D495A0843Ea05541fD61ba5D4082750bC08', '$user$2, 0.769, good, good, None, 0x37AC7AC5D09bbC6dAC1CF036b7F9DdD0EA4E052E', '$user$3, 0.764, good, good, None, 0x536fc4cd48ad9B3649e8aB615592E83Ec9F5fcd1', '$user$4, 0.396, bad, bad, 3, 0x118E560679B62a9F24c135A96d416548782f8cc2', '$user$5, 0.782, good, freerider, 5, 0xA2F37A08a8488CB8551a0D03f7A73f4156757de7']","[('close', '19919d606cbbf6278530bf3ace86fe58e396192979d52f26a2450031cc5a0ba1', 643640), ('slot', '3a781072b1727d6280ec2154e76853ba8679b0ff51add04302aa602d67331530', 50814), ('slot', 'b018712fb586f25e16bebfabb8bf1bfd372d7a89a1b69260c6aa483ddea76c13', 50814), ('slot', 'f44c875aa996cab2a18990b58def48da6b5d4aedc4b7352b0967d968fd4f2777', 50814), ('slot', '7e2dc3f7fcd8edb447e1af079916fb7b43c37a0064ee457e76893a58424e6a65', 50814), ('slot', '2edf97a192ee7eac93d58f0d16d064674c9bd75f291d68b8474f0551aceb9dba', 50814), ('slot', '354353fcb335a7849ea02f2ad78b6134cdd9c1ff290571f7fe5c01fdd75ad0cf', 50814), ('weights', '6da86babab84dc84f6fdf3546cdf50e1ddfd8f4dad5ccdb9c80fb9abdf85b794', 73694), ('weights', 'e2c6d16ccf7466448be5705c681c22420606a526c52772ddc190e726d07710f3', 56594), ('weights', '18571d520a0d9b66093465e0f9c3de939362769c8717ae714297895e8cd1c79f', 56594), ('weights', '3b6a4255654aad2fb718bf15e7c297050a16190dba2a0de0499d1860a6eb16ee', 56594), ('weights', '698dd98ca156b33dad5e57fd79c555dc2772f496a072e2e83d483f1447440f9f', 56594), ('weights', 'c7bad97cc129e7038b3e8ede43e5fabcfe2bdeb5db486cfb580cdde5d2c10473', 56582), ('feedback', 'a916487532b61bbf8d3b79d9ef77d657f9dd2b92e54314606e3692e05bf4080b', 717015), ('feedback', '49ee6c1ec3e076e657dd704fec2dbac4d2c39316d21167fb8eafcf6ee46216cf', 648615), ('feedback', '93ebf1099283abdfd5d0e689332f5eafb6dacea9612142a0b723eb338d28adb2', 631515), ('feedback', 'e1ae4fe159bba7d817e5c688510351e124da5c783e90a9dbf6e3d497e03f8969', 691215), ('feedback', 'e275f69d943fe5a78c1adc817f76319948632cfcee2a5b60cb9d5bb44bb2fece', 603043), ('feedback', 'a61d1223f2d36cc957a3bb84600588d0de8c3a45d4b0739976b33c5b0b7306f8', 631515), ('contrib', '8a75138f1b3f73eddff3a8e8b1ea39c5eaa4ea16776b1e72ae3c25c22e42ddc6', 75223), ('contrib', '2bbefd04904df57ed2d2b120f13a3fb20d41f3b75778abd2b8d5da55332543a7', 58123), ('contrib', '1fa5c32448f95f01fa18b52dbc734410d6adb2fe3117c853d911fb7dbf0d3c66', 58123), ('contrib', '0d759fa907a9f05222f1196c0522b06cca1520edfb4e24e6114e61620b46ef40', 58123), ('contrib', '5b997198dedee356c00252ce65bf0b11a456069b4eae14849c5de6dd543ca7cd', 58123), ('close', '4b70cc0f413ad6ab2c44745db6f465d542fc738ba0ec0aaecd9e8094dffce8f3', 643640)]"
4,23:19:23.779,0.8693,141.0220076814294,"[1196051548719307603, 1229937682648784343, 1225929417468469041, 1220614410111522679, 301119394355376130, 1226347546696540193]","[80, 79, 78, 78, 81, 81]","[21, 22, 22, 23, 21, 21]","[('0xA41dE09A63f6Cedd633f99052b44450d3BB91D44', 4232509148498176692, 31918880283612691, 1196051548719307603), ('0x17725D495A0843Ea05541fD61ba5D4082750bC08', 4226444093563327909, 59739959278240648, 1229937682648784343), ('0x37AC7AC5D09bbC6dAC1CF036b7F9DdD0EA4E052E', 4222191028158272993, 51478628692870430, 1225929417468469041), ('0x536fc4cd48ad9B3649e8aB615592E83Ec9F5fcd1', 4216966889500961126, 40939482678612201, 1220614410111522679), ('0xA2F37A08a8488CB8551a0D03f7A73f4156757de7', 4236777016481683502, 66482746244352091, 1226347546696540193)]",600000000000000000,"[(4, 150559697177688064)]","[127390321121664484, 238426051560379992, 205454545454545361, 163392130257801887, 265336951605608328]","[[0.0, 1.0, 1.0, 1.0, -1.0, 1.0], [1.0, 0.0, 1.0, 1.0, -1.0, 1.0], [1.0, 1.0, 0.0, 1.0, -1.0, 1.0], [1.0, 1.0, 1.0, 0.0, -1.0, 1.0], [-1.0, -1.0, -1.0, -1.0, 0.0, -1.0], [1.0, 1.0, 1.0, 1.0, -1.0, 0.0]]",[5],"['$user$0, 0.82, good, good, None, 0xA41dE09A63f6Cedd633f99052b44450d3BB91D44', '$user$1, 0.855, good, good, None, 0x17725D495A0843Ea05541fD61ba5D4082750bC08', '$user$2, 0.843, good, good, None, 0x37AC7AC5D09bbC6dAC1CF036b7F9DdD0EA4E052E', '$user$3, 0.818, good, good, None, 0x536fc4cd48ad9B3649e8aB615592E83Ec9F5fcd1', '$user$4, 0.396, bad, bad, 3, 0x118E560679B62a9F24c135A96d416548782f8cc2', '$user$5, 0.848, good, freerider, 5, 0xA2F37A08a8488CB8551a0D03f7A73f4156757de7']","[('close', '4b70cc0f413ad6ab2c44745db6f465d542fc738ba0ec0aaecd9e8094dffce8f3', 643640), ('slot', 'ab55dda8d0eb19acf63e9622217f254cadfaae641e508c5b72f9f2ee35d76f80', 50802), ('slot', '078eadb9111a11899cac43480451e7c4cb7d3543236bcb6a88f4bdf9324821ea', 50814), ('slot', '7b400260f1aca9cfae3f7d937b47ad2e2458e057378b7fe209de2989221e3dc8', 50814), ('slot', 'fdbe5517caa7f8990db8d9a87fef82eb2734ad17a024981f1017081b0f4abc64', 50814), ('slot', '60951401a209ab6a1f5736514bcf10c795d08efb6539da03edc42edf6722a576', 50814), ('slot', 'f9f17379ea9985d0f17a3d218399da2b2e53c372fff120d766944370104f2294', 50814), ('weights', 'ba1c8bd679dc9b69195ffb136193149cf3b918f56052b2d933fc2180f8387a3c', 73682), ('weights', 'f22609746c72f2a601627d1c329243cae9272659c88d43914662133498a1ab93', 56594), ('weights', '87d7e0d4904225deb9c00614c928fbd41e94fa04a37e63b6ea81afa5bed84e58', 56594), ('weights', 'bd90cb73c130f5e6e39778867dd64704d6d0d6df647b6aa90e61ce2a178c656c', 56594), ('weights', '1b91bee79cc2243c7128adf4d298c5c7929c280c72b200785d68022b5aefe209', 56594), ('weights', 'eaa186439dd2423e954f42d4f61ec5e3a5d2cd5ed644bf8e42a8f61ecba4f822', 56594), ('feedback', '9590be3b3cf3972658c27e9f1b1787357a336162146c3c579949fc7a77ed8a3b', 717015), ('feedback', '9c8c461999c2c697cee87c7af393e152fb19da35a5235134f902003902e50d82', 648615), ('feedback', 'e9bf7250f40cd4f1f996d5da4622bbfe8a30a34d2fd4f88f39f1e89826431b05', 631515), ('feedback', 'ef7cb4ad819029575f0a01886dd7023eebd11a78fc5c117afc83375a2ff58f80', 631503), ('feedback', 'cc5b954d5e617f35a4d47280f060525f6d00049100408fa984cd8a8b309aff86', 613043), ('feedback', '91d385f55f720b1f66dd089d7511acbcfdfcf7bf2e5cbb1bc1568cad7ceae93e', 631515), ('contrib', 'f73deb103eb96dccd2669e9f3c34cd80f56cddb7ac96076620f8654edf9c7918', 75223), ('contrib', '11cd23de59b06e859520d812c95c4cece6beac28ec4422dc0b90e0e53cb13cbb', 58123), ('contrib', 'e1beaf24cd22962d278c4c68739fa8c44892ecdb8396ebcba2f4d8306ab4240d', 58123), ('contrib', '68cfa9da6597c0cd8e5a669013ffa1333d577d6cc2a0360090c3b9d29b6857a7', 58123), ('contrib', '352ba99480359aa57231fdeffbe1136338360a72db2453b8a7c71ddb0c95986d', 58123), ('close', 'bad8632e9761251cc6bd877ecda361fb368280bc9a109d97ff5a4fb102d6ed2a', 643640)]"
5,23:19:50.107,0.8888,116.28665212541819,"[1210829631669242584, 1320951907800764606, 1318116506346634369, 1587251610917050517, 1062850343266307911, 0]","[86, 87, 86, 85, 88, 87]","[13, 14, 15, 16, 14, 14]","[('0xA41dE09A63f6Cedd633f99052b44450d3BB91D44', 3375362115873399933, 14778082949934981, 1210829631669242584), ('0x17725D495A0843Ea05541fD61ba5D4082750bC08', 3341475981943923193, 91014225151980263, 1320951907800764606), ('0x37AC7AC5D09bbC6dAC1CF036b7F9DdD0EA4E052E', 3345484247124238495, 92187088878165328, 1318116506346634369), ('0x536fc4cd48ad9B3649e8aB615592E83Ec9F5fcd1', 3350799254481184857, 366637200805527838, 1587251610917050517), ('0xA2F37A08a8488CB8551a0D03f7A73f4156757de7', 4571413664592707536, 163497203430232282, 1062850343266307911)]",500000000000000000,"[(5, 301119394355376130)]","[36842105263158071, 226900584795322074, 229824561403508598, 914035087719297756, -407602339181286577]","[[0.0, 1.0, 1.0, 1.0, -1.0, 1.0], [1.0, 0.0, 1.0, 1.0, -1.0, 1.0], [1.0, 1.0, 0.0, 1.0, -1.0, 1.0], [1.0, 1.0, 1.0, 0.0, -1.0, 1.0], [-1.0, -1.0, -1.0, -1.0, 0.0, -1.0], [0.0, 0.0, 0.0, 0.0, 0.0, 0.0]]",[5],"['$user$0, 0.859, good, good, None, 0xA41dE09A63f6Cedd633f99052b44450d3BB91D44', '$user$1, 0.88, good, good, None, 0x17725D495A0843Ea05541fD61ba5D4082750bC08', '$user$2, 0.868, good, good, None, 0x37AC7AC5D09bbC6dAC1CF036b7F9DdD0EA4E052E', '$user$3, 0.866, good, good, None, 0x536fc4cd48ad9B3649e8aB615592E83Ec9F5fcd1', '$user$5, 0.848, freerider, freerider, 5, 0xA2F37A08a8488CB8551a0D03f7A73f4156757de7']","[('close', 'bad8632e9761251cc6bd877ecda361fb368280bc9a109d97ff5a4fb102d6ed2a', 643640), ('slot', 'ce6ff16ae906c68f290b8ec6806510ca3e9d48f2961c69c38322039098e05255', 50814), ('slot', 'dcc4cc013da87013db36091b193c0449166b4b41d75ebfbd498ec001ccdab54f', 50814), ('slot', '138009d5658e593c19683b93ce283691cf45978e4319b6d38e748c126ca265ef', 50814), ('slot', 'da91221435fbf416345bbfd73991cb8f2788105f46998c6f2594e1f0359c641c', 50802), ('slot', '8f95ac51b01de5071f647ecd3477a97593021ebd12a7de3612e2440e1f2caccf', 50814), ('slot', '39355d5d737e2686be6d706b89d169a963a77bf8eb5d8b702a185285eb16a841', 50814), ('weights', '4f650298d534f1184dcdff05561398508097f417692ad30240ff73e766842036', 73682), ('weights', 'd04ba3f5b8ec4c908f1e4988e351cc275725df98ea16d4196d58739f2bf5eee2', 56594), ('weights', 'd5a4a36047add18e91db2d78ae41ec1ed00eef2299f3d2c3f8ec4246a94e45f4', 56594), ('weights', '0172e349ac0a22ba124e2a10357fec9be3f5509cd494c4aedf20bfe58a0d8452', 56594), ('weights', 'c754fa22ce0eee8bb2334b238b1bc9e36b9fab045ff168ce03c618b8ff70d372', 56594), ('weights', '50bdba246445c90f71ce08db81854efe5ebf7236768613af6ccb70e7be06e25a', 56594), ('feedback', 'ecb4c74501967456b8f2dc8715341535b64231db907dd73ea1e84efd6ed8b52c', 717015), ('feedback', 'd2e5f98da5b14f04d150feadecce7a2e907b3b5608a1d7edd9a4b91e5968d56c', 648615), ('feedback', '4e39fe3f2f0845ad9247d8c389961020cd4c9ca22284ec060b70bce7cc38e7f3', 631515), ('feedback', 'c423acb9cf513da146496b4fa2cc1a0eab8beba7a26cb7f934061ed4d3acda4d', 631515), ('feedback', '1f10d4504d7bf98b4553b2fc54c323f82eb78513df559e6e2fbb6afb9c735ba2', 613043), ('feedback', '3702ca71c5050e7f446431726d2b7f1d1e5f8cb5b14e57530f67e919eb3ad826', 604273), ('contrib', 'ce14e0ac462b98a6fe9476dcf603e5271d7d1c990ea3c1ca6a17dc87e56dc4cf', 75211), ('contrib', 'e9085d93a2115193986fe7a63550dce155939767f50fbdd7b1e3d5ee8a1a8846', 58123), ('contrib', '647a6d798911adee9813f27116bfe1b8faacc0a6695f37ea3bc25daf40464ac7', 58123), ('contrib', 'aa154ddfb15dcb37b05f0cfb1bf14933e64b4ff33b035b3969a24d3327c34220', 58123), ('contrib', 'c7163f4042d918ab3c34757a2fce4c9f6371c289ceb3a027ece959b19f454a8d', 78035), ('close', '95a66da3b9413b26079d67a7367cfe1ed2c771d2888c01c7e88ec1197e32adee', 606032)]"
6,23:20:14.282,0.9038,99.778899025172,"[1012496298335911981, 1309701907800764946, 1306866506346634709, 1822251610917048131, 1148683676599640220, 0]","[89, 89, 89, 86, 0, 89]","[11, 12, 12, 13, 0, 12]","[('0xA41dE09A63f6Cedd633f99052b44450d3BB91D44', 4226320025064449492, 198333333333330603, 1012496298335911981), ('0x17725D495A0843Ea05541fD61ba5D4082750bC08', 4116197748932927470, 11249999999999660, 1309701907800764946), ('0x37AC7AC5D09bbC6dAC1CF036b7F9DdD0EA4E052E', 4119033150387057707, 11249999999999660, 1306866506346634709), ('0x536fc4cd48ad9B3649e8aB615592E83Ec9F5fcd1', 3849898045816641559, 234999999999997614, 1822251610917048131), ('0xA2F37A08a8488CB8551a0D03f7A73f4156757de7', 5437149656733692076, 85833333333332309, 1148683676599640220)]",400000000000000000,[],"[-1983333333333306747, -112499999999996644, -112499999999996644, 2349999999999976996, 858333333333323400]","[[0.0, 1.0, 1.0, 1.0, 0.0, 1.0], [1.0, 0.0, 1.0, 1.0, 0.0, 1.0], [1.0, 1.0, 0.0, 1.0, 0.0, 1.0], [1.0, 1.0, 1.0, 0.0, 0.0, 1.0], [0.0, 0.0, 0.0, 0.0, 0.0, 0.0], [0.0, 0.0, 0.0, 0.0, 0.0, 0.0]]",[],"['$user$0, 0.876, good, good, None, 0xA41dE09A63f6Cedd633f99052b44450d3BB91D44', '$user$1, 0.886, good, good, None, 0x17725D495A0843Ea05541fD61ba5D4082750bC08', '$user$2, 0.886, good, good, None, 0x37AC7AC5D09bbC6dAC1CF036b7F9DdD0EA4E052E', '$user$3, 0.884, good, good, None, 0x536fc4cd48ad9B3649e8aB615592E83Ec9F5fcd1', '$user$5, 0.848, freerider, freerider, 5, 0xA2F37A08a8488CB8551a0D03f7A73f4156757de7']","[('close', '95a66da3b9413b26079d67a7367cfe1ed2c771d2888c01c7e88ec1197e32adee', 606032), ('slot', '93e3085a9b6e18abc4c85f0626e28d969d661474041cc973b9896e1f37ebb745', 50814), ('slot', '0d2729b875e928a40a25b2161788e69935bbaf20d0bda5cc62c9cf65ecf31ccb', 50814), ('slot', '91b07598d0d64e9fa19784b4c38fb34e7b7ecccc3eabc5e02337000e6fb7800b', 50802), ('slot', 'aaa4ee09d5ba9c6ea5cf961c98d6e8ee3b9b8b16b484e42f494601b6344e232d', 50814), ('slot', 'fcd0d30fb80b73ca0171fc1f33b4b7af99db8c3d633986491dd1bb9347bc3c8c', 50814), ('weights', '16dbffbaf46e073cc0f55bd17d286a1039fb991b33589ba6c9e7308c4faa9e13', 73694), ('weights', 'b06eda80d70fdc5e22923f722ea22dd40acf4772ca8cdfa4314f8c03ef76c0e3', 56594), ('weights', 'ea8c567b00acf7847c7de18ad633f4a3a3d2b03627916cc765e634f540bf8e67', 56594), ('weights', 'e17c1ec0ad9f6fd5dc95c7297768977941c9b076d2ef6ad6e7da56d5677415d4', 56594), ('weights', '0d89dd208ab61f02b9f880e6cc2428744d6f21a8a45fa41384b692d4cd6e5e21', 56594), ('feedback', '7f63d4f589da1ac2401957bee1b7ea3a5449bf3c9cfb8679e4acee5e2a5e58d2', 619028), ('feedback', '2c9cf065339363dc545dcc6a8554a8594eda246e9ae665fd440bfbf03c3fb471', 567728), ('feedback', '3cebac5afb49f4e28f3481887b8b6ee76032696018007960c5117a8adaa8d680', 550628), ('feedback', '92fc63a4d8670549ce73a30c4abb3d2c5732d5b0290187573605b884a435c160', 550628), ('feedback', '8303993117eb17d35979720ada7f5631ed4867c0cf344200789238e25fe6fb56', 396112), ('contrib', 'd5a1d054b24ba80848276e4125c059f12fc984cfda89cfa3c94fe59b53ba4013', 95135), ('contrib', '4de1269138f04e78b77cb1be32c170b8e1bfc0134e79d6c8d7974b193a559f05', 78035), ('contrib', 'eb14e06bb6c09a0e29f4ec2898b68fc86e929bfaf2051b8aeaba8a917cfccc06', 78035), ('contrib', 'e49bf1b10f39d9d7701bd8e822ee815fc9b421918d3a8f5a2ec62615d3128bfa', 58123), ('contrib', 'f10e5ca69f5759a252414971c8485f3d00ab81fd28259841906ffd7ca1ddadf4', 58123), ('close', '442eff68f724d6463334e19000d2135b5a816a5caf9b3431196b4fb925efea04', 513408)]"
7,23:20:38.321,0.9145,87.7737188488245,"[983329631669245430, 1355535241134098166, 1340199839679967862, 1793084944250381935, 1227850343266306594, 0]","[91, 90, 91, 88, 0, 89]","[9, 10, 10, 12, 0, 10]","[('0xA41dE09A63f6Cedd633f99052b44450d3BB91D44', 4438820025064447786, 29166666666666551, 983329631669245430), ('0x17725D495A0843Ea05541fD61ba5D4082750bC08', 4141614415599594821, 45833333333333220, 1355535241134098166), ('0x37AC7AC5D09bbC6dAC1CF036b7F9DdD0EA4E052E', 4144449817053725058, 33333333333333153, 1340199839679967862), ('0x536fc4cd48ad9B3649e8aB615592E83Ec9F5fcd1', 3629064712483311636, 29166666666666196, 1793084944250381935), ('0xA2F37A08a8488CB8551a0D03f7A73f4156757de7', 5451316323400359767, 79166666666666374, 1227850343266306594)]",300000000000000000,[],"[-291666666666665519, 458333333333332204, 333333333333331538, -291666666666661966, 791666666666663743]","[[0.0, 1.0, 1.0, 1.0, 0.0, 1.0], [1.0, 0.0, 1.0, 1.0, 0.0, 1.0], [1.0, 1.0, 0.0, 1.0, 0.0, 1.0], [1.0, 1.0, 1.0, 0.0, 0.0, 1.0], [0.0, 0.0, 0.0, 0.0, 0.0, 0.0], [0.0, 0.0, 0.0, 0.0, 0.0, 0.0]]",[],"['$user$0, 0.904, good, good, None, 0xA41dE09A63f6Cedd633f99052b44450d3BB91D44', '$user$1, 0.899, good, good, None, 0x17725D495A0843Ea05541fD61ba5D4082750bC08', '$user$2, 0.907, good, good, None, 0x37AC7AC5D09bbC6dAC1CF036b7F9DdD0EA4E052E', '$user$3, 0.901, good, good, None, 0x536fc4cd48ad9B3649e8aB615592E83Ec9F5fcd1', '$user$5, 0.848, freerider, freerider, 5, 0xA2F37A08a8488CB8551a0D03f7A73f4156757de7']","[('close', '442eff68f724d6463334e19000d2135b5a816a5caf9b3431196b4fb925efea04', 513408), ('slot', 'b5ed7ebf5e9349a1b26200e22dfe8cd264709ba9791ff3ce6a58722b7ec2047b', 50814), ('slot', 'de6db97d20cb287acea9481194a14e1fbf4806aa03a5bd0c80aca00069293977', 50814), ('slot', '1e79026faebe56f326f8baa6df4f315a49152422c266b21d4f96e11fcf829f3e', 50802), ('slot', 'a3529469a2ccb2b28122eed843fee907b2ca5b1090f4962974f83c83207df649', 50814), ('slot', '923c4330790e4f4e16e77d94a04f04f7db225095945a90c511c122618917ec18', 50802), ('weights', '18e6f448f1a2c940152940475612a73f3176cb534ab20f20edd82a3c2fa71b11', 73694), ('weights', 'f379a99c26270cd373c73c68429a8585f71f1426ea0444032fe5bd9895258543', 56594), ('weights', 'a8c2ff185b0aa0c255e6bdc706ef818ae2de9d1b2a87f4f42427f454780f69ee', 56594), ('weights', '59e6206c514e2b3a635b8360d247445e46f1716c76e7e83085aab17e8ef60817', 56594), ('weights', 'f63b6fe181e6fd4b1b8c1897266b5b35f0632861b76191474ec4633ea542e79a', 56594), ('feedback', '2066347f07d2335af8b7340a0d5fb3acb10188cffd8ef04f320f0c8942a75702', 619028), ('feedback', '75091795406d4ce75f6072dfe5ffbe5e08d83c55367972c887c852cbcaea7d00', 567728), ('feedback', '47c1220efcf7024d40b58f0d9792eab0c435f25f0943a63497a1f31c9ccf8e4e', 550628), ('feedback', '5a6911315751f65d71a1637140b2ff0d0f2dd75639aec2bab2f0925214c2338e', 550628), ('feedback', 'ca8dc8efc2c39b4aebfab39e83c85666caf9e1fdb8310e2545771d4f0a134e49', 396112), ('contrib', '2da8c05820852caea998690adedcde7292ed1172dbde4b513a750ff2fed101d9', 95135), ('contrib', 'f5a840b505ab782f20e26bb7359b8e5c1aa29ae803d707f880612452ce12eff7', 58123), ('contrib', 'd0348a8d5f0684bc1246574c7ad999965367dce641a6943e16884bfccedf6aed', 58123), ('contrib', '72866d967dfee82ca8e800e68e198547eb34795163590e1a9e68729d7e5197d5', 78035), ('contrib', 'bae01825f3ce4008052c0ea32e301f098e3d3482c4babd888d896e940053de56', 58123), ('close', '3b5a662c0cca3736e8adc6a84c7bb45cdda43ad9735e36d3d7c2fd1c135f0d90', 513396)]"
8,23:21:02.374,0.9217,78.9511573202908,"[683329631669251825, 1305535241134100298, 1490199839679965730, 2093084944250375540, 1227850343266306594, 0]","[92, 91, 92, 89, 0, 90]","[8, 9, 9, 10, 0, 10]","[('0xA41dE09A63f6Cedd633f99052b44450d3BB91D44', 4488820025064447963, 299999999999993605, 683329631669251825), ('0x17725D495A0843Ea05541fD61ba5D4082750bC08', 4116614415599595227, 49999999999997868, 1305535241134100298), ('0x37AC7AC5D09bbC6dAC1CF036b7F9DdD0EA4E052E', 4131949817053725531, 149999999999997868, 1490199839679965730), ('0x536fc4cd48ad9B3649e8aB615592E83Ec9F5fcd1', 3679064712483311458, 299999999999993605, 2093084944250375540), ('0xA2F37A08a8488CB8551a0D03f7A73f4156757de7', 5472149656733693393, 0, 1227850343266306594)]",200000000000000000,[],"[-2999999999999936051, -499999999999978683, 1499999999999978683, 2999999999999936051, 0]","[[0.0, 1.0, 1.0, 1.0, 0.0, 1.0], [1.0, 0.0, 1.0, 1.0, 0.0, 1.0], [1.0, 1.0, 0.0, 1.0, 0.0, 1.0], [1.0, 1.0, 1.0, 0.0, 0.0, 1.0], [0.0, 0.0, 0.0, 0.0, 0.0, 0.0], [0.0, 0.0, 0.0, 0.0, 0.0, 0.0]]",[],"['$user$0, 0.904, good, good, None, 0xA41dE09A63f6Cedd633f99052b44450d3BB91D44', '$user$1, 0.903, good, good, None, 0x17725D495A0843Ea05541fD61ba5D4082750bC08', '$user$2, 0.919, good, good, None, 0x37AC7AC5D09bbC6dAC1CF036b7F9DdD0EA4E052E', '$user$3, 0.907, good, good, None, 0x536fc4cd48ad9B3649e8aB615592E83Ec9F5fcd1', '$user$5, 0.848, freerider, freerider, 5, 0xA2F37A08a8488CB8551a0D03f7A73f4156757de7']","[('close', '3b5a662c0cca3736e8adc6a84c7bb45cdda43ad9735e36d3d7c2fd1c135f0d90', 513396), ('slot', '109cae25f547cc8c2afff301dfc354c11370a788a83463d54d844f3361f46ce4', 50814), ('slot', '9dae396c2d70bc2a0ed97fa82746888e1b494867d8686a8bfefcbf7f70a933bc', 50802), ('slot', '5782aba1a8ac40792e7a97c4d38462783117402a322ab1bc20734c4d7f39e32d', 50814), ('slot', 'fd9d7cf763e01e4c295e7d71fd58112d937aac7cdfe6959f12fac2205e457c77', 50790), ('slot', '07e8ed80e27e21b4bee78af504f7b32f752b3b6290e9636a2aaf161f1ae9dc9a', 50802), ('weights', 'c7bcffa2eed2afee1cc7cef76816bbd32be2e5c617bc0eec02ffb6adb335f4fa', 73694), ('weights', 'b4d7b6773a1ff918a1ada28f17b2ba4efd70fbca503f30ee643bb3a5dbd4bd90', 56594), ('weights', '9867760521c7e6b81df2395f19852be36634c6cd8a04f4d9242ca2669a6be00e', 56594), ('weights', 'c9fd6e955643fb21724054719b91b0d632faad84482232d6db51925c179f9fad', 56594), ('weights', '995462e199e02eb5ee492cfaca19410e501e8949614744b4b6c896e5b4943920', 56594), ('feedback', '899a9aa537ab1c0e38b132fd872baccba4c73ec9b5bb028ab88a798a9db9c2af', 619028), ('feedback', '9889628e9c7d244ebe92b2205acbd72f8bb332e6df5c40df9dcc41e19667360f', 567728), ('feedback', '25e785562941c24d52579c7b25824a4357b0230a88dddf668495ff451624c79c', 550628), ('feedback', '5eb75cf2a66e0e46cd9255d23d9780789a543b12153d73382686c21abfed0ec5', 550628), ('feedback', '28def6a534695df2e82096f3db5163c9a0dccdeab3006ffdaff45a82c8689629', 396112), ('contrib', '253c4a65984289f992ab6d03585c43eb49afdaae5c2b9d6565b05cbc031b3b02', 95135), ('contrib', '9ea203b63280a3d78d4e9a63b580be24b5a9b86ee5dec0b400b555c6e40ee63b', 78035), ('contrib', 'd54a34c48955e46cef894e9c804fb728138e7af7edaf91d473e5554edc6e6dd2', 58123), ('contrib', 'b40a1eaee2145ce8755221287cb3589dbf7138d4d92e5ff68b2f51b84eb7d6ea', 58123), ('contrib', '34e90b19cb15e6937f6da8b85802804a971a871de70968ca76dda0ae7ddb6504', 38127), ('close', '93e75ba871af20fd77082e499b6615c6597b001cbb581ac81ed155128bf47bf0', 495236)]"
9,23:21:26.687,0.9294,71.5043067894876,"[681901060240680481, 1309820955419814576, 1500199839679965631, 2164513515678946935, 1243564628980592363, 0]","[92, 92, 93, 90, 0, 90]","[8, 8, 8, 9, 0, 9]","[('0xA41dE09A63f6Cedd633f99052b44450d3BB91D44', 4888820025064441568, 1428571428571344, 681901060240680481), ('0x17725D495A0843Ea05541fD61ba5D4082750bC08', 4266614415599593095, 4285714285714278, 1309820955419814576), ('0x37AC7AC5D09bbC6dAC1CF036b7F9DdD0EA4E052E', 4081949817053727663, 9999999999999901, 1500199839679965631), ('0x536fc4cd48ad9B3649e8aB615592E83Ec9F5fcd1', 3479064712483317853, 71428571428571395, 2164513515678946935), ('0xA2F37A08a8488CB8551a0D03f7A73f4156757de7', 5572149656733693393, 15714285714285769, 1243564628980592363)]",100000000000000000,[],"[-14285714285713450, 42857142857142788, 99999999999999020, 714285714285713968, 157142857142857694]","[[0.0, 1.0, 1.0, 1.0, 0.0, 1.0], [1.0, 0.0, 1.0, 1.0, 0.0, 1.0], [1.0, 1.0, 0.0, 1.0, 0.0, 1.0], [1.0, 1.0, 1.0, 0.0, 0.0, 1.0], [0.0, 0.0, 0.0, 0.0, 0.0, 0.0], [0.0, 0.0, 0.0, 0.0, 0.0, 0.0]]",[],"['$user$0, 0.917, good, good, None, 0xA41dE09A63f6Cedd633f99052b44450d3BB91D44', '$user$1, 0.917, good, good, None, 0x17725D495A0843Ea05541fD61ba5D4082750bC08', '$user$2, 0.931, good, good, None, 0x37AC7AC5D09bbC6dAC1CF036b7F9DdD0EA4E052E', '$user$3, 0.918, good, good, None, 0x536fc4cd48ad9B3649e8aB615592E83Ec9F5fcd1', '$user$5, 0.848, freerider, freerider, 5, 0xA2F37A08a8488CB8551a0D03f7A73f4156757de7']","[('close', '93e75ba871af20fd77082e499b6615c6597b001cbb581ac81ed155128bf47bf0', 495236), ('slot', 'd64832ae589ae9c5ba036ef471d9965a9b7cae3ff3323eeeb522e54977e63d0d', 50814), ('slot', '00df54d32488c6c1b4589b76aba4e811237ad68221e0444345a21741f155f1a5', 50802), ('slot', '766cb7186c9bd8001fcf593f3d8e5bfff777aebe27716829d57976f422866deb', 50814), ('slot', '08162e1c5ca8fd1ec8c38963c9719a1e9c3bc8dc42c6d0d7a419b592bcbdd95d', 50814), ('slot', 'bb2d4000ec55dc5d67713fb80f88f9794b1d0c1eddc9c432b16a3c03bcceeb42', 50802), ('weights', '365e95785f13c0727d6e13df638eed35baee1f34ca08b84d5f4fe510fde17570', 73694), ('weights', 'e5582e9a9ad3ac65c8a7d7412de3a2cf11242eb5e59a1eb8b64d4aea22edcf57', 56594), ('weights', 'ed0e38e031af9a8e82e44fae10a4585c94fb0ddb8ab705a640a15746d03c739f', 56594), ('weights', '51d3f627c9ce89ba6807b2dc18f2a267370ee729df7fb6176ed42c1aab5a30af', 56582), ('weights', '33f2c76ddae6a9deddd33498ad5c85ecdc3140bc42435fdb6623207a26df6e8a', 56594), ('feedback', '6503c049508d09de325e3220e159a761925a468a099884bb0d158eac5755ba4b', 619028), ('feedback', 'b96de9e0e65611526c3160859af4701f165d79aa91e1d38fc7415bdeb1711339', 567728), ('feedback', '8b9806a1094627895582256d310f7113cd1e715fe9d69b6717e7595048d53b82', 550628), ('feedback', 'fc64151df47e3b1f6664a360ff8e7d665b736a1dd29d8169a3df6533c4898efd', 550628), ('feedback', '057fae616158d9b136f0780bbaa0317a082e6b43392820eedef2b2c0add2e94f', 396112), ('contrib', '685527c11b38687a4063265d9e2cbbbfe7b8856aad7777060d5ced12929b41a2', 95123), ('contrib', 'dd1cf0f3322e026acd37c4d8e8dd9727263eac555d964ba7832eacb53959836f', 58111), ('contrib', '497151539ca8ee17635770a2aec1cbefffdab04ff8d86b87e156fc019b9f5af2', 58123), ('contrib', '1faa0d82bf6e384ca64879ff5071a2197d49b16953ef30ef241b2515f7fba637', 58123), ('contrib', 'c6dd782ac0f8fd14c141e1573d70e972f4bf16412b5c4778fa70a7ddd8b487b9', 58123), ('close', '1c4cb96613ce5850a003812ae9ca87f678dec66d536824614775a4cae2836987', 513385)]"
10,23:21:51.078,0.9366,64.88642125204206,"[667615345954967234, 1331249526848385656, 1493056982537109011, 2226418277583707988, 1281659867075830096, 0]","[93, 93, 94, 91, 0, 92]","[7, 7, 7, 8, 0, 8]","[('0xA41dE09A63f6Cedd633f99052b44450d3BB91D44', 4974534310778727142, 14285714285713247, 667615345954967234), ('0x17725D495A0843Ea05541fD61ba5D4082750bC08', 4346614415599593047, 21428571428571080, 1331249526848385656), ('0x37AC7AC5D09bbC6dAC1CF036b7F9DdD0EA4E052E', 4156235531339441992, 7142857142856620, 1493056982537109011), ('0x536fc4cd48ad9B3649e8aB615592E83Ec9F5fcd1', 3491921855340460688, 61904761904761053, 2226418277583707988), ('0xA2F37A08a8488CB8551a0D03f7A73f4156757de7', 5656435371019407623, 38095238095237733, 1281659867075830096)]",0,[],"[-142857142857132468, 214285714285710804, -71428571428566206, 619047619047610520, 380952380952377323]","[[0.0, 1.0, 1.0, 1.0, 0.0, 1.0], [1.0, 0.0, 1.0, 1.0, 0.0, 1.0], [1.0, 1.0, 0.0, 1.0, 0.0, 1.0], [1.0, 1.0, 1.0, 0.0, 0.0, 1.0], [0.0, 0.0, 0.0, 0.0, 0.0, 0.0], [0.0, 0.0, 0.0, 0.0, 0.0, 0.0]]",[],"['$user$0, 0.923, good, good, None, 0xA41dE09A63f6Cedd633f99052b44450d3BB91D44', '$user$1, 0.932, good, good, None, 0x17725D495A0843Ea05541fD61ba5D4082750bC08', '$user$2, 0.925, good, good, None, 0x37AC7AC5D09bbC6dAC1CF036b7F9DdD0EA4E052E', '$user$3, 0.923, good, good, None, 0x536fc4cd48ad9B3649e8aB615592E83Ec9F5fcd1', '$user$5, 0.848, freerider, freerider, 5, 0xA2F37A08a8488CB8551a0D03f7A73f4156757de7']","[('close', '1c4cb96613ce5850a003812ae9ca87f678dec66d536824614775a4cae2836987', 513385), ('slot', 'b6fde4b2fda63f0e7d9b43b30bb2e66cb9e80bf42f74155037094003b88bf02a', 50814), ('slot', 'f8d0ca79f50fd98401459a3fb4235c15bfbd5708f06caa4694eff58695f52e1b', 50814), ('slot', '76e0bcb8f92d4b48d783d50e49e5570b2d6432d050e3eb073d94348d60149432', 50802), ('slot', '47b9debe105dfbdff5075b36508fa513884e111f5a637cf8dc583af4f6411a36', 50814), ('slot', '23dc27924a956083e621a337d0357b461033f53a50444be426c7c09944fc29ce', 50814), ('weights', 'c445860e005dff3f22c5660d553bb15d0558a887a1d5448df4dce87e4f5a8b77', 73694), ('weights', '56209280d7ec447e7c7fb7e99793c93b87f1fc25543cd5a4933ee495998e28e5', 56594), ('weights', '9df21727589c08e4433efda2032efaf9924e236c0c82c16010dc4a1e3d3dee2a', 56594), ('weights', '19f108c172300bf72c95a7e20004c0767f227bfcc8d2f52009beb8d552898895', 56582), ('weights', '44e2afd88fad8dabcfaf66d88e2ca250ebc8e0010bb8221bff95e4b99e5428f6', 56594), ('feedback', '8fbef96360b4d90182529bf05005a775d01e6384a5937bebb19936e679800b70', 619028), ('feedback', '6f35e17169a70b0cca1e882dc07f5ae5daa9c2bc08c711cbaeea03d58dc481e9', 567728), ('feedback', '7b15de47e260614cb228075385dad10f6359ea8d464f6c3c90f604e0b9bd18c6', 550628), ('feedback', '7365df759f2b56d5f8c93ea92535da98e2b67688b99b647a8c68306c0418c72d', 550628), ('feedback', '2f26c72d55e69ad5505bda8735c25b47a4f48bc021a9e979ecbeaed3446a7f64', 396112), ('contrib', 'a5ec1920c845664a4acc3590ec98325c3899cbf33e01018a225c8957b34901d7', 95135), ('contrib', 'f7ed6e8daa6cffea9619fa604f7afb96ab7deeb18468513443d026d21f833ba0', 58123), ('contrib', '0b63257c68f73bca170d029ded459b25cb38623cfaafdb3d50cd19b306c68385', 78023), ('contrib', '8405c5db3a22157ed2a41d23612d3f1aabe8e33d8e6612e645abaa13c7c0a8ec', 58123), ('contrib', '5aa8c439112640e02ef55a8b265e0de938ee19b285bb06af1c4d52f681321c20', 58123), ('close', '287a6c245b3ff7ff2c62d3d75d9fc39562ca3b5c67f7ad9610dd4696b5ba9d6a', 513396)]"
# $gasCosts$[816143, 747743, 706969, 730643, 730643, 730643, 75223, 58123, 58123, 58123, 58123, 58123, 693769, 642469, 645269, 629269, 631143, 625369, 75223, 58123, 58123, 58123, 58123, 717015, 648615, 631515, 691215, 603043, 631515, 75223, 58123, 58123, 58123, 58123, 717015, 648615, 631515, 631503, 613043, 631515, 75223, 58123, 58123, 58123, 58123, 717015, 648615, 631515, 631515, 613043, 604273, 75211, 58123, 58123, 58123, 78035, 619028, 567728, 550628, 550628, 396112, 95135, 78035, 78035, 58123, 58123, 619028, 567728, 550628, 550628, 396112, 95135, 58123, 58123, 78035, 58123, 619028, 567728, 550628, 550628, 396112, 95135, 78035, 58123, 58123, 38127, 619028, 567728, 550628, 550628, 396112, 95123, 58111, 58123, 58123, 58123, 619028, 567728, 550628, 550628, 396112, 95135, 58123, 78023, 58123, 58123],[126674, 126674, 126674, 126674, 126674],[50814, 50802, 50814, 50814, 50814, 50814, 50814, 50814, 50778, 50814, 50814, 50814, 50814, 50814, 50814, 50814, 50814, 50814, 50802, 50814, 50814, 50814, 50814, 50814, 50814, 50814, 50814, 50802, 50814, 50814, 50814, 50814, 50802, 50814, 50814, 50814, 50814, 50802, 50814, 50802, 50814, 50802, 50814, 50790, 50802, 50814, 50802, 50814, 50814, 50802, 50814, 50814, 50802, 50814, 50814],[73682, 56594, 56594, 56594, 56582, 56594, 73694, 56594, 56594, 56594, 56594, 56594, 73694, 56594, 56594, 56594, 56594, 56582, 73682, 56594, 56594, 56594, 56594, 56594, 73682, 56594, 56594, 56594, 56594, 56594, 73694, 56594, 56594, 56594, 56594, 73694, 56594, 56594, 56594, 56594, 73694, 56594, 56594, 56594, 56594, 73694, 56594, 56594, 56582, 56594, 73694, 56594, 56594, 56582, 56594],[641581, 643640, 643640, 643640, 606032, 513408, 513396, 495236, 513385, 513396],[],[]
# TOTAL EXPERIMENT TIME: 268.19 seconds
