# Author Nykjaer
# ------Specs--------# cpu_name:  (processor model)
# cpu_cores: 6 (physical cores)
# ram_gb: 13.5 (system memory in GB)
# gpu_name: NVIDIA GeForce RTX 3060 Laptop GPU (graphics processor)
# os_name: Linux (operating system)
# ------Config--------# good_contributors: 4 (honest participants)
# bad_contributors: 1 (malicious participants)
# freeriders: 1 (contribute 0)
# inactive: 0 (never join)
# reward: 1000000000000000000 (total reward pool)
# minimum_rounds: 10 (rounds to simulate)
# min_buy_in: 1000000000000000000 (lower buy-in bound)
# max_buy_in: 1000000000000000000 (upper buy-in bound)
# standard_buy_in: 1000000000000000000 (default buy-in)
# epochs: 1 (local epochs per round)
# batch_size: 32 (training batch size)
# punish_factor: 3 (penalty multiplier)
# first_round_fee: 50 (fee for first round)
# fork: True (True=local fork, False=real net)
# contribution_score_strategy: naive (scoring method)
# use_outlier_detection: False (Whether to use outlier detection)
# freerider_start_round: 5 (When freeriders should start freeriding)
# freerider_noise_scale: 0.01 (How much noise a freeder should add)
round,time,globalAcc,globalLoss,GRS,accAvgPerUser,lossAvgPerUser,rewards,conctractBalanceRewards,punishments,contributionScores,feedbackMatrix,disqualifiedUsers,userStatuses,GasTransactions
# $startingUserConfig$['$user$0, 0, good, good, None, 0xA41dE09A63f6Cedd633f99052b44450d3BB91D44', '$user$1, 0, good, good, None, 0x17725D495A0843Ea05541fD61ba5D4082750bC08', '$user$2, 0, good, good, None, 0x37AC7AC5D09bbC6dAC1CF036b7F9DdD0EA4E052E', '$user$3, 0, good, good, None, 0x536fc4cd48ad9B3649e8aB615592E83Ec9F5fcd1', '$user$4, 0, good, bad, 3, 0x118E560679B62a9F24c135A96d416548782f8cc2', '$user$5, 0, good, freerider, 5, 0xA2F37A08a8488CB8551a0D03f7A73f4156757de7']
0,00:19:55.238,0,720.4354248046875,"[1000000000000000000, 1000000000000000000, 1000000000000000000, 1000000000000000000, 1000000000000000000, 1000000000000000000]",[],[],[],1000000000000000000,[],[],,[],"['$user$0, 0, good, good, None, 0xA41dE09A63f6Cedd633f99052b44450d3BB91D44', '$user$1, 0, good, good, None, 0x17725D495A0843Ea05541fD61ba5D4082750bC08', '$user$2, 0, good, good, None, 0x37AC7AC5D09bbC6dAC1CF036b7F9DdD0EA4E052E', '$user$3, 0, good, good, None, 0x536fc4cd48ad9B3649e8aB615592E83Ec9F5fcd1', '$user$4, 0, good, bad, 3, 0x118E560679B62a9F24c135A96d416548782f8cc2', '$user$5, 0, good, freerider, 5, 0xA2F37A08a8488CB8551a0D03f7A73f4156757de7']","[('register', '434fcbb3edc3806135f607114281c1ba9114bd331afbd5f7714561e3a6b81e7f', 126674), ('register', '2dba9dace81bcc04a22ad810346955667d98f69269d813a5288428e116e103c5', 126674), ('register', '567489c8ca0849734a7279518e3b0152428c32389179e9070ebbe2dd5be38234', 126674), ('register', 'f5f3ad5cb1d8bb6edc4a55e5f3b2415ac313b477d28c7fc84705aaa1ea34683f', 126674), ('register', 'b5b8a77444ddba7b223cf054c751cccdfbb8ed5724ecc1f979829eda2e9f3012', 126674)]"
1,00:20:27.212,0.1176,717.3865966796875,"[1016666666666666666, 1016666666666666666, 1016666666666666666, 1016666666666666666, 1016666666666666666, 1016666666666666666]","[13, 9, 11, 10, 9, 9]","[74, 74, 74, 74, 74, 74]","[('0xA41dE09A63f6Cedd633f99052b44450d3BB91D44', 5000000000000000000, 16666666666666666, 1016666666666666666), ('0x17725D495A0843Ea05541fD61ba5D4082750bC08', 2000000000000000000, 16666666666666666, 1016666666666666666), ('0x536fc4cd48ad9B3649e8aB615592E83Ec9F5fcd1', 4000000000000000000, 16666666666666666, 1016666666666666666), ('0x118E560679B62a9F24c135A96d416548782f8cc2', 4000000000000000000, 16666666666666666, 1016666666666666666), ('0xA2F37A08a8488CB8551a0D03f7A73f4156757de7', 5000000000000000000, 16666666666666666, 1016666666666666666)]",900000000000000000,[],"[166666666666666666, 166666666666666666, 166666666666666666, 166666666666666666, 166666666666666666, 166666666666666666]","[[0.0, 0.0, -1.0, 0.0, 0.0, 1.0], [1.0, 0.0, 1.0, 1.0, 1.0, 1.0], [1.0, 1.0, 0.0, 1.0, 1.0, 1.0], [1.0, 0.0, 0.0, 0.0, 1.0, 1.0], [1.0, 1.0, 1.0, 1.0, 0.0, 1.0], [1.0, 0.0, -1.0, 1.0, 1.0, 0.0]]",[],"['$user$0, 0.774, good, good, None, 0xA41dE09A63f6Cedd633f99052b44450d3BB91D44', '$user$1, 0.609, good, good, None, 0x17725D495A0843Ea05541fD61ba5D4082750bC08', '$user$2, 0.584, good, good, None, 0x37AC7AC5D09bbC6dAC1CF036b7F9DdD0EA4E052E', '$user$3, 0.687, good, good, None, 0x536fc4cd48ad9B3649e8aB615592E83Ec9F5fcd1', '$user$4, 0.672, good, bad, 3, 0x118E560679B62a9F24c135A96d416548782f8cc2', '$user$5, 0.764, good, freerider, 5, 0xA2F37A08a8488CB8551a0D03f7A73f4156757de7']","[('slot', '19f0a4f8c0ffb8dd0bc588f214f9598e65c851eb6e742ec950bb704295fe20ac', 50814), ('slot', '4b6f50321a0d15df054a1f3649ddbdccbef8d12e28b16247d217253a0a173a96', 50814), ('slot', 'b7db6964ce44429f53c6d8f3cab935319f6af8ce4556b1b5d1c5f216f39c946f', 50814), ('slot', '8acb3122cf22704bcca1e8c9d1ac1a386dd5f887d7b8956eca2be9946be36901', 50814), ('slot', '72d03e1ae4c31b82029c5024abb110606d501e62b3affcf74b5c81e2b8ab483b', 50814), ('slot', 'f736b911a714cdc373984af0a66cfbafe4d9616a1c36fe1fc64b659d4a2b144b', 50814), ('weights', '7c819698d1d0106085849e7dd91b67a9d9822a7e0f7e54afe50d8033cb0f9aa7', 73694), ('weights', '76946caca3b2664e2ed9ce4ecaf6fef475e78f577dc0bf342ee5e4d9ae21f245', 56594), ('weights', '52e528dc921b33491da4cd7d60e66dcb8ed5e06b06344f89a700c8bc792dd2b8', 56594), ('weights', 'd9a3e19509b89c9cbaa429ab49cd00b541a38ef104f75112e2044cf9487ef421', 56594), ('weights', '4ea529cc71db997d35fea87baa9c7a8b3d83ce197d6bf6130857c0fe26f03820', 56594), ('weights', 'bc2dbfb4c1dd47848ce4acb71ea6d5431a52ca3452d622ac1f56f74872e44390', 56594), ('feedback', '1bf0d6d149ab64271fb4f7b1b644f51ab7ef8c994cf292de9e5e8e4761a0f0b0', 280679), ('feedback', '69aa14fa22e2a250e88c6c2e7fe80c6130722afdf16365d2511d8bd1f29e3c2b', 383553), ('feedback', 'daec095c9d20323235f71138ebc44fa2f3d275312c184ddab2acceb0f7bb3f81', 354153), ('feedback', '8df7f7c0c8859a2cbdc3b62cd1b4ad94fcbb7d4cdb8a7ff93125c54f3af381a7', 289705), ('feedback', 'f0aa4bb2338a7285a38ad29f02359020383888d8bbb5175e01c1f5156be55049', 354153), ('feedback', '66edb18d0cb66dee29003023ab74bd80a7e5b321d1d1e10a2736dec118a70d3b', 289027), ('contrib', 'eac4961b1b5b906eb1b82be966f6c10afb1495ceef96b06ab6f0bfffe092e958', 75223), ('contrib', 'ad4eaf8f3066efe4ac91eaec73f716cf6971b62ce745651d8e9ca5fe39e828df', 58123), ('contrib', 'd105118a43d0393d05245f5b5f1da0817ef5ce45137b6de685208c715427369e', 58123), ('contrib', '993d707b2c698a34dba69a1d81d8283c2ed5f4ea0339a3222fcce3f225e5737b', 58123), ('contrib', 'dd30d3c3f117710f14a55f475de0b6a38f3ba30a08dffafff59f9ac026c0f0db', 58123), ('contrib', 'e45647d88ff19b8e82cdc62dd3012d073fcc0aba42a46310f1c29af7201c7f54', 58123), ('close', 'cb3969cabdf4b94f0bb2739542b453833072d0c7194a6b68c1819cc5e34f7afa', 639341)]"
2,00:20:57.037,0.4607,673.7297058105469,"[1033333333333333332, 1033333333333333332, 1033333333333333332, 1033333333333333332, 1033333333333333332, 1033333333333333332]","[10, 10, 11, 12, 11, 13]","[73, 73, 73, 73, 73, 73]","[('0xA41dE09A63f6Cedd633f99052b44450d3BB91D44', 4066666666666666664, 16666666666666666, 1033333333333333332), ('0x17725D495A0843Ea05541fD61ba5D4082750bC08', 3049999999999999998, 16666666666666666, 1033333333333333332), ('0x37AC7AC5D09bbC6dAC1CF036b7F9DdD0EA4E052E', 4066666666666666664, 16666666666666666, 1033333333333333332), ('0x536fc4cd48ad9B3649e8aB615592E83Ec9F5fcd1', 5083333333333333330, 16666666666666666, 1033333333333333332), ('0x118E560679B62a9F24c135A96d416548782f8cc2', 2033333333333333332, 16666666666666666, 1033333333333333332), ('0xA2F37A08a8488CB8551a0D03f7A73f4156757de7', 4066666666666666664, 16666666666666666, 1033333333333333332)]",800000000000000000,[],"[166666666666666666, 166666666666666666, 166666666666666666, 166666666666666666, 166666666666666666, 166666666666666666]","[[0.0, 1.0, 1.0, 1.0, 0.0, 1.0], [1.0, 0.0, 1.0, 1.0, 1.0, 1.0], [1.0, 1.0, 0.0, 1.0, 1.0, 1.0], [0.0, -1.0, 0.0, 0.0, -1.0, 0.0], [1.0, 1.0, 1.0, 1.0, 0.0, 1.0], [1.0, 1.0, 1.0, 1.0, 1.0, 0.0]]",[],"['$user$0, 0.403, good, good, None, 0xA41dE09A63f6Cedd633f99052b44450d3BB91D44', '$user$1, 0.375, good, good, None, 0x17725D495A0843Ea05541fD61ba5D4082750bC08', '$user$2, 0.365, good, good, None, 0x37AC7AC5D09bbC6dAC1CF036b7F9DdD0EA4E052E', '$user$3, 0.491, good, good, None, 0x536fc4cd48ad9B3649e8aB615592E83Ec9F5fcd1', '$user$4, 0.328, good, bad, 3, 0x118E560679B62a9F24c135A96d416548782f8cc2', '$user$5, 0.39, good, freerider, 5, 0xA2F37A08a8488CB8551a0D03f7A73f4156757de7']","[('close', 'cb3969cabdf4b94f0bb2739542b453833072d0c7194a6b68c1819cc5e34f7afa', 639341), ('slot', '6432a589bffca5fd9e7f6e6c4496323eb045a4406f4b9049666641518861ddb7', 50802), ('slot', '56b9f818393960dfe480a4555723933d78093cba7d3a0f669cd941618cfe75b1', 50814), ('slot', '2ef8eabec056a0fdba252f0061e511e45e7f9b4c3d22637d72b4bfac9f6c6cf3', 50814), ('slot', '9b0bfc425ebf0f5c130a5d979d2f6c4a7232fba1893912b3fa72c68ba3c5b7a9', 50814), ('slot', '6ee82a9e0c7325f36524c70fee69f8cd2ebbd5a94f47d43b2d56800238ecb4f4', 50814), ('slot', '02616c93e9c8be5b1f9746606d30459404979d7f344fccb76dd320b26c297620', 50814), ('weights', '0f27c1768fa8e4e256764c56523e689a307e5566e84ba4629fe95c12d1bafef5', 73670), ('weights', '4f95149ec9e3226593081937af731f394f0e31725888ceee477c66e6ea163700', 56594), ('weights', '8f67daf478b925d3e2b36e809f6656da00dcbdb1e9aa5097bf18f5e404047c01', 56594), ('weights', 'dd58496963db4f64ca867b24e878302f3f101b1da0df1b8767bfca5ffb6d1f35', 56594), ('weights', '8ee82a0f0f5f492732499ac3792cf97cedc307f335f22cf07024a771ea300fe9', 56594), ('weights', '7bc51221763cb8e8f49ddbd4857da6b5344b25f2a6f7d34f715bc1f47d1366d8', 56594), ('feedback', '26c3343464ad9c53bdacae5c04b19b9746c3254b63acc8d15cfe86e14f6011a9', 361879), ('feedback', '974970d1ab67dba8d4f2aae5c71d2d3b9d610bec376eaf433d152233db3ac016', 271753), ('feedback', 'fe3dab7e04d9ba843234b8d612aa265772298b194f1422f78c4c02a9a03c6cfc', 237553), ('feedback', '0aa2aa1a16f1b8d297dccbe60a1df492bbdf2bdaadb4270fc08121b00d712fa6', 220927), ('feedback', 'b6ff4811b37b6fdd86acf27e0c624b9f0145d51c30d4bd3198bb64650e4a652f', 237553), ('feedback', 'f87b83245945ab6d0d3b3c27c50906f39126e2dfa7225f66d36e5fd8bc20d5c9', 277353), ('contrib', '172f69eb3d94a519da998097b49e57679fa348d4a136531e0e33b7eef35b0a66', 75223), ('contrib', 'dbd0426dd4504e882f708151c7d1f4676c175d47e3edd1749bab40c22342d050', 58123), ('contrib', '6e532ef169ded8f8e52bb7dedf15835c8da0b3f32d715b159937a0832acb7578', 58123), ('contrib', '9581873e17abbf7226dc7fa281968fb57d2cea4b9867a5bddc9521f3a83e4b11', 58123), ('contrib', '56362ab0c5b968bcd44cbfd7960754960c10dc7fd8b630b0873875f9a0b044e4', 58123), ('contrib', '4dcfec8a926a3d541a363940546e1ba3a055b97ea77b34d63396c1d942245a62', 58123), ('close', 'ef421fd6c9449ae33b0724db21e70c6eb5e88b445d2702c1f0daf6c4918c8ede', 611186)]"
3,00:21:25.587,0.7906,223.26382985711098,"[1122222222222222220, 1122222222222222220, 1122222222222222220, 1122222222222222220, 688888888888888888, 1122222222222222220]","[45, 44, 44, 43, 48, 49]","[69, 69, 69, 69, 69, 69]","[('0xA41dE09A63f6Cedd633f99052b44450d3BB91D44', 3099999999999999996, 88888888888888888, 1122222222222222220), ('0x17725D495A0843Ea05541fD61ba5D4082750bC08', 3099999999999999996, 88888888888888888, 1122222222222222220), ('0x37AC7AC5D09bbC6dAC1CF036b7F9DdD0EA4E052E', 3099999999999999996, 88888888888888888, 1122222222222222220), ('0x536fc4cd48ad9B3649e8aB615592E83Ec9F5fcd1', 3099999999999999996, 88888888888888888, 1122222222222222220), ('0xA2F37A08a8488CB8551a0D03f7A73f4156757de7', 3099999999999999996, 88888888888888888, 1122222222222222220)]",700000000000000000,"[(3, 344444444444444444)]","[200000000000000000, 200000000000000000, 200000000000000000, 200000000000000000, 200000000000000000]","[[0.0, 1.0, 1.0, 1.0, -1.0, 1.0], [1.0, 0.0, 1.0, 1.0, -1.0, 1.0], [1.0, 1.0, 0.0, 1.0, -1.0, 1.0], [1.0, 1.0, 1.0, 0.0, -1.0, 1.0], [-1.0, -1.0, -1.0, -1.0, 0.0, -1.0], [1.0, 1.0, 1.0, 1.0, -1.0, 0.0]]",[5],"['$user$0, 0.732, good, good, None, 0xA41dE09A63f6Cedd633f99052b44450d3BB91D44', '$user$1, 0.752, good, good, None, 0x17725D495A0843Ea05541fD61ba5D4082750bC08', '$user$2, 0.751, good, good, None, 0x37AC7AC5D09bbC6dAC1CF036b7F9DdD0EA4E052E', '$user$3, 0.742, good, good, None, 0x536fc4cd48ad9B3649e8aB615592E83Ec9F5fcd1', '$user$4, 0.328, bad, bad, 3, 0x118E560679B62a9F24c135A96d416548782f8cc2', '$user$5, 0.777, good, freerider, 5, 0xA2F37A08a8488CB8551a0D03f7A73f4156757de7']","[('close', 'ef421fd6c9449ae33b0724db21e70c6eb5e88b445d2702c1f0daf6c4918c8ede', 611186), ('slot', 'dc561af7eec128df7dbfd5f70dcc5f11d22e3397a6ddb730c7526352c476538d', 50814), ('slot', 'cfa96e760b6c7fcb05d0bb7b11d58ede26d7fb5f68c454ec751c2d469f7c2040', 50814), ('slot', '91c761e6779ac5e90c5b91cf8db98d51849fcb63bcbee57de113d32632ee8470', 50814), ('slot', '25165f358a414f54d6505e2d449413cc096947b77da49776790b2c80e57da0b5', 50814), ('slot', 'b616f9be6f294ac8c845fb7564a2957843098b51fd8e31d7b390cf63f0c82ebd', 50814), ('slot', '754696e4f57f838ea0cb3b454ff1023fe59ccf3d41c8f0bd421c641c254ea3f0', 50814), ('weights', '68a61274cbfd6baaa32cd7cf01d9ec8eee91f2cc924a727c72d3481ddcd401ef', 73694), ('weights', '91cc4f27cc8fef54bc19f833644f67a1f6082a847791d541b0548adcb60d7cb8', 56594), ('weights', '2a5867521e0a09d237c201410fbc349a78aa71c15e7b43eb583db585698042d2', 56594), ('weights', 'd79254b9f6a261fea6b504950d404a9f9816221bae2ed0f74f60572eb7935073', 56582), ('weights', 'f7d2aebb9677d58c94aa4eb6ff87047c7854dd99afd981f7d1e0b64db6be7022', 56594), ('weights', '41e45235f87b5bbc55c62f0b812ad732774e7c93d10e0f9e3cc17d8a7bd84d02', 56582), ('feedback', '4bcc5e23111c56f7d96c0d0b9ea39462215ce189c4ce69c3bee10976358dbc5e', 323401), ('feedback', '6adb2cabc136d44a6c161b82e7973bf5057aefe2d000fe486c850b9e9ce6cec2', 253001), ('feedback', '0570a54ea28ce642a5d6939f0ab0b24fb4efec175b3ff482fb172ebdfd6a3507', 235901), ('feedback', '9ed7270fe3dce621da5d4d55efaf4cd35f6362cd691a10ea31267affc86bff52', 317501), ('feedback', 'de172e92bcf788c26228c97f909449a1ef7770dba02d9d1d04159ed70ae60c79', 229293), ('feedback', '32c7c786eed9e0dec7ab1db0a908b4301bbc4464e92ccc86d68f75ab4c85ac4b', 235901), ('contrib', '0590597520f57e9985e092e18fbe7d7f4b4164cc849c698d3298a1455047c441', 75199), ('contrib', 'ed4bd8da229deefe68ed7aabb254feb0d3c7c14e3d104d2a96db470f6edb5dcf', 58099), ('contrib', 'f7794ff7a8daf9df453800701111da89dd06389c515e78ea080cd02b97072a07', 58099), ('contrib', '1582575660624bf7deb6f783b02debefbd9f8b46c6e5f8e3f39bf43d67f65065', 58099), ('contrib', '07f616c5eef90acbb972f598cf83cee5b4dbb3e7cb52c5d3d7a55d8d4c122d8d', 58099), ('close', 'eb154df0019c1d8e8d2a59539bd39e19f80efce90eefd4befc7885e2463fd292', 643640)]"
4,00:21:53.838,0.8622,148.1441168114543,"[1188148148148148145, 1188148148148148145, 1188148148148148145, 1188148148148148145, 459259259259259259, 1188148148148148145]","[78, 78, 77, 77, 79, 79]","[23, 23, 24, 25, 22, 22]","[('0xA41dE09A63f6Cedd633f99052b44450d3BB91D44', 3799999999999999992, 65925925925925925, 1188148148148148145), ('0x17725D495A0843Ea05541fD61ba5D4082750bC08', 3799999999999999992, 65925925925925925, 1188148148148148145), ('0x37AC7AC5D09bbC6dAC1CF036b7F9DdD0EA4E052E', 3799999999999999992, 65925925925925925, 1188148148148148145), ('0x536fc4cd48ad9B3649e8aB615592E83Ec9F5fcd1', 3799999999999999992, 65925925925925925, 1188148148148148145), ('0xA2F37A08a8488CB8551a0D03f7A73f4156757de7', 3799999999999999992, 65925925925925925, 1188148148148148145)]",600000000000000000,"[(4, 229629629629629629)]","[200000000000000000, 200000000000000000, 200000000000000000, 200000000000000000, 200000000000000000]","[[0.0, 1.0, 1.0, 1.0, -1.0, 1.0], [1.0, 0.0, 1.0, 1.0, -1.0, 1.0], [1.0, 1.0, 0.0, 1.0, -1.0, 1.0], [1.0, 1.0, 1.0, 0.0, -1.0, 1.0], [-1.0, -1.0, -1.0, -1.0, 0.0, -1.0], [1.0, 1.0, 1.0, 1.0, -1.0, 0.0]]",[5],"['$user$0, 0.825, good, good, None, 0xA41dE09A63f6Cedd633f99052b44450d3BB91D44', '$user$1, 0.836, good, good, None, 0x17725D495A0843Ea05541fD61ba5D4082750bC08', '$user$2, 0.84, good, good, None, 0x37AC7AC5D09bbC6dAC1CF036b7F9DdD0EA4E052E', '$user$3, 0.825, good, good, None, 0x536fc4cd48ad9B3649e8aB615592E83Ec9F5fcd1', '$user$4, 0.328, bad, bad, 3, 0x118E560679B62a9F24c135A96d416548782f8cc2', '$user$5, 0.842, good, freerider, 5, 0xA2F37A08a8488CB8551a0D03f7A73f4156757de7']","[('close', 'eb154df0019c1d8e8d2a59539bd39e19f80efce90eefd4befc7885e2463fd292', 643640), ('slot', '0d7c22e93649690eeb8961f41fb42a89872aa9d305112a3f2e24e324528eb1d7', 50814), ('slot', '16a404f9b8470ff9d7dd3e83e210025bc1c052ef467b042aab08d10440ba8c4e', 50814), ('slot', '28e208a2965a944a6a730d9f95f7c37cc31ecf0fc5694d042e668769e3e2ed70', 50814), ('slot', '1d46a73234e3833889c7a5958820c93a312e4f4f4fab74f7324cd9c729510d19', 50814), ('slot', '940ecdc0517091d2c209af237476e7b6735256caade5e5f06b3f90c9155fc669', 50814), ('slot', '4eea1f9cb3f0812a5521d8c1e1a81e912bf57b313818504a09134822c59fb367', 50814), ('weights', 'aba1b20182710b511bbc4399c03d7ce4df61bb93e19679befa2c8e305f560c79', 73694), ('weights', '47c70b0b7a1ec72ddbbebaa0259c7bae6e1a80380930cd095025b5760e3845d9', 56594), ('weights', 'c068714dafddda69a2bbe94e146bf9ad6bc7b89a8c0750f8ef1d733e018cc2c4', 56594), ('weights', 'c530ef7c966345e60fa624885c611f29f80d4c24f6cc6c4c0272a1a905cf3739', 56594), ('weights', 'a9291198e95233b927fc3132e44bd1b7cb19ae67d140aec1f5e3f93a31eb7995', 56594), ('weights', 'b43d15052468105500f59f2ef4837c7015727c0377be39f0d3b8a26f8ac4734b', 56594), ('feedback', '6dab07f08f7334082c832732ac3baa1d7e128706736a35a31c63ba88ee7280af', 323401), ('feedback', '4899a854ee7da75a94c053c29979de4b14f59a19c98b9351c42bfef1cf866279', 255001), ('feedback', 'f3f39aa43984381a80dce8c78c5fa11efa43f5a8a7187a8792aba6af4f54a9d8', 237901), ('feedback', '1f56ec6b000d3fef81ec3d2f2ecc263e46f7cd6193ad00dc856af6346021c7f6', 237901), ('feedback', 'a41dee7e89d666638ae9eef0fbc5ae36ed43f7720a38a4c291b019928312c87b', 239293), ('feedback', '51d83ef65f1f6e8e55b6d0b36a2e3c1e9ea45372acadbf5f32b7f5418c835948', 237901), ('contrib', '98363afd90399dd247cf63daea707ecad0d626b1689fa89a3051b5e924d1be90', 75199), ('contrib', '6147a0cf2a87458a2b9efb32661a110222fc787f59af85dbbed9b5cad3bfe3bb', 58099), ('contrib', 'c8a63deb9b30b13388fd9a1a27db46a9ca1e31569a35baa5a31c1a47c7b1c3f3', 58099), ('contrib', '2bc60f51bb515a7b1ed50169e856627c3c09b5ed33920e903f1d78927c4205a5', 58099), ('contrib', '036ae06ee19db522551d3dbad483f76f37071c258ea5726bff9f8c49c546f982', 58099), ('close', '4f520bcc4a8b64b2af3078e80650422153e063f22e9df3db015c2ff07b571039', 643640)]"
5,00:22:20.622,0.884,120.99510227888823,"[1238765432098765428, 1238765432098765428, 1238765432098765428, 1238765432098765428, 306172839506172840, 1238765432098765428]","[85, 87, 85, 84, 87, 86]","[14, 15, 16, 17, 14, 15]","[('0xA41dE09A63f6Cedd633f99052b44450d3BB91D44', 3105185185185185176, 50617283950617283, 1238765432098765428), ('0x17725D495A0843Ea05541fD61ba5D4082750bC08', 3105185185185185176, 50617283950617283, 1238765432098765428), ('0x37AC7AC5D09bbC6dAC1CF036b7F9DdD0EA4E052E', 3105185185185185176, 50617283950617283, 1238765432098765428), ('0x536fc4cd48ad9B3649e8aB615592E83Ec9F5fcd1', 3105185185185185176, 50617283950617283, 1238765432098765428), ('0xA2F37A08a8488CB8551a0D03f7A73f4156757de7', 4293333333333333321, 50617283950617283, 1238765432098765428)]",500000000000000000,"[(5, 153086419753086419)]","[200000000000000000, 200000000000000000, 200000000000000000, 200000000000000000, 200000000000000000]","[[0.0, 1.0, 1.0, 1.0, -1.0, 1.0], [1.0, 0.0, 1.0, 1.0, -1.0, 1.0], [1.0, 1.0, 0.0, 1.0, -1.0, 1.0], [1.0, 1.0, 1.0, 0.0, -1.0, 1.0], [-1.0, -1.0, -1.0, -1.0, 0.0, -1.0], [0.0, 0.0, 0.0, 0.0, 0.0, 0.0]]",[5],"['$user$0, 0.839, good, good, None, 0xA41dE09A63f6Cedd633f99052b44450d3BB91D44', '$user$1, 0.873, good, good, None, 0x17725D495A0843Ea05541fD61ba5D4082750bC08', '$user$2, 0.876, good, good, None, 0x37AC7AC5D09bbC6dAC1CF036b7F9DdD0EA4E052E', '$user$3, 0.859, good, good, None, 0x536fc4cd48ad9B3649e8aB615592E83Ec9F5fcd1', '$user$4, 0.328, bad, bad, 3, 0x118E560679B62a9F24c135A96d416548782f8cc2', '$user$5, 0.842, freerider, freerider, 5, 0xA2F37A08a8488CB8551a0D03f7A73f4156757de7']","[('close', '4f520bcc4a8b64b2af3078e80650422153e063f22e9df3db015c2ff07b571039', 643640), ('slot', '3df4373ebdff4491a1bdb4d1e27624764c468520f4672c86a8d8e276e4f541f0', 50814), ('slot', '775cd8bacd17d30ad97d9068760f7b79b0c0382b085cb0b57a72454928b7248f', 50814), ('slot', '45009d5b2d1b9e9349771799219a5e08e172e67f519fc0f7ad1e7bb317e67db6', 50814), ('slot', '16e5c06addecd6c93e3e0552615ec685e58a9eefd1eb52156fdbfc50f36a61b5', 50802), ('slot', '0fca87b6c99c087a0c8df9ba614eb75212abf34d9ae2b6916db90d5ffa77d168', 50814), ('slot', '666327170d9f8eb173cd1d714c0a418a6cda0c13d307d68e56833783b5113ee2', 50814), ('weights', '33ac28dc23ac029961cbcdc63d809dc9464f2368cb57163724301860bdaa8c1a', 73694), ('weights', '8cba1334552fc5688c5f94bc93bb5aa515c7372375aa58a370fc4ad890c497bf', 56594), ('weights', 'e3e8ff72e5408b94bfed014b1a35c6400d364ebb4b638f3a59774f9a27c6398a', 56594), ('weights', 'e3f221f206eaaa3d93c8c9c12656f8c750bedc4553030fab0f3e42630fde36c6', 56594), ('weights', '194e0ae7d7b043c4b19d8edf90cb28778dba3e333fd11e9a9e73d0fa7da3a4bf', 56594), ('weights', '8b3085bd51595966437255a60bad9a82606f563c1784d0dc280f64a12fd05f56', 56594), ('feedback', '18ae352c9dc5354c2636296c13754fd74903db43eed1178abeb36ecaccc1a3ac', 323401), ('feedback', 'c9c24b805ea4f08b9d470c7f3c6b5dc6e68457f1f48a46b6b8a0ec71e5f7fae1', 255001), ('feedback', 'a1d772daa0402b1b52e317bbe2433b3a40332238381799a1daf4708ceb5147c3', 237901), ('feedback', 'fe588c1ebb66d4197749ed0ffd637ab0cf71122f82fcf0f326cd2e0da5683a8e', 237901), ('feedback', 'ae0bd65e58d40901011161cbd9e4f52a78c64eaeeca20c68e2578ade5a9cec6c', 239293), ('feedback', 'cdebcb93ce52ca6b241d3f2cac8da3b855f855e77c96727c0cdbfbeb2a2e926b', 210683), ('contrib', '6fe870b67ac6b15d03087e4e876fcc2493f7ba959922bef25531d433c32a2acc', 75199), ('contrib', 'e228ff91b84574f6a10b844371407b5d39257e782837e1ea5110ac147852a412', 58099), ('contrib', '414118deaf06f30efc52a0ab42f0c485556b3a3f70c83fa03786af2f0f908543', 58099), ('contrib', 'abdfc5ccbf8e7a916ac1b496eea6c012809d4934bb724680fa19cbeead6c453e', 58099), ('contrib', '2646b2918ca0fb69ac988cfabc8c1462dc9d8a6730a9ee970c9aa428e1307e5b', 58099), ('close', '40e9c209442bc654a5a462432fc03f0c3ab3cc6b9a8ba225caaddbbac4481bc9', 643640)]"
6,00:22:47.350,0.8984,104.18439074233174,"[1319999999999999996, 1319999999999999996, 1319999999999999996, 1319999999999999996, 1319999999999999996, 0]","[89, 88, 89, 87, 88, 88]","[11, 12, 13, 14, 12, 12]","[('0xA41dE09A63f6Cedd633f99052b44450d3BB91D44', 3410123456790123444, 81234567901234568, 1319999999999999996), ('0x17725D495A0843Ea05541fD61ba5D4082750bC08', 3410123456790123444, 81234567901234568, 1319999999999999996), ('0x37AC7AC5D09bbC6dAC1CF036b7F9DdD0EA4E052E', 3410123456790123444, 81234567901234568, 1319999999999999996), ('0x536fc4cd48ad9B3649e8aB615592E83Ec9F5fcd1', 3410123456790123444, 81234567901234568, 1319999999999999996), ('0xA2F37A08a8488CB8551a0D03f7A73f4156757de7', 4648888888888888872, 81234567901234568, 1319999999999999996)]",400000000000000000,"[(6, 306172839506172840)]","[200000000000000000, 200000000000000000, 200000000000000000, 200000000000000000, 200000000000000000]","[[0.0, 1.0, 1.0, 1.0, -1.0, 1.0], [1.0, 0.0, 1.0, 1.0, -1.0, 1.0], [1.0, 1.0, 0.0, 1.0, -1.0, 1.0], [1.0, 1.0, 1.0, 0.0, -1.0, 1.0], [-1.0, -1.0, -1.0, -1.0, 0.0, -1.0], [0.0, 0.0, 0.0, 0.0, 0.0, 0.0]]",[5],"['$user$0, 0.864, good, good, None, 0xA41dE09A63f6Cedd633f99052b44450d3BB91D44', '$user$1, 0.875, good, good, None, 0x17725D495A0843Ea05541fD61ba5D4082750bC08', '$user$2, 0.886, good, good, None, 0x37AC7AC5D09bbC6dAC1CF036b7F9DdD0EA4E052E', '$user$3, 0.889, good, good, None, 0x536fc4cd48ad9B3649e8aB615592E83Ec9F5fcd1', '$user$5, 0.842, freerider, freerider, 5, 0xA2F37A08a8488CB8551a0D03f7A73f4156757de7']","[('close', '40e9c209442bc654a5a462432fc03f0c3ab3cc6b9a8ba225caaddbbac4481bc9', 643640), ('slot', '5349ac8ae8730431a814f2a12b9a1803b535325d3b48920b0206188b1e4f62bd', 50814), ('slot', 'a8b847cecdc2f2e79ed9e00fa6af3357bc6ebbb02e4b8c042f3b0ab455c85134', 50814), ('slot', '9f5bd7c9b31d6ed520ff1518007ebb74c991d197a240bc1f60dde77309d42525', 50814), ('slot', 'baad441442b44c902208ea80f8e1eb49984cc6f5a539386af66db8b0a692bab2', 50802), ('slot', '6fd776eb72b578242d896dbb7a52ce32314c36d53f2a9426c122f4b8fff4bb09', 50814), ('slot', '1178f4f1b38bdac4c9df3b1c56bd37f53eb71ed805d2e63fb7b7ded1975c5558', 50802), ('weights', 'd7fcf9c0a8063c1110556fec3081c8132c38d1d9c4d4727ea07de828e6af65c8', 73694), ('weights', 'f42ab4b29283823e49ef7b6129cbf421d714ac8f2bbcb267cba99c7c291aae0d', 56594), ('weights', '4e5a1fed1503193212962acb0d72fba1e38ba9a73922b6e488a69b07c46386d6', 56594), ('weights', '786ad43723319ff22120290f5a2a8e44bffb37583211adbee5ad05bae77861d5', 56594), ('weights', 'fc8a55474df98412a6ea821735fd47f4b2f4a675097f0faa2ceb57cd085953b6', 56594), ('weights', 'bf601c40e0c537d1c4ed07835827dc5988d486f6588e1a3593df42968660643c', 56594), ('feedback', '1a5bcbbcfc0d4e2ad33df2ee7ac9d19c6cb5b8c8cad11fef05c9cf16b7a06fd4', 323401), ('feedback', '171347dc37f0ee50706ef6aade9c39fa586e59965004f86db40852b9ec27d51b', 255001), ('feedback', '3726a88bdea4d5838c3e329bdc24ea862f3581a1f000ebf0487d8e379ebb12ba', 237901), ('feedback', 'ac787cc294a0c73cc81fb36d66e4fdb213f3ffb7b92bef72c0e5953caba392ad', 237901), ('feedback', '2c7d3fec557dc2d247027cb7e91e4f397a569c4b139013c34bd6ddbf0af2a03d', 239293), ('feedback', '9dc7be07f6d91ae899bed20a9f84a801df3c932a69c58468de0df0179861794f', 218683), ('contrib', '6985dc8a7521bfbf65ac7c4d9991db87f03f6505d1730fa3477025c7517c987c', 75199), ('contrib', '9a84adf6ab4ba2022c9d6c434cd633b6dbcfb30a9d68f49e9f6bf89ebcfad57d', 58099), ('contrib', '12ef4dc1b08cc040cfcdee2d779746ba5335a2f47244b686f2e0d71b33a1d481', 58099), ('contrib', '4d0598034fabeff6e7631065119447f4ac61cf14407226be2563e2993cff0b48', 58099), ('contrib', '802c36334f0093abbbb4d52c723b657a0bf17e8378c47d1e3b8fe22157a902d0', 58099), ('close', 'a8898b6da83a4bb2c26694849837b88e40cbe250bb804a33fb2103e0bbd4af87', 606020)]"
7,00:23:12.575,0.9067,93.04832028225064,"[1339999999999999996, 1339999999999999996, 1339999999999999996, 1339999999999999996, 1339999999999999996, 0]","[90, 90, 91, 88, 0, 90]","[10, 10, 11, 12, 0, 11]","[('0xA41dE09A63f6Cedd633f99052b44450d3BB91D44', 3959999999999999988, 20000000000000000, 1339999999999999996), ('0x17725D495A0843Ea05541fD61ba5D4082750bC08', 3959999999999999988, 20000000000000000, 1339999999999999996), ('0x37AC7AC5D09bbC6dAC1CF036b7F9DdD0EA4E052E', 3959999999999999988, 20000000000000000, 1339999999999999996), ('0x536fc4cd48ad9B3649e8aB615592E83Ec9F5fcd1', 3959999999999999988, 20000000000000000, 1339999999999999996), ('0xA2F37A08a8488CB8551a0D03f7A73f4156757de7', 5279999999999999984, 20000000000000000, 1339999999999999996)]",300000000000000000,[],"[200000000000000000, 200000000000000000, 200000000000000000, 200000000000000000, 200000000000000000]","[[0.0, 1.0, 1.0, 1.0, 0.0, 1.0], [1.0, 0.0, 1.0, 1.0, 0.0, 1.0], [1.0, 1.0, 0.0, 1.0, 0.0, 1.0], [1.0, 1.0, 1.0, 0.0, 0.0, 1.0], [0.0, 0.0, 0.0, 0.0, 0.0, 0.0], [0.0, 0.0, 0.0, 0.0, 0.0, 0.0]]",[],"['$user$0, 0.89, good, good, None, 0xA41dE09A63f6Cedd633f99052b44450d3BB91D44', '$user$1, 0.888, good, good, None, 0x17725D495A0843Ea05541fD61ba5D4082750bC08', '$user$2, 0.904, good, good, None, 0x37AC7AC5D09bbC6dAC1CF036b7F9DdD0EA4E052E', '$user$3, 0.896, good, good, None, 0x536fc4cd48ad9B3649e8aB615592E83Ec9F5fcd1', '$user$5, 0.842, freerider, freerider, 5, 0xA2F37A08a8488CB8551a0D03f7A73f4156757de7']","[('close', 'a8898b6da83a4bb2c26694849837b88e40cbe250bb804a33fb2103e0bbd4af87', 606020), ('slot', 'ef679995fe55a3c2910e96b46792af38213ac5a1f625f6e11fd22e6c9f1c0471', 50814), ('slot', '5fd1241a32803b3a0511b4bda36eb40580732083a2aa238894ce5ee0da83e663', 50814), ('slot', '4cd289f1a19da44b966d77dfa507bbc3ab8582a910f39efbaa0688a096382197', 50814), ('slot', '18c2ddfcc487306af2549b1acc1f144c0bc334037ef1be067c3f746d6048a4c6', 50814), ('slot', '69af3af90411aba6071b0a939d977634b86cd204d6bf1c662e04cdb8aef59030', 50814), ('weights', '1f70d62ff20fd4c6712d62798602d750111fab5c09e0e9199fe8f0ef436c2e34', 73694), ('weights', 'b6b230482a450576d8c5b527c06539891ce445cfd2d126e9316f605ed4de00e8', 56594), ('weights', '5e77fe869fc0a65a790d6cfbbd37056acc4d9ad2c51d0a2de8a53e3d26e5a26a', 56594), ('weights', '44ed202cbceb9dc3c0319eb2212a5fd97582d5e2a4c9883a41e055756979f5b4', 56594), ('weights', '6c4627855e184f8f43100352165e8a2f2e30fede6cbf76ac2a77a284556f32ae', 56594), ('feedback', '67263c00bcf8881632cc2ab77405664531a02f9eb4c44309eaaef30a315ac12a', 270174), ('feedback', '704b5649e251842b5608725abb810ed598444acc6e654c37baa4b2c87f20c696', 218874), ('feedback', '20bba5716781c8531039cd04e8e070498557ce76196c888dd5e6725faa80331f', 201774), ('feedback', 'd530b2d6afe17db2f65c3dab452e4238dbac4899e065d6dea99e655d23a79dcb', 201774), ('feedback', 'bc408a78b1767a759396c2cd4e749363baa8aadc04700637afd1ca21aecfc5ed', 186678), ('contrib', '9a3110bfa56480ab73d995198d56e63f1c77287b5ed6604255527d864053fdcf', 75199), ('contrib', '53fd105bdfe609c2d395d52ee23ff6cde4dc65e3aa5344053e23b501af91c064', 58099), ('contrib', '89da8331b975788a0d64f595700e36ed7e39c85267f28f1467a71422081f63bf', 58099), ('contrib', '6481ac678b0767331a19453fd235b25098ed5f0808fbc1825085271d0f11aa98', 58099), ('contrib', '40932fa47004a87a2f01d0f26ba5686941576fa19386f4bbc12f209b7dc70526', 58099), ('close', 'b01a483a1e0a2fd8e6e4957f7417d379f545bf9f7a468f3136d120501dc8cc3e', 513374)]"
8,00:23:36.942,0.9176,83.34299363195896,"[1359999999999999996, 1359999999999999996, 1359999999999999996, 1359999999999999996, 1359999999999999996, 0]","[91, 90, 92, 89, 0, 90]","[9, 9, 10, 11, 0, 10]","[('0xA41dE09A63f6Cedd633f99052b44450d3BB91D44', 4019999999999999988, 20000000000000000, 1359999999999999996), ('0x17725D495A0843Ea05541fD61ba5D4082750bC08', 4019999999999999988, 20000000000000000, 1359999999999999996), ('0x37AC7AC5D09bbC6dAC1CF036b7F9DdD0EA4E052E', 4019999999999999988, 20000000000000000, 1359999999999999996), ('0x536fc4cd48ad9B3649e8aB615592E83Ec9F5fcd1', 4019999999999999988, 20000000000000000, 1359999999999999996), ('0xA2F37A08a8488CB8551a0D03f7A73f4156757de7', 5359999999999999984, 20000000000000000, 1359999999999999996)]",200000000000000000,[],"[200000000000000000, 200000000000000000, 200000000000000000, 200000000000000000, 200000000000000000]","[[0.0, 1.0, 1.0, 1.0, 0.0, 1.0], [1.0, 0.0, 1.0, 1.0, 0.0, 1.0], [1.0, 1.0, 0.0, 1.0, 0.0, 1.0], [1.0, 1.0, 1.0, 0.0, 0.0, 1.0], [0.0, 0.0, 0.0, 0.0, 0.0, 0.0], [0.0, 0.0, 0.0, 0.0, 0.0, 0.0]]",[],"['$user$0, 0.904, good, good, None, 0xA41dE09A63f6Cedd633f99052b44450d3BB91D44', '$user$1, 0.888, good, good, None, 0x17725D495A0843Ea05541fD61ba5D4082750bC08', '$user$2, 0.913, good, good, None, 0x37AC7AC5D09bbC6dAC1CF036b7F9DdD0EA4E052E', '$user$3, 0.907, good, good, None, 0x536fc4cd48ad9B3649e8aB615592E83Ec9F5fcd1', '$user$5, 0.842, freerider, freerider, 5, 0xA2F37A08a8488CB8551a0D03f7A73f4156757de7']","[('close', 'b01a483a1e0a2fd8e6e4957f7417d379f545bf9f7a468f3136d120501dc8cc3e', 513374), ('slot', '9bf08b3e1c7cc451aaaf4d3bcc8940099524ae6561642150fb8d5d47527cdd8f', 50802), ('slot', '15eb50cbc0303016f86616408fa93fc5fe07af28fdced3303a37dadcdcff15e6', 50814), ('slot', '905e35f06bca06bb7ecea3d60baa0b9f19bbfc4794f9f504f19b7d477302c669', 50814), ('slot', 'c5388205ab13d928ec5df013bed0318024adacdd8f9eaf5e4490f98c6fcd7c41', 50814), ('slot', '37020f7b2282b513093fc00e79ffc82080cb5de47409f15b97680301e3bffd4d', 50814), ('weights', 'd540d035ea1312a8569918306a8a374275b238368a58ebb43dfe905221cc834c', 73694), ('weights', 'e158c0368e9af32346b531e4df68fed75da44c53443d64d2cb71482d2239071b', 56594), ('weights', '69e9577821b93ea2dab6684c9e6546c7d3249746a31f13d4e23bace6b05a6bd8', 56594), ('weights', 'fd91b6b468896a6cac37522c2ddb6fa088b1f23e4c5acf97b7e0f1ba3ed42dfb', 56594), ('weights', 'd8c799094a5795b3b18d9ffd22adc8356024b9fa59e5054e8d6cb4c5961930f7', 56594), ('feedback', 'd0da909b127238d96c4cc9fc5e128d857aeb9ef74ecfb499e8ada9ca16e9f44b', 270174), ('feedback', '7a2f46185aa50ffcd0d0483a1336e75a1e6400ae674813bbd94eb89a0bf87870', 218874), ('feedback', '0a18304282308460115c2abc44a70f3738f123f3919b38e9fb26091df3803876', 201774), ('feedback', '801cddc8399f56c645d2e31d2ba0fa04999c0d56fa9a5e26bcd0e105fa1e3e44', 201774), ('feedback', '475f7f6c56b5dc2764973574e8b9637de33a0796e46f71eca55cbd54909b3fc4', 186678), ('contrib', '6d31be91d3e0da43610ae2a51e7f749554099d9428599a20e5a071d2909627e0', 75199), ('contrib', '806d61cf70363468527ca16249aa07a567c0b8645f9ab50b8c22795d82bbec34', 58099), ('contrib', '383b531039a81ec4fc2d93b7011c8da9d02cc066e8fe5c1a95e27c0388c11664', 58099), ('contrib', 'eed636edf9ae179a80c59fd9ad43b11981269563041140de794c822a318f221b', 58099), ('contrib', 'cf43e68a0799bbd401ea230ba8af7c66ef59b5bd25c77fe7969594f9c1ea3b17', 58099), ('close', '0aec24fa3e8c9f040cdd0ab4d8404bada43d9809a6e06712c143ee696c09c5f9', 513374)]"
9,00:24:01.118,0.926,75.48173793032765,"[1379999999999999996, 1379999999999999996, 1379999999999999996, 1379999999999999996, 1379999999999999996, 0]","[92, 92, 93, 90, 0, 91]","[8, 8, 8, 10, 0, 9]","[('0xA41dE09A63f6Cedd633f99052b44450d3BB91D44', 4079999999999999988, 20000000000000000, 1379999999999999996), ('0x17725D495A0843Ea05541fD61ba5D4082750bC08', 4079999999999999988, 20000000000000000, 1379999999999999996), ('0x37AC7AC5D09bbC6dAC1CF036b7F9DdD0EA4E052E', 4079999999999999988, 20000000000000000, 1379999999999999996), ('0x536fc4cd48ad9B3649e8aB615592E83Ec9F5fcd1', 4079999999999999988, 20000000000000000, 1379999999999999996), ('0xA2F37A08a8488CB8551a0D03f7A73f4156757de7', 5439999999999999984, 20000000000000000, 1379999999999999996)]",100000000000000000,[],"[200000000000000000, 200000000000000000, 200000000000000000, 200000000000000000, 200000000000000000]","[[0.0, 1.0, 1.0, 1.0, 0.0, 1.0], [1.0, 0.0, 1.0, 1.0, 0.0, 1.0], [1.0, 1.0, 0.0, 1.0, 0.0, 1.0], [1.0, 1.0, 1.0, 0.0, 0.0, 1.0], [0.0, 0.0, 0.0, 0.0, 0.0, 0.0], [0.0, 0.0, 0.0, 0.0, 0.0, 0.0]]",[],"['$user$0, 0.902, good, good, None, 0xA41dE09A63f6Cedd633f99052b44450d3BB91D44', '$user$1, 0.911, good, good, None, 0x17725D495A0843Ea05541fD61ba5D4082750bC08', '$user$2, 0.928, good, good, None, 0x37AC7AC5D09bbC6dAC1CF036b7F9DdD0EA4E052E', '$user$3, 0.907, good, good, None, 0x536fc4cd48ad9B3649e8aB615592E83Ec9F5fcd1', '$user$5, 0.842, freerider, freerider, 5, 0xA2F37A08a8488CB8551a0D03f7A73f4156757de7']","[('close', '0aec24fa3e8c9f040cdd0ab4d8404bada43d9809a6e06712c143ee696c09c5f9', 513374), ('slot', '648d374568cceade7051d2deb6bf9a6d2b534f3303a72d23504f4b126556e9c0', 50814), ('slot', '964aa16403ae2cfabc60fa0ef6fff4aac6ff46802a79f01505423e3bb3c6168c', 50814), ('slot', '51c1f2474d136a0bc9cbf37b70e8057c07c113cda12364350f233ad1dcee4032', 50814), ('slot', '63106d272b2bb1ecadee27f81be9caa8a3d635a8c28d61d57958a77ce2a15feb', 50814), ('slot', 'e5cadb69b7c5361eb99c68171a97a9e00a02ad81072ffe4786c6ffb43fc8e713', 50814), ('weights', '6497795cf2b973819f9a03ac07d78ebb982baada80704529abf22dd1cb08a8b2', 73694), ('weights', '715c42a80dbc3490a513813439f251603acefca95c3e320cd4b0f164134d1488', 56594), ('weights', 'aad371e37f6a82cc127f7960340f046e36422b7ef7c6cb068101757df90f122a', 56594), ('weights', '7607f47e5aad15d89b416b162d0b24748e47b50e07b94259e34bd960c165b062', 56594), ('weights', '90fe409aff95996f504b6d9c26c3a466c1b69b05aba262a504e373444099ed7f', 56594), ('feedback', '98d5727486ae3061258c2dabf645fb1b83db48b915e216ae633327ee68534c60', 270174), ('feedback', 'e869c988a81ea60da4b4485f15918c613b1d93fcf74ea5addc865099b61c7bec', 218874), ('feedback', 'a479e2070433d7139f1ececaabeb04ee5303aa1555c339f161615147e437261d', 201774), ('feedback', '6aea013227e8d904d868f851f7ef12a68734519201e19c28db7e128953f11a0c', 201774), ('feedback', 'b880fce54d32dc2598e02799b8d2aa51e6f0b615f4146b0da490bd1e832e8e6d', 186678), ('contrib', '786ddcd78fdc5870055bc33468935df1f52cd64cb157baa4a07da7fc8799b816', 75199), ('contrib', 'a2d8e14f97f4bd10ad443f354733b5229a7ecc1683a0506407ab1248a20ac043', 58099), ('contrib', 'a2b57fb3f4aafe2f016e3b16a0348b62a0e3290ac0c6bb92dff9775bc2b6b7e3', 58099), ('contrib', '42c10c56c29615701cb2b09418fcc78f38e1151aadad1a69aba8c8b089e931ca', 58099), ('contrib', '365564a912ec127e0bf708341736d7d48bb827cc7da5b4fbb5f31ad52821b87f', 58099), ('close', '95137464cc1742f8f32dc15b191b11ce66c6975e30b3764157da7bba360c0337', 513374)]"
10,00:24:25.374,0.9328,68.47745119407773,"[1399999999999999996, 1399999999999999996, 1399999999999999996, 1399999999999999996, 1399999999999999996, 0]","[93, 93, 94, 91, 0, 91]","[7, 8, 8, 9, 0, 8]","[('0xA41dE09A63f6Cedd633f99052b44450d3BB91D44', 4139999999999999988, 20000000000000000, 1399999999999999996), ('0x17725D495A0843Ea05541fD61ba5D4082750bC08', 4139999999999999988, 20000000000000000, 1399999999999999996), ('0x37AC7AC5D09bbC6dAC1CF036b7F9DdD0EA4E052E', 4139999999999999988, 20000000000000000, 1399999999999999996), ('0x536fc4cd48ad9B3649e8aB615592E83Ec9F5fcd1', 4139999999999999988, 20000000000000000, 1399999999999999996), ('0xA2F37A08a8488CB8551a0D03f7A73f4156757de7', 5519999999999999984, 20000000000000000, 1399999999999999996)]",0,[],"[200000000000000000, 200000000000000000, 200000000000000000, 200000000000000000, 200000000000000000]","[[0.0, 1.0, 1.0, 1.0, 0.0, 1.0], [1.0, 0.0, 1.0, 1.0, 0.0, 1.0], [1.0, 1.0, 0.0, 1.0, 0.0, 1.0], [1.0, 1.0, 1.0, 0.0, 0.0, 1.0], [0.0, 0.0, 0.0, 0.0, 0.0, 0.0], [0.0, 0.0, 0.0, 0.0, 0.0, 0.0]]",[],"['$user$0, 0.925, good, good, None, 0xA41dE09A63f6Cedd633f99052b44450d3BB91D44', '$user$1, 0.927, good, good, None, 0x17725D495A0843Ea05541fD61ba5D4082750bC08', '$user$2, 0.933, good, good, None, 0x37AC7AC5D09bbC6dAC1CF036b7F9DdD0EA4E052E', '$user$3, 0.915, good, good, None, 0x536fc4cd48ad9B3649e8aB615592E83Ec9F5fcd1', '$user$5, 0.842, freerider, freerider, 5, 0xA2F37A08a8488CB8551a0D03f7A73f4156757de7']","[('close', '95137464cc1742f8f32dc15b191b11ce66c6975e30b3764157da7bba360c0337', 513374), ('slot', '0dd4b4e18b9199a9b2563883947241ffb0ef072d90959d115ae702bac1409667', 50814), ('slot', 'c64b4184ad2424e58b750e5f601b65408557b4544c49706447398d08472c80a9', 50814), ('slot', 'e79f1aa570a0aff1c32e4b83c6230d63109e64c5bc7c6d86795c0b8690654cd8', 50814), ('slot', '342de8e528b00875fbbb8ad3fbd6f51684ed414a8f64f7ee2e0ff185d297d15b', 50814), ('slot', '6f613f2407958e1eca2a5c38e53195d1026708595ac1356a79b707e77eef53a9', 50814), ('weights', 'c4c2a8503c71d9139e681d13631a43e74b0d42d923a93a775b3f8d2683a84dbc', 73694), ('weights', 'f854004c4ebee86682e4e610daebaa760a54acc2685fda4539cd25b7d9a38f8a', 56594), ('weights', 'b7d1507479c545561f16c293f416f5af5ed985780aad174473c20d718f2d6ad0', 56594), ('weights', '9b132f32a32d0f3665c229eaecdf84d6fd564d5737737dc1dd5a002833876fb7', 56594), ('weights', '732a4776ffd2b8226cc75f75ded1c705a95727a36e158af73d95284b0a3cf565', 56594), ('feedback', '224917a38482001e7587d27f809bea5b6a720823bb69d2fc5e658f46bb7965f0', 270174), ('feedback', '4cf64b79568384927be9dff4e491efe6acce5b0d5cf2852cfb86daecaa5148a9', 218874), ('feedback', '52275a000647db692e203758f9f329bae6c5680c821c18507d3a3d74c6d0fc6b', 201774), ('feedback', 'a1c125c945cfd23a026ae952e7c19e1fe4987e5156097ad18b852a0b7a146622', 201774), ('feedback', '8f588c23b5e4996b3ad409e814b6dadbc1d0a88d44e4623c4f73fc80b402c53c', 186678), ('contrib', 'e0d2c9451ddb931a6796b18c85bbf4bca3966b064a581e7f60711b12b732b065', 75199), ('contrib', '3e5f01d0a8e5aa93fdc3f8b39c8d560605b26bc19831e0b8f41e07ddaabb64f2', 58099), ('contrib', 'f4a319890f9294f197b10e74631985437780b4fa3ba02f3a9060b5930d5dcbe2', 58099), ('contrib', '383581d7666956d6bbe5b2617e615ad4f18ba9bdd0af54453bd3a4b0cce776d5', 58099), ('contrib', '2f26a0d3657449f05b26a4c60eeb5f12018dab9177e0c84e621cc283483f12d6', 58099), ('close', 'e8d970f1e2f10bfdc996c2f066a1662f0f9764e78bf5660ebc59e224023f4f08', 513374)]"
# $gasCosts$[280679, 383553, 354153, 289705, 354153, 289027, 75223, 58123, 58123, 58123, 58123, 58123, 361879, 271753, 237553, 220927, 237553, 277353, 75223, 58123, 58123, 58123, 58123, 58123, 323401, 253001, 235901, 317501, 229293, 235901, 75199, 58099, 58099, 58099, 58099, 323401, 255001, 237901, 237901, 239293, 237901, 75199, 58099, 58099, 58099, 58099, 323401, 255001, 237901, 237901, 239293, 210683, 75199, 58099, 58099, 58099, 58099, 323401, 255001, 237901, 237901, 239293, 218683, 75199, 58099, 58099, 58099, 58099, 270174, 218874, 201774, 201774, 186678, 75199, 58099, 58099, 58099, 58099, 270174, 218874, 201774, 201774, 186678, 75199, 58099, 58099, 58099, 58099, 270174, 218874, 201774, 201774, 186678, 75199, 58099, 58099, 58099, 58099, 270174, 218874, 201774, 201774, 186678, 75199, 58099, 58099, 58099, 58099],[126674, 126674, 126674, 126674, 126674],[50814, 50814, 50814, 50814, 50814, 50814, 50802, 50814, 50814, 50814, 50814, 50814, 50814, 50814, 50814, 50814, 50814, 50814, 50814, 50814, 50814, 50814, 50814, 50814, 50814, 50814, 50814, 50802, 50814, 50814, 50814, 50814, 50814, 50802, 50814, 50802, 50814, 50814, 50814, 50814, 50814, 50802, 50814, 50814, 50814, 50814, 50814, 50814, 50814, 50814, 50814, 50814, 50814, 50814, 50814, 50814],[73694, 56594, 56594, 56594, 56594, 56594, 73670, 56594, 56594, 56594, 56594, 56594, 73694, 56594, 56594, 56582, 56594, 56582, 73694, 56594, 56594, 56594, 56594, 56594, 73694, 56594, 56594, 56594, 56594, 56594, 73694, 56594, 56594, 56594, 56594, 56594, 73694, 56594, 56594, 56594, 56594, 73694, 56594, 56594, 56594, 56594, 73694, 56594, 56594, 56594, 56594, 73694, 56594, 56594, 56594, 56594],[639341, 611186, 643640, 643640, 643640, 606020, 513374, 513374, 513374, 513374],[],[]
# TOTAL EXPERIMENT TIME: 272.76 seconds
