# Author Nykjaer
# ------Specs--------# cpu_name:  (processor model)
# cpu_cores: 6 (physical cores)
# ram_gb: 13.5 (system memory in GB)
# gpu_name: NVIDIA GeForce RTX 3060 Laptop GPU (graphics processor)
# os_name: Linux (operating system)
# ------Config--------# good_contributors: 4 (honest participants)
# bad_contributors: 1 (malicious participants)
# freeriders: 1 (contribute 0)
# inactive: 0 (never join)
# reward: 1000000000000000000 (total reward pool)
# minimum_rounds: 10 (rounds to simulate)
# min_buy_in: 1000000000000000000 (lower buy-in bound)
# max_buy_in: 1000000000000000000 (upper buy-in bound)
# standard_buy_in: 1000000000000000000 (default buy-in)
# epochs: 1 (local epochs per round)
# batch_size: 32 (training batch size)
# punish_factor: 3 (penalty multiplier)
# first_round_fee: 50 (fee for first round)
# fork: True (True=local fork, False=real net)
# contribution_score_strategy: naive (scoring method)
# use_outlier_detection: False (Whether to use outlier detection)
# freerider_start_round: 3 (When freeriders should start freeriding)
# freerider_noise_scale: 0.1 (How much noise a freeder should add)
round,time,globalAcc,globalLoss,GRS,accAvgPerUser,lossAvgPerUser,rewards,conctractBalanceRewards,punishments,contributionScores,feedbackMatrix,disqualifiedUsers,userStatuses,GasTransactions
# $startingUserConfig$['$user$0, 0, good, good, None, 0xA41dE09A63f6Cedd633f99052b44450d3BB91D44', '$user$1, 0, good, good, None, 0x17725D495A0843Ea05541fD61ba5D4082750bC08', '$user$2, 0, good, good, None, 0x37AC7AC5D09bbC6dAC1CF036b7F9DdD0EA4E052E', '$user$3, 0, good, good, None, 0x536fc4cd48ad9B3649e8aB615592E83Ec9F5fcd1', '$user$4, 0, good, bad, 3, 0x118E560679B62a9F24c135A96d416548782f8cc2', '$user$5, 0, good, freerider, 3, 0xA2F37A08a8488CB8551a0D03f7A73f4156757de7']
0,00:02:37.443,0,720.8921508789062,"[1000000000000000000, 1000000000000000000, 1000000000000000000, 1000000000000000000, 1000000000000000000, 1000000000000000000]",[],[],[],1000000000000000000,[],[],,[],"['$user$0, 0, good, good, None, 0xA41dE09A63f6Cedd633f99052b44450d3BB91D44', '$user$1, 0, good, good, None, 0x17725D495A0843Ea05541fD61ba5D4082750bC08', '$user$2, 0, good, good, None, 0x37AC7AC5D09bbC6dAC1CF036b7F9DdD0EA4E052E', '$user$3, 0, good, good, None, 0x536fc4cd48ad9B3649e8aB615592E83Ec9F5fcd1', '$user$4, 0, good, bad, 3, 0x118E560679B62a9F24c135A96d416548782f8cc2', '$user$5, 0, good, freerider, 3, 0xA2F37A08a8488CB8551a0D03f7A73f4156757de7']","[('register', '08efac0cba24dabaa3be8e02e12fee2fc31406daa7e0be9e72924f0bf252fb8b', 126674), ('register', 'b2b24ce1d23e544c32550b368c118d77b1e0bb820d3858e959dc4b710462f1bd', 126674), ('register', '7e8dd07a884165db55d781b3af21e72bca7a16ddd70cafb98d54306292bcacd0', 126674), ('register', 'b875a0bd70973519f00e78c43065a390ae2241df7e179ea53094239d18565529', 126674), ('register', '972e4ce7de2b5ce9ae8596abb85a44ca0dbae5b6afea6640e27ad79517c227fa', 126674)]"
1,00:03:08.766,0.1161,717.1359252929688,"[1016666666666666666, 1016666666666666666, 1016666666666666666, 1016666666666666666, 1016666666666666666, 1016666666666666666]","[9, 10, 12, 10, 10, 8]","[74, 74, 74, 74, 74, 74]","[('0xA41dE09A63f6Cedd633f99052b44450d3BB91D44', 5000000000000000000, 16666666666666666, 1016666666666666666), ('0x17725D495A0843Ea05541fD61ba5D4082750bC08', 5000000000000000000, 16666666666666666, 1016666666666666666), ('0x37AC7AC5D09bbC6dAC1CF036b7F9DdD0EA4E052E', 5000000000000000000, 16666666666666666, 1016666666666666666), ('0x536fc4cd48ad9B3649e8aB615592E83Ec9F5fcd1', 5000000000000000000, 16666666666666666, 1016666666666666666), ('0x118E560679B62a9F24c135A96d416548782f8cc2', 5000000000000000000, 16666666666666666, 1016666666666666666), ('0xA2F37A08a8488CB8551a0D03f7A73f4156757de7', 5000000000000000000, 16666666666666666, 1016666666666666666)]",900000000000000000,[],"[166666666666666666, 166666666666666666, 166666666666666666, 166666666666666666, 166666666666666666, 166666666666666666]","[[0.0, 1.0, 1.0, 1.0, 1.0, 1.0], [1.0, 0.0, 1.0, 1.0, 1.0, 1.0], [1.0, 1.0, 0.0, 1.0, 1.0, 1.0], [1.0, 1.0, 1.0, 0.0, 1.0, 1.0], [1.0, 1.0, 1.0, 1.0, 0.0, 1.0], [1.0, 1.0, 1.0, 1.0, 1.0, 0.0]]",[],"['$user$0, 0.744, good, good, None, 0xA41dE09A63f6Cedd633f99052b44450d3BB91D44', '$user$1, 0.671, good, good, None, 0x17725D495A0843Ea05541fD61ba5D4082750bC08', '$user$2, 0.72, good, good, None, 0x37AC7AC5D09bbC6dAC1CF036b7F9DdD0EA4E052E', '$user$3, 0.688, good, good, None, 0x536fc4cd48ad9B3649e8aB615592E83Ec9F5fcd1', '$user$4, 0.705, good, bad, 3, 0x118E560679B62a9F24c135A96d416548782f8cc2', '$user$5, 0.738, good, freerider, 3, 0xA2F37A08a8488CB8551a0D03f7A73f4156757de7']","[('slot', '282b0d30b4221b4d3bb1cba9f93995aac0c824a70493ca9d43f85b00652388b5', 50814), ('slot', '4aa280bd70cd23bfe5117b94395280e9125ca0e009f424c26de89c22453b1f2c', 50814), ('slot', '04b09a85a4a6599324d828333b3c95309f3c62778839c364446c1e961b0e434d', 50814), ('slot', '7e8168eb8a7619f17455cb54879beb71b8aa06b6d1cd6ae0f27a196d38ada0a4', 50814), ('slot', '7e4c42f09743a9c987be028c41f48b623d753c02315f68d5bb7606f829c1eb0a', 50814), ('slot', 'deda57feb3c7bb00558002919d2629d45310859845ffa8c05792c1b305bb1dfb', 50814), ('weights', '01b99520765694aaffafcb64601a4bebc516bdc04ede9d4953450519d4022862', 73694), ('weights', 'b30e22738194dcd28b95e31c7eac259c66e2379b8a6a978df0e966f0998b8e34', 56594), ('weights', '2567dc0172d1774c069f1de29ad7ddc5c40c894a278ddf87807533080ae8b610', 56594), ('weights', '1cc74d97f34f4ac598eeba7a0911dc5e822508a61c283cbcfa515472d90f5aac', 56594), ('weights', '3e6972ccbc30831f4edb672c411eb9ac1fb023f77e548c4d86d5636b5957a7df', 56594), ('weights', '1b0cfda60620967c25c620030bdbf1b5c1ea006d5cc702a57e45dc681185a2ef', 56582), ('feedback', '7c96a60542c6f452ac2bebdcfa0414d84595bc06f8d02e79b8265770046a6dee', 422553), ('feedback', 'cdbb8e8c40947ee8cc763c1361ef97028d694960b956e567325cd1326a791c29', 354153), ('feedback', '5951b6c22a9d7fd226fee531b7afc9bf7ddabe1db09d18e9b1a37c0fef50ddd7', 337053), ('feedback', 'b247aa4150b8b198ab6ea1e8360c29e3dd6db3b0bd9b079b95f3d2f76ec1f9b4', 337053), ('feedback', '517f61477db34a16dfd2fd740e143c5061c9a8a1caee26c0ff68b8434aa6db61', 337053), ('feedback', '6aca75a8b84cad0a7e17b3ae79adee68c37371581e059cd02e33b6afad93e6af', 337053), ('contrib', '5604b4cf4bd8ed533b0fbfc3c6da7bcfbc6bebc5fbab51454d801d8844f8c3f6', 75223), ('contrib', '20d8e48bf62dfdab27ed5f0a5524915f9b750d83179fd31412d8200cf3c76232', 58123), ('contrib', 'd773949b00560909f3b0aaa68f2d032b66b6375b30bfc98e0ddd937e9ac706b7', 58123), ('contrib', '118323475dd9eed8779c4022c8dcd2688f0fbc829ae1e52c39cea41d05b29432', 58123), ('contrib', '50ea9779fd4f1ad54d5881950ccf156267b5df8814734d98acc53b6cc098ec28', 58123), ('contrib', 'b13302e78ba583317c8a732301b44746bc23871e71ef1204f70c3ad7d8b4d554', 58123), ('close', '2d268d4cd2d4fb5124ec9898290ffd45a045be87264bf0d54b9d97bebd510b77', 641581)]"
2,00:03:38.478,0.4903,671.0221862792969,"[1033333333333333332, 1033333333333333332, 1033333333333333332, 1033333333333333332, 1033333333333333332, 1033333333333333332]","[10, 10, 10, 12, 11, 13]","[73, 73, 73, 73, 73, 73]","[('0xA41dE09A63f6Cedd633f99052b44450d3BB91D44', 4066666666666666664, 16666666666666666, 1033333333333333332), ('0x17725D495A0843Ea05541fD61ba5D4082750bC08', 4066666666666666664, 16666666666666666, 1033333333333333332), ('0x37AC7AC5D09bbC6dAC1CF036b7F9DdD0EA4E052E', 4066666666666666664, 16666666666666666, 1033333333333333332), ('0x536fc4cd48ad9B3649e8aB615592E83Ec9F5fcd1', 5083333333333333330, 16666666666666666, 1033333333333333332), ('0x118E560679B62a9F24c135A96d416548782f8cc2', 2033333333333333332, 16666666666666666, 1033333333333333332), ('0xA2F37A08a8488CB8551a0D03f7A73f4156757de7', 4066666666666666664, 16666666666666666, 1033333333333333332)]",800000000000000000,[],"[166666666666666666, 166666666666666666, 166666666666666666, 166666666666666666, 166666666666666666, 166666666666666666]","[[0.0, 1.0, 1.0, 1.0, 0.0, 1.0], [1.0, 0.0, 1.0, 1.0, 1.0, 1.0], [1.0, 1.0, 0.0, 1.0, 1.0, 1.0], [0.0, 0.0, 0.0, 0.0, -1.0, 0.0], [1.0, 1.0, 1.0, 1.0, 0.0, 1.0], [1.0, 1.0, 1.0, 1.0, 1.0, 0.0]]",[],"['$user$0, 0.432, good, good, None, 0xA41dE09A63f6Cedd633f99052b44450d3BB91D44', '$user$1, 0.396, good, good, None, 0x17725D495A0843Ea05541fD61ba5D4082750bC08', '$user$2, 0.406, good, good, None, 0x37AC7AC5D09bbC6dAC1CF036b7F9DdD0EA4E052E', '$user$3, 0.505, good, good, None, 0x536fc4cd48ad9B3649e8aB615592E83Ec9F5fcd1', '$user$4, 0.374, good, bad, 3, 0x118E560679B62a9F24c135A96d416548782f8cc2', '$user$5, 0.467, good, freerider, 3, 0xA2F37A08a8488CB8551a0D03f7A73f4156757de7']","[('close', '2d268d4cd2d4fb5124ec9898290ffd45a045be87264bf0d54b9d97bebd510b77', 641581), ('slot', 'fb5749170a95d2f6bf8222ac78086f69e9e030aa3534d8ab56ecdcf900ef03e3', 50802), ('slot', '264d5c8c58e7629f56454c944c9cbd43ff4ef7ffb7b704446af8d5cf2a31db9f', 50814), ('slot', '8c3d59cf709976658ff153624c5cd2f08dad3a2bc8b2f2bb7136810c0f0d231e', 50814), ('slot', '1d53387bd8f9dba3ca01241a5330fa0fd473f28252d2ff166388252d57c7d85a', 50814), ('slot', '784231ccb129b3b4a7b84a3e513940232cdfb795bdf1bb8a7478ad5117bc4a9e', 50814), ('slot', '8d29cbdf113aa5178c693baecd574c6bf29d04ff4c4badbd0bfeef8710175c7a', 50814), ('weights', '00fce825b625ecdccc1e6b873d7b01c2c935033bb25e18ca78cd5ba7bcf0acca', 73682), ('weights', '30409fc4bbfe151248fc785d20cab475e06cfbfa5a08f78feaa30f8e67e8e810', 56594), ('weights', '546f46a66e2d4423ec1794aaca2fcbe732c289d42a9d03934a22454dd855954e', 56594), ('weights', '3d95e68b7a0cf0a48e019cfa10a10d1929a108687aa5c373457a903d2954e15b', 56594), ('weights', 'ca7369c63dfae75aeefff2d611b9602d6c7b886ba2c32d468f76dd262b259630', 56594), ('weights', 'aabe6e808c5b771053a380b2b0fb5b9cbfbd749f330851f1de5963ccdfbb235d', 56582), ('feedback', '9e65837be8aa4ec3f6562194b825c44d226c5f694a2d0fa05c17611cc386ada4', 300179), ('feedback', 'eb55fa684703d61dc4ba99b0cb1c5d57b5e1fcdf1efe45639ab6721b11803a28', 271753), ('feedback', '8956780bbc92e153ac4ca0fa27980d8f1d523ea2b22fd017db7e075d1b5404f8', 237553), ('feedback', '6517670a12fb0c4c0d4a3e4affe3326b59a26b9878215242782dc2a131534150', 212805), ('feedback', 'db017ca81c3991ded23feee75cbc9024f28d2a43e3f3ab0f2dda6be74f90dc0a', 237553), ('feedback', '879f956989626015bb2d6ef134a867563da0780053f275d7dc35ebae7d15e132', 237553), ('contrib', '09cc8eda813aae1d678d46bd16e657d1edb2b923cbf4e62e1c69ccc346b9d4cc', 75223), ('contrib', '36ddefba3ccf49301b16dc0da02692a86f47bc30dc841c419151b888748ace1b', 58123), ('contrib', '855833ca4a9d0892fc9e77d3dc5221b30fbd4f124b12b579249b5a937bc91118', 58123), ('contrib', '2f197914260f0732059104741dbc12e95ed4996b061effa75df1621a2370246f', 58123), ('contrib', '02b1de271a07e6194874526daec69081d2dafab1de3264e297da246cb0cd6495', 58123), ('contrib', '1ff10c5aeffec97712b8ee987b04445e8b6bb18320d10a460d6bbd84faaadf12', 58123), ('close', '94b3e82b130f33f4f49f921c19274135e142487609934be49c153b4c725b3c88', 611186)]"
3,00:04:04.683,0.7973,217.9464449584484,"[1230555555555555554, 1230555555555555554, 1230555555555555554, 1230555555555555554, 688888888888888888, 688888888888888888]","[47, 47, 48, 46, 50, 52]","[69, 69, 69, 69, 69, 68]","[('0xA41dE09A63f6Cedd633f99052b44450d3BB91D44', 2066666666666666664, 197222222222222222, 1230555555555555554), ('0x17725D495A0843Ea05541fD61ba5D4082750bC08', 2066666666666666664, 197222222222222222, 1230555555555555554), ('0x37AC7AC5D09bbC6dAC1CF036b7F9DdD0EA4E052E', 2066666666666666664, 197222222222222222, 1230555555555555554), ('0x536fc4cd48ad9B3649e8aB615592E83Ec9F5fcd1', 2066666666666666664, 197222222222222222, 1230555555555555554)]",700000000000000000,"[(3, 344444444444444444), (3, 344444444444444444)]","[250000000000000000, 250000000000000000, 250000000000000000, 250000000000000000]","[[0.0, 1.0, 1.0, 1.0, -1.0, -1.0], [1.0, 0.0, 1.0, 1.0, -1.0, -1.0], [1.0, 1.0, 0.0, 1.0, -1.0, -1.0], [1.0, 1.0, 1.0, 0.0, -1.0, -1.0], [-1.0, -1.0, -1.0, -1.0, 0.0, -1.0], [0.0, 0.0, 0.0, 0.0, 0.0, 0.0]]","[5, 6]","['$user$0, 0.749, good, good, None, 0xA41dE09A63f6Cedd633f99052b44450d3BB91D44', '$user$1, 0.77, good, good, None, 0x17725D495A0843Ea05541fD61ba5D4082750bC08', '$user$2, 0.772, good, good, None, 0x37AC7AC5D09bbC6dAC1CF036b7F9DdD0EA4E052E', '$user$3, 0.749, good, good, None, 0x536fc4cd48ad9B3649e8aB615592E83Ec9F5fcd1', '$user$4, 0.374, bad, bad, 3, 0x118E560679B62a9F24c135A96d416548782f8cc2', '$user$5, 0.467, freerider, freerider, 3, 0xA2F37A08a8488CB8551a0D03f7A73f4156757de7']","[('close', '94b3e82b130f33f4f49f921c19274135e142487609934be49c153b4c725b3c88', 611186), ('slot', 'ff8fd57b34860668933bd4c7914d120a5e9d733b65fba2c316cc18ae6d534ec4', 50814), ('slot', '9e303e3efd99a9c8917ee4f7d6d31a566dd3180f58bea2fb4feafa0144c76730', 50814), ('slot', 'af273759589bee3602e03c1229eb68547b5b89344e9196adab14fa01a67008b7', 50814), ('slot', '2d5cc055d1c0b66366d6b3b153443d31c04a70502045c18ff2add3b2cf51ea35', 50814), ('slot', '8e2eb4124ac7d0e0787c779d0617aa18453016b6af56d1f77727df7dfe9fabb0', 50814), ('slot', '052bc70f3c6d196e10c702dfb1ee3bea91d29bd357101f4530ff26fff73c8c05', 50814), ('weights', 'd6629ab6a42bb8bd76251e1a570811ef1337252a4b3692710ade799dd19cdf49', 73694), ('weights', 'bf2fbde9a3f175de2b60599d79a2e74eebc519d1e0f34aeb7469159dd798f56f', 56594), ('weights', 'c0513c5ddf04b768b74a10d56f2c37b052ee97332a02162cffd6fa1d169df311', 56594), ('weights', '530b7e4e2774a546cb15e06475df4dadc9550ef6246955718a2af01d7090cd9b', 56582), ('weights', 'a05eb7b9d272cdee4cf551cc35a1ee32f4e3450e44d9e5707152cb80a06f5968', 56594), ('weights', '48b6d0fe30cb412d17b18e678e2e40ddaee495bea391cb60130540337e839cd4', 56582), ('feedback', '613eb51cb59cf27c46f391510b91fb9fa422a527e2f24369220016c8b46b52fb', 321749), ('feedback', 'dd5099efd9136f74cf0cf39f29017eb68420e1d894ae7d9ba7828579b775d4b7', 251349), ('feedback', '83ed0ff424c2ecdbe00e99519d51baaf7b51c6af517d9d72422c9ab3aebec20f', 234249), ('feedback', '0a267246aa2b9b472a522f2ea8dfa6bb7b4bd690ff544bd87732e73e26ebcb7e', 297949), ('feedback', '8347f2efbd84a412cdd2915bf49a25e70dc91287cba972dfaad70aba3158bf72', 229293), ('feedback', 'dea40cdec286af26a6dc2fc1313df58dd90e7739fa2b8071efd65a1fd23b779b', 208683), ('contrib', '16849d3e9edf7829351b8f142eebd594ef713fd59c37e005a9401730f99f9244', 75199), ('contrib', 'bfc02ccf66089792ca351ac0fad6606a8167859840b712f8d32cd9d0445f49a7', 58099), ('contrib', 'b93a3d6d6e611041981590c4831099f9a4379c58bbf1795e1d8e2d600afb3f5b', 58099), ('contrib', 'f12e543ae830550472a3623ced3bd2a4a64c4d8ca313e800c89d32fe563023ad', 58099), ('close', '116432c14dff4ba7df8a7e4f477c01766bd21a02926017433b27c0fe8836d3ad', 658515)]"
4,00:04:30.942,0.8672,143.08406270295382,"[1370370370370370368, 1370370370370370368, 1370370370370370368, 1370370370370370368, 459259259259259259, 459259259259259259]","[78, 79, 78, 78, 80, 80]","[22, 23, 23, 24, 21, 22]","[('0xA41dE09A63f6Cedd633f99052b44450d3BB91D44', 3002777777777777774, 139814814814814814, 1370370370370370368), ('0x17725D495A0843Ea05541fD61ba5D4082750bC08', 3002777777777777774, 139814814814814814, 1370370370370370368), ('0x37AC7AC5D09bbC6dAC1CF036b7F9DdD0EA4E052E', 3002777777777777774, 139814814814814814, 1370370370370370368), ('0x536fc4cd48ad9B3649e8aB615592E83Ec9F5fcd1', 3002777777777777774, 139814814814814814, 1370370370370370368)]",600000000000000000,"[(4, 229629629629629629), (4, 229629629629629629)]","[250000000000000000, 250000000000000000, 250000000000000000, 250000000000000000]","[[0.0, 1.0, 1.0, 1.0, -1.0, -1.0], [1.0, 0.0, 1.0, 1.0, -1.0, -1.0], [1.0, 1.0, 0.0, 1.0, -1.0, -1.0], [1.0, 1.0, 1.0, 0.0, -1.0, -1.0], [-1.0, -1.0, -1.0, -1.0, 0.0, -1.0], [0.0, 0.0, 0.0, 0.0, 0.0, 0.0]]","[5, 6]","['$user$0, 0.85, good, good, None, 0xA41dE09A63f6Cedd633f99052b44450d3BB91D44', '$user$1, 0.835, good, good, None, 0x17725D495A0843Ea05541fD61ba5D4082750bC08', '$user$2, 0.844, good, good, None, 0x37AC7AC5D09bbC6dAC1CF036b7F9DdD0EA4E052E', '$user$3, 0.808, good, good, None, 0x536fc4cd48ad9B3649e8aB615592E83Ec9F5fcd1', '$user$4, 0.374, bad, bad, 3, 0x118E560679B62a9F24c135A96d416548782f8cc2', '$user$5, 0.467, freerider, freerider, 3, 0xA2F37A08a8488CB8551a0D03f7A73f4156757de7']","[('close', '116432c14dff4ba7df8a7e4f477c01766bd21a02926017433b27c0fe8836d3ad', 658515), ('slot', '38d0b87b62dab5405e85dd50ea47876f9816b18eb00ac903b5059fbd06d7d81e', 50814), ('slot', '7bfb345fd475a39df0dfb7c198178bc21b07e1a1d3f40c9521cc478c1e1d81f8', 50814), ('slot', '46a9ba0ccb219e085b3a45334220f7eb86303cd00f172281e9b4c3807d4c3189', 50814), ('slot', 'd32af900feee4d060c3e0973e93ca48ababffc7fc384d8f0758bc3de68ad672a', 50814), ('slot', 'f5faffcd77cf64d31197e7992eeac2646eb2ad66e53e561ea65508bd6ef9695c', 50814), ('slot', 'd4d8faa8e48c7db78eeb7a7556bd50b34923461b126ff75740e90b3d3bec1f0d', 50814), ('weights', 'fda133b914c6f65205bb156d5e20679b78eff3ae5e1e7b14ab458b15c76bbd29', 73694), ('weights', '07eab52b2f7711bad580b00ca299092ee305febb76af0325c6784445ea4ccbef', 56594), ('weights', '115df7029c397c6c1dd608605f20574ca7e66db5295a222657fbc37cb553c932', 56594), ('weights', '3a1f416605a94a90509e2c6885e5c5a4f538f04753627c58d5d16a9b25747379', 56594), ('weights', '6314be2cde6c2c31ad79bc7f1aad2798cf95579bbfb0500451332afce0c3213f', 56594), ('weights', 'e6ec4e3e504583de72d58cf7635108ce80eb52dc1311b089de14c4872b58ba3f', 56582), ('feedback', '7d76c2865c7e8fd2d146daeef75e273857d816733cdf02a747f61ec852c902c1', 323749), ('feedback', '27bb1e91b2241055ebaf2f5460aeefa88036e0ad14567aa579445973d6179ca3', 255349), ('feedback', 'f59808b18bd0714678247cad92a1fac9822d500045591ffae80133113c554ec0', 238249), ('feedback', '306c93a8f6623f7e675180f6c7ba1299d0e568cb8bd2eba8ee39862b7e66de45', 238249), ('feedback', 'bffc5789c1baa7111a807ad2e8f124fa6fb4c61fa716bf47ddc62bf2a8dcee01', 239293), ('feedback', 'b3411140d23c5dd3ef8de450f410b23dd2d88992fee935809b84cc11cdfa78d4', 218683), ('contrib', '7d61a02990b7d2d72ec12a86a4582ad4b0d2fa5a5b20958235554e70994a0878', 75199), ('contrib', '06b3f77a6d62f9750c29bb4ab8b06efc7f0af6b892a8e3566e1b706383d2dd93', 58099), ('contrib', 'e8eda1414a6672775e05748184805d15ff470ac330fa5e46765931d781105e57', 58099), ('contrib', 'c33256243a58557e348c9a15171a7be18b60e5c773b26c1c3b62763d64696014', 58099), ('close', '8e2e40cc4bf5ea24e180e69e97a60763e3ce9c9bea0c03eb3a2097d3f3a52793', 658515)]"
5,00:04:57.079,0.8892,113.73955924808979,"[1471913580246913577, 1471913580246913577, 1471913580246913577, 1471913580246913577, 306172839506172840, 306172839506172840]","[86, 86, 86, 85, 88, 87]","[14, 14, 15, 16, 14, 14]","[('0xA41dE09A63f6Cedd633f99052b44450d3BB91D44', 3651851851851851845, 101543209876543209, 1471913580246913577), ('0x17725D495A0843Ea05541fD61ba5D4082750bC08', 3651851851851851845, 101543209876543209, 1471913580246913577), ('0x37AC7AC5D09bbC6dAC1CF036b7F9DdD0EA4E052E', 3651851851851851845, 101543209876543209, 1471913580246913577), ('0x536fc4cd48ad9B3649e8aB615592E83Ec9F5fcd1', 3651851851851851845, 101543209876543209, 1471913580246913577)]",500000000000000000,"[(5, 153086419753086419), (5, 153086419753086419)]","[250000000000000000, 250000000000000000, 250000000000000000, 250000000000000000]","[[0.0, 1.0, 1.0, 1.0, -1.0, -1.0], [1.0, 0.0, 1.0, 1.0, -1.0, -1.0], [1.0, 1.0, 0.0, 1.0, -1.0, -1.0], [1.0, 1.0, 1.0, 0.0, -1.0, -1.0], [-1.0, -1.0, -1.0, -1.0, 0.0, -1.0], [0.0, 0.0, 0.0, 0.0, 0.0, 0.0]]","[5, 6]","['$user$0, 0.863, good, good, None, 0xA41dE09A63f6Cedd633f99052b44450d3BB91D44', '$user$1, 0.866, good, good, None, 0x17725D495A0843Ea05541fD61ba5D4082750bC08', '$user$2, 0.871, good, good, None, 0x37AC7AC5D09bbC6dAC1CF036b7F9DdD0EA4E052E', '$user$3, 0.873, good, good, None, 0x536fc4cd48ad9B3649e8aB615592E83Ec9F5fcd1', '$user$4, 0.374, bad, bad, 3, 0x118E560679B62a9F24c135A96d416548782f8cc2', '$user$5, 0.467, freerider, freerider, 3, 0xA2F37A08a8488CB8551a0D03f7A73f4156757de7']","[('close', '8e2e40cc4bf5ea24e180e69e97a60763e3ce9c9bea0c03eb3a2097d3f3a52793', 658515), ('slot', '3b71fda59628d949e5191338dca6b4fde6550d75a45ed6e57ae7b36e3af99eb6', 50814), ('slot', '36d6bd55a460cdf2efc38a4c9f2540372d0ce4bd2bfb229d461a9c38464b0421', 50802), ('slot', '43e4593cec9ea794f2a19cc59a06aefb41fc90956be212be628d3d1a08b7146c', 50814), ('slot', '00805517d87498b8bc312b8110dc442bc9383da55377626f93eac1ffb105db5c', 50814), ('slot', '1be1e62c988a141561a26e966fbdf8ae20b1b8f5aa40f85e301cbbbf17d5d6a5', 50802), ('slot', 'cb43d45596ceb732dedeb5ac44dc4f33a1ad0cf8f61e2c0132c8447bae6ae560', 50814), ('weights', 'e00a86c442d5c2e205ce108c53a14a86243a7da9cd8816f749055febfe269257', 73694), ('weights', 'c9a5bdc1e280ff93846e73dd9e359901b881dd10d580c3837cf6b09e39fe36cb', 56570), ('weights', 'a7dc740c286809c4b59e64bd95afe4a1f701f69f3d288a3e09fbcd06dbe0ba2b', 56594), ('weights', '33c8651fc75cae67555473dd617e3b3e2bac3cfe06009835377bd07202f8df85', 56594), ('weights', 'e091aea1086841da26646747e0ac2b392adf89fd8adb5b0b74a1f6e5b3358ef0', 56594), ('weights', '238b754a0beadce7e3ad4b15160ae05f37baac1c6e9f4f8008514349dd668c2d', 56582), ('feedback', '3a52da3a8025b44082c12ac8ecfe05729899f85674600cf7036c3cd8a924c750', 323749), ('feedback', '13f9681285bb4c6d22372b891b730bb22978a4cf2923e52c0f6d454dbb3872a7', 255349), ('feedback', '3b0617e0a5151a04cf9fad46c0fcda1fb8a280c425194993833281413317706b', 238249), ('feedback', 'cf5fd27fa8d24ffb5753e00cc6e963c8d887d35425bbe4dbd7b708537a481efc', 238249), ('feedback', '76308f0da1180766dc4746c3d3c0d3f7ad5097d9b3396ae9517553df27435e8a', 239293), ('feedback', '00bdd7e47b48a73aca9d4fd1a816fad2790e3e1a133215e3eabe66a52fefb861', 218683), ('contrib', 'c3d75b48530b9c61958031471094d1997d84c22ef2c69537dbdc2c5f36ab6176', 75199), ('contrib', '20309acad49c610a3b15a233d666fc9b557db8eaa500c33a1c547a280fa46de2', 58099), ('contrib', '7ab60dffb828544f62c7e8b0ae33d1f92a299960b64adc1670e96ee13f808a32', 58099), ('contrib', '480566f54255473f035fba488031d17565d2622ac3df950bad9a6652310331ae', 58099), ('close', '8f583c6cae5fb679ed44ed04dc153677f2144433c26b022536267c44d796bbdf', 658515)]"
6,00:05:23.974,0.9044,96.4640576057136,"[1649999999999999997, 1649999999999999997, 1649999999999999997, 1649999999999999997, 0, 0]","[90, 89, 90, 87, 89, 89]","[11, 11, 12, 13, 11, 12]","[('0xA41dE09A63f6Cedd633f99052b44450d3BB91D44', 4109567901234567891, 178086419753086420, 1649999999999999997), ('0x17725D495A0843Ea05541fD61ba5D4082750bC08', 4109567901234567891, 178086419753086420, 1649999999999999997), ('0x37AC7AC5D09bbC6dAC1CF036b7F9DdD0EA4E052E', 4109567901234567891, 178086419753086420, 1649999999999999997), ('0x536fc4cd48ad9B3649e8aB615592E83Ec9F5fcd1', 4109567901234567891, 178086419753086420, 1649999999999999997)]",400000000000000000,"[(6, 306172839506172840), (6, 306172839506172840)]","[250000000000000000, 250000000000000000, 250000000000000000, 250000000000000000]","[[0.0, 1.0, 1.0, 1.0, -1.0, -1.0], [1.0, 0.0, 1.0, 1.0, -1.0, -1.0], [1.0, 1.0, 0.0, 1.0, -1.0, -1.0], [1.0, 1.0, 1.0, 0.0, -1.0, -1.0], [-1.0, -1.0, -1.0, -1.0, 0.0, -1.0], [0.0, 0.0, 0.0, 0.0, 0.0, 0.0]]","[5, 5]","['$user$0, 0.883, good, good, None, 0xA41dE09A63f6Cedd633f99052b44450d3BB91D44', '$user$1, 0.884, good, good, None, 0x17725D495A0843Ea05541fD61ba5D4082750bC08', '$user$2, 0.894, good, good, None, 0x37AC7AC5D09bbC6dAC1CF036b7F9DdD0EA4E052E', '$user$3, 0.892, good, good, None, 0x536fc4cd48ad9B3649e8aB615592E83Ec9F5fcd1']","[('close', '8f583c6cae5fb679ed44ed04dc153677f2144433c26b022536267c44d796bbdf', 658515), ('slot', '1143c1461c56b8cf6bf5448f80799e16061d6aec14335a81a0bf64a1be6cc973', 50814), ('slot', 'b5e8f83ab2e0c38403755386a1f7e2909b0773fe7398f7eacacc749dd40f52a6', 50814), ('slot', '49ae297e46ad8b04c8db37a5340f342834f8a4bfaf9a1073becca6da77504b0f', 50814), ('slot', '2ad338b6b8d8df8dfec8bb5dc1a65d483a2a65237bd7f53400d53475e439c608', 50802), ('slot', 'e9ed46a99e91ab6b04afbb77fcc926b9646e7869d0f5b9f209a6091e0279daad', 50814), ('slot', 'c6a7d4289a8bf4c728e637261f9281cc9e3a9f4028c7ae30f7b659b23bf96c88', 50814), ('weights', 'eeed59b2b517b2a3ad5b00fc51842dc8444476af20beefb653ed063f605610eb', 73694), ('weights', '578f04207a64b1039d4e2eb7ace83ee6495b2936fcb4ead988ed1c2c91e6f317', 56594), ('weights', '1583f18509510e5f31f078827c330619b3a39512d45e05f9e7e5141312d7a23a', 56582), ('weights', '379520daf03a2b8dd8b1fc232b923c853640b1fa27f456a13d7c4b73c5cb6361', 56594), ('weights', '60389a78ccc86854dcea8db541b42bfbaa6f19d1d28a425ab99cc3accbc53274', 56594), ('weights', 'f48f911c69456cade693f8da0311bb5464b5a7790eded3ce34194497d5c75237', 56582), ('feedback', '0aa992b5ee0ca96641aaa8e321cbca2a07c2440584f8fd985f84ce818b9e7fd9', 323749), ('feedback', '1bd5cb2da40fbd2b86fa2ccda6d5a874b825b06ef3ee45dcf594393c687afc23', 255349), ('feedback', '516e5b41b8b61b3d1d65a76dbb4f424c51402d798e671703941bc3b032319e1e', 238249), ('feedback', 'f6d84215d17154e290cd95e9fca7423bf36802e2a9f27ec25d7b88bc50c18901', 238249), ('feedback', 'b80fb65db6334916b294a57b64d66635a16312a25092e16b314d1f9b2061dca1', 239293), ('feedback', '9554b0f64f087926dd8389baf8056526f8d237b7fe6076ffbe8aaa23596d9a9e', 218683), ('contrib', '32538b8394ef6f5e18e4bcbc61bcb4f6f3abfcf26ac893b34ae80177df156cea', 75199), ('contrib', '5e59b4894d35f808366f59fd6f4d7126d95db03b666fa5b5494bccd743492eb3', 58099), ('contrib', '9e3ea3834a17ca6ca296f5debbdaebbcd3890301141ca3b02232f71f33767bfa', 58099), ('contrib', 'ebec76bdb4d5a917665f06ee560214d152a148d8883df559e3ee75704dac0780', 58099), ('close', '691ac5fb65a4aa7f6e1eae371dd02ecfa893fae2836d23bf625a0bd12fb1a8ec', 570900)]"
7,00:05:46.080,0.9195,82.83071625605226,"[1674999999999999997, 1674999999999999997, 1674999999999999997, 1674999999999999997, 0, 0]","[91, 90, 91, 88, 0, 0]","[9, 9, 10, 11, 0, 0]","[('0xA41dE09A63f6Cedd633f99052b44450d3BB91D44', 4949999999999999991, 25000000000000000, 1674999999999999997), ('0x17725D495A0843Ea05541fD61ba5D4082750bC08', 4949999999999999991, 25000000000000000, 1674999999999999997), ('0x37AC7AC5D09bbC6dAC1CF036b7F9DdD0EA4E052E', 4949999999999999991, 25000000000000000, 1674999999999999997), ('0x536fc4cd48ad9B3649e8aB615592E83Ec9F5fcd1', 4949999999999999991, 25000000000000000, 1674999999999999997)]",300000000000000000,[],"[250000000000000000, 250000000000000000, 250000000000000000, 250000000000000000]","[[0.0, 1.0, 1.0, 1.0, 0.0, 0.0], [1.0, 0.0, 1.0, 1.0, 0.0, 0.0], [1.0, 1.0, 0.0, 1.0, 0.0, 0.0], [1.0, 1.0, 1.0, 0.0, 0.0, 0.0], [0.0, 0.0, 0.0, 0.0, 0.0, 0.0], [0.0, 0.0, 0.0, 0.0, 0.0, 0.0]]",[],"['$user$0, 0.911, good, good, None, 0xA41dE09A63f6Cedd633f99052b44450d3BB91D44', '$user$1, 0.904, good, good, None, 0x17725D495A0843Ea05541fD61ba5D4082750bC08', '$user$2, 0.902, good, good, None, 0x37AC7AC5D09bbC6dAC1CF036b7F9DdD0EA4E052E', '$user$3, 0.898, good, good, None, 0x536fc4cd48ad9B3649e8aB615592E83Ec9F5fcd1']","[('close', '691ac5fb65a4aa7f6e1eae371dd02ecfa893fae2836d23bf625a0bd12fb1a8ec', 570900), ('slot', '2b82912b84fd62c597d6e3f9fc627b4bf5070ad7bee2050cb33250c9690b64b3', 50814), ('slot', 'a9b871d1a51b5186f0ccb58acd3d72cb32ef441df25ba20cc9a7880e2c8f40ca', 50814), ('slot', 'e816f67c7f89b6ae3f83c3f4d9895c93ddd6bb9c96acd9b04ae260a2b902b309', 50814), ('slot', '58438bc60ff818879d7c95e88f3dd1fcdde2136dc882a8738883c107d47e9307', 50802), ('weights', '93827d9f0226597e3bde1fa42a7197c337058816dc5eba9e9bd6f0ebff33b265', 73694), ('weights', 'cf0c3ebee52933445bc1446feaeb30c403fa9d5d0065defb8d92800e3ac12e02', 56594), ('weights', 'adf4819cf82596af1c8491e4bdccf21fe5a8b217c1c65e0080c358429fcd51a2', 56594), ('weights', 'f34e7bd5d90fa1ff720f4fe015e1a3be69b224ca35feed0162edcf6b31becf92', 56594), ('feedback', '2e97062dfe38679b66b7e8634dd7fcca76f6ed41a419ffdf48529b3f1c830bcb', 217307), ('feedback', '0eb9f886e9ba86a9f86e5786436a51222bdf69d418ee01ff63db153e3a2ff9c6', 183107), ('feedback', 'd18855fe5fbf5dac031a8b8938168b9811d8f5e26899ee76992acb24db2d739b', 166007), ('feedback', '46c4a87b16eeb7cd22d77012967e9047adbc0ce4dc06872f0f084ba968ebdd65', 166007), ('contrib', 'bff6e625588c907431b8b5ea25feecf85b983f613d17f6e7ed0936b4c0eaba47', 75199), ('contrib', '330340d2ebede94416a4f9805a407fe98f9f303f030165380e7d6c8816f9c670', 58099), ('contrib', '19f5c6a3320dfe11a5785a587199f7f473c02adb28fd9b6bca3e86f21642adc5', 58099), ('contrib', 'ad75e579b654d86ea804b4c9f46a66690509cfadba6e01c275eb19fd90bc1b19', 58099), ('close', '5a75fef50463e1898552b4437810f484421a378e33341c696674d679382fa573', 410442)]"
8,00:06:08.117,0.9282,73.10996598377824,"[1699999999999999997, 1699999999999999997, 1699999999999999997, 1699999999999999997, 0, 0]","[92, 91, 92, 89, 0, 0]","[8, 8, 9, 10, 0, 0]","[('0xA41dE09A63f6Cedd633f99052b44450d3BB91D44', 5024999999999999991, 25000000000000000, 1699999999999999997), ('0x17725D495A0843Ea05541fD61ba5D4082750bC08', 5024999999999999991, 25000000000000000, 1699999999999999997), ('0x37AC7AC5D09bbC6dAC1CF036b7F9DdD0EA4E052E', 5024999999999999991, 25000000000000000, 1699999999999999997), ('0x536fc4cd48ad9B3649e8aB615592E83Ec9F5fcd1', 5024999999999999991, 25000000000000000, 1699999999999999997)]",200000000000000000,[],"[250000000000000000, 250000000000000000, 250000000000000000, 250000000000000000]","[[0.0, 1.0, 1.0, 1.0, 0.0, 0.0], [1.0, 0.0, 1.0, 1.0, 0.0, 0.0], [1.0, 1.0, 0.0, 1.0, 0.0, 0.0], [1.0, 1.0, 1.0, 0.0, 0.0, 0.0], [0.0, 0.0, 0.0, 0.0, 0.0, 0.0], [0.0, 0.0, 0.0, 0.0, 0.0, 0.0]]",[],"['$user$0, 0.911, good, good, None, 0xA41dE09A63f6Cedd633f99052b44450d3BB91D44', '$user$1, 0.917, good, good, None, 0x17725D495A0843Ea05541fD61ba5D4082750bC08', '$user$2, 0.922, good, good, None, 0x37AC7AC5D09bbC6dAC1CF036b7F9DdD0EA4E052E', '$user$3, 0.91, good, good, None, 0x536fc4cd48ad9B3649e8aB615592E83Ec9F5fcd1']","[('close', '5a75fef50463e1898552b4437810f484421a378e33341c696674d679382fa573', 410442), ('slot', 'a4725eb5f5dc94fc70cc56cd90833f93005b0d757b69a764c25f139abac71a2d', 50814), ('slot', '8defc412e430ebd9547bc2f64bea0b1cfcaa8eded8229b5dd118d56bb6be168e', 50814), ('slot', 'f7bd021fb15bfbbd5052b37b7747b827025aba847b4c52a9c138fb512857e889', 50814), ('slot', 'f358b6e913ba06be2f52412efe77471ff83bfde8e1d51d1bcaaf357577f176b9', 50814), ('weights', '36abb17c9a22680748efb0fc6099056a610c27e1a2093bfe8679841a1b74da73', 73682), ('weights', 'a7366f78cb6cf984c3e608fe9dcf02fded365ee90620521a186a39ba849aabdb', 56594), ('weights', 'c27e20f81807fe5fe0460322fa34ac4a01248341212e32397f581895231813f4', 56594), ('weights', 'ccded80f56413e7e42a7ca2619b9c7af8f6f94cc736470b5c9230ed5f99f79c3', 56594), ('feedback', '2e6d5e80d3e2f40d8b9db2e60b348c30bf804376b09989ddc74dabb55717c9bf', 217307), ('feedback', '06c68f464af7dd256ae8694bd11a69770c8676686f1e6b5de102361f5b68b659', 183107), ('feedback', '269e6f4c1d37cfdbb775ddaffe04604f391820b2225ab44413b88ea5b6c88bd3', 166007), ('feedback', 'abedbbfc3a71aade72d53b4b3fc6e5ca478c8daf017ee252eba1991b440fcd8d', 166007), ('contrib', 'a63556d46e8f2c41361c13eccb29785ea6a76d679b8c1ced11e3716f37cafbe6', 75199), ('contrib', 'e0b50c8d2950820b3099fddb369698624073184853a878c76013ec95245ff747', 58099), ('contrib', '5230dd30d826e574b9c1873865b502328aab1eb23b8c878287c1ad595c839cb1', 58099), ('contrib', '42f09e398d2f21ec72a8d0e35d27b1f19e597e915fa956f382ee25c21ad52c71', 58099), ('close', '840d6f2afce0d16b1413777d9460769314f443e78fbd7ff3a82ef5451ff15237', 410442)]"
9,00:06:29.915,0.9364,64.26565308123827,"[1724999999999999997, 1724999999999999997, 1724999999999999997, 1724999999999999997, 0, 0]","[92, 93, 94, 90, 0, 0]","[7, 7, 8, 9, 0, 0]","[('0xA41dE09A63f6Cedd633f99052b44450d3BB91D44', 5099999999999999991, 25000000000000000, 1724999999999999997), ('0x17725D495A0843Ea05541fD61ba5D4082750bC08', 5099999999999999991, 25000000000000000, 1724999999999999997), ('0x37AC7AC5D09bbC6dAC1CF036b7F9DdD0EA4E052E', 5099999999999999991, 25000000000000000, 1724999999999999997), ('0x536fc4cd48ad9B3649e8aB615592E83Ec9F5fcd1', 5099999999999999991, 25000000000000000, 1724999999999999997)]",100000000000000000,[],"[250000000000000000, 250000000000000000, 250000000000000000, 250000000000000000]","[[0.0, 1.0, 1.0, 1.0, 0.0, 0.0], [1.0, 0.0, 1.0, 1.0, 0.0, 0.0], [1.0, 1.0, 0.0, 1.0, 0.0, 0.0], [1.0, 1.0, 1.0, 0.0, 0.0, 0.0], [0.0, 0.0, 0.0, 0.0, 0.0, 0.0], [0.0, 0.0, 0.0, 0.0, 0.0, 0.0]]",[],"['$user$0, 0.924, good, good, None, 0xA41dE09A63f6Cedd633f99052b44450d3BB91D44', '$user$1, 0.927, good, good, None, 0x17725D495A0843Ea05541fD61ba5D4082750bC08', '$user$2, 0.931, good, good, None, 0x37AC7AC5D09bbC6dAC1CF036b7F9DdD0EA4E052E', '$user$3, 0.913, good, good, None, 0x536fc4cd48ad9B3649e8aB615592E83Ec9F5fcd1']","[('close', '840d6f2afce0d16b1413777d9460769314f443e78fbd7ff3a82ef5451ff15237', 410442), ('slot', '6658cc7e21706a732e491a7e7d4364cfffbc30514e999f4aa193a10465149971', 50814), ('slot', '3d74a98cac1f6644fca92efc17bed9a3f18a763d36a2aee5e7b602a7bbe1dc34', 50814), ('slot', '1d6882ff2c0df0c726e856e27084147b36d4e551b9ee8f5f673d68bb789a6842', 50814), ('slot', '07aa781ea2f840a9e24aa60ac88b876d83ecf1ac7150fe69f88b1a66fe32e0c2', 50814), ('weights', 'b7ba5200204ee4aacc09029e16a8062175b4e4ff0c7cc8f3471c3e589a5e1401', 73694), ('weights', '6e1db34875931295b2403b9988f04344b3a23740ab3cdd957dfa0c43246da712', 56594), ('weights', '395ec5cb943196e92299331c95723ee9d1557d2e1617f8edb0c151202cf6fae8', 56582), ('weights', '7fd8aba97f61b906939f22b9ef3a5fbd93bc80fb94939e7e57a9dbea1f3bb23f', 56594), ('feedback', '75012f9a690e98bba4ea74086a281317d261097e6f2fb664b4634ed87c424d59', 217307), ('feedback', '0b3460a3eb37f0b2b75aabf0f7ee188b2a186dd7f994e1d54d4a7b185b48ff7a', 183107), ('feedback', 'dbb85b97435ba6f6eb7442e8f75af200e4cde1dc7a25d6df85eca723845c39b2', 166007), ('feedback', 'ce47e21984f6d64d948a96d662bcdd59eb89530048dd9452e487d74a29f84c5f', 166007), ('contrib', 'cfb6f3a36e4f2a62cd9caa86f8e6d395674430be4e2b00fb8bb19022d66c2966', 75199), ('contrib', '01a5200d924f1a55768cb1fa480a00140c1d0ac74c8b47705095835ea4d87149', 58099), ('contrib', 'b48ecee12d55d4d052816453c6509afb8c4c8d9d57149bed013782ead6d11bbb', 58099), ('contrib', '4b3668fdd6f327f5a68fc49fe2b9b62f0c668980062751e14a0f4e4bd701255a', 58099), ('close', '00a926e9bf1ffc55a97d2367e20fba545e721672a2663eb417ee32889d7ad892', 410442)]"
10,00:06:51.548,0.9426,57.74035628885031,"[1749999999999999997, 1749999999999999997, 1749999999999999997, 1749999999999999997, 0, 0]","[93, 94, 94, 92, 0, 0]","[6, 6, 7, 8, 0, 0]","[('0xA41dE09A63f6Cedd633f99052b44450d3BB91D44', 5174999999999999991, 25000000000000000, 1749999999999999997), ('0x17725D495A0843Ea05541fD61ba5D4082750bC08', 5174999999999999991, 25000000000000000, 1749999999999999997), ('0x37AC7AC5D09bbC6dAC1CF036b7F9DdD0EA4E052E', 5174999999999999991, 25000000000000000, 1749999999999999997), ('0x536fc4cd48ad9B3649e8aB615592E83Ec9F5fcd1', 5174999999999999991, 25000000000000000, 1749999999999999997)]",0,[],"[250000000000000000, 250000000000000000, 250000000000000000, 250000000000000000]","[[0.0, 1.0, 1.0, 1.0, 0.0, 0.0], [1.0, 0.0, 1.0, 1.0, 0.0, 0.0], [1.0, 1.0, 0.0, 1.0, 0.0, 0.0], [1.0, 1.0, 1.0, 0.0, 0.0, 0.0], [0.0, 0.0, 0.0, 0.0, 0.0, 0.0], [0.0, 0.0, 0.0, 0.0, 0.0, 0.0]]",[],"['$user$0, 0.934, good, good, None, 0xA41dE09A63f6Cedd633f99052b44450d3BB91D44', '$user$1, 0.931, good, good, None, 0x17725D495A0843Ea05541fD61ba5D4082750bC08', '$user$2, 0.937, good, good, None, 0x37AC7AC5D09bbC6dAC1CF036b7F9DdD0EA4E052E', '$user$3, 0.921, good, good, None, 0x536fc4cd48ad9B3649e8aB615592E83Ec9F5fcd1']","[('close', '00a926e9bf1ffc55a97d2367e20fba545e721672a2663eb417ee32889d7ad892', 410442), ('slot', 'cf7fdbc0b9e1bd8a57264145637d5a8316f133383f680df1ed32590e95c5a07d', 50814), ('slot', '7b870ca09b0ed1d5191d4f8a0f4d54d01a3f2169d07b338df35e7dd55367ad0d', 50814), ('slot', '082ad6a480288e5d2b97970b1749ade6dcb40e854fa3c390c7cd1f6bd39dd9bd', 50814), ('slot', '6e575b37258fe66420d15fe81a1b6c03b114744573fc5e7f8881f56e1b21ccbc', 50814), ('weights', '4e5a00f8ea330a313163084e436ee319ad00b26a3932b072eb1ca725d27404b1', 73682), ('weights', '612dfa6e63a3b1e5eab5f7016696739e66cbcc1d06ade8d91fc2762487e2eea5', 56582), ('weights', '78f53eeda73bc094f7256f293bc8f6eed8572a0496ef436ca4798cc033b9352d', 56594), ('weights', '6daaac7ce2e4daf3021dade1383f9148c29e49f63cefdf03db6873d46e1ce4b8', 56594), ('feedback', '4db5c78d4089029acfe7f92c252402c3bca502d07b39da26798c710c17740fa9', 217307), ('feedback', 'e2220afbe95e89e3676ca1a2a759af09dba4ec4b721d5e34ea0f4b9ceeb9e4d9', 183107), ('feedback', '408d61a09309fa78a7a4c3d538f2dd30167716c0f110fea2dd76fdc452b2ddc2', 166007), ('feedback', '57cdbdf8487528408fb8daa3eee7f984518518c4f1e29dd3f9875461ae91896f', 166007), ('contrib', '55ac7921dd7bf677ff62e171843f4274016d62e31abc5034cfee4eeaf160f774', 75199), ('contrib', '6098939402e951e4d4ee2f396dd69c1ba93077cfd11ac6cffd863aaeed660d5d', 58099), ('contrib', '3752734c6512169c38a773b6a9ad2fb8c80c4f3c216450afc1df6ab3848074e0', 58099), ('contrib', '4e22546ba8722c89ffcdd46aa73e6f2ff225ed99e71a84a562b1b86e910aee49', 58099), ('close', '493b8ea0330332f1ec206d6b5883c73d68db6048abcea169a601ed5854f60500', 410442)]"
# $gasCosts$[422553, 354153, 337053, 337053, 337053, 337053, 75223, 58123, 58123, 58123, 58123, 58123, 300179, 271753, 237553, 212805, 237553, 237553, 75223, 58123, 58123, 58123, 58123, 58123, 321749, 251349, 234249, 297949, 229293, 208683, 75199, 58099, 58099, 58099, 323749, 255349, 238249, 238249, 239293, 218683, 75199, 58099, 58099, 58099, 323749, 255349, 238249, 238249, 239293, 218683, 75199, 58099, 58099, 58099, 323749, 255349, 238249, 238249, 239293, 218683, 75199, 58099, 58099, 58099, 217307, 183107, 166007, 166007, 75199, 58099, 58099, 58099, 217307, 183107, 166007, 166007, 75199, 58099, 58099, 58099, 217307, 183107, 166007, 166007, 75199, 58099, 58099, 58099, 217307, 183107, 166007, 166007, 75199, 58099, 58099, 58099],[126674, 126674, 126674, 126674, 126674],[50814, 50814, 50814, 50814, 50814, 50814, 50802, 50814, 50814, 50814, 50814, 50814, 50814, 50814, 50814, 50814, 50814, 50814, 50814, 50814, 50814, 50814, 50814, 50814, 50814, 50802, 50814, 50814, 50802, 50814, 50814, 50814, 50814, 50802, 50814, 50814, 50814, 50814, 50814, 50802, 50814, 50814, 50814, 50814, 50814, 50814, 50814, 50814, 50814, 50814, 50814, 50814],[73694, 56594, 56594, 56594, 56594, 56582, 73682, 56594, 56594, 56594, 56594, 56582, 73694, 56594, 56594, 56582, 56594, 56582, 73694, 56594, 56594, 56594, 56594, 56582, 73694, 56570, 56594, 56594, 56594, 56582, 73694, 56594, 56582, 56594, 56594, 56582, 73694, 56594, 56594, 56594, 73682, 56594, 56594, 56594, 73694, 56594, 56582, 56594, 73682, 56582, 56594, 56594],[641581, 611186, 658515, 658515, 658515, 570900, 410442, 410442, 410442, 410442],[],[]
# TOTAL EXPERIMENT TIME: 256.52 seconds
