# Author Nykjaer
# ------Specs--------# cpu_name:  (processor model)
# cpu_cores: 6 (physical cores)
# ram_gb: 13.5 (system memory in GB)
# gpu_name: NVIDIA GeForce RTX 3060 Laptop GPU (graphics processor)
# os_name: Linux (operating system)
# ------Config--------# good_contributors: 4 (honest participants)
# bad_contributors: 1 (malicious participants)
# freeriders: 1 (contribute 0)
# inactive: 0 (never join)
# reward: 1000000000000000000 (total reward pool)
# minimum_rounds: 10 (rounds to simulate)
# min_buy_in: 1000000000000000000 (lower buy-in bound)
# max_buy_in: 1000000000000000000 (upper buy-in bound)
# standard_buy_in: 1000000000000000000 (default buy-in)
# epochs: 1 (local epochs per round)
# batch_size: 32 (training batch size)
# punish_factor: 3 (penalty multiplier)
# first_round_fee: 50 (fee for first round)
# fork: True (True=local fork, False=real net)
# contribution_score_strategy: accuracy (scoring method)
# use_outlier_detection: False (Whether to use outlier detection)
# freerider_start_round: 5 (When freeriders should start freeriding)
# freerider_noise_scale: 1.0 (How much noise a freeder should add)
round,time,globalAcc,globalLoss,GRS,accAvgPerUser,lossAvgPerUser,rewards,conctractBalanceRewards,punishments,contributionScores,feedbackMatrix,disqualifiedUsers,userStatuses,GasTransactions
# $startingUserConfig$['$user$0, 0, good, good, None, 0xA41dE09A63f6Cedd633f99052b44450d3BB91D44', '$user$1, 0, good, good, None, 0x17725D495A0843Ea05541fD61ba5D4082750bC08', '$user$2, 0, good, good, None, 0x37AC7AC5D09bbC6dAC1CF036b7F9DdD0EA4E052E', '$user$3, 0, good, good, None, 0x536fc4cd48ad9B3649e8aB615592E83Ec9F5fcd1', '$user$4, 0, good, bad, 3, 0x118E560679B62a9F24c135A96d416548782f8cc2', '$user$5, 0, good, freerider, 5, 0xA2F37A08a8488CB8551a0D03f7A73f4156757de7']
0,23:29:07.612,0,720.8406372070312,"[1000000000000000000, 1000000000000000000, 1000000000000000000, 1000000000000000000, 1000000000000000000, 1000000000000000000]",[],[],[],1000000000000000000,[],[],,[],"['$user$0, 0, good, good, None, 0xA41dE09A63f6Cedd633f99052b44450d3BB91D44', '$user$1, 0, good, good, None, 0x17725D495A0843Ea05541fD61ba5D4082750bC08', '$user$2, 0, good, good, None, 0x37AC7AC5D09bbC6dAC1CF036b7F9DdD0EA4E052E', '$user$3, 0, good, good, None, 0x536fc4cd48ad9B3649e8aB615592E83Ec9F5fcd1', '$user$4, 0, good, bad, 3, 0x118E560679B62a9F24c135A96d416548782f8cc2', '$user$5, 0, good, freerider, 5, 0xA2F37A08a8488CB8551a0D03f7A73f4156757de7']","[('register', '64b8f3774cfb00b7be3c75ab8c69df5e7932bcabaff74e9aa68f2c7151aed14b', 126674), ('register', '2c8c2b353d10a4612a6f757c1b446666022e5a6b6e7e45d1321dae9948a4608b', 126674), ('register', '838e995a63cf7131dc002e706bac5378b4eb9c15235aee924fa90b369d09128f', 126674), ('register', '0ce5636409fe5642609ecbcb68e9e6d692c38394b5f8c1fd1e5da81da8cef520', 126674), ('register', 'a8c98eecb08f3003265e726ac5fe6b7791b8713045116fe9e71a71b47378ec55', 126674)]"
1,23:29:39.328,0.2677,715.6620483398438,"[1332965201595438628, 333333333333333334, 1350281959950266405, 1259079929235271187, 500000000000000000, 1324339575885690444]","[9, 10, 9, 9, 9, 9]","[74, 74, 74, 74, 74, 74]","[('0xA41dE09A63f6Cedd633f99052b44450d3BB91D44', 5000000000000000000, 332965201595438628, 1332965201595438628), ('0x37AC7AC5D09bbC6dAC1CF036b7F9DdD0EA4E052E', 5000000000000000000, 350281959950266405, 1350281959950266405), ('0x536fc4cd48ad9B3649e8aB615592E83Ec9F5fcd1', 5000000000000000000, 259079929235271187, 1259079929235271187), ('0xA2F37A08a8488CB8551a0D03f7A73f4156757de7', 5000000000000000000, 324339575885690444, 1324339575885690444)]",900000000000000000,"[(1, 166666666666666666)]","[221072546972860106, 232570024356297810, 172016353514265835, 158995520180932492, 215345554975643727]","[[0.0, -1.0, 1.0, 1.0, 0.0, 1.0], [1.0, 0.0, 1.0, 1.0, 1.0, 1.0], [1.0, 0.0, 0.0, 1.0, 1.0, 1.0], [1.0, -1.0, 1.0, 0.0, 0.0, 1.0], [1.0, 1.0, 1.0, 1.0, 0.0, 1.0], [1.0, 0.0, 1.0, 1.0, 1.0, 0.0]]",[2],"['$user$0, 0.755, good, good, None, 0xA41dE09A63f6Cedd633f99052b44450d3BB91D44', '$user$1, 0.6, good, good, None, 0x17725D495A0843Ea05541fD61ba5D4082750bC08', '$user$2, 0.72, good, good, None, 0x37AC7AC5D09bbC6dAC1CF036b7F9DdD0EA4E052E', '$user$3, 0.748, good, good, None, 0x536fc4cd48ad9B3649e8aB615592E83Ec9F5fcd1', '$user$4, 0.668, good, bad, 3, 0x118E560679B62a9F24c135A96d416548782f8cc2', '$user$5, 0.763, good, freerider, 5, 0xA2F37A08a8488CB8551a0D03f7A73f4156757de7']","[('slot', '4b86500d5ec2f3f72b83b578fc1f11a113bcca66a948c9b019817ffe53045144', 50814), ('slot', '6380a21cf3e6c95a59a56c8cfaefedb75c6cc7600849da88e95e1cf1711cc9da', 50814), ('slot', '1f1297b3b253524a1a39a1b17ab718b7c6a5e80f170aba891e60a5b874edbd22', 50814), ('slot', '358fff4e2abb54545ec6cbbf44f2458c6d4f342cdb0d01bc0282b7609a1f8a92', 50814), ('slot', '19764d5ba948f4736d7f70e93de1c37377a24ffe1753be1d14dca3535fdf1484', 50814), ('slot', '5a316b148e80c304d6d79a354e5514af1677ce508f00d1d628a5585044aaa9df', 50814), ('weights', '0898c9245c02d790179b9671c3d292d140e05d7f2d7f1f8b14adf08f2033bd33', 73670), ('weights', '2bbe4fa08b4dc823b2d7f2780cd43113c7a48dee9af11ed74200d6d50cbb585b', 56594), ('weights', '8be1d96589a820804289415bf4d7075f474e1c920fbe2db1b6c380555334f6e3', 56594), ('weights', '596533edde80147f5f678ddb6aa4959499047921dfc211f49088389a4cf85ce0', 56594), ('weights', 'f8d9a7616dc268301356143ce68b845c796020730efaffd3ebebcf0335797ef7', 56594), ('weights', '86447efc3fe5f37a8d023cae4a9ca8299b7a269f9d4605707cefa02e4a805d0d', 56594), ('feedback', 'dd53741366f6f66fc6477555c260df65b240a50b38ac253f7ec015eff192f153', 755817), ('feedback', '58b8fdd10a8388aa9fa4cd31a97ce817ca8fb514c50eaedca6b515e27f39b4c4', 764843), ('feedback', '487355a53251a42164c79ae02e08442d1988eead040d0eaf1095ed689b238454', 706969), ('feedback', '970259478be8f9e240296b8607df01f06f28368fdc2557cb49d1880beadf2ff5', 687417), ('feedback', 'f7b23599864e97b0b597eccd42e54cd1367547a5369ab9672597dd3f90944f14', 730643), ('feedback', 'dc32e430010badc3f705394ff81482cb843e1eb4e0d5dd41de54f3eb2eeb568b', 706969), ('contrib', 'e7b8cbbb27c7c12ec507b7279682473ff80c3d7c806337cc2a7e5d6f3c3a53aa', 75223), ('contrib', '44bf0f11e534531bdb5256a22aabe2e13cf67210660109f86f795075cde597a7', 58123), ('contrib', 'c0a5c0b5d14b64901ceaa9d0680d53a5a7b9f0d95c54cc4dc729702dad19f5cb', 58123), ('contrib', '60cf9a05fd7d032c5fef6ff6da94d088d79a8c5bd509d9d30263e29ade976dd7', 58123), ('contrib', 'fd674984c56aa8595d8b0c2accfb44ba3fe755f0b3151368eb7c7dbbd8b5b279', 58123), ('close', 'd42e1f11839d0403db05a224c6537bc38ec67cdacd2d9dad741feb7a0a908194', 649452)]"
2,23:30:10.219,0.6569,593.9484100341797,"[1349077208632529961, 350088264372093724, 1367482235118581453, 1277125557555052857, 513750859900984516, 1342475874420757485]","[26, 23, 27, 26, 27, 29]","[73, 73, 73, 73, 73, 73]","[('0xA41dE09A63f6Cedd633f99052b44450d3BB91D44', 4767034798404561370, 16112007037091333, 1349077208632529961), ('0x17725D495A0843Ea05541fD61ba5D4082750bC08', 5766666666666666664, 16754931038760390, 350088264372093724), ('0x37AC7AC5D09bbC6dAC1CF036b7F9DdD0EA4E052E', 4749718040049733593, 17200275168315048, 1367482235118581453), ('0x536fc4cd48ad9B3649e8aB615592E83Ec9F5fcd1', 4840920070764728811, 18045628319781670, 1277125557555052857), ('0x118E560679B62a9F24c135A96d416548782f8cc2', 1350281959950266405, 13750859900984516, 513750859900984516), ('0xA2F37A08a8488CB8551a0D03f7A73f4156757de7', 4775660424114309554, 18136298535067041, 1342475874420757485)]",800000000000000000,[],"[161120070370913331, 167549310387603900, 172002751683150489, 180456283197816702, 137508599009845161, 181362985350670413]","[[0.0, 1.0, 1.0, 1.0, 0.0, 1.0], [1.0, 0.0, 1.0, 1.0, 0.0, 1.0], [1.0, 1.0, 0.0, 1.0, 1.0, 1.0], [1.0, 1.0, 1.0, 0.0, 0.0, 1.0], [1.0, 1.0, 1.0, 1.0, 0.0, 1.0], [1.0, 1.0, 1.0, 1.0, 0.0, 0.0]]",[],"['$user$0, 0.578, good, good, None, 0xA41dE09A63f6Cedd633f99052b44450d3BB91D44', '$user$1, 0.58, good, good, None, 0x17725D495A0843Ea05541fD61ba5D4082750bC08', '$user$2, 0.591, good, good, None, 0x37AC7AC5D09bbC6dAC1CF036b7F9DdD0EA4E052E', '$user$3, 0.625, good, good, None, 0x536fc4cd48ad9B3649e8aB615592E83Ec9F5fcd1', '$user$4, 0.515, good, bad, 3, 0x118E560679B62a9F24c135A96d416548782f8cc2', '$user$5, 0.702, good, freerider, 5, 0xA2F37A08a8488CB8551a0D03f7A73f4156757de7']","[('close', 'd42e1f11839d0403db05a224c6537bc38ec67cdacd2d9dad741feb7a0a908194', 649452), ('slot', '66bc31ed0fb3b94507b7d957d6c635d442bd2887caa30eb9c784a9711defac0c', 50814), ('slot', 'f384cdb0efb4bda4a36c0e1522e47424c645c5cdf026a024ceea0489bb7fad93', 50814), ('slot', 'caf1a88960727d8a5900eaf5a399e2290acb3f20f056d7850abf30ce186ef781', 50814), ('slot', '13b3f942351ead5ff07bd464e7f339cf652cb8d8952835f9affdc69f1a10685c', 50814), ('slot', '8887957e26bd5e13ad2671080bd9b22b8827d552b3dff2dbb885252362d37ac2', 50802), ('slot', '9bf55b36e4f820c3f4a2071b0ce7b89eb637e56e3b94af8a39bc221ba84966ed', 50814), ('weights', '486621ed2fa5448184256b19be5964d5d8a60e2d5f43172e4656b656fb027b64', 73682), ('weights', 'b0352b738608a2ec0e2479d140e87a4791adf6a38697db46a684e81b74a6f8f2', 56594), ('weights', '3d907b4822d3901a644334cef1902e07b67a8777e48377fd551c4695ca783a82', 56594), ('weights', '271b11ad745205113e4779485a0e0e4b42bafd8a73d7a514d9cbf60009148adf', 56594), ('weights', 'e67feb678a7a24fb2260a05f8013d63045e144dc12a14222c6f967b854b57c2b', 56594), ('weights', '1b94e0adb845899657990d2eb21b00169229a51f8e13d394495903e84dd0c864', 56582), ('feedback', 'd9c3f817be1624a70b9a5912efac7ff466d27d98b772f3ae8ccf71917f3e1dbf', 715669), ('feedback', 'cd3f252746f3d2b7641c9b81bd9daee4fb294636b01e42aae7454beadd9510b8', 642469), ('feedback', 'cc01146f2f066d1b0972262973846e6554a9c05ce5abcd910bf3888ae056c764', 668143), ('feedback', '2d0d5f55e5277cb6610c543de9a3b55bd1c73448a42546dcdd5fdbb8969b1e98', 647269), ('feedback', 'a333b0203897307526cb976deb0c48a39d7c183428fba8f1ddbd9e5693df4582', 651043), ('feedback', '1bbc9207bbf4d069098912494bb5e19ae672733ea6e233fd3a9930b655c0903d', 645269), ('contrib', 'a9efa91febc3aa8b18e5d6c31c03bc810c903ac688be6b3394fcd41fc7dad841', 75223), ('contrib', '2047bd16c6deaa6fd471719582824acde066e37e7e801ba60248b738670d6458', 58123), ('contrib', 'e539239019951e9cb35d969c19bc921fb47d5b52683b5ae63daacca25e568a72', 58123), ('contrib', '33d9c4399e7db45eeed9e281e3895f24271169adb176d4c4ff664e4261171b3b', 58123), ('contrib', '96cb7d5c1748dc650b9c7c6b66ea7da7dcedc68c57bd2ef2eb9544337f266ac1', 58123), ('contrib', '7a282e966b467f873da08ac2e3313ef4edc7506ebcd6d58b8735c8232da95939', 58123), ('close', 'c960a1a3eb26148e5b5f634679121bd8c99fb58a372b53f36654ca75b1db694c', 611186)]"
3,23:30:38.857,0.8301,185.24309608340263,"[1397360163306732482, 407392151967143059, 1422170184315023258, 1331700579904436515, 342500573267323011, 1398876347239341668]","[67, 64, 67, 64, 67, 70]","[61, 61, 61, 61, 61, 60]","[('0xA41dE09A63f6Cedd633f99052b44450d3BB91D44', 3823421071565501003, 48282954674202521, 1397360163306732482), ('0x17725D495A0843Ea05541fD61ba5D4082750bC08', 4822410015825937240, 57303887595049335, 407392151967143059), ('0x37AC7AC5D09bbC6dAC1CF036b7F9DdD0EA4E052E', 3805016045079449511, 54687949196441805, 1422170184315023258), ('0x536fc4cd48ad9B3649e8aB615592E83Ec9F5fcd1', 3895372722642978107, 54575022349383658, 1331700579904436515), ('0xA2F37A08a8488CB8551a0D03f7A73f4156757de7', 3830022405777273479, 56400472818584183, 1398876347239341668)]",700000000000000000,"[(3, 171250286633661505)]","[178001488121600826, 211258348539337753, 201614346200860966, 201198026467305585, 207927790670894785]","[[0.0, 1.0, 1.0, 1.0, -1.0, 1.0], [1.0, 0.0, 1.0, 1.0, -1.0, 1.0], [1.0, 1.0, 0.0, 1.0, -1.0, 1.0], [1.0, 1.0, 1.0, 0.0, -1.0, 1.0], [-1.0, -1.0, -1.0, -1.0, 0.0, -1.0], [1.0, 1.0, 1.0, 1.0, -1.0, 0.0]]",[5],"['$user$0, 0.776, good, good, None, 0xA41dE09A63f6Cedd633f99052b44450d3BB91D44', '$user$1, 0.795, good, good, None, 0x17725D495A0843Ea05541fD61ba5D4082750bC08', '$user$2, 0.796, good, good, None, 0x37AC7AC5D09bbC6dAC1CF036b7F9DdD0EA4E052E', '$user$3, 0.795, good, good, None, 0x536fc4cd48ad9B3649e8aB615592E83Ec9F5fcd1', '$user$4, 0.515, bad, bad, 3, 0x118E560679B62a9F24c135A96d416548782f8cc2', '$user$5, 0.805, good, freerider, 5, 0xA2F37A08a8488CB8551a0D03f7A73f4156757de7']","[('close', 'c960a1a3eb26148e5b5f634679121bd8c99fb58a372b53f36654ca75b1db694c', 611186), ('slot', '7cb7433c1657dfdc610f34a06dc1a0b7e29a5edc49e3bcbe98010c8b5d77cc98', 50814), ('slot', 'e9e0c814a6a7a4eadbf56dc7522eb7237c658b56ffb0cf6fa16dbe38ef5581e4', 50814), ('slot', '8c384d691989fab177059c1ee14442cb147de91352527f23f65cc5dba5e39eec', 50814), ('slot', '4cc36b951a24674743db5431e7bfc4c7728b48b20d98ca0fee4dbec26a32d0e8', 50802), ('slot', '2b2e6ddd8b35435249ee7061241abf1c9736ca13f0f8980be6ad977571d7fb0c', 50802), ('slot', 'd8fd4b3c80416c397f0f56c61b99de56b48f1396201d07629a855646d5ac859d', 50814), ('weights', 'a5d8e366ebbfbe10dccfa4d3974ce7bfba222188b82c7524f29ec41411985d5f', 73682), ('weights', '1c764a122075a1ac887b9c9741b30daf939767f6d3ea1c269acd55e79e28be27', 56594), ('weights', 'f934c2b5fe42471779dfbb8cfa6a49f971df9a90a6248b1c6b669b18c0255148', 56582), ('weights', 'e5d397c76e9d13a63960e8ffcae41a9db505c3178b3945db244dd657b0ad8447', 56594), ('weights', '073cfea57c6dff0676400b162445cd8169d9f3375856af3ab62d33f6c33bdbe4', 56594), ('weights', '3212531a9430e6349728355f62e3eef03f61d806b3c6ead3f467bf392859d122', 56594), ('feedback', 'f4597a3c3c47a82c49667c1d770263417995cb0e98fcda5159d2551ac870faf9', 717015), ('feedback', '5f2bb9a7884fe1eeebce4a5d5bade77629b79bfc33446521b495f00ea3ed7927', 648615), ('feedback', '11156c6d97d4218035d80327e1f4736fcf5bdd5afc670da2767ec534651648e4', 629515), ('feedback', '19e3e46aaee7afce59eb3764fa85a600e09a3e3fdad368f97c61f987a2b2fdc6', 631515), ('feedback', '819da3cedbf3c96faadeac7d7cf416019af53143fa1c5fe7573b631abbb278b5', 603043), ('feedback', '9c03b4025f4d889fa956be8b79ab80a74866bba04fa12cfcfbfa8d856879d6b4', 631503), ('contrib', '69a30fda2ef54d492ce2bcaeaec7dae0146e3c0153ec5a2d4041372a8f4f3502', 75223), ('contrib', '89d2a3762012856d902414ecef14008ba7556412570441ad83617da8ccdd1deb', 58123), ('contrib', '92d35c80bb177c1eb0386ac87778e8a8c59e98c347758d1f2704875a7ff40a0b', 58123), ('contrib', '653a706fd5f5a1115d74ae61f713e316c37640e3de400770ecc58a9a0a13b9de', 58123), ('contrib', 'ee107b9be8bebfb6717ae39b39c374288e0e14da2ca0070d6ab796954056ad57', 58123), ('close', 'f110a919a5a821919fcab324fa81b801ec2a5371d1135870f69354dbf2482e29', 643640)]"
4,23:31:07.316,0.8779,128.64416406303644,"[1425689829933920349, 454529192970035798, 1458564995269089976, 1376126648024344766, 228333715511548674, 1456755618291060428]","[82, 83, 82, 81, 84, 84]","[18, 19, 20, 21, 18, 18]","[('0xA41dE09A63f6Cedd633f99052b44450d3BB91D44', 4217638690158621489, 28329666627187867, 1425689829933920349), ('0x17725D495A0843Ea05541fD61ba5D4082750bC08', 5207606701498210912, 47137041002892739, 454529192970035798), ('0x37AC7AC5D09bbC6dAC1CF036b7F9DdD0EA4E052E', 4192828669150330713, 36394810954066718, 1458564995269089976), ('0x536fc4cd48ad9B3649e8aB615592E83Ec9F5fcd1', 4283298273560917456, 44426068119908251, 1376126648024344766), ('0xA2F37A08a8488CB8551a0D03f7A73f4156757de7', 4216122506226012303, 57879271051718760, 1456755618291060428)]",600000000000000000,"[(4, 114166857755774337)]","[132278481012658211, 220094936708860766, 169936708860759511, 207436708860759488, 270253164556962022]","[[0.0, 1.0, 1.0, 1.0, -1.0, 1.0], [1.0, 0.0, 1.0, 1.0, -1.0, 1.0], [1.0, 1.0, 0.0, 1.0, -1.0, 1.0], [1.0, 1.0, 1.0, 0.0, -1.0, 1.0], [-1.0, -1.0, -1.0, -1.0, 0.0, -1.0], [1.0, 1.0, 1.0, 1.0, -1.0, 0.0]]",[5],"['$user$0, 0.851, good, good, None, 0xA41dE09A63f6Cedd633f99052b44450d3BB91D44', '$user$1, 0.86, good, good, None, 0x17725D495A0843Ea05541fD61ba5D4082750bC08', '$user$2, 0.854, good, good, None, 0x37AC7AC5D09bbC6dAC1CF036b7F9DdD0EA4E052E', '$user$3, 0.852, good, good, None, 0x536fc4cd48ad9B3649e8aB615592E83Ec9F5fcd1', '$user$4, 0.515, bad, bad, 3, 0x118E560679B62a9F24c135A96d416548782f8cc2', '$user$5, 0.868, good, freerider, 5, 0xA2F37A08a8488CB8551a0D03f7A73f4156757de7']","[('close', 'f110a919a5a821919fcab324fa81b801ec2a5371d1135870f69354dbf2482e29', 643640), ('slot', '8e8491447c7ca5ad62a47d514d80a76039d675503cb7a338d9488cf0239a3420', 50814), ('slot', '9582e3d655bd943bc8f9d8b3431665e2d550e8f51d69c0713220864ca30a2952', 50814), ('slot', '42b46781be0662a23b69198e21ba1eba2a0bb6bee3b37df5fd85f1681836c343', 50814), ('slot', 'f3b63e079180cb70dc1475a8b2025eb0b40aa96a43442b92f3fa98b90767e29e', 50814), ('slot', '77874131840ec85524c4d9797283be3c372b5bb4c46b691095e6d128f1bc693c', 50814), ('slot', 'e5bea1796d3e23700511fd48dada3013cc6d589d8e333dec7818d3d45b226b12', 50802), ('weights', 'c543d13df3cab5cc08293dd28229e7f82cd6f367c4813705e4d99d926e18f17e', 73682), ('weights', 'eafded6459a7cd4823012987eb25ba5002c7c468e2c69e44d50975d7a49061a7', 56594), ('weights', 'f36b0aad2c791629b6aa7ce80ae67216d5282e3668ead559aa1aa2601542e340', 56594), ('weights', '536a2113c5ac7bb4784fc5fd4a2f068abd75b3daa4f08a7124b90b2c2f610ef4', 56594), ('weights', 'c9cd479056cb74cd6f9f454da519d202561d8dbdde25f473fcfaa8fd5ebc536b', 56594), ('weights', '602c83c44e09a5713e6d4e4d961bf7cb07b9a5d2a2f3960d193ed11c96ee8489', 56594), ('feedback', 'e27ba727a23bfeab7ab41deb563bac0c66627968698ecd7c3b6a5ae403c91105', 717015), ('feedback', '858461ec34a91367f05ece4a98d5fc26c9227634a523809a4621a08abba0ce08', 648615), ('feedback', 'd791172438c7ec2cab309f2f7850d8c5ae2339b54335c1cd6e7b5f7e5492e247', 631515), ('feedback', '73b60ecd5c1b5898b73b1326f48cbba30bc1f1eb8a8ea87385f3cefd505843ce', 631515), ('feedback', 'ee2108a8dad48db7d31da988a53d65ce49ada9b615ebc9b86ecff01fbe52a472', 613043), ('feedback', 'bfedd6c2705ec6a5669afa434887e60d14f3cd9dabbba54a0fc09cfd642d5748', 631515), ('contrib', 'ca55e803759042e00d3308d0af91863023f0c25c45c774d82a896f7648d7384f', 75223), ('contrib', '5b67dd2c9ea27672f7f20b4df04debaf71367bcf5bab79719c0d8086eb92b633', 58123), ('contrib', '1480e71d8c6a49eba3a4d7ebeb8a1f015d2945fea5d59fd9639b88191fb96d74', 58123), ('contrib', '96022c3d2e45a0c445ebc256dc8efa945c82580b9c2be773a7c448d001f1bd00', 58123), ('contrib', 'a8bb3df4a9bbaa11ece09b27f8dd9264b36d136ad2849af6c5c4bd2be13fd18a', 58123), ('close', '8ae475906f3bf6a791d4440dd51820449ee8ecf4d4d9e740f3783dc9a94e14ac', 643640)]"
5,23:31:34.259,0.8986,103.93711437657475,"[1563955717618580827, 745169732388811885, 1541336411025893574, 1678367726772673417, 971170412194040286, 0]","[88, 88, 88, 85, 88, 88]","[12, 13, 14, 15, 13, 13]","[('0xA41dE09A63f6Cedd633f99052b44450d3BB91D44', 3060887120751921866, 138265887684660478, 1563955717618580827), ('0x17725D495A0843Ea05541fD61ba5D4082750bC08', 4032047757715806417, 290640539418776087, 745169732388811885), ('0x37AC7AC5D09bbC6dAC1CF036b7F9DdD0EA4E052E', 3028011955416752239, 82771415756803598, 1541336411025893574), ('0x536fc4cd48ad9B3649e8aB615592E83Ec9F5fcd1', 3110450302661497449, 302241078748328651, 1678367726772673417)]",500000000000000000,"[(5, 485585206097020142), (5, 228333715511548674)]","[169876733436055360, 357087827426810222, 101694915254237280, 371340523882897177]","[[0.0, 1.0, 1.0, 1.0, -1.0, -1.0], [1.0, 0.0, 1.0, 1.0, -1.0, -1.0], [1.0, 1.0, 0.0, 1.0, -1.0, -1.0], [1.0, 1.0, 1.0, 0.0, -1.0, -1.0], [-1.0, -1.0, -1.0, -1.0, 0.0, -1.0], [0.0, 0.0, 0.0, 0.0, 0.0, 0.0]]","[6, 5]","['$user$0, 0.888, good, good, None, 0xA41dE09A63f6Cedd633f99052b44450d3BB91D44', '$user$1, 0.881, good, good, None, 0x17725D495A0843Ea05541fD61ba5D4082750bC08', '$user$2, 0.888, good, good, None, 0x37AC7AC5D09bbC6dAC1CF036b7F9DdD0EA4E052E', '$user$3, 0.88, good, good, None, 0x536fc4cd48ad9B3649e8aB615592E83Ec9F5fcd1', '$user$5, 0.868, freerider, freerider, 5, 0xA2F37A08a8488CB8551a0D03f7A73f4156757de7']","[('close', '8ae475906f3bf6a791d4440dd51820449ee8ecf4d4d9e740f3783dc9a94e14ac', 643640), ('slot', 'd93d28772e76a739685b0aa58ad87bbbd1e83d4f1abf28f205af8031ba577364', 50814), ('slot', '4ecfba51b63df2c9cf6ce089eac2ca8d59a12fb21597d30eca4609fea0da37bc', 50814), ('slot', '1af20c28833e3458784bccd0da735b49286e5b24977c255601c5119e3e283e55', 50814), ('slot', '6040dc28c5d43019101063db8face9a723815356fcedfce1ab005c9dc2a5585a', 50802), ('slot', 'cdbc934d8ecc8d1abec8cd01fdaa3a80309ef6e9446f4e5a0993d99e00d2f7eb', 50802), ('slot', 'db0558d1f6646bf5a9babdecc57131214212b8dad9fb7f10f23f05162452b6f3', 50814), ('weights', 'd8c0007b77e356f0b9f959549684e8e9806c87bdd9ec399876a98536d1a82d93', 73682), ('weights', '3bbd581e66162ca75e2353c0c3c76e8c1e70dc1925f6331ab69537ea87858656', 56594), ('weights', 'b3ae583b0342432dc06f79752f6798934da4d7bc0017e81c321e615415a0cb0c', 56594), ('weights', 'b5a64b787b13f071199e035166e09e014a84aa5cbb7dac582735a5d87cf192aa', 56594), ('weights', '8ebc1d0ad27b484fb7c99a151bfff2dbc871ba332f8fd6282e48de0696e8e8e7', 56594), ('weights', '507b7266df011c7550d3e4312942cb49652b81ab14abb9a4219ffa1b876ccaf8', 56582), ('feedback', 'a5eca70e669dc012b585603304041ea8cd2d389b0c522b3008f58053ba90178d', 715735), ('feedback', '586dac07e640a354f5a7b10a74395b8a09735bbb3b9c29290475ef517c58f871', 647335), ('feedback', 'f06e91b40daa27bc66555e4fd68232f550d1bc18fa80ae88623d6a156764edac', 630235), ('feedback', 'db088ad66f0396eb362c33e6e535f67c9c0acb26b1878aa13291c72ecb31d119', 630235), ('feedback', 'aa45e729babdae52745d179d2aa5d3d1292e332f3f281332dd43393360fe4bd4', 613043), ('feedback', '3456fc3cca8c408063fe83e699919a2515f25be45df4ba7a38c284da224d364e', 604273), ('contrib', '65f408eeb29a58e7a8bc0f6181f6277279f7acbcc2ce3a650c1ae158886d896b', 75223), ('contrib', '8082bf91c51a19ee8dcb668458a5d8d38f7c1d31fa1a450c9ef5b1208ba18966', 58123), ('contrib', '64e474945e51ca3dba3a35b370b037f450e1188569558f4a0235e90d9359a0ce', 58123), ('contrib', '917dbc83eea33e89a05712c69de8dd016c262218f395c512f2d2df76abc9279e', 58123), ('close', 'e2db0057f8a03b20f3d35616350d23d629f36e4fcf491f6d2eac4703da6bd435', 618388)]"
6,23:31:58.442,0.9153,86.59849832952023,"[1904218504721026385, 565408259957331446, 2035680460212466305, 1447245833646482329, 647446941462693524, 0]","[90, 90, 90, 88, 0, 90]","[10, 10, 11, 12, 0, 11]","[('0xA41dE09A63f6Cedd633f99052b44450d3BB91D44', 3964873870187378876, 340262787102445558, 1904218504721026385), ('0x17725D495A0843Ea05541fD61ba5D4082750bC08', 4783659855417147818, 179761472431480439, 565408259957331446), ('0x37AC7AC5D09bbC6dAC1CF036b7F9DdD0EA4E052E', 3987493176780066129, 494344049186572731, 2035680460212466305), ('0x536fc4cd48ad9B3649e8aB615592E83Ec9F5fcd1', 3850461861033286286, 231121893126191088, 1447245833646482329)]",400000000000000000,"[(6, 323723470731346762)]","[803030303030304093, -424242424242424254, 1166666666666670293, -545454545454550077]","[[0.0, 1.0, 1.0, 1.0, 0.0, -1.0], [1.0, 0.0, 1.0, 1.0, 0.0, -1.0], [1.0, 1.0, 0.0, 1.0, 0.0, -1.0], [1.0, 1.0, 1.0, 0.0, 0.0, -1.0], [0.0, 0.0, 0.0, 0.0, 0.0, 0.0], [0.0, 0.0, 0.0, 0.0, 0.0, 0.0]]",[5],"['$user$0, 0.894, good, good, None, 0xA41dE09A63f6Cedd633f99052b44450d3BB91D44', '$user$1, 0.898, good, good, None, 0x17725D495A0843Ea05541fD61ba5D4082750bC08', '$user$2, 0.907, good, good, None, 0x37AC7AC5D09bbC6dAC1CF036b7F9DdD0EA4E052E', '$user$3, 0.896, good, good, None, 0x536fc4cd48ad9B3649e8aB615592E83Ec9F5fcd1', '$user$5, 0.868, freerider, freerider, 5, 0xA2F37A08a8488CB8551a0D03f7A73f4156757de7']","[('close', 'e2db0057f8a03b20f3d35616350d23d629f36e4fcf491f6d2eac4703da6bd435', 618388), ('slot', '3e8d85b78c952c1f720f52d1f45a0bf2aa3b5dfae74823180885dea45c45f625', 50814), ('slot', 'abfa882ae2e81d3d07056ad71e0c3c2c94e63872c8ab70867c4c69c8018da07f', 50814), ('slot', '73935db0c14702bb5e208b37fb4ae4798f21db52c113a2fe304e0729c5f01ec4', 50814), ('slot', '5996245f8d3bb27bd1ef932c95810dcd1fbf9938ec6c191a7531e229144ffcf9', 50814), ('slot', '374e2eb2f045df52826c2c83ec5c6d6e66b1ed6fac60c392ae3fab7d99fd4c2f', 50814), ('weights', '736135235ffe670a8e03de9fc12df297435ab2820d581f7a26888dca5fc55f10', 73682), ('weights', 'dd282cf273e70c53297059e0114029eaedb7a626dfff8700b23feb4f8ca67ebc', 56594), ('weights', '188d3017b167e10e58f2e2281843b06e96cfbcb622a79b86fe523565b4f51342', 56594), ('weights', '0f8686847e01df2fbc39ac2423b56b5f90107a6f744c245cce81a947e4c01d29', 56582), ('weights', '57774267e489b759cc1041adcf4a6960bb4a0761693edd6b934bd097304149c2', 56594), ('feedback', 'ee78d0bd5de1767053f97927b4241904c3cd8b82922ee2fa007e50f57fb02e9b', 619400), ('feedback', '91f84f5a899109c334dee0ce93ae955bd4dcfd6032a6b3975250214b94626f75', 568100), ('feedback', 'be4e531c9077817e02f617ec2dd5e8c6b7565888932429c8a8904c845def0adc', 551000), ('feedback', 'ee2f7d0efd469dcb9b0c8bdd60f870d684750d6c4e4426efac8c7e3b716a6ff3', 551000), ('feedback', 'c993f3a81587928f9a2e552ae69995badad29583da028d917918989f127c66c7', 396112), ('contrib', 'd4ba0618ab6ef8b0a6d90364a6bacd77fe53f838cfd4d7017b91c80d56bc99ba', 75223), ('contrib', '2af5caf91f078957472bb759447f14688e3d6010762ce0edcb59a07bc04db80c', 78035), ('contrib', '1eb53a9af5d70280f6bc5f8f8c049ba1856c33e9c3de80042bcb42cc92f50974', 58123), ('contrib', '20a0a1670dc8bf69a00a395586e891bb6d0b8a5c60c5501dc0f0cfe26809c16d', 78035), ('close', '66fbb757677603879f4f72fe18b050cd687c6474ee5459e6dcb5f42ade49996a', 543344)]"
7,23:32:22.432,0.9269,75.49239509180188,"[2024529227446447918, 599245650723856282, 2001843069445941469, 1642750758075291969, 431631294308462350, 0]","[91, 91, 92, 90, 0, 90]","[8, 9, 9, 10, 0, 9]","[('0xA41dE09A63f6Cedd633f99052b44450d3BB91D44', 4048334553816280080, 120310722725421533, 2024529227446447918), ('0x17725D495A0843Ea05541fD61ba5D4082750bC08', 5387144798579975019, 33837390766524836, 599245650723856282), ('0x37AC7AC5D09bbC6dAC1CF036b7F9DdD0EA4E052E', 3916872598324840160, 33837390766524836, 2001843069445941469), ('0x536fc4cd48ad9B3649e8aB615592E83Ec9F5fcd1', 4505307224890824136, 195504924428809640, 1642750758075291969)]",300000000000000000,"[(7, 215815647154231174)]","[380952380952381375, 107142857142857358, -107142857142857358, 619047619047618624]","[[0.0, 1.0, 1.0, 1.0, 0.0, -1.0], [1.0, 0.0, 1.0, 1.0, 0.0, -1.0], [1.0, 1.0, 0.0, 1.0, 0.0, -1.0], [1.0, 1.0, 1.0, 0.0, 0.0, -1.0], [0.0, 0.0, 0.0, 0.0, 0.0, 0.0], [0.0, 0.0, 0.0, 0.0, 0.0, 0.0]]",[5],"['$user$0, 0.913, good, good, None, 0xA41dE09A63f6Cedd633f99052b44450d3BB91D44', '$user$1, 0.908, good, good, None, 0x17725D495A0843Ea05541fD61ba5D4082750bC08', '$user$2, 0.917, good, good, None, 0x37AC7AC5D09bbC6dAC1CF036b7F9DdD0EA4E052E', '$user$3, 0.902, good, good, None, 0x536fc4cd48ad9B3649e8aB615592E83Ec9F5fcd1', '$user$5, 0.868, freerider, freerider, 5, 0xA2F37A08a8488CB8551a0D03f7A73f4156757de7']","[('close', '66fbb757677603879f4f72fe18b050cd687c6474ee5459e6dcb5f42ade49996a', 543344), ('slot', 'd9236d1a8ef742704414787b13b03436d1a3210bae070ed7a6fc89112a3718b5', 50802), ('slot', 'd92317f2838b26c324d4180a8e4e56a156a88e394004d48954edd6f8b6b21f6a', 50814), ('slot', '884054c03ed451b2a9b3ad4235563e8d864bc49b7a1842d833b1d59dc3eab4bc', 50814), ('slot', 'cc74d3ef45ad62e5d0bfb8801a68182b296dc93f7e4e6f616a5bbfe834208402', 50814), ('slot', '27aefb60834d132b29882a382681f0fbf9facd58dedbd430146fe83f97d341dd', 50814), ('weights', '1d19e5731a6ae5d8b46be8bfcb8a6013609b1a892a742394b0d5e057621982a6', 73682), ('weights', '96fcfd0c675fa45ca78eccf944cbcfde83685afde2e39af047dc3e60e2a25876', 56594), ('weights', '6a87d847ae78365af92062cf10fc3584b1f8ee385811bcca487e300f54dc26e6', 56594), ('weights', '9f374e992d4ff471ddd7937dde2054f5444d7ef614593815b1d06aa4e5339cc4', 56594), ('weights', '6d3efb7a7e43b8c22690efe8dc1d5bab931b234834e8915b7352049f5f94621b', 56594), ('feedback', 'c427469994b13d414b66fd46c3a2e8b7fb1e6d1c64c0c1b440545361a71b83cb', 619400), ('feedback', '2d37565a8e801b64a2bf11efbaf5320d1ca2e162ebd92bc80a54a17e8c0de2d3', 568100), ('feedback', '1ef415bfb896bfd35da30d27243f395cc398327f582ce10573f1d9ea96527e56', 551000), ('feedback', 'e26fea9843261cf1c23e12a222462dad695cce8585c69e0d7567fe4ffd303ebe', 551000), ('feedback', 'ab7df5dddc7637a6aec0ec1fb99397bc38106d34b5b628077c2e72f45ef3f69c', 396112), ('contrib', '9b5fc03a7267c7dbf61c64c46061a90ca02e8266ed20f1d111ade2ec40d15012', 75223), ('contrib', 'c63dd5ab9a7d6bced80ac1b12c2c31b41dc3b883df1130c2250b2cbeb0e8afa3', 58123), ('contrib', 'a8c509a4dd6bf2d1dc749fb4400aa3d546efa340f970a49d150ce0b15a013526', 78035), ('contrib', 'a667a09f65553f7af7235642dae21490c1d56e5391298bbe4f74dc5de16c7412', 58123), ('close', 'db98a423794497d5028e6d6e8dd9bca15316e9ed0d4830bd15ec8b20443fc747', 543332)]"
8,23:32:46.734,0.9353,67.19988488778472,"[2067797744851787172, 595312149141552592, 2045111586851280723, 1804024322949737934, 287754196205641567, 0]","[92, 92, 94, 91, 0, 91]","[7, 8, 8, 9, 0, 8]","[('0xA41dE09A63f6Cedd633f99052b44450d3BB91D44', 4243839478245089720, 43268517405339254, 2067797744851787172), ('0x17725D495A0843Ea05541fD61ba5D4082750bC08', 5669123054967681356, 3933501582303690, 595312149141552592), ('0x37AC7AC5D09bbC6dAC1CF036b7F9DdD0EA4E052E', 4266525636245596169, 43268517405339254, 2045111586851280723), ('0x536fc4cd48ad9B3649e8aB615592E83Ec9F5fcd1', 4625617947616245669, 161273564874445965, 1804024322949737934)]",200000000000000000,"[(8, 143877098102820783)]","[177419354838710019, -16129032258065049, 177419354838710019, 661290322580645018]","[[0.0, 1.0, 1.0, 1.0, 0.0, -1.0], [1.0, 0.0, 1.0, 1.0, 0.0, -1.0], [1.0, 1.0, 0.0, 1.0, 0.0, -1.0], [1.0, 1.0, 1.0, 0.0, 0.0, -1.0], [0.0, 0.0, 0.0, 0.0, 0.0, 0.0], [0.0, 0.0, 0.0, 0.0, 0.0, 0.0]]",[5],"['$user$0, 0.922, good, good, None, 0xA41dE09A63f6Cedd633f99052b44450d3BB91D44', '$user$1, 0.929, good, good, None, 0x17725D495A0843Ea05541fD61ba5D4082750bC08', '$user$2, 0.93, good, good, None, 0x37AC7AC5D09bbC6dAC1CF036b7F9DdD0EA4E052E', '$user$3, 0.917, good, good, None, 0x536fc4cd48ad9B3649e8aB615592E83Ec9F5fcd1', '$user$5, 0.868, freerider, freerider, 5, 0xA2F37A08a8488CB8551a0D03f7A73f4156757de7']","[('close', 'db98a423794497d5028e6d6e8dd9bca15316e9ed0d4830bd15ec8b20443fc747', 543332), ('slot', '6d72023f7c64d63195af7ebd9adb23faa0a474237867905669db6541cb07d3c2', 50814), ('slot', 'bcd43c52dc57efb14cf7b4f23df50b67efdfc05b62c56d7e9892e6a93f707913', 50814), ('slot', '25f9085f43a2fe579049756e4986bfc7287780e243f54a966a957ad29863cf72', 50814), ('slot', 'fd6294d46b3856a1247bdb663cd1c07b4a7c1dc9894bb2043f688977b2e0a26f', 50814), ('slot', '3b724f8c3c37ba3799d25609f3896450ad61e4008eef809384c10aace8659723', 50814), ('weights', '6636fd92214b667bcb6d2b4f59bd2d08f614699e71ce6a3fc10f08f68a543884', 73670), ('weights', 'cdbe1860da52e343bd6ef74f70fb470c8faaa38ee9da52bb9c539ba995a5a071', 56594), ('weights', '8ddbb948097de91257d25eff6dcfd636f3642c79f9a2046774c16851fc2b4384', 56594), ('weights', 'fe648af36d96f96d66f7ad95e95ec472bf556e8011c91db3b5537a3b1a04f874', 56594), ('weights', 'd01dd9af318872df86716a90111a211ba3ed9bc916e21e637a73b98295daf879', 56594), ('feedback', '93064c3351e98091a6c178fed2ade6351b78e9cf5807a266a52c006fd8ac7825', 619400), ('feedback', 'ad9ab93c80a339b9f664c3e2547197de6591205b7738575838dba5466cabf143', 568100), ('feedback', '1d19428757264046db8e411a59ae72d3084a056d55ec792020904103e4d74266', 551000), ('feedback', '7f680aac37e459f7dbbbd9fd0c1ccd6084922e658e6be7c0c00f76b52dae785f', 551000), ('feedback', '3552a9587121823594268cc97f32d17827270fcac50cccadc6d67bf43694e57f', 396112), ('contrib', '0bc140b2dbae835b998b81ced2c92286044fc3f9782a925ab64409bdc4feee77', 75223), ('contrib', '45bfe843f28f434d4a9b65c2e4f7503532a257a7345707aa3e5c6e5c1a18fd1d', 78023), ('contrib', '8c45780634c26ec16eb5d5180f1ab51120c4e46fe13819c170379c2b05d05f97', 58123), ('contrib', 'a19ab53716025d936b6edafc82ee55e858231e39f81e9e3ad5d719a6957c30b4', 58123), ('close', 'f82c7f09d2bed5852461b758e1af6ebe6b12f51d720d6993e8c26723083947e2', 543332)]"
9,23:33:12.055,0.9419,59.36474735662341,"[1998555924100780204, 539918692540748330, 2155898500052891593, 2205626883305579861, 0, 0]","[93, 93, 94, 91, 0, 92]","[6, 7, 7, 8, 0, 8]","[('0xA41dE09A63f6Cedd633f99052b44450d3BB91D44', 4444448058942571249, 69241820751006968, 1998555924100780204), ('0x17725D495A0843Ea05541fD61ba5D4082750bC08', 5916933654652805829, 55393456600804262, 539918692540748330), ('0x37AC7AC5D09bbC6dAC1CF036b7F9DdD0EA4E052E', 4467134216943077698, 110786913201610870, 2155898500052891593), ('0x536fc4cd48ad9B3649e8aB615592E83Ec9F5fcd1', 4708221480844620487, 401602560355841927, 2205626883305579861)]",100000000000000000,"[(9, 287754196205641567)]","[-178571428571427381, -142857142857138519, 285714285714283089, 1035714285714282700]","[[0.0, 1.0, 1.0, 1.0, 0.0, -1.0], [1.0, 0.0, 1.0, 1.0, 0.0, -1.0], [1.0, 1.0, 0.0, 1.0, 0.0, -1.0], [1.0, 1.0, 1.0, 0.0, 0.0, -1.0], [0.0, 0.0, 0.0, 0.0, 0.0, 0.0], [0.0, 0.0, 0.0, 0.0, 0.0, 0.0]]",[5],"['$user$0, 0.929, good, good, None, 0xA41dE09A63f6Cedd633f99052b44450d3BB91D44', '$user$1, 0.937, good, good, None, 0x17725D495A0843Ea05541fD61ba5D4082750bC08', '$user$2, 0.943, good, good, None, 0x37AC7AC5D09bbC6dAC1CF036b7F9DdD0EA4E052E', '$user$3, 0.922, good, good, None, 0x536fc4cd48ad9B3649e8aB615592E83Ec9F5fcd1']","[('close', 'f82c7f09d2bed5852461b758e1af6ebe6b12f51d720d6993e8c26723083947e2', 543332), ('slot', 'c605edefcf5c3ad993ce85ffe459c7282e4ea3ee4ac711400969e9c3794b52db', 50814), ('slot', '3836b7f83af9fde8964fa54e1a73a578461d8529e83e3d409917dfd6373be46a', 50814), ('slot', '5b6e020f8a2b5806f95406ec43b7180ecca9e67773582201371ccb940543cb08', 50814), ('slot', '24bb37929756f3fad484f6355a97097c5fd010885e91a63159200d7caab32fc0', 50814), ('slot', '808ee24e30900bc74119abe71a56b3f80c7da4fd2a9ff65a40c7a755224c82ae', 50802), ('weights', '566b4be4760402befe863f3a95fdd3b632a9f49f38ba4e97fa87966df605fa36', 73682), ('weights', '7a81633de1e18a27892f13f8b2229a7116a3da08e82be490f6f66e8d37e87d8e', 56594), ('weights', '529efe1eb88cda0fff78db58afa0f84d6dc7d975bedd7d73243d76bf1a08ca33', 56594), ('weights', '06d6b7800e6ad7cc384589282790844680e2f9c33ef1a386a3ccf4f778672c5d', 56594), ('weights', 'a8d8853e06b6fddc4a81c331442d92d21128a45fd7bc2f13cf19f1881c00cd47', 56594), ('feedback', '39f885e9af684bb06c2c093e0f76adc37c5c380c281c42d509e1404f454d4558', 619400), ('feedback', 'c05a1d6173acae3b98f037a0802ea0f6dd5ebee0a423a6031192074e744a1d15', 568100), ('feedback', '2181027e731be4ee350772f8a3f503d11fd5d68e1de4a858f3f6c0d896402a37', 551000), ('feedback', 'fb15475a29032ef66b49883f9455c118522ee43d0597973dcfbf2436c53d2e22', 551000), ('feedback', 'ca2f227ea09d59a63371819214ae68223905cdae745af9af7e28897a9ce41e23', 396112), ('contrib', 'ab2093d794a9c7a3835ece183c82f60addb0b0b7a514735f04d982a2c5fbfe19', 95135), ('contrib', 'b416755415a78f07f5a64f860f67ed36cbc18a72d4ce1d931f16b1c74582ea50', 78035), ('contrib', '505e2c059855b69c3ee07dd1948582d0480dc06e03998cd9f58aeb9b73701e11', 58123), ('contrib', 'ccfb39b9f8236b4d57537811a226d179b9cf73557d1cec1ed3ac6fc76799474a', 58123), ('close', '51875a1e2f7ed903826f0c10527a10ebc481aff6aee6860a9b52ab71c95fd1ff', 502204)]"
10,23:33:34.049,0.9474,52.952678855508566,"[2019634355473329228, 569820653325062076, 2194623990248970063, 2215921000952638618, 0, 0]","[94, 94, 95, 92, 0, 0]","[6, 6, 6, 7, 0, 0]","[('0xA41dE09A63f6Cedd633f99052b44450d3BB91D44', 4901444075899219784, 21078431372549024, 2019634355473329228), ('0x17725D495A0843Ea05541fD61ba5D4082750bC08', 6360081307459251658, 29901960784313746, 569820653325062076), ('0x37AC7AC5D09bbC6dAC1CF036b7F9DdD0EA4E052E', 4744101499947108395, 38725490196078470, 2194623990248970063), ('0x536fc4cd48ad9B3649e8aB615592E83Ec9F5fcd1', 4694373116694420127, 10294117647058757, 2215921000952638618)]",0,[],"[210784313725490252, 299019607843137469, 387254901960784714, 102941176470587578]","[[0.0, 1.0, 1.0, 1.0, 0.0, 0.0], [1.0, 0.0, 1.0, 1.0, 0.0, 0.0], [1.0, 1.0, 0.0, 1.0, 0.0, 0.0], [1.0, 1.0, 1.0, 0.0, 0.0, 0.0], [0.0, 0.0, 0.0, 0.0, 0.0, 0.0], [0.0, 0.0, 0.0, 0.0, 0.0, 0.0]]",[],"['$user$0, 0.938, good, good, None, 0xA41dE09A63f6Cedd633f99052b44450d3BB91D44', '$user$1, 0.945, good, good, None, 0x17725D495A0843Ea05541fD61ba5D4082750bC08', '$user$2, 0.943, good, good, None, 0x37AC7AC5D09bbC6dAC1CF036b7F9DdD0EA4E052E', '$user$3, 0.927, good, good, None, 0x536fc4cd48ad9B3649e8aB615592E83Ec9F5fcd1']","[('close', '51875a1e2f7ed903826f0c10527a10ebc481aff6aee6860a9b52ab71c95fd1ff', 502204), ('slot', '83553e425881e03518cf9ff6db38cb1d17533354905e0a1a936b0370d3f6249c', 50814), ('slot', '4e69339c688a85bbdc8f6eb3b6bb7509a503704cadaa835084d33d6d83b7f3f7', 50814), ('slot', 'd0873300da64892bc80b5fe16389311b64b68fb0235620ff19e97feb45b31cab', 50814), ('slot', 'e0a612f62136ac5ea86952d2895a38cce7da3b55b39259ca846984ac6927eb43', 50814), ('weights', '6fe8cd1533c21aa9d50e4a7e94a15cb857f6257fb74303f6c3157c601ff1342a', 73670), ('weights', 'db337ba2614f5f96a9191886a7373a204ce6201277be00683f407af4628e5732', 56594), ('weights', '13baa0ad641f2492d5106d55f284fa241ec78033859d6db60b085b23d7ecb6c5', 56594), ('weights', '48b9dfb449cc32ba0343851bd80ee44c82c34b692edf085c728ac3530dafc26d', 56594), ('feedback', 'f76b63673cb64db3d5da13def80c6a3592d0d785bed040728418620fb127e3c1', 521426), ('feedback', '7ba2770a1e1ef18cbcdd4c94e941157d43b1b18cb8da737b8504a5c48288cfd2', 487226), ('feedback', '0ff4bd9ac44e06199bd521d1fb7c8250aa12e11ffae42372399312678eec31a3', 470126), ('feedback', 'c5604cdb8d44bb584b5e5367d95449b913c7db99d5810f6db0dd53bf7df54894', 470126), ('contrib', '07ee5ad90afdd3c3237db2095e7e020b648682e59f7e478c222581f71833cb9e', 75223), ('contrib', '0e2dd7f067a20295ecf93c2197a35fc0ebcf508a300134ca5ef4d451fcf4b42e', 58123), ('contrib', 'aa3d7e58594f86ec00da689e500beac61efffbe6f025dd1833bd40c030b8cb8f', 58123), ('contrib', 'ecdc39b221a7759ec2b1954110f99ee90c6ac8ef5f3bf5c5b8f5e1c128bc0223', 58123), ('close', '8aba2e77977bca22e2e977c89ef7bd97da0d997acfac14df9431f75c9d3c345e', 410442)]"
# $gasCosts$[755817, 764843, 706969, 687417, 730643, 706969, 75223, 58123, 58123, 58123, 58123, 715669, 642469, 668143, 647269, 651043, 645269, 75223, 58123, 58123, 58123, 58123, 58123, 717015, 648615, 629515, 631515, 603043, 631503, 75223, 58123, 58123, 58123, 58123, 717015, 648615, 631515, 631515, 613043, 631515, 75223, 58123, 58123, 58123, 58123, 715735, 647335, 630235, 630235, 613043, 604273, 75223, 58123, 58123, 58123, 619400, 568100, 551000, 551000, 396112, 75223, 78035, 58123, 78035, 619400, 568100, 551000, 551000, 396112, 75223, 58123, 78035, 58123, 619400, 568100, 551000, 551000, 396112, 75223, 78023, 58123, 58123, 619400, 568100, 551000, 551000, 396112, 95135, 78035, 58123, 58123, 521426, 487226, 470126, 470126, 75223, 58123, 58123, 58123],[126674, 126674, 126674, 126674, 126674],[50814, 50814, 50814, 50814, 50814, 50814, 50814, 50814, 50814, 50814, 50802, 50814, 50814, 50814, 50814, 50802, 50802, 50814, 50814, 50814, 50814, 50814, 50814, 50802, 50814, 50814, 50814, 50802, 50802, 50814, 50814, 50814, 50814, 50814, 50814, 50802, 50814, 50814, 50814, 50814, 50814, 50814, 50814, 50814, 50814, 50814, 50814, 50814, 50814, 50802, 50814, 50814, 50814, 50814],[73670, 56594, 56594, 56594, 56594, 56594, 73682, 56594, 56594, 56594, 56594, 56582, 73682, 56594, 56582, 56594, 56594, 56594, 73682, 56594, 56594, 56594, 56594, 56594, 73682, 56594, 56594, 56594, 56594, 56582, 73682, 56594, 56594, 56582, 56594, 73682, 56594, 56594, 56594, 56594, 73670, 56594, 56594, 56594, 56594, 73682, 56594, 56594, 56594, 56594, 73670, 56594, 56594, 56594],[649452, 611186, 643640, 643640, 618388, 543344, 543332, 543332, 502204, 410442],[],[]
# TOTAL EXPERIMENT TIME: 268.89 seconds
