# Author Nykjaer
# ------Specs--------# cpu_name:  (processor model)
# cpu_cores: 6 (physical cores)
# ram_gb: 13.5 (system memory in GB)
# gpu_name: NVIDIA GeForce RTX 3060 Laptop GPU (graphics processor)
# os_name: Linux (operating system)
# ------Config--------# good_contributors: 4 (honest participants)
# bad_contributors: 1 (malicious participants)
# freeriders: 1 (contribute 0)
# inactive: 0 (never join)
# reward: 1000000000000000000 (total reward pool)
# minimum_rounds: 10 (rounds to simulate)
# min_buy_in: 1000000000000000000 (lower buy-in bound)
# max_buy_in: 1000000000000000000 (upper buy-in bound)
# standard_buy_in: 1000000000000000000 (default buy-in)
# epochs: 1 (local epochs per round)
# batch_size: 32 (training batch size)
# punish_factor: 3 (penalty multiplier)
# first_round_fee: 50 (fee for first round)
# fork: True (True=local fork, False=real net)
# contribution_score_strategy: dotproduct (scoring method)
# use_outlier_detection: True (Whether to use outlier detection)
# freerider_start_round: 3 (When freeriders should start freeriding)
# freerider_noise_scale: 0.5 (How much noise a freeder should add)
round,time,globalAcc,globalLoss,GRS,accAvgPerUser,lossAvgPerUser,rewards,conctractBalanceRewards,punishments,contributionScores,feedbackMatrix,disqualifiedUsers,userStatuses,GasTransactions
# $startingUserConfig$['$user$0, 0, good, good, None, 0xA41dE09A63f6Cedd633f99052b44450d3BB91D44', '$user$1, 0, good, good, None, 0x17725D495A0843Ea05541fD61ba5D4082750bC08', '$user$2, 0, good, good, None, 0x37AC7AC5D09bbC6dAC1CF036b7F9DdD0EA4E052E', '$user$3, 0, good, good, None, 0x536fc4cd48ad9B3649e8aB615592E83Ec9F5fcd1', '$user$4, 0, good, bad, 3, 0x118E560679B62a9F24c135A96d416548782f8cc2', '$user$5, 0, good, freerider, 3, 0xA2F37A08a8488CB8551a0D03f7A73f4156757de7']
0,01:14:24.626,0,721.3377685546875,"[1000000000000000000, 1000000000000000000, 1000000000000000000, 1000000000000000000, 1000000000000000000, 1000000000000000000]",[],[],[],1000000000000000000,[],[],,[],"['$user$0, 0, good, good, None, 0xA41dE09A63f6Cedd633f99052b44450d3BB91D44', '$user$1, 0, good, good, None, 0x17725D495A0843Ea05541fD61ba5D4082750bC08', '$user$2, 0, good, good, None, 0x37AC7AC5D09bbC6dAC1CF036b7F9DdD0EA4E052E', '$user$3, 0, good, good, None, 0x536fc4cd48ad9B3649e8aB615592E83Ec9F5fcd1', '$user$4, 0, good, bad, 3, 0x118E560679B62a9F24c135A96d416548782f8cc2', '$user$5, 0, good, freerider, 3, 0xA2F37A08a8488CB8551a0D03f7A73f4156757de7']","[('register', '0c5daa1f47e03c757676d219a920f67fc982d47991af1e67d6f457933873131f', 126674), ('register', 'b682fb98592f5e32ea857853dc8b9162c8f3e6a5c5950786065802e7fd845c03', 126674), ('register', '815a660fd8a3edf8ea4553286f423c3492934e5350af428ca1847cd672bd580a', 126674), ('register', '5a9b75fe4cbabb9875e563320f80a60e3caf59fbb099b629404bfeab619fdf49', 126674), ('register', '243e9d2df9af8fead2218a9ed477fdbb0dc79417065605f2d3ef9c88c5029877', 126674)]"
1,01:14:55.388,0.2981,712.6002807617188,"[1016650657602468180, 1016790420078231998, 1016508308284851282, 1016724749163884582, 1016597658636921800, 1016728206233642155]","[10, 10, 10, 12, 11, 13]","[74, 74, 74, 74, 74, 74]","[('0xA41dE09A63f6Cedd633f99052b44450d3BB91D44', 5000000000000000000, 16650657602468180, 1016650657602468180), ('0x17725D495A0843Ea05541fD61ba5D4082750bC08', 5000000000000000000, 16790420078231998, 1016790420078231998), ('0x37AC7AC5D09bbC6dAC1CF036b7F9DdD0EA4E052E', 1000000000000000000, 16508308284851282, 1016508308284851282), ('0x536fc4cd48ad9B3649e8aB615592E83Ec9F5fcd1', 5000000000000000000, 16724749163884582, 1016724749163884582), ('0x118E560679B62a9F24c135A96d416548782f8cc2', 5000000000000000000, 16597658636921800, 1016597658636921800), ('0xA2F37A08a8488CB8551a0D03f7A73f4156757de7', 5000000000000000000, 16728206233642155, 1016728206233642155)]",900000000000000000,[],"[166506558656692504, 167904183268547058, 165083065629005432, 167247474193572998, 165976569056510925, 167282044887542724]","[[0.0, 1.0, 0.0, 1.0, 1.0, 1.0], [1.0, 0.0, 0.0, 1.0, 1.0, 1.0], [1.0, 1.0, 0.0, 1.0, 1.0, 1.0], [1.0, 1.0, 0.0, 0.0, 1.0, 1.0], [1.0, 1.0, 1.0, 1.0, 0.0, 1.0], [1.0, 1.0, 0.0, 1.0, 1.0, 0.0]]",[],"['$user$0, 0.746, good, good, None, 0xA41dE09A63f6Cedd633f99052b44450d3BB91D44', '$user$1, 0.724, good, good, None, 0x17725D495A0843Ea05541fD61ba5D4082750bC08', '$user$2, 0.656, good, good, None, 0x37AC7AC5D09bbC6dAC1CF036b7F9DdD0EA4E052E', '$user$3, 0.758, good, good, None, 0x536fc4cd48ad9B3649e8aB615592E83Ec9F5fcd1', '$user$4, 0.709, good, bad, 3, 0x118E560679B62a9F24c135A96d416548782f8cc2', '$user$5, 0.788, good, freerider, 3, 0xA2F37A08a8488CB8551a0D03f7A73f4156757de7']","[('slot', 'df685105f3bcd1ddd6313879cb33af92dbd2aeceead06d4e72f65ff86f8fcd10', 50814), ('slot', '579b8ec52178b5b60b6a042deb20c90b6206dacb33fd6b055615d3d575003437', 50802), ('slot', 'bf088b00b74dd4d6c46f2e29d3795c3af901dad2164881d158c3f4faa5449d19', 50814), ('slot', '8e45478ff82e375c9a288f9064472606d4f7556ed16e9b7a337d3ef7ad96bebf', 50814), ('slot', '2d307110419044fbe750cddf487e26dbf6c489ac50b54e55cf7e9238cbc995c0', 50802), ('slot', '57a917a12bdf96102eea6e4918239ec3d6dc4a2f97a508ddeb99e8bfd21c07f8', 50814), ('weights', 'c182936c54549183158f1be3eb6ffd5a4f54d530b8533916d89beb4d19a36b7c', 73694), ('weights', '387b2d1aaa48988e350156183842fa9a4f98574e9d61e398038b557960201aeb', 56594), ('weights', '4d7b0b082bc866e6a7ae70b73b5f5d3586288dd49897cad5fff6339a8cc4ac65', 56594), ('weights', 'd895f12e767a62391952463523afe4662364ff52e41773e7cceedb57053f6bf5', 56594), ('weights', '3da96f7a98252e8c9606726971bfc5f7f69dcdb8737d692289b528d07ede358e', 56582), ('weights', 'ea8a83f26ec1b22186461f29e85ecc7afc7be1fe3d6ffbdd4431b4d0472651be', 56594), ('feedback', 'a3d9cb6d0ebb2389b7def7f2fcdcd2b3a9cae26570ea44a8fa994a01ab3b4704', 381779), ('feedback', '7b8ba264dedb874ec34a6abc67083e8ea1f71d1f8fd63383d5dd0394c2993234', 330479), ('feedback', '1b953adaaf42dc37acd04ad4b8fa43a5a13fd0a87f80ce8ecddd390845552052', 337053), ('feedback', '550727b456a131d40ecc7df162bc4117bb25b28d60dd6bb24431f7716fa1cff5', 313379), ('feedback', '674be15f88b0ad157ae91575a2df5049af91665a8c354c8805e71fe0666ed6b7', 354153), ('feedback', '9b8d84881d5a154c7adfa4e8dc52e7500f3305b44002fddf0b821e135f04a492', 313379), ('contrib', '6cd78183c7ea52211c6f8e13d4b485a4e926bea5d834fd908b0c7298f5470518', 75223), ('contrib', '54adf1038fb925ec7ead42e51e0f24a59d006f6f68b18d4af5a847e613ed1f81', 58123), ('contrib', '5d5394765a9b3512a1e27634068af804503cba4872fef30d1ee40a1106af65ab', 58123), ('contrib', 'a26ec8b760578cadd2653b79afa8029787abf9964661bde2f863367602e149ad', 58123), ('contrib', 'c51af6fb67d55a9aa11205a74f68fcfca3ccfb41a7aa8ddac3ee5c278dd2deef', 58123), ('contrib', 'd2922373dc381b12ccfa80503f7761f32d2c6f9adacf2d1ab6f163affd584562', 58123), ('close', 'f2a3d30e79e901df2b6d3a951927fb67b1ca34b0496fbe9c9ae5c8582a64c6e9', 641581)]"
2,01:15:27.245,0.7026,363.39022302627563,"[1033314990250516957, 1033460509045021510, 1033177065087790363, 1033406984067525177, 1033254354439631135, 1033386097109514852]","[29, 28, 29, 30, 30, 32]","[73, 73, 73, 73, 73, 73]","[('0xA41dE09A63f6Cedd633f99052b44450d3BB91D44', 5083349342397531817, 16664332648048777, 1033314990250516957), ('0x17725D495A0843Ea05541fD61ba5D4082750bC08', 5083209579921767999, 16670088966789512, 1033460509045021510), ('0x37AC7AC5D09bbC6dAC1CF036b7F9DdD0EA4E052E', 5083491691715148715, 16668756802939081, 1033177065087790363), ('0x536fc4cd48ad9B3649e8aB615592E83Ec9F5fcd1', 5083275250836115415, 16682234903640595, 1033406984067525177), ('0x118E560679B62a9F24c135A96d416548782f8cc2', 5083402341363078197, 16656695802709335, 1033254354439631135), ('0xA2F37A08a8488CB8551a0D03f7A73f4156757de7', 5083271793766357842, 16657890875872697, 1033386097109514852)]",800000000000000000,[],"[166643321514129638, 166700884699821472, 166687563061714172, 166822344064712524, 166566953063011169, 166578903794288635]","[[0.0, 1.0, 1.0, 1.0, 1.0, 1.0], [1.0, 0.0, 1.0, 1.0, 1.0, 1.0], [1.0, 1.0, 0.0, 1.0, 1.0, 1.0], [1.0, 1.0, 1.0, 0.0, 1.0, 1.0], [1.0, 1.0, 1.0, 1.0, 0.0, 1.0], [1.0, 1.0, 1.0, 1.0, 1.0, 0.0]]",[],"['$user$0, 0.694, good, good, None, 0xA41dE09A63f6Cedd633f99052b44450d3BB91D44', '$user$1, 0.617, good, good, None, 0x17725D495A0843Ea05541fD61ba5D4082750bC08', '$user$2, 0.67, good, good, None, 0x37AC7AC5D09bbC6dAC1CF036b7F9DdD0EA4E052E', '$user$3, 0.628, good, good, None, 0x536fc4cd48ad9B3649e8aB615592E83Ec9F5fcd1', '$user$4, 0.681, good, bad, 3, 0x118E560679B62a9F24c135A96d416548782f8cc2', '$user$5, 0.714, good, freerider, 3, 0xA2F37A08a8488CB8551a0D03f7A73f4156757de7']","[('close', 'f2a3d30e79e901df2b6d3a951927fb67b1ca34b0496fbe9c9ae5c8582a64c6e9', 641581), ('slot', 'a895bf5712a272e3572320e37ddf2a5a4e29dc4edc6534cc52dae754d3bbe496', 50802), ('slot', '17252c45574d327d2235971f05d65f0095c7c3047e00644f0332f4cd8c410998', 50814), ('slot', '997b01fb889d595102b6b344dc9aabd1880e9cf3a9526152b9bff1503a118435', 50814), ('slot', '3cd2f63c4829e34731c4e4e2f9fc8318263a8dae0917da5c482f0842fea1dc33', 50814), ('slot', '72ddf2d20fc8676cf11ca75455dc4d29fabf7db65da2c72ef85bf3563b5724f0', 50814), ('slot', '132a236cd23abb577c618baddcfeb3bbdcf614bb504e0169509d08e6b875ccf2', 50814), ('weights', 'c12bfa753470678472f1fb4206d278dd4db04d5a60afca0cd153be2f92f25066', 73694), ('weights', '03d5ddffc8e8cddf7570bee177cc0a88a93c8484b83b430818ebc0f0ff17bf1c', 56594), ('weights', 'ea678b74ad558ed52e0a0040138629e4c3637ee99b4bc9b1a6759e76882a9e99', 56594), ('weights', 'b4d3d0370c3b8364e90c3d0844196aad83a2063ca5d34102adf666d8a76b128c', 56594), ('weights', 'cd37399857b735cbef1a09ce5d3c05b9bd48ebe38403da37cfeee751b7430645', 56582), ('weights', 'd1945ef6b4f69c8f89445790f4129a669e1d0b5aa753e4bf04f6e3cf0acc845b', 56594), ('feedback', '69d38db3c6ab5ed0f69d1d422e90fbfeaba1bdea88ae545c52b034a970dcf7af', 342953), ('feedback', 'b07a9114cc9fc5d75afffec2497f429cc3a6e7b9a25d6fd99216b5302af9523e', 274553), ('feedback', '794c2a7c82ba11c6f869312cec8626adfb776d018862233e1719aee186483a6a', 237553), ('feedback', 'a570599ff494865f4988c0200e950f3207184c0c8ea49643cb3e95302c60e8a7', 257453), ('feedback', '42af1a20691f4d265919ba72e00b7cdfe01d3f5b680d5062e2a6447565a068e7', 237553), ('feedback', '4c3a3da72a286a8c7e102b166e9e6ca982515efa4283fe7e7aa6e7867d0f5796', 257453), ('contrib', '0caeb46c721c506948e996c7e039e44f2ba44e812b79669a35e56efbed0aab63', 75223), ('contrib', '9cf25103b1e3dfd90a29aa0b6bba540e1b0e8a44f9946e3f0898ef2406bce80b', 58123), ('contrib', '7853f56cb030a3f4addcfebd55a18383e9f64f1542b2c3038cb727de826daf4e', 58123), ('contrib', 'c76641889eb5572bd6d1a74ccf3a57c5f8d59239dc6dce57928aff4e8ca62868', 58123), ('contrib', 'd5cb9cf6b79f4a504ba06eae30e413a28986a7144dd5cde1c2d0d363a4c3ab1e', 58123), ('contrib', '27c3e9c2596f47d98d9b9582a3754dcbf1ef8e0fafd3360746b4cae764476bfc', 58123), ('close', '972bf864242b4b34150c66baa8b4279ba8dfc2184d0aeedc66a1f3a391db107f', 611186)]"
3,01:15:54.037,0.8438,168.86312736570835,"[1230556733912981468, 1230633178972270033, 1230260042605287698, 1230789743476696800, 688836236293087424, 688924064739676568]","[70, 67, 69, 68, 70, 72]","[37, 38, 37, 39, 37, 36]","[('0xA41dE09A63f6Cedd633f99052b44450d3BB91D44', 2066790203760705915, 197241743662464511, 1230556733912981468), ('0x17725D495A0843Ea05541fD61ba5D4082750bC08', 2066644684966201362, 197172669927248523, 1230633178972270033), ('0x37AC7AC5D09bbC6dAC1CF036b7F9DdD0EA4E052E', 2066928128923432509, 197082977517497335, 1230260042605287698), ('0x536fc4cd48ad9B3649e8aB615592E83Ec9F5fcd1', 2066698209943697695, 197382759409171623, 1230789743476696800)]",700000000000000000,"[(3, 344418118146543711), (3, 344462032369838284)]","[250027507543563842, 249939948320388793, 249826252460479736, 250206261873245239]","[[0.0, 1.0, 1.0, 1.0, -1.0, -1.0], [1.0, 0.0, 1.0, 1.0, -1.0, -1.0], [1.0, 1.0, 0.0, 1.0, -1.0, -1.0], [1.0, 1.0, 1.0, 0.0, -1.0, -1.0], [-1.0, -1.0, -1.0, -1.0, 0.0, -1.0], [0.0, 0.0, 0.0, 0.0, 0.0, 0.0]]","[5, 6]","['$user$0, 0.793, good, good, None, 0xA41dE09A63f6Cedd633f99052b44450d3BB91D44', '$user$1, 0.824, good, good, None, 0x17725D495A0843Ea05541fD61ba5D4082750bC08', '$user$2, 0.824, good, good, None, 0x37AC7AC5D09bbC6dAC1CF036b7F9DdD0EA4E052E', '$user$3, 0.793, good, good, None, 0x536fc4cd48ad9B3649e8aB615592E83Ec9F5fcd1', '$user$4, 0.681, bad, bad, 3, 0x118E560679B62a9F24c135A96d416548782f8cc2', '$user$5, 0.714, freerider, freerider, 3, 0xA2F37A08a8488CB8551a0D03f7A73f4156757de7']","[('close', '972bf864242b4b34150c66baa8b4279ba8dfc2184d0aeedc66a1f3a391db107f', 611186), ('slot', 'ba8cddac533de555e4293cdb5cc55080db7971ba92b956724e2cae4baeb4243f', 50814), ('slot', '3752dcddac6fb7c43f1ba35a26634d0f594a57294e9ac6a133b992da8207dec2', 50814), ('slot', '090ccbf1d4f8b08c4bb18aaf78ae22a41ec784bacca1dd59510186e5be0a7d35', 50814), ('slot', 'e4794438a533d5cbcbc6f3f01954d2cda0eacccbe6908041623141a728e81408', 50814), ('slot', '7d06cb56b7453c9c2f496ccd505e0369e59d731d51a82a758821616ebaaafa28', 50814), ('slot', '1cf8c4752e0c2a19d707fb72cce3d11fb68b83fb19f31af08d6dc036aec9bce4', 50814), ('weights', '65dbbafd5ad9e16d70f480427ecf0d370697f93ca8c018f3b4fdc1d2c4317b51', 73694), ('weights', '55bca56494b79f9cf16895f78a252539feb6ef44ea9a54afa1d8c24972529eac', 56594), ('weights', 'f4850465bba4614340c6ef3a8942427f2b563773998f39822bdcaeafa9625950', 56594), ('weights', 'b91f93709249490b5625e5a9bec73a209d4f4e60d457fdde1916efd0e58fc015', 56594), ('weights', '6cfbc278ca4a75b71bc5f2baf4f7f1791c9a6f64a89e5143d38728fa5b2a76a3', 56582), ('weights', 'c24737607f7b80a78e924eebfe2d8ce9e875e707aa6e7fdd477339524abb2889', 56594), ('feedback', 'a1e53a135499bb8cf94ab80c01f9914dbc304b0627873f9a15a11228be5af57f', 319749), ('feedback', '0650b827a4c7449ef043548d5b511ee597ce5f41d50c1c51397b815c0c7616bb', 251349), ('feedback', '42b93bf71a97050602fe3229ba8631a933253dbe4bd984c30c80efc82f176a27', 234249), ('feedback', '93fc6619a26b00b9f88ab66e20760e46e076b92ecef5b53c2fd654a181dfc8be', 234249), ('feedback', 'b673d7c50ffdb6e6281d57e3ab09e01a1cbab89e715cf2cb894d5c0e284d86a0', 229293), ('feedback', '4eaed7fc6403ca6c4b4d555fda93acc8cdcc290bab5a5009dfae765dd952e7b7', 208683), ('contrib', '56977a321b787b7df0ac6c980115e2b54c7d33bd54d9e3e1713631e9ea6a4685', 75223), ('contrib', 'ef9b88aeb3ed5d7b6f4551a759f7b6492aa9d006e1a9c0eb022616c86e4a61cc', 58123), ('contrib', 'cb3065ed45a82e16ee5386eb1aa2a980082291d1e48668f8a6912fa1f210b960', 58123), ('contrib', '925b554b726efc904862a85b18e27041cb36680d62f8d442916d342b6532f646', 58123), ('close', '0834590198ad43bc8dd5dca9c4fd4d22a7c6703974569cd3675f431d733f2906', 658515)]"
4,01:16:20.206,0.8797,126.03572139889002,"[1370363096337459460, 1370474575539260836, 1370044254518157923, 1370611206249945775, 459224157528724950, 459282709826451046]","[83, 84, 84, 82, 85, 85]","[16, 17, 18, 19, 16, 17]","[('0xA41dE09A63f6Cedd633f99052b44450d3BB91D44', 3002846728761167107, 139806362424477992, 1370363096337459460), ('0x17725D495A0843Ea05541fD61ba5D4082750bC08', 3002770283701878542, 139841396566990803, 1370474575539260836), ('0x37AC7AC5D09bbC6dAC1CF036b7F9DdD0EA4E052E', 3003143420068860877, 139784211912870225, 1370044254518157923), ('0x536fc4cd48ad9B3649e8aB615592E83Ec9F5fcd1', 3002613719197451775, 139821462773248975, 1370611206249945775)]",600000000000000000,"[(4, 229612078764362474), (4, 229641354913225522)]","[249987483024597167, 250050127506256103, 249947875738143920, 250014483928680419]","[[0.0, 1.0, 1.0, 1.0, -1.0, -1.0], [1.0, 0.0, 1.0, 1.0, -1.0, -1.0], [1.0, 1.0, 0.0, 1.0, -1.0, -1.0], [1.0, 1.0, 1.0, 0.0, -1.0, -1.0], [-1.0, -1.0, -1.0, -1.0, 0.0, -1.0], [0.0, 0.0, 0.0, 0.0, 0.0, 0.0]]","[5, 6]","['$user$0, 0.857, good, good, None, 0xA41dE09A63f6Cedd633f99052b44450d3BB91D44', '$user$1, 0.847, good, good, None, 0x17725D495A0843Ea05541fD61ba5D4082750bC08', '$user$2, 0.872, good, good, None, 0x37AC7AC5D09bbC6dAC1CF036b7F9DdD0EA4E052E', '$user$3, 0.858, good, good, None, 0x536fc4cd48ad9B3649e8aB615592E83Ec9F5fcd1', '$user$4, 0.681, bad, bad, 3, 0x118E560679B62a9F24c135A96d416548782f8cc2', '$user$5, 0.714, freerider, freerider, 3, 0xA2F37A08a8488CB8551a0D03f7A73f4156757de7']","[('close', '0834590198ad43bc8dd5dca9c4fd4d22a7c6703974569cd3675f431d733f2906', 658515), ('slot', '081d7eb2e259160bebedbb7c2ca1f4ad1bf16f2979f44804a9d27baededba528', 50814), ('slot', '2bf3a7cfbee1845623b9a36b536063b4db6c7ef78b96edfb40cea44d391cf415', 50814), ('slot', 'a4447c88c957017042b0d5462e1118cd140e004b36d3401b085aba3944eae2be', 50802), ('slot', 'b0d8a303008014a5c1fe3e2902fa82d8f196fec1fa1edc663c95795aa9dbdf4c', 50814), ('slot', 'e83b6682ac8a7a50e468aa8642d7e8662f5dcd398e3f071534d2c267d19806fe', 50814), ('slot', '01835338cfb3f161bda68fe48b4826fe3ce94c2d34f8be554e57b4c20037876e', 50814), ('weights', 'e4e0137a4636ed29d1bad2d91c525c9a26e6bcc70377a93981b3393bfb82ce9d', 73682), ('weights', 'ca650838fd10df530e862e4ee82aaedc54bf2b7a7daad2a7c29bab7a47807d30', 56594), ('weights', '61ea395731630c8cf1a09f888e72a5e6b566dacc94f62a37817f7b68f6ec888d', 56582), ('weights', '4bd0e147c68762e644b1a7e4cd30fc5f4e4d97e27e1ca47c0d26f82e716f8493', 56594), ('weights', '0e7d2a7357cfca7e787510b3769971b75df6dd8921b9bc9e37bf4f471e07bba6', 56558), ('weights', 'b9bcd8c7d1ae5eee37312bbfea2643d3a8c8878a1423810c526eab9c7b732c0d', 56594), ('feedback', 'a0cd79bd6a6621ded80b3a944aefd18b462ea5f46e1b3abd71fa30fc0869d0f8', 323749), ('feedback', '0fd3327b8b5c3ad6b3796caa6159af5b5f09605e737eb8461b69f36c34c1c5fc', 255349), ('feedback', 'a50dcda7c879231593292245a8f4e2e3b804eb90eee549a5c09dcd1ccaf68bca', 238249), ('feedback', '6f6575e262163646aec3bd4ddcf398e250c38325af1ab50274dac1fa808c28fb', 238249), ('feedback', '6bf81b46d1b6dfeaf8781243dfefdc3d23af65053f03921af052b91d396e34e4', 239293), ('feedback', 'ab926a0c15e1a96d6c083b5ab22e15cd13a0c89c3727e192a888ffef64ddfc2d', 218683), ('contrib', '1537a75b2ed7001b20a6c28e2d988dc9091d03c9798fb94e7675fb923db50b02', 75223), ('contrib', '7fadb9a92c18ab4e2d51cfa49f154277fa57537c230eaeed578bca33d0d9a895', 58123), ('contrib', '51784b6e1dc90ac88ce2327e12b34bfc4b8ade81ccae47b3e03843354bd28338', 58123), ('contrib', '982ad829a9afcf25245a904484955c04a33230147816d84db88f27a3fa964fdd', 58123), ('close', 'b237c053522a697b3254bbf7a610e79dbdac316f4a2360427d4d86677a909919', 658515)]"
5,01:16:46.424,0.8983,104.3153960481286,"[1471895115824454453, 1472115447247141266, 1471509340632299314, 1472142184725987624, 306149438352483300, 306188473217634031]","[88, 88, 88, 86, 89, 88]","[12, 13, 13, 15, 12, 13]","[('0xA41dE09A63f6Cedd633f99052b44450d3BB91D44', 3651905878778639584, 101532019486994993, 1471895115824454453), ('0x17725D495A0843Ea05541fD61ba5D4082750bC08', 3651794399576838208, 101640871707880430, 1472115447247141266), ('0x37AC7AC5D09bbC6dAC1CF036b7F9DdD0EA4E052E', 3652224720597941121, 101465086114141391, 1471509340632299314), ('0x536fc4cd48ad9B3649e8aB615592E83Ec9F5fcd1', 3651657768866153269, 101530978476041849, 1472142184725987624)]",500000000000000000,"[(5, 153074719176241650), (5, 153094236608817015)]","[249974831938743591, 250242829322814941, 249810039997100830, 249972268939018249]","[[0.0, 1.0, 1.0, 1.0, -1.0, -1.0], [1.0, 0.0, 1.0, 1.0, -1.0, -1.0], [1.0, 1.0, 0.0, 1.0, -1.0, -1.0], [1.0, 1.0, 1.0, 0.0, -1.0, -1.0], [-1.0, -1.0, -1.0, -1.0, 0.0, -1.0], [0.0, 0.0, 0.0, 0.0, 0.0, 0.0]]","[5, 6]","['$user$0, 0.859, good, good, None, 0xA41dE09A63f6Cedd633f99052b44450d3BB91D44', '$user$1, 0.864, good, good, None, 0x17725D495A0843Ea05541fD61ba5D4082750bC08', '$user$2, 0.89, good, good, None, 0x37AC7AC5D09bbC6dAC1CF036b7F9DdD0EA4E052E', '$user$3, 0.882, good, good, None, 0x536fc4cd48ad9B3649e8aB615592E83Ec9F5fcd1', '$user$4, 0.681, bad, bad, 3, 0x118E560679B62a9F24c135A96d416548782f8cc2', '$user$5, 0.714, freerider, freerider, 3, 0xA2F37A08a8488CB8551a0D03f7A73f4156757de7']","[('close', 'b237c053522a697b3254bbf7a610e79dbdac316f4a2360427d4d86677a909919', 658515), ('slot', '5f0f1ea43eb332b3d3f00a2fe00283de9805f15e21acdec1db8bdde8bf857b56', 50814), ('slot', '665510f09401c7616eff03e62dede04feb0dd0ad2c073e25f78d1bf6162e300a', 50814), ('slot', '66d16864df02a2686769df720ad074a9c23f6fe278442192182c8d095c4f63b2', 50814), ('slot', '58db7395f7b78764bd1822540ea02940c6362fe05b14baf1f501832a81fb4395', 50802), ('slot', '212286d9efc11f26ef10bacae1608e56ae675a8f778539a95e8b1cdb7a0a8e97', 50814), ('slot', 'da2ea22bf13812d1dea4bc507e7c275b4dba2aff83bd9de81ba0f75c0c8d6729', 50814), ('weights', '1b91326c99f753d6aa6e2e65ee6b846efcea13e24ce0619b7ed9ad00240ae24d', 73682), ('weights', '997acf2914e1d139be9d43930f7ad418f02f6d7406028f94e89ed6d047c1e309', 56594), ('weights', 'b179d536aec0d2311bde4ac2bbd84fc71b51d14a9b73d71892c9eea2ef89ae7d', 56594), ('weights', 'f5dfae168a3b3a7112678b364a5ff19f9dc34092db3d42d9f7c5bcbdb4edd3bb', 56594), ('weights', '8e6df0bb465a08d7cf9f38b6085632f3ab29f979306cd8f2b972e0eb21aa476c', 56570), ('weights', '2287c467e3ea5ab80db27ef10a22fbc72a2f74b63135477f1aa8596bd3cc68cd', 56594), ('feedback', '9824a01a2d99267ad8092a0b0aa117312de1d44efe027208c5f43baf91e823e3', 323749), ('feedback', '6a0c60e49b95fc4cc1d525fc578c6ef8e72898f7dec75512465528457b03f6d1', 255349), ('feedback', '2be7b41189c41888fb6a197aa3aba0912175a06dd42e1c704e6cece71608da50', 238249), ('feedback', 'cb12b8de1b5766ffdbdc09b8218f94c8509868668334fe867e98b2a70ae41197', 238249), ('feedback', '1a0f14f690311dd387abca233ea3ab8d2b98d3b1d15ccf72db9f5278d799ceb5', 239293), ('feedback', '4aa97703214935e807d4316338db171fe4b16563869ca0e43daf1763bd65c620', 218683), ('contrib', 'cf933ca21d72174d01c71f039802fac4232c93ca7b05c219b02814be5fa3e10a', 75223), ('contrib', '1d4cb30af43de56ec566e1ec40f3db5827cd1f9c271380b256eeb59ee3ea7ce8', 58123), ('contrib', '75c6e54e5b6a6c7a0819e4e53597d00ef3dc68e69dda189ba73a53d665e96a52', 58123), ('contrib', 'f2acd81d947f0593ad86343114fe4af004868294d0bf8bf617857484e973d006', 58111), ('close', '5b48b59bee69eb37277994db1159b17908ec19055b150563f946d5c1ad4851c4', 658515)]"
6,01:17:12.738,0.9115,88.50525437667966,"[1649984030646247433, 1650278643482778757, 1649476823705824045, 1650260502165149751, 0, 0]","[90, 90, 90, 88, 90, 89]","[10, 10, 11, 12, 10, 11]","[('0xA41dE09A63f6Cedd633f99052b44450d3BB91D44', 4109617534252944904, 178088914821792980, 1649984030646247433), ('0x17725D495A0843Ea05541fD61ba5D4082750bC08', 4109397202830258091, 178163196235637491, 1650278643482778757), ('0x37AC7AC5D09bbC6dAC1CF036b7F9DdD0EA4E052E', 4110003309445100043, 177967483073524731, 1649476823705824045), ('0x536fc4cd48ad9B3649e8aB615592E83Ec9F5fcd1', 4109370465351411733, 178118317439162127, 1650260502165149751)]",400000000000000000,"[(6, 306149438352483300), (6, 306188473217634031)]","[250006198883056640, 250110477209091186, 249835729598999023, 250047475099563598]","[[0.0, 1.0, 1.0, 1.0, -1.0, -1.0], [1.0, 0.0, 1.0, 1.0, -1.0, -1.0], [1.0, 1.0, 0.0, 1.0, -1.0, -1.0], [1.0, 1.0, 1.0, 0.0, -1.0, -1.0], [-1.0, -1.0, -1.0, -1.0, 0.0, -1.0], [0.0, 0.0, 0.0, 0.0, 0.0, 0.0]]","[5, 5]","['$user$0, 0.895, good, good, None, 0xA41dE09A63f6Cedd633f99052b44450d3BB91D44', '$user$1, 0.878, good, good, None, 0x17725D495A0843Ea05541fD61ba5D4082750bC08', '$user$2, 0.898, good, good, None, 0x37AC7AC5D09bbC6dAC1CF036b7F9DdD0EA4E052E', '$user$3, 0.89, good, good, None, 0x536fc4cd48ad9B3649e8aB615592E83Ec9F5fcd1']","[('close', '5b48b59bee69eb37277994db1159b17908ec19055b150563f946d5c1ad4851c4', 658515), ('slot', '06fc73ceffceacf6e2ce34ca58be540c6855f303033623dcced547129d4ded6c', 50814), ('slot', 'b7679eb0ffd58e16be2b7a472a2f762ed3926cff0a4bbcae1f075db8020f523d', 50814), ('slot', 'a813a02c891b62d32c7d6b9313c21c81ccf0c2def0e641a20096b297bc5752b0', 50802), ('slot', 'b897143687d2b81e3c75a4682d13918661097f088200057c315036fcb6578b20', 50814), ('slot', '1d76b07ab76b6c7539acf0cc5f57a53d66154aba800c5aee846511818a2b0c33', 50814), ('slot', '1b0d24ca1708d50167c69835aa6a5bb8fc323c1565f68c79beca68a0d2fd14e9', 50802), ('weights', 'b92329fe6235397fcbb81441b358104a45fb425228a14c6c5e43e37cf5ebb060', 73694), ('weights', 'ddc41cb38df5a5a467b414bdb33c53aa5bb29783f1ea3acfa10b4f6283e9d5a5', 56594), ('weights', 'e47fb92b91c2b77f469ded250d828b5eb596e42eaeb0be101e2e9274ae037a64', 56594), ('weights', 'f4b96a00908e1d6c721255207ff836c0a62c0458cfff1b8cb8d2d55b56a9cb25', 56582), ('weights', '24bb5156f11628d1a486ab4024feb706f317abfbdb086f813ae2fef31145c98e', 56582), ('weights', '419ab124e8c399b0d970faf0aed5b0d4a5ef9a14800dec43a504cbea4f67fcc3', 56582), ('feedback', '7f8fd52576f8844256d97cad1bbf37b1f13ae4a0d021eed434ff86c774955f44', 323749), ('feedback', '5abde02a00f2c5c98094c39089ec68b9a9f110956934ef982bf5784efbd058d3', 255349), ('feedback', 'bdfc53c9c8b99306290e9ffcc3f178187af934ea5740bfb51a3b8a1cca803a78', 238249), ('feedback', 'b5b93d2a4e8f9ccd959054214bcf349697a4a066b58955df8c06909e6fcdf125', 238249), ('feedback', '932118d3aa9a65ecea0c52daa049b944af7333669cf2fb2b3cf13053465a3c9d', 239293), ('feedback', '40777e7d606c3ea40072eab4be3d960131c1b472dcc01a3c2d3f8694fc8216f3', 218683), ('contrib', '6e449c32be0ba64f4d27ea610aee26cd3d0b8c4dc3285fa4a7209dbfc61e9968', 75211), ('contrib', '7c0ce59e89edda46a35fbbfa08245d5b60f38a6707308300ef04a72380700fd1', 58123), ('contrib', '907595a6a6314df8aca963ffcf696d33e99c6329177bf5f6ee3257a77ba0e22e', 58123), ('contrib', '16e3902696e818a89997594ecc2d6827d9f505d7f3fe569a3d7c373125d83746', 58123), ('close', 'a9841efc14f089804119cc23bdd0923951cd8a753576d763a238e720d7177cb9', 570900)]"
7,01:17:34.834,0.9239,77.63454078882933,"[1674985549074482580, 1675293060355374492, 1674456777174864828, 1675264613395278085, 0, 0]","[91, 91, 92, 89, 0, 0]","[8, 9, 9, 10, 0, 0]","[('0xA41dE09A63f6Cedd633f99052b44450d3BB91D44', 4950015969353752553, 25001518428235147, 1674985549074482580), ('0x17725D495A0843Ea05541fD61ba5D4082750bC08', 4949721356517221229, 25014416872595735, 1675293060355374492), ('0x37AC7AC5D09bbC6dAC1CF036b7F9DdD0EA4E052E', 4950523176294175941, 24979953469040783, 1674456777174864828), ('0x536fc4cd48ad9B3649e8aB615592E83Ec9F5fcd1', 4949739497834850235, 25004111230128334, 1675264613395278085)]",300000000000000000,[],"[250015199184417724, 250144183635711669, 249799549579620361, 250041127204895019]","[[0.0, 1.0, 1.0, 1.0, 0.0, 0.0], [1.0, 0.0, 1.0, 1.0, 0.0, 0.0], [1.0, 1.0, 0.0, 1.0, 0.0, 0.0], [1.0, 1.0, 1.0, 0.0, 0.0, 0.0], [0.0, 0.0, 0.0, 0.0, 0.0, 0.0], [0.0, 0.0, 0.0, 0.0, 0.0, 0.0]]",[],"['$user$0, 0.915, good, good, None, 0xA41dE09A63f6Cedd633f99052b44450d3BB91D44', '$user$1, 0.912, good, good, None, 0x17725D495A0843Ea05541fD61ba5D4082750bC08', '$user$2, 0.916, good, good, None, 0x37AC7AC5D09bbC6dAC1CF036b7F9DdD0EA4E052E', '$user$3, 0.906, good, good, None, 0x536fc4cd48ad9B3649e8aB615592E83Ec9F5fcd1']","[('close', 'a9841efc14f089804119cc23bdd0923951cd8a753576d763a238e720d7177cb9', 570900), ('slot', '451bc3b53bbd40cfe17d9b3ba6cec0bbdcb3d9756943fa333d49181487b41fb2', 50814), ('slot', 'f17caa7b8baadbdac369311e48a4bb8fb877c1a8e2493bab34c1ac22a2707781', 50814), ('slot', '6964d93986d391c13250b4c91f474c4b6e4e09b1ec40a89dede738c8c88d7727', 50814), ('slot', '857ed2f6350ad3b2b348688800ed685e3c40421fc1e05c69e2eaccd52723ccc6', 50802), ('weights', 'c78ee507750d38dacccdafd41cd544dd474b1308989d1dacd5867e1fd32a17f0', 73694), ('weights', '47519611d751af6fc22b6b2273121f836282a908d8264264ad8357eaacc547ad', 56594), ('weights', 'd4a0ccffd2042024b3ef0eb3168199ea1773a8b15cc6d44479b5f0d45c16631c', 56594), ('weights', 'b910ae829f209b2f25942adae2930c4769e8d568bc4f571f3ec4305c5a4bfbbe', 56594), ('feedback', '11da24008964ba768cc52b04eb3cc6a2efc62d7087989e341881b140c841fdb0', 217307), ('feedback', '97768b214996bb5a2527b147186f364ceebf37995dbb29ab89535dd7f342b803', 183107), ('feedback', '8bbfa1f6498afd7e89523ca35c0c7de9399bc3e67779190b8d6589703359a3cb', 166007), ('feedback', '8a08ed8fd310728fbc64e579e446b78b2f6e9e284ba4c05df4a762d71b821d77', 166007), ('contrib', 'c9a5735b73dd73fb15d8200733b37f78698ab681faf3f616fdd16339117fec17', 75223), ('contrib', '4db5340b06d30bd07d865def05fa127f3ae5ec77d835839d58b0cd65911ffad7', 58123), ('contrib', '290534f6de7249e5ec1117ec00d5b8c6b3a915c95c92a95691f2f8520a6c2d6d', 58123), ('contrib', '5167f38ae321356453e7e4842fa0365b1dfe7c6fae577e3bb14a57f7f44f1094', 58123), ('close', '14853a8b75f72985e52d6ef7e0ecaff07fad5260dcfb2cf7801b9c239d56cac3', 410442)]"
8,01:17:56.895,0.9326,68.54049839451909,"[1699985332262593671, 1700309957526606680, 1699438568701486660, 1700266141509312972, 0, 0]","[92, 92, 93, 90, 0, 0]","[7, 8, 8, 9, 0, 0]","[('0xA41dE09A63f6Cedd633f99052b44450d3BB91D44', 5025014450925517405, 24999783188111091, 1699985332262593671), ('0x17725D495A0843Ea05541fD61ba5D4082750bC08', 5024706939644625493, 25016897171232188, 1700309957526606680), ('0x37AC7AC5D09bbC6dAC1CF036b7F9DdD0EA4E052E', 5025543222825135157, 24981791526621832, 1699438568701486660), ('0x536fc4cd48ad9B3649e8aB615592E83Ec9F5fcd1', 5024735386604721900, 25001528114034887, 1700266141509312972)]",200000000000000000,[],"[249997839331626892, 250168979167938232, 249817922711372375, 250015288591384887]","[[0.0, 1.0, 1.0, 1.0, 0.0, 0.0], [1.0, 0.0, 1.0, 1.0, 0.0, 0.0], [1.0, 1.0, 0.0, 1.0, 0.0, 0.0], [1.0, 1.0, 1.0, 0.0, 0.0, 0.0], [0.0, 0.0, 0.0, 0.0, 0.0, 0.0], [0.0, 0.0, 0.0, 0.0, 0.0, 0.0]]",[],"['$user$0, 0.917, good, good, None, 0xA41dE09A63f6Cedd633f99052b44450d3BB91D44', '$user$1, 0.917, good, good, None, 0x17725D495A0843Ea05541fD61ba5D4082750bC08', '$user$2, 0.933, good, good, None, 0x37AC7AC5D09bbC6dAC1CF036b7F9DdD0EA4E052E', '$user$3, 0.915, good, good, None, 0x536fc4cd48ad9B3649e8aB615592E83Ec9F5fcd1']","[('close', '14853a8b75f72985e52d6ef7e0ecaff07fad5260dcfb2cf7801b9c239d56cac3', 410442), ('slot', '6130649f9a26ce388473081437a255a8850fcfc5aa4d360cf19322755fd68799', 50814), ('slot', '06ef2fa333468f491ef6b97cd4dbcb31d89ed11cd06b3a39029853a3f568c13a', 50814), ('slot', '66f01f9ae4cbf5b3ac24bc06868b77f09721cbd1dc5413818d4a5aaf5dad11fd', 50814), ('slot', '788dcccb1cf9ea21921b4a94b81f080c7e5278d8591752325c69ec1a54987df9', 50814), ('weights', '84f15bf281cd8b15a69b95415635cf8ae82de113997e57ccd82e8c9423ec4ee9', 73694), ('weights', '81fe4f755c3fb4f7b407960f6467f39aa39df26b729fa3a0b05a8e2620fa66a7', 56594), ('weights', '31fb95895234b39829dcddd3ac1bc38a2bd25b0271a69378ae6ed39495bc8eea', 56594), ('weights', '20a1e3a927209a4ae97efeee5e2d308070503e15295d7615c80c9165b11686a1', 56582), ('feedback', '0d608537d8577271081168a5820f05923b33d654418c39f1e68aaf20f7d68b7c', 217307), ('feedback', 'e66a4c466d406c6472c5d40ff13f6b7c8f8070011184d5d0703dd7565922b727', 183107), ('feedback', '1340d94289fdc7f92156724a32e44cbaaba8385302c154e4f5a5f6bfffbfee5c', 166007), ('feedback', '3c16f36221ea2b2e888865ac5679cc7e02efeee5a4d5de3f7c0c3a63b0f2ff0b', 166007), ('contrib', 'a4b14b86a182776f64934bd8cff1c17c6b45ba2bcdc73a949dc7e9197c6d6cc1', 75223), ('contrib', '577b089110c3c247060213b84332ede8fd536fc97c87e829d45db1c5a69e5c16', 58123), ('contrib', '8a10e08c9bad822632fd27ae21fae56c12ccd79f936f3cda8d455b51e0249f4a', 58123), ('contrib', '88805116f978bb496756d8a05300e6b0186323720a94e490689fd90fd415fbc9', 58123), ('close', 'de928b024e58a746675e6cef92b3fa12292eb171f9733642a74ff0037a0a74f0', 410442)]"
9,01:18:18.755,0.9395,61.54898277670145,"[1724993202311581838, 1725321585648783934, 1724418016273072515, 1725267195766561694, 0, 0]","[93, 93, 94, 91, 0, 0]","[7, 7, 7, 8, 0, 0]","[('0xA41dE09A63f6Cedd633f99052b44450d3BB91D44', 5100014667737406312, 25007870048988167, 1724993202311581838), ('0x17725D495A0843Ea05541fD61ba5D4082750bC08', 5099690042473393303, 25011628122177254, 1725321585648783934), ('0x37AC7AC5D09bbC6dAC1CF036b7F9DdD0EA4E052E', 5100561431298513323, 24979447571585855, 1724418016273072515), ('0x536fc4cd48ad9B3649e8aB615592E83Ec9F5fcd1', 5099733858490687011, 25001054257248722, 1725267195766561694)]",100000000000000000,[],"[250078678131103515, 250116258859634399, 249794453382492065, 250010520219802856]","[[0.0, 1.0, 1.0, 1.0, 0.0, 0.0], [1.0, 0.0, 1.0, 1.0, 0.0, 0.0], [1.0, 1.0, 0.0, 1.0, 0.0, 0.0], [1.0, 1.0, 1.0, 0.0, 0.0, 0.0], [0.0, 0.0, 0.0, 0.0, 0.0, 0.0], [0.0, 0.0, 0.0, 0.0, 0.0, 0.0]]",[],"['$user$0, 0.924, good, good, None, 0xA41dE09A63f6Cedd633f99052b44450d3BB91D44', '$user$1, 0.934, good, good, None, 0x17725D495A0843Ea05541fD61ba5D4082750bC08', '$user$2, 0.935, good, good, None, 0x37AC7AC5D09bbC6dAC1CF036b7F9DdD0EA4E052E', '$user$3, 0.919, good, good, None, 0x536fc4cd48ad9B3649e8aB615592E83Ec9F5fcd1']","[('close', 'de928b024e58a746675e6cef92b3fa12292eb171f9733642a74ff0037a0a74f0', 410442), ('slot', '5f8eb2e10deaad75e498778487ba59e988456603651afe271bbd27ff7055c385', 50814), ('slot', 'f9d563a45314e16f92fb99c3781b340addbf2d83fce20df48bf0a73ec98096e4', 50814), ('slot', 'f81876f1fe15d3f968654aa9cee9ff39f9025ec85bdfa7fc4e788fe2482f8666', 50814), ('slot', '5ed9ec78e680c9e226bc3c63bb7a231c9555bc4a7d0b3ba565626a083007481b', 50814), ('weights', 'a024519d66abc149c58a58246f266647e29a06b6297108041b372e870c0297b0', 73694), ('weights', '77f8b75237ee3f93a64d9eb1d7de16dc17db301d89f03249f3961bc80054a0ab', 56594), ('weights', '455a3857c3d7fdc6f74170ae1f9f2b1919a2a6dc64437eab7d495a75bd3d3413', 56594), ('weights', '089cbe8a43179a3b8002792d5ee377a881907559e6dd377c682b1021a971f45e', 56594), ('feedback', 'fe1510ed33f73c64626aaaf7d066346d14b2829d64355d5bce756f5fb6ca22d2', 217307), ('feedback', '37ceecbd5e1af223735456159f7f2b8f083d7b4acd98fd2543e81e31fca5b644', 183107), ('feedback', '0e4fa594866a95e9ec9541a8ab08be34d15b1d0977f4cf2141ad1d0abcc5d05a', 166007), ('feedback', '2467a4021ebb1a6ee4eedf74f57c76c7c427e70f4dfb6e727299eb9e719430d8', 166007), ('contrib', '4ab29d471e1f87b48b8d35deb64e8389f31c7de163b81ba1bab1748d070d5b78', 75223), ('contrib', 'ea1a3b46c52ea24066a0ed6822c5ff9ba5161857f2a11515b6709d42aeca962c', 58123), ('contrib', 'e5750f05dcb2c96528b42ada1114123eacab8b368b1c01db1a2e1883684d839e', 58123), ('contrib', 'd32d836c071f2ac6ed6d1e925c6a3648494badc93722c9cee9112d7f48eb6486', 58123), ('close', '47b621f3a13484f26be69766f925417d8deb304aacbb8e70ccd9a72f759b01f0', 410442)]"
10,01:18:40.647,0.9435,55.943363189697266,"[1749992337671819522, 1750326490737862095, 1749411013845837594, 1750270157744480768, 0, 0]","[94, 94, 95, 92, 0, 0]","[6, 6, 6, 7, 0, 0]","[('0xA41dE09A63f6Cedd633f99052b44450d3BB91D44', 5175006797688418143, 24999135360237684, 1749992337671819522), ('0x17725D495A0843Ea05541fD61ba5D4082750bC08', 5174678414351216047, 25004905089078161, 1750326490737862095), ('0x37AC7AC5D09bbC6dAC1CF036b7F9DdD0EA4E052E', 5175581983726927466, 24992997572765079, 1749411013845837594), ('0x536fc4cd48ad9B3649e8aB615592E83Ec9F5fcd1', 5174732804233438287, 25002961977919074, 1750270157744480768)]",0,[],"[249991387128829956, 250049084424972534, 249930009245872497, 250029653310775756]","[[0.0, 1.0, 1.0, 1.0, 0.0, 0.0], [1.0, 0.0, 1.0, 1.0, 0.0, 0.0], [1.0, 1.0, 0.0, 1.0, 0.0, 0.0], [1.0, 1.0, 1.0, 0.0, 0.0, 0.0], [0.0, 0.0, 0.0, 0.0, 0.0, 0.0], [0.0, 0.0, 0.0, 0.0, 0.0, 0.0]]",[],"['$user$0, 0.931, good, good, None, 0xA41dE09A63f6Cedd633f99052b44450d3BB91D44', '$user$1, 0.944, good, good, None, 0x17725D495A0843Ea05541fD61ba5D4082750bC08', '$user$2, 0.942, good, good, None, 0x37AC7AC5D09bbC6dAC1CF036b7F9DdD0EA4E052E', '$user$3, 0.923, good, good, None, 0x536fc4cd48ad9B3649e8aB615592E83Ec9F5fcd1']","[('close', '47b621f3a13484f26be69766f925417d8deb304aacbb8e70ccd9a72f759b01f0', 410442), ('slot', '7ef626aa38cacd656f31287e7b568bac0438b589d334b448299babf4365e4033', 50814), ('slot', '32685144ea1468d425ab34865f66975809b6c7afc1df2b98d35275dd4ff28d37', 50814), ('slot', 'f2dfe7d196af4deebcc17661defa70bb44c15f36b25e9bd4422a2f6d7e3f7cfa', 50814), ('slot', '9e334ad97819b8e5bfb3f087ff37d1c510684a376583909d6bef3b660483156c', 50814), ('weights', '4f5be4b7d7709cecfad7c5ec2cfc1cad980052f6511517f2883c582f2c8936a0', 73694), ('weights', 'eb0dc73427c5ef2a4d1d5dd125fc12059d24caad5591f802c591dab671feb51e', 56594), ('weights', '29ca375543118354d20cb2fd202f3e13ea5a53e024df6cfe6701de0f97dff268', 56594), ('weights', '5b4132d2d6ad599e43264866a8d92442019f1ca70ed4a87c342e62fffc89de33', 56594), ('feedback', '6d60e094e2a7c00e03a61e92de034d2b306fbc90979d8ad50cf0d82c8d59445a', 217307), ('feedback', 'ac76a13f723908b08fd2b3890f0b8cc1e045f4848693ab33a418a18e096127cd', 183107), ('feedback', '54beb85b2c4a4a92cba2f952561ca9da5ef093b04737fbd28a945caae157da9e', 166007), ('feedback', 'c96c7b0cdb597ae7a70022a7c990ccb6a16b6b3f156c2d5d84ca7c0b4ddb7930', 166007), ('contrib', '350aeeb01838591bc0c982923d7504af5a58160d7bd15f086b00405d1844a946', 75223), ('contrib', '3096d1db3a047858a78ddd0fe717aa58f6ed5530b8ff78461aaabe0fdca7f3c8', 58123), ('contrib', '1164ad3e690bdcf70536455dbdef245cca0c0749f199dcd12873524dc2437451', 58123), ('contrib', '86ed4d53d1e754c0c19ea6403ceb7cc894c52b33312fe7f7def0cabf136e4567', 58123), ('close', 'f3d19c06363bfb816184bab27bc43194b6a9e3d725b8d9d8ca8868139b468fdd', 410442)]"
# $gasCosts$[381779, 330479, 337053, 313379, 354153, 313379, 75223, 58123, 58123, 58123, 58123, 58123, 342953, 274553, 237553, 257453, 237553, 257453, 75223, 58123, 58123, 58123, 58123, 58123, 319749, 251349, 234249, 234249, 229293, 208683, 75223, 58123, 58123, 58123, 323749, 255349, 238249, 238249, 239293, 218683, 75223, 58123, 58123, 58123, 323749, 255349, 238249, 238249, 239293, 218683, 75223, 58123, 58123, 58111, 323749, 255349, 238249, 238249, 239293, 218683, 75211, 58123, 58123, 58123, 217307, 183107, 166007, 166007, 75223, 58123, 58123, 58123, 217307, 183107, 166007, 166007, 75223, 58123, 58123, 58123, 217307, 183107, 166007, 166007, 75223, 58123, 58123, 58123, 217307, 183107, 166007, 166007, 75223, 58123, 58123, 58123],[126674, 126674, 126674, 126674, 126674],[50814, 50802, 50814, 50814, 50802, 50814, 50802, 50814, 50814, 50814, 50814, 50814, 50814, 50814, 50814, 50814, 50814, 50814, 50814, 50814, 50802, 50814, 50814, 50814, 50814, 50814, 50814, 50802, 50814, 50814, 50814, 50814, 50802, 50814, 50814, 50802, 50814, 50814, 50814, 50802, 50814, 50814, 50814, 50814, 50814, 50814, 50814, 50814, 50814, 50814, 50814, 50814],[73694, 56594, 56594, 56594, 56582, 56594, 73694, 56594, 56594, 56594, 56582, 56594, 73694, 56594, 56594, 56594, 56582, 56594, 73682, 56594, 56582, 56594, 56558, 56594, 73682, 56594, 56594, 56594, 56570, 56594, 73694, 56594, 56594, 56582, 56582, 56582, 73694, 56594, 56594, 56594, 73694, 56594, 56594, 56582, 73694, 56594, 56594, 56594, 73694, 56594, 56594, 56594],[641581, 611186, 658515, 658515, 658515, 570900, 410442, 410442, 410442, 410442],[],[]
# TOTAL EXPERIMENT TIME: 258.40 seconds
