# Author Nykjaer
# ------Specs--------# cpu_name:  (processor model)
# cpu_cores: 6 (physical cores)
# ram_gb: 13.5 (system memory in GB)
# gpu_name: NVIDIA GeForce RTX 3060 Laptop GPU (graphics processor)
# os_name: Linux (operating system)
# ------Config--------# good_contributors: 4 (honest participants)
# bad_contributors: 1 (malicious participants)
# freeriders: 1 (contribute 0)
# inactive: 0 (never join)
# reward: 1000000000000000000 (total reward pool)
# minimum_rounds: 10 (rounds to simulate)
# min_buy_in: 1000000000000000000 (lower buy-in bound)
# max_buy_in: 1000000000000000000 (upper buy-in bound)
# standard_buy_in: 1000000000000000000 (default buy-in)
# epochs: 1 (local epochs per round)
# batch_size: 32 (training batch size)
# punish_factor: 3 (penalty multiplier)
# first_round_fee: 50 (fee for first round)
# fork: True (True=local fork, False=real net)
# contribution_score_strategy: accuracy (scoring method)
# use_outlier_detection: False (Whether to use outlier detection)
# freerider_start_round: 5 (When freeriders should start freeriding)
# freerider_noise_scale: 0.1 (How much noise a freeder should add)
round,time,globalAcc,globalLoss,GRS,accAvgPerUser,lossAvgPerUser,rewards,conctractBalanceRewards,punishments,contributionScores,feedbackMatrix,disqualifiedUsers,userStatuses,GasTransactions
# $startingUserConfig$['$user$0, 0, good, good, None, 0xA41dE09A63f6Cedd633f99052b44450d3BB91D44', '$user$1, 0, good, good, None, 0x17725D495A0843Ea05541fD61ba5D4082750bC08', '$user$2, 0, good, good, None, 0x37AC7AC5D09bbC6dAC1CF036b7F9DdD0EA4E052E', '$user$3, 0, good, good, None, 0x536fc4cd48ad9B3649e8aB615592E83Ec9F5fcd1', '$user$4, 0, good, bad, 3, 0x118E560679B62a9F24c135A96d416548782f8cc2', '$user$5, 0, good, freerider, 5, 0xA2F37A08a8488CB8551a0D03f7A73f4156757de7']
0,23:21:53.570,0,720.4251708984375,"[1000000000000000000, 1000000000000000000, 1000000000000000000, 1000000000000000000, 1000000000000000000, 1000000000000000000]",[],[],[],1000000000000000000,[],[],,[],"['$user$0, 0, good, good, None, 0xA41dE09A63f6Cedd633f99052b44450d3BB91D44', '$user$1, 0, good, good, None, 0x17725D495A0843Ea05541fD61ba5D4082750bC08', '$user$2, 0, good, good, None, 0x37AC7AC5D09bbC6dAC1CF036b7F9DdD0EA4E052E', '$user$3, 0, good, good, None, 0x536fc4cd48ad9B3649e8aB615592E83Ec9F5fcd1', '$user$4, 0, good, bad, 3, 0x118E560679B62a9F24c135A96d416548782f8cc2', '$user$5, 0, good, freerider, 5, 0xA2F37A08a8488CB8551a0D03f7A73f4156757de7']","[('register', '48f9fd65210b0f495838088dbe8d152df22014806265f2175a56afef5c097df7', 126674), ('register', '0cf1f020b499dcfc3a1fb9d212b87b72e71c29f89284cca733c46437ac895333', 126674), ('register', '28eca0f69a42ec23fc604f5c28fb2d9fd23fdb5e40910ed16d39583d50958764', 126674), ('register', '413e588a42bb489364a16a812f289da64c0ff5e9f8f47897aa596d9e421b6e0a', 126674), ('register', '784b9557858e2441237e5b3819d924446222a8b27cf703a1ab3e1cc70b4545f4', 126674)]"
1,23:22:24.545,0.1745,715.1094360351562,"[1153394187540141311, 1157427585099550404, 1146727520873474640, 1181346981374438019, 333333333333333334, 1127770391779062290]","[9, 9, 11, 11, 10, 13]","[74, 74, 74, 74, 74, 74]","[('0xA41dE09A63f6Cedd633f99052b44450d3BB91D44', 5000000000000000000, 153394187540141311, 1153394187540141311), ('0x17725D495A0843Ea05541fD61ba5D4082750bC08', 3000000000000000000, 157427585099550404, 1157427585099550404), ('0x37AC7AC5D09bbC6dAC1CF036b7F9DdD0EA4E052E', 5000000000000000000, 146727520873474640, 1146727520873474640), ('0x536fc4cd48ad9B3649e8aB615592E83Ec9F5fcd1', 5000000000000000000, 181346981374438019, 1181346981374438019), ('0xA2F37A08a8488CB8551a0D03f7A73f4156757de7', 5000000000000000000, 127770391779062290, 1127770391779062290)]",900000000000000000,"[(1, 166666666666666666)]","[200079375052358232, 205340328390717918, 191383722878445183, 236539540923180025, 166657032755298639]","[[0.0, 0.0, 1.0, 1.0, -1.0, 1.0], [1.0, 0.0, 1.0, 1.0, 0.0, 1.0], [1.0, 1.0, 0.0, 1.0, 0.0, 1.0], [1.0, 1.0, 1.0, 0.0, 0.0, 1.0], [1.0, 1.0, 1.0, 1.0, 0.0, 1.0], [1.0, 0.0, 1.0, 1.0, -1.0, 0.0]]",[5],"['$user$0, 0.761, good, good, None, 0xA41dE09A63f6Cedd633f99052b44450d3BB91D44', '$user$1, 0.674, good, good, None, 0x17725D495A0843Ea05541fD61ba5D4082750bC08', '$user$2, 0.727, good, good, None, 0x37AC7AC5D09bbC6dAC1CF036b7F9DdD0EA4E052E', '$user$3, 0.693, good, good, None, 0x536fc4cd48ad9B3649e8aB615592E83Ec9F5fcd1', '$user$4, 0.576, good, bad, 3, 0x118E560679B62a9F24c135A96d416548782f8cc2', '$user$5, 0.788, good, freerider, 5, 0xA2F37A08a8488CB8551a0D03f7A73f4156757de7']","[('slot', '451ce74f633785d736365152a66bf2a6dde766d98d35111c76f92bd4e291ac59', 50814), ('slot', 'cb4bd9ce03d67af97b7f36cfd5b4b3509c141d798e901d6f3bc2c3b61a6f51a7', 50790), ('slot', '9cb4f467e2f1206ecfc24b972d4cf5a9810fc2d62db3da58fd2c06d2d9c02525', 50814), ('slot', 'aeaa48a5cb9423d0fff1177d20cded4766ded9437014f5cce2a659c35c25fcd3', 50814), ('slot', 'f7e34ab4a3e070101ad60cd846a39fe144d3cb3beb545fb4a29ca1cabeab2598', 50814), ('slot', '2a3a3d089415ee24dad8c7da5752e8bc92aac71e4197b0f46ec9a5b3afb1d0ff', 50814), ('weights', '64fc47ad89cbb1606d4565f5e6430029f224fd5ce1bb319afc6b9c4d3a3ea0a7', 73694), ('weights', '8eaa5e0752974ecb7a2f8ce65e32604e927e8bc99ea0929297f330f5ff080958', 56594), ('weights', '8d92907bf2da6b3ad716a40ee6722c1762e957ae5f11072a17d2febf4e31a9fe', 56594), ('weights', '79ea1a55f5d72623abe1b6643bda7275b8bfd811cfba675b1d7ab7da21c54509', 56594), ('weights', '4599fd30c2879c4a687b70188e1f842cd67217ed3e2da54d3a70b495dca12c5b', 56594), ('weights', 'c3818f53e30e1e5c3fbb1627b879c8a8e8b3e75e8fbec858e2d5a0b101917de7', 56594), ('feedback', 'd8744aa0c50ade47ecb4ea3b20a1210d3503414f215d4559c100124271886b07', 755817), ('feedback', '5088b6e39e6e5dc71dc90b99f5b6857782c4821d066f8c77530f40e98568fe58', 724069), ('feedback', 'ca47c76fe50314de78a5a083c27f8c0fb0f14ee68426f66f636085de721008b0', 724069), ('feedback', '899adb8dddaefd998f610dc6247db3800eaac2c6af5e1d60c854ea39bcb959f1', 706969), ('feedback', '20fc062258cabe12bfa845bd16364c11887f44c1cb2948698b2903f51b043e16', 730643), ('feedback', 'af2f648e62066a558d3177d89186b987ae66349c1d79c21efe1a63b3216f0273', 687417), ('contrib', 'fc55849862a15fac8322b41b8e5ddf2d03e49d7c8373924d9f38c19e729cddad', 75223), ('contrib', '263c2981b864b98218ef5adfd61f67620654d01bfbecd7943f385b2cad572890', 58123), ('contrib', 'bf88e8b5ac724c34bba51e9bd21ddbed56322433edcb1ab8a841719496a67042', 58123), ('contrib', '234f314cabb24ef61084caa6bb10be6b11426c769d938f12c99d02576c716349', 58123), ('contrib', 'b9d35b8d4d0fd8d841fa4e8fc8954da0511bfa668ca912471fdfa671a8ded589', 58123), ('close', '02f294933037cd8bbfd70aa425ec97c8af2d3a5293f581549e0eb62c0d4c4a09', 671004)]"
2,23:22:53.762,0.6513,548.6682205200195,"[1170278631685826200, 1173949401147732678, 1164416778973593132, 1198066564959198362, 348235477419509488, 1145053145814140135]","[17, 16, 17, 17, 18, 19]","[73, 73, 73, 73, 73, 73]","[('0xA41dE09A63f6Cedd633f99052b44450d3BB91D44', 4946605812459858687, 16884444145684889, 1170278631685826200), ('0x17725D495A0843Ea05541fD61ba5D4082750bC08', 3814802023121387304, 16521816048182274, 1173949401147732678), ('0x37AC7AC5D09bbC6dAC1CF036b7F9DdD0EA4E052E', 4953272479126525358, 17689258100118492, 1164416778973593132), ('0x536fc4cd48ad9B3649e8aB615592E83Ec9F5fcd1', 3790882626846499689, 16719583584760343, 1198066564959198362), ('0x118E560679B62a9F24c135A96d416548782f8cc2', 2338774566473988423, 14902144086176154, 348235477419509488), ('0xA2F37A08a8488CB8551a0D03f7A73f4156757de7', 4972229608220937708, 17282754035077845, 1145053145814140135)]",800000000000000000,[],"[168844441456848903, 165218160481822751, 176892581001184934, 167195835847603446, 149021440861761556, 172827540350778463]","[[0.0, 1.0, 1.0, 1.0, 0.0, 1.0], [1.0, 0.0, 1.0, 1.0, 1.0, 1.0], [1.0, 1.0, 0.0, 1.0, 0.0, 1.0], [1.0, 1.0, 1.0, 0.0, 1.0, 1.0], [1.0, 1.0, 1.0, 1.0, 0.0, 1.0], [1.0, 0.0, 1.0, 0.0, 0.0, 0.0]]",[],"['$user$0, 0.603, good, good, None, 0xA41dE09A63f6Cedd633f99052b44450d3BB91D44', '$user$1, 0.565, good, good, None, 0x17725D495A0843Ea05541fD61ba5D4082750bC08', '$user$2, 0.643, good, good, None, 0x37AC7AC5D09bbC6dAC1CF036b7F9DdD0EA4E052E', '$user$3, 0.583, good, good, None, 0x536fc4cd48ad9B3649e8aB615592E83Ec9F5fcd1', '$user$4, 0.562, good, bad, 3, 0x118E560679B62a9F24c135A96d416548782f8cc2', '$user$5, 0.703, good, freerider, 5, 0xA2F37A08a8488CB8551a0D03f7A73f4156757de7']","[('close', '02f294933037cd8bbfd70aa425ec97c8af2d3a5293f581549e0eb62c0d4c4a09', 671004), ('slot', '4b6a817054bcb1ed9dc00b498a5c4143d670cd8f26fd2165257e5100fe0674d1', 50814), ('slot', '1a5955ea7601d1d4e2c4aaa3535973edd07fa4efc9a7b7f2cb6efa250d99586f', 50814), ('slot', '0a0d3254843e959ccf8e1ddb12d926d57d48b2bdffbf831ae6a22316811b2d6a', 50814), ('slot', '1c4c3a961af2dad08baf29e12d65eabc6d7ed1c53d050abcec748925cecf268f', 50814), ('slot', 'cb8521bba4841bd541fd6aea90e03909762d8f94fb681507cd220e9d5b820168', 50814), ('slot', '6596a9a7fc64ea45def6866c41b2df98ac1d8674d7adfe6560a48d3270b850d4', 50802), ('weights', '7ffcc274a4b2d250d1b43b95595a0fa03ea3661b637b70bb30ea76c99f4c6529', 73694), ('weights', '43304996b69b45a38308d46b4abcbb5ba4c5b13c70b80312536cc0fc3b0f036f', 56594), ('weights', '7ae93920c724b09ea89ba0bc6a83c6fbda3ddc7d2d370ffd5edf20bb185dc3ed', 56594), ('weights', '975c6c30bedadbb27be515ed091f99233ea5e71617612b303cafe14a9ced1ab7', 56594), ('weights', '2ec82b10056177a34e431bda1ad9d70352db497373608cc588ffac7488f7741d', 56594), ('weights', '9ba24b103a76b7c9434a64b797b275f489dc7e48bdde539c9e743eeab91bd80f', 56582), ('feedback', '54a71a18a161514cb2a5cb6c9f801ee55b4e94955242238d2065d9f53c4bb905', 715669), ('feedback', '3d26e34d41a41fda8a0179dc6645d719ce45163da8586b2e3b62bc70b73b43dc', 685243), ('feedback', 'ee2abdf9dadc04e55e0b099c8101a72befa5d066f00f82d1f0de5eac598c02b7', 627369), ('feedback', '928b1fd0cbbe1332227a5bd42bbbd09ad22a936d6f798851d532a098995b7808', 651043), ('feedback', '454ebddd83c8e656ef1945acf916558dd8998369f49b00d6506c749eb1251da6', 631143), ('feedback', 'a258f75ad210d16860672272ea904642f5cbd4784c2f8b2869234ab749588e85', 617821), ('contrib', 'b4154cdec6cf13e6413960345b331e499b00acda9c402fe8b922016112418121', 75223), ('contrib', '4f1543d6edf677b81ab33341925067adba6a1a9746513fabeba664ea11a02c60', 58123), ('contrib', '6e5f027ec6d2490903af39c61f7a76c0c0b3fe67711042b771e937252e565b76', 58123), ('contrib', '889eaa171f106287d857ed0d13a782d8033cbcbfbc0ae9c5cff4e24a2e81281e', 58123), ('contrib', 'ef81a3717541ccbf42dcad40698fa66ec04922b2f587861cb145d0b7284ef7ff', 58123), ('contrib', 'ee2c3a4d4d60ddf805aa19a763ab91ac23c5343143c68f9808e9b23302bf0642', 58123), ('close', '5808e2deae8c7b2c251bb771d9bc68d4e7e92d388e7e76eb59fe7a983898a5c1', 611186)]"
3,23:23:21.854,0.8333,180.89352428913116,"[1208227842726874998, 1217563034250972854, 1208482932479918473, 1242132718465523703, 232156984946339659, 1191436487130370306]","[64, 63, 65, 63, 65, 68]","[56, 56, 56, 57, 56, 56]","[('0xA41dE09A63f6Cedd633f99052b44450d3BB91D44', 4333250413475154819, 37949211041048798, 1208227842726874998), ('0x17725D495A0843Ea05541fD61ba5D4082750bC08', 4329579644013248341, 43613633103240176, 1217563034250972854), ('0x37AC7AC5D09bbC6dAC1CF036b7F9DdD0EA4E052E', 4339112266187387887, 44066153506325341, 1208482932479918473), ('0x536fc4cd48ad9B3649e8aB615592E83Ec9F5fcd1', 4305462480201782657, 44066153506325341, 1242132718465523703), ('0xA2F37A08a8488CB8551a0D03f7A73f4156757de7', 4358475899346840884, 46383341316230171, 1191436487130370306)]",700000000000000000,"[(3, 116078492473169829)]","[175626970582279967, 201841620626151047, 203935861463847345, 203935861463847345, 214659685863874349]","[[0.0, 1.0, 1.0, 1.0, -1.0, 1.0], [1.0, 0.0, 1.0, 1.0, -1.0, 1.0], [1.0, 1.0, 0.0, 1.0, -1.0, 1.0], [1.0, 1.0, 1.0, 0.0, -1.0, 1.0], [-1.0, -1.0, -1.0, -1.0, 0.0, -1.0], [1.0, 1.0, 1.0, 1.0, -1.0, 0.0]]",[5],"['$user$0, 0.771, good, good, None, 0xA41dE09A63f6Cedd633f99052b44450d3BB91D44', '$user$1, 0.805, good, good, None, 0x17725D495A0843Ea05541fD61ba5D4082750bC08', '$user$2, 0.798, good, good, None, 0x37AC7AC5D09bbC6dAC1CF036b7F9DdD0EA4E052E', '$user$3, 0.799, good, good, None, 0x536fc4cd48ad9B3649e8aB615592E83Ec9F5fcd1', '$user$4, 0.562, bad, bad, 3, 0x118E560679B62a9F24c135A96d416548782f8cc2', '$user$5, 0.826, good, freerider, 5, 0xA2F37A08a8488CB8551a0D03f7A73f4156757de7']","[('close', '5808e2deae8c7b2c251bb771d9bc68d4e7e92d388e7e76eb59fe7a983898a5c1', 611186), ('slot', '713711d4cfc1445dcd0ee69dce1896c266a64fa4f394dfd83f1626c9798073fc', 50814), ('slot', 'bf9f85f6c178e0a9d8ec999c0c0b801ca4f81305f4265444da9878a591627b2a', 50814), ('slot', '766edfb58109d86f114d27e08424b38ad7d5b18c4344fa04896f5bbef3cc3326', 50790), ('slot', '27ba804d4f42b6f639e99b61a9e06f8b5e71b1e0c04fb3eab4bb148d15969a5a', 50814), ('slot', '0cce9d16d2810933e3422daf8b14bfcf1f365691751c63fcb48aadaf39e7de12', 50814), ('slot', '6b634fdfdd32d6e190ecf27bca3105d3ef6fbf9c119f065638e904ac59aa9a4c', 50814), ('weights', '2d1fd1f7331d803f6b7449adcb79d2f9af7deb504c0cc49d7373814689887f1a', 73694), ('weights', '19f343261bbe6590a99699f21f7c335fcb8091b5caacb8ebd61a76508715d40b', 56594), ('weights', '5b53d4c96616a48d58fd878466e67584643689c21de46ba8124c04148802f8a3', 56594), ('weights', '65b49121abb7e32c108abdbe3e88aecbc2a5cdc76a86d02fe404fbd272a631a1', 56594), ('weights', '693749d7237eb3447fea3d86c772be549bf6ac417d1fcd6423563fa24c2ae148', 56594), ('weights', 'a3c65d7c0874066e385e7cad36cf32a3886540f8d6ad851214724d17155a8258', 56594), ('feedback', 'ced53534c1f8d92c5817ec66ff1b18baa67d674f24f3fdbe62a7f697657faa52', 717015), ('feedback', '12ccfe87802943c1fcf815e937a71aab86a0e8fa2fc931850deb20e18747762b', 646615), ('feedback', '806ab574e5ec49b2d7f40163d3f1caf6bb6f471759e8dff7631578356a9d8b70', 631515), ('feedback', '48aeec8eac36514cfd62ad43e19099350b558b3ea638f562ba0e0d6b28cff548', 629515), ('feedback', '2fbecfa36f289874ece2f163547a96b5890e5916f174bd2f852b6f950665c18d', 603043), ('feedback', '6cae73916af8564979f2673f57827673d3802c2b4eabac869f10fb8c2c6ebd33', 671315), ('contrib', 'ade009f22016c636cf80fa46695fce72dfe7d1777c9246e7c798e31dd420df74', 75223), ('contrib', '84f3e585c3ec1808598133a5b5cbe28c29051422b35395ef45ecd50bd76374f7', 58123), ('contrib', 'a9785945f861f8f697b0f67efe0da5badd9624a0a5febd73261a0b2a99246377', 58123), ('contrib', 'ea2a4144232082d3cbc5d64c59cc1d5631e31129434d815f82dae9cc77e2a656', 58123), ('contrib', 'e444f3cdd6b82954d0ec3434bbfba88be2cf81c8e2cd75b2dc35a2825b13d34b', 58123), ('close', '7d8b496aa82454012641cbd90e00664fe67fd5c480b8404d937b9c6084967fcd', 643640)]"
4,23:23:49.972,0.8796,128.50825664401054,"[1245819978868579284, 1280682172960239209, 1270045708864846790, 1314310684036962960, 1289141455269371747, 0]","[82, 84, 82, 82, 84, 84]","[18, 18, 19, 20, 18, 18]","[('0xA41dE09A63f6Cedd633f99052b44450d3BB91D44', 4627458187380445677, 37592136141704286, 1245819978868579284), ('0x17725D495A0843Ea05541fD61ba5D4082750bC08', 4618122995856347821, 63119138709266355, 1280682172960239209), ('0x37AC7AC5D09bbC6dAC1CF036b7F9DdD0EA4E052E', 4627203097627402202, 61562776384928317, 1270045708864846790), ('0x536fc4cd48ad9B3649e8aB615592E83Ec9F5fcd1', 4593553311641796972, 72177965571439257, 1314310684036962960), ('0xA2F37A08a8488CB8551a0D03f7A73f4156757de7', 4644249542976950369, 97704968139001441, 1289141455269371747)]",600000000000000000,"[(4, 232156984946339659)]","[113175810973167825, 190028033640368354, 185342410893071712, 217300760913095636, 294152983580296512]","[[0.0, 1.0, 1.0, 1.0, -1.0, 1.0], [1.0, 0.0, 1.0, 1.0, -1.0, 1.0], [1.0, 1.0, 0.0, 1.0, -1.0, 1.0], [1.0, 1.0, 1.0, 0.0, -1.0, 1.0], [-1.0, -1.0, -1.0, -1.0, 0.0, -1.0], [1.0, 1.0, 1.0, 1.0, -1.0, 0.0]]",[5],"['$user$0, 0.847, good, good, None, 0xA41dE09A63f6Cedd633f99052b44450d3BB91D44', '$user$1, 0.848, good, good, None, 0x17725D495A0843Ea05541fD61ba5D4082750bC08', '$user$2, 0.853, good, good, None, 0x37AC7AC5D09bbC6dAC1CF036b7F9DdD0EA4E052E', '$user$3, 0.849, good, good, None, 0x536fc4cd48ad9B3649e8aB615592E83Ec9F5fcd1', '$user$5, 0.873, good, freerider, 5, 0xA2F37A08a8488CB8551a0D03f7A73f4156757de7']","[('close', '7d8b496aa82454012641cbd90e00664fe67fd5c480b8404d937b9c6084967fcd', 643640), ('slot', '634211936b570a35953ba4a27e1f400c791cbba3405e7df73b5652f62f1e6fda', 50814), ('slot', '177e4732aa4655ef0958336254c8c5dc0ef91b7a856ae93576335b8327127c47', 50814), ('slot', '742155463bdda7a4c6be1a4b9fc41d8033e284b5536cee92bff5fa87ebfcca30', 50814), ('slot', '372d29861e72d211ee92a009a0b3e81aeff21633b7dd4b46be2ac32369cfeeb2', 50814), ('slot', 'ea59e0971dda55df6a2f1e25401c4dc6340dc4127f43bbdcc9bd60e66b0e786e', 50802), ('slot', 'cf9555abf26a680c3fc066b802c8864eef7651a1baa55f2faf0824fb9cbb176b', 50814), ('weights', 'c63eafba670d2a8d56c4477caff3e826a162283661c2ea65f89d860cc952ba6d', 73682), ('weights', '27a03b1a24d376310df0a7f5daaa38986446855f71a21c1bcecdad2ea3424571', 56594), ('weights', '0ec2d3968598eea76185970eb514c66e15261bedcbe2fe100436b99a4af8da60', 56594), ('weights', 'cb682dc257fb420efec19b95faae380aa77914594d297ec68d97bbd6c94ffd88', 56594), ('weights', '32b229744ed211e94d16e330139c8d385675cc5a5702a45089c4510f745cf9d3', 56594), ('weights', 'ce5d0e379d11bb3341e460a8df527f69ddfabbc0166fe8cc4cafe44c79ce3ec0', 56594), ('feedback', '7f32fd32b4daa2a1bbe2eba8312a10ba1c3d075e5b6a32f4f6d20b1fdfc266fc', 717015), ('feedback', '1bca5513ddd5a44e723a3cb513d7bf9c1e4dc40a575fa04544a3ed3b659b4d89', 648615), ('feedback', '6f55c4e39924b0ba5f5ef31ac39d15c76157f2789f6338c47e7a580350acb8d8', 631515), ('feedback', '8d7d4d337487bdc46dc662d31cf7298f7554fb8ab0c111f9df388664eca66db7', 631515), ('feedback', '92eaabf73e25add78096abb4dda4cee3bf0bc5d93490e7bc66f31e7d618f5cc7', 613043), ('feedback', '5deea8fa4e5f15985bcc12530ce72fde0114150a14d5efc4a38088e111b38717', 631515), ('contrib', '63c4b93dd1861ef98547bc9d268bebf3c914928cc14156c576a193d70b0b6200', 75223), ('contrib', '155053784c823fb8dba13c905a8747205379746db628b25e200adeeeb9b46212', 58123), ('contrib', 'b88a8b139b305d44bfbb01e7f4f65412a2d5cff2ef6ca68f206739fd16904faf', 58123), ('contrib', '464c1c9ca8cb926315f47bf8e7d8d103c06ec8fded308bd1603bc399b1009cc2', 58123), ('contrib', '9d68ab7bda9f901f48cc6ac000096cbde3c421de0002929ef606806552a6d45c', 58123), ('close', '3ba6fb354287abbe3ba52f3acff3990721f53548e96911eae522442bcabb6729', 606020)]"
5,23:24:14.199,0.8999,103.64576449245214,"[1169200658703805638, 1448109576283262663, 1139509089324861960, 1883753038841821898, 859427636846247832, 0]","[88, 88, 88, 86, 0, 88]","[12, 13, 14, 15, 0, 13]","[('0xA41dE09A63f6Cedd633f99052b44450d3BB91D44', 3865038565862048959, 76619320164773646, 1169200658703805638), ('0x17725D495A0843Ea05541fD61ba5D4082750bC08', 3830176371770389034, 167427403323023454, 1448109576283262663), ('0x37AC7AC5D09bbC6dAC1CF036b7F9DdD0EA4E052E', 3840812835865781453, 130536619539984830, 1139509089324861960), ('0x536fc4cd48ad9B3649e8aB615592E83Ec9F5fcd1', 3796547860693665283, 569442354804858938, 1883753038841821898)]",500000000000000000,"[(5, 429713818423123915)]","[-144642857142857822, 316071428571429224, -246428571428572773, 1075000000000001287]","[[0.0, 1.0, 1.0, 1.0, 0.0, -1.0], [1.0, 0.0, 1.0, 1.0, 0.0, -1.0], [1.0, 1.0, 0.0, 1.0, 0.0, -1.0], [1.0, 1.0, 1.0, 0.0, 0.0, -1.0], [0.0, 0.0, 0.0, 0.0, 0.0, 0.0], [0.0, 0.0, 0.0, 0.0, 0.0, 0.0]]",[5],"['$user$0, 0.872, good, good, None, 0xA41dE09A63f6Cedd633f99052b44450d3BB91D44', '$user$1, 0.874, good, good, None, 0x17725D495A0843Ea05541fD61ba5D4082750bC08', '$user$2, 0.883, good, good, None, 0x37AC7AC5D09bbC6dAC1CF036b7F9DdD0EA4E052E', '$user$3, 0.88, good, good, None, 0x536fc4cd48ad9B3649e8aB615592E83Ec9F5fcd1', '$user$5, 0.873, freerider, freerider, 5, 0xA2F37A08a8488CB8551a0D03f7A73f4156757de7']","[('close', '3ba6fb354287abbe3ba52f3acff3990721f53548e96911eae522442bcabb6729', 606020), ('slot', '38b4dc41372419701b34449987692066b74d7ab3d70b05180b885f95921c99f9', 50814), ('slot', '141a09e43e841c09fef5572cf010bf8b2ab6991f00b692e59b18a07049ffc0cf', 50802), ('slot', '13119f1222aa3a2e4f3d604510b4bde469b42d39b109362ce80c5a4859e8374e', 50814), ('slot', '1da8c1662550c47e4f4c2b0200783b38f78f2fb75c2af505c18adc951a7ce279', 50814), ('slot', '0e16038cc12818689613826aa1a792cbe2988c9e9fb65eb6cfc8bea32d2ae73e', 50814), ('weights', 'e6ba4c233ab24d8e423459ed0f0e04685e71c4f0f1b5fb7dfb61a4c68aa4df3a', 73694), ('weights', '6c7d63f95277fe328386ac957b6084e58ccc0a45ace22c9cd3ffdc9aa6a548c7', 56594), ('weights', '78cc734b842df78ebbd857b9cdd8707ec792f0f11f283e6ac2e102cf80847b1d', 56594), ('weights', 'd37792dcd79dd0bd5c5bb8f3c09cfbe3a9cbed74d45348371d37852a4435a871', 56594), ('weights', 'adf9e68787a40b40b198b6952be735e815c176215246a6aee7b41957dafd84fd', 56594), ('feedback', '4385b20ca907cbd64c0e8dffb8d7b1c4b3c8881da9b5727209d6f2d539336e6c', 617388), ('feedback', '1cf0f3328ea0fc7e1ebc4b32fcd45e1f3bf75014a18669a3b21eb72712fd4566', 566088), ('feedback', '8afe1a4e919e6ec5e29554f26fa24c879d1f1814b4ea415019cc5c298b71f854', 548988), ('feedback', '8de97df7f102bc630521efe8e6fef1e8a9a005f6eec3c33345e356b4025dd10d', 548988), ('feedback', '9c1f3d6b1fd70519f8c713967dfbfa49bb68a77e7df7e1895c41fcf4ca95bbf0', 388112), ('contrib', 'c93d72361cbe40e626317f76789b8351f1665f52907c1c5068f2049dc968d49d', 95135), ('contrib', '2a0d579dcef3f7e9ef043b6fd4276a9bb30086a10d454d3f63cdb84d7d9e3f67', 58123), ('contrib', 'ed4c68bbbd04817d9a5d3fecdae7727fe5b2f33948a6ea3e2a207b3189f470f4', 78035), ('contrib', 'f3a3bc16c9fc317d1e27b52e7832af579e97584d8c441251e66c579af6e4e602', 58123), ('close', 'f5581dba395e5f175297b40c014062df8f228afcfac61e9edc6e31f1c0f2acfd', 543344)]"
6,23:24:38.406,0.9131,88.80961328744888,"[1705972712799293744, 1598405751429998520, 1160979971488681234, 1561689806384527937, 572951757897498555, 0]","[90, 90, 91, 88, 0, 90]","[10, 10, 11, 12, 0, 11]","[('0xA41dE09A63f6Cedd633f99052b44450d3BB91D44', 4471371704449946521, 536772054095488106, 1705972712799293744), ('0x17725D495A0843Ea05541fD61ba5D4082750bC08', 4192462786870489496, 150296175146735857, 1598405751429998520), ('0x37AC7AC5D09bbC6dAC1CF036b7F9DdD0EA4E052E', 4501063273828890199, 21470882163819274, 1160979971488681234), ('0x536fc4cd48ad9B3649e8aB615592E83Ec9F5fcd1', 3756819324311930261, 322063232457293961, 1561689806384527937)]",400000000000000000,"[(6, 286475878948749277)]","[1388888888888896611, 388888888888888950, 55555555555555219, -833333333333340808]","[[0.0, 1.0, 1.0, 1.0, 0.0, -1.0], [1.0, 0.0, 1.0, 1.0, 0.0, -1.0], [1.0, 1.0, 0.0, 1.0, 0.0, -1.0], [1.0, 1.0, 1.0, 0.0, 0.0, -1.0], [0.0, 0.0, 0.0, 0.0, 0.0, 0.0], [0.0, 0.0, 0.0, 0.0, 0.0, 0.0]]",[5],"['$user$0, 0.885, good, good, None, 0xA41dE09A63f6Cedd633f99052b44450d3BB91D44', '$user$1, 0.882, good, good, None, 0x17725D495A0843Ea05541fD61ba5D4082750bC08', '$user$2, 0.913, good, good, None, 0x37AC7AC5D09bbC6dAC1CF036b7F9DdD0EA4E052E', '$user$3, 0.891, good, good, None, 0x536fc4cd48ad9B3649e8aB615592E83Ec9F5fcd1', '$user$5, 0.873, freerider, freerider, 5, 0xA2F37A08a8488CB8551a0D03f7A73f4156757de7']","[('close', 'f5581dba395e5f175297b40c014062df8f228afcfac61e9edc6e31f1c0f2acfd', 543344), ('slot', '98996774f541332eec5a78b661bc3873023ef48a3d81771efb16e25ae60ca8a8', 50814), ('slot', '870da43ce234d814bbc0fbbe395160ced989b7395b064372fa2cce2db334cc2f', 50814), ('slot', 'cfc81c89dc737f68c5a3951c21141af359314503bd9b328d6a5d0829270bbbd5', 50814), ('slot', 'aa7a91f56b067aeacd0a4910e80a8743b01cfd91d4fb4a42404077f02daca3a8', 50814), ('slot', '3670dd313d664dd87f5aa45dec2d83ae773a9101e93faf778ed6cf6d44a0f41c', 50814), ('weights', '9b3e2a28033f19b01f4059cf2f90069c39d9848aaff1ab093a6905a9174add4b', 73694), ('weights', '2241bab9d81d44f39fe272e14dc7247dd7309dd60c15b05ef5123d56e6536f0b', 56582), ('weights', '32de1a9d6e1d348bd679c783c4c81ec917cbdf78f13474e1467665380c53a65a', 56594), ('weights', '9f59405766cc6829da38e02df2cc75cd0c0e532a2e0b81a76f68593cb061fc4f', 56594), ('weights', 'f1be2e2298f6bb869f1ce9518fa672d2abedad072f932567d4ed6e139ec5c1db', 56594), ('feedback', '17caac260ba020e47a36d8a36855cbc97e4198af023a72e02b63f4257be3ed45', 619388), ('feedback', 'af63753953a017aae2d428668713f24986ee444488c46d05cf0eca9a9d4bd7c0', 568088), ('feedback', '595f0271f69e9c34d583b8ad2165be346a2f8c847451bf20a7f9a532dbc5bd58', 550988), ('feedback', '344b8fa9231293da7c6110ac0d935cb7c65178ce7a9f3ef6cda63cab4cec218f', 550988), ('feedback', 'd02bb30f76fe917fc95ded2a027a03a10d1660f1b746672354624ccb686a2f32', 396112), ('contrib', 'cf575370d7953b21baa52a98d0b27ad07d7cf2bc256415533a17d560587c6193', 75223), ('contrib', '9674d461dee6898c9e33118db1a2835cb6ef90c5f844338fbd1b61d406d4496a', 58123), ('contrib', '5c47806f9c48033bb385abeed1423b872dc09e2c6c98d41d116b068d30920a78', 58111), ('contrib', '47f6059e8eb27360207f354f85407ea09bfb6ef9f17751cde20906ad4dfc3ccd', 78035), ('close', '43c2b2681c04ed6417c0d02212e3f80deb5c05ffc9c43f209f31ea0269c0b905', 543332)]"
7,23:25:02.463,0.9255,76.65787290036678,"[1786801579271284191, 1582239978135599787, 1193311518077477324, 1755679085917306316, 381967838598332370, 0]","[91, 92, 92, 89, 0, 91]","[9, 9, 9, 11, 0, 10]","[('0xA41dE09A63f6Cedd633f99052b44450d3BB91D44', 4321075529303207691, 80828866471990447, 1786801579271284191), ('0x17725D495A0843Ea05541fD61ba5D4082750bC08', 4428642490672502915, 16165773294398733, 1582239978135599787), ('0x37AC7AC5D09bbC6dAC1CF036b7F9DdD0EA4E052E', 4866068270613820201, 32331546588796090, 1193311518077477324), ('0x536fc4cd48ad9B3649e8aB615592E83Ec9F5fcd1', 4465358435717973498, 193989279532778379, 1755679085917306316)]",300000000000000000,"[(7, 190983919299166185)]","[277777777777777235, -55555555555557661, 111111111111110591, 666666666666669849]","[[0.0, 1.0, 1.0, 1.0, 0.0, -1.0], [1.0, 0.0, 1.0, 1.0, 0.0, -1.0], [1.0, 1.0, 0.0, 1.0, 0.0, -1.0], [1.0, 1.0, 1.0, 0.0, 0.0, -1.0], [0.0, 0.0, 0.0, 0.0, 0.0, 0.0], [0.0, 0.0, 0.0, 0.0, 0.0, 0.0]]",[5],"['$user$0, 0.907, good, good, None, 0xA41dE09A63f6Cedd633f99052b44450d3BB91D44', '$user$1, 0.902, good, good, None, 0x17725D495A0843Ea05541fD61ba5D4082750bC08', '$user$2, 0.918, good, good, None, 0x37AC7AC5D09bbC6dAC1CF036b7F9DdD0EA4E052E', '$user$3, 0.913, good, good, None, 0x536fc4cd48ad9B3649e8aB615592E83Ec9F5fcd1', '$user$5, 0.873, freerider, freerider, 5, 0xA2F37A08a8488CB8551a0D03f7A73f4156757de7']","[('close', '43c2b2681c04ed6417c0d02212e3f80deb5c05ffc9c43f209f31ea0269c0b905', 543332), ('slot', 'dce8665d873e6a4a58d3cc602d76648c39532f103411dc28dadd653f761a8f0a', 50802), ('slot', 'fd754ee5c46f626d2c52fcf055d89255647d18468bb458dbbda5b70aafd16182', 50802), ('slot', '7b06e066fb418f65e050bc71c5361dd7a40e0c0c02c6790fe652b85f6306080d', 50814), ('slot', '572bca00ede2bf4a174a6ed1184f0eadfcdc241be197653ee7d41a4423cbec3f', 50814), ('slot', 'c9aba3f479cce09b4d53c3b82b60fa41fe1e6a0b4b71b6c04f5c7ecb74edca0e', 50814), ('weights', 'a8d86d7b7c3d9b7c920872107c5f7125361258f5152fb65360c5068352bd70b0', 73694), ('weights', '8577017952a2a0958c6cca33ae2be0fff2113c08cae412f59ad5a59dbe22238c', 56594), ('weights', 'b11aee3fdfc82e3f5ea4d6c72454ddd278fd55b74925300def03779d6ecec2d5', 56594), ('weights', '850e3ec7deaee2322d188bc6add581850c060db8d81cbfc394d934d80d71b0af', 56594), ('weights', '3270a1f3c86af48f96443deef998111a95615260a99a36e0eee71972604e47f0', 56594), ('feedback', '47306c1404bb5a125cd545392f21a3cb4e719c466bbc53b4e6cb278b76144753', 619388), ('feedback', '18471d00f3f9900a973918e7583164a50293f83eab18adf110737c76f4273a66', 568088), ('feedback', '0f19f9992cc732e10df1b891fc1e089b67eea531f7915c34493d92d321abae57', 550988), ('feedback', 'f1cc86c5fbc2d3a3cf2875ebc5d2be51aaaefe381655d923a2461bfa3539dbfe', 550988), ('feedback', '9bc4310113f1274d904803ea7250f9fb5b0b3e55c36c6200b1fc7c47839c20d0', 396112), ('contrib', '168e1fd80b4d103291fa8725f74ab70a8cd820895590cd24ee4ded3abf96df29', 75223), ('contrib', '86a50d9345b2e1a387df4280412f9b5ba4a06002885531ba3900f9b0af801d4b', 78023), ('contrib', 'c98f4679e5ba6a4d3ce945908716e39f03fc84b5f50b346bea738e67b15b85a1', 58123), ('contrib', '296e92ba5689849b7fa244dbbcd97bb293069c989c1c1b8e460cfc18a847406e', 58123), ('close', 'e5b8e1624705290e8f8f625102bd1ec773e2d85ba649f9719f54a432d37fce7f', 543332)]"
8,23:25:26.508,0.9342,67.68784976378083,"[1445817659972117685, 1977063463639897714, 1229204562214231608, 1893269088441531400, 254645225732221580, 0]","[92, 92, 94, 90, 0, 92]","[7, 8, 8, 9, 0, 9]","[('0xA41dE09A63f6Cedd633f99052b44450d3BB91D44', 4531230582130383427, 340983919299166506, 1445817659972117685), ('0x17725D495A0843Ea05541fD61ba5D4082750bC08', 4735792183266067831, 394823485504297927, 1977063463639897714), ('0x37AC7AC5D09bbC6dAC1CF036b7F9DdD0EA4E052E', 5124720643324190294, 35893044136754284, 1229204562214231608), ('0x536fc4cd48ad9B3649e8aB615592E83Ec9F5fcd1', 4562353075484361302, 137590002524225084, 1893269088441531400)]",200000000000000000,"[(8, 127322612866110790)]","[-1500000000000001332, 1736842105263158853, 157894736842105032, 605263157894737391]","[[0.0, 1.0, 1.0, 1.0, 0.0, -1.0], [1.0, 0.0, 1.0, 1.0, 0.0, -1.0], [1.0, 1.0, 0.0, 1.0, 0.0, -1.0], [1.0, 1.0, 1.0, 0.0, 0.0, -1.0], [0.0, 0.0, 0.0, 0.0, 0.0, 0.0], [0.0, 0.0, 0.0, 0.0, 0.0, 0.0]]",[5],"['$user$0, 0.911, good, good, None, 0xA41dE09A63f6Cedd633f99052b44450d3BB91D44', '$user$1, 0.92, good, good, None, 0x17725D495A0843Ea05541fD61ba5D4082750bC08', '$user$2, 0.929, good, good, None, 0x37AC7AC5D09bbC6dAC1CF036b7F9DdD0EA4E052E', '$user$3, 0.912, good, good, None, 0x536fc4cd48ad9B3649e8aB615592E83Ec9F5fcd1', '$user$5, 0.873, freerider, freerider, 5, 0xA2F37A08a8488CB8551a0D03f7A73f4156757de7']","[('close', 'e5b8e1624705290e8f8f625102bd1ec773e2d85ba649f9719f54a432d37fce7f', 543332), ('slot', '1fc9b28008adf7abf9be4067ffe026233b6c00ca7d100a5456d9c8dde2d11add', 50814), ('slot', 'bab8990ac1ad98cc832e3af845dbf1b484396c5256b91c4647dcd46a7ffda2ef', 50814), ('slot', '342b8f31adb6e74c5a122afc4c55e987d384ef62e00c981ac0a1e2fc68ed56a2', 50802), ('slot', '8172823b89626a4e5df04eea9b2c9f063fa0ca4184ff9cd659f636b2683fbb1a', 50814), ('slot', 'e6bc56d6cf18a41a2750eb08a5c678376ac97343b038d27416838f3a0ac8d93d', 50814), ('weights', 'af05661e7298363df2b1fec63eb6fe3d84de3d8e3eb9e373b2f367dc68913d0b', 73694), ('weights', '55d9e2504a54c458e6f38b0a3d54ec4011c7bbbaf4914fd129c514a4a683e4bc', 56594), ('weights', 'ba75e68d3e6aea116b184456d561e7e820b1cebe7dd0a42a822091c4da5bf254', 56594), ('weights', '31bd0b56267db9a6439cdaaf6490215c2bb73293d2fd42af23107493de5f2d72', 56594), ('weights', '5aa765bc9ccf25574387e237103101e12848c114e10a3e71a64f63f5c64b9fd6', 56594), ('feedback', '3ec766ba35daeecd8f6cd35bf4ce36cb67cff5cb6e757198dc2a47c23d63a721', 619388), ('feedback', '61c91ce7bd40c42bdd8b8dccbc76a720bdd66cbd03571ac9cf253d3b18e9b2d2', 568076), ('feedback', '9439cbe08867b5577dadf0805b473b2483120d7047aaa876e94a61bfd7b1b530', 550988), ('feedback', '58cb9dfce270e1ce8cb8aa2c495daeb66d80ca2595de82d0f67909bd1bcec1c0', 550976), ('feedback', 'ad32c82647a53481b6b712b908bcfc26c1487c66c09a0bc842988f26cf930625', 396112), ('contrib', '7eede9b32472493010512fc684c63b101d69ab5d8835b4162640bb546d0153ae', 95135), ('contrib', 'b546c9a8e90ca1a91f4b12fbe4c39beb2e2f5bc7887549dfb9a1412a6c23409b', 58123), ('contrib', 'f830e75183458a80318ea4c02bf6a5537ab9610396e6ccebd28410166cead09c', 58123), ('contrib', '894c1ef60b3617275351fe8398a65dd1eabd7af590091c16fc0240ada00879c4', 58123), ('close', 'bcd00feabd1433c74596737fe00c3782226b6811da5595b465d83fc964a5d4c7', 543332)]"
9,23:25:50.836,0.9404,60.974102068692446,"[1414152907674598211, 2021394116856425411, 1425526026458853649, 2038926949010122715, 0, 0]","[93, 93, 95, 91, 0, 92]","[7, 7, 7, 8, 0, 8]","[('0xA41dE09A63f6Cedd633f99052b44450d3BB91D44', 5099537114295660722, 31664752297519474, 1414152907674598211), ('0x17725D495A0843Ea05541fD61ba5D4082750bC08', 4568291310627880693, 44330653216527697, 2021394116856425411), ('0x37AC7AC5D09bbC6dAC1CF036b7F9DdD0EA4E052E', 5316150212053546799, 196321464244622041, 1425526026458853649), ('0x536fc4cd48ad9B3649e8aB615592E83Ec9F5fcd1', 4652085685826247007, 145657860568591315, 2038926949010122715)]",100000000000000000,"[(9, 254645225732221580)]","[-89285714285713413, 125000000000000000, 553571428571426826, 410714285714286586]","[[0.0, 1.0, 1.0, 1.0, 0.0, -1.0], [1.0, 0.0, 1.0, 1.0, 0.0, -1.0], [1.0, 1.0, 0.0, 1.0, 0.0, -1.0], [1.0, 1.0, 1.0, 0.0, 0.0, -1.0], [0.0, 0.0, 0.0, 0.0, 0.0, 0.0], [0.0, 0.0, 0.0, 0.0, 0.0, 0.0]]",[5],"['$user$0, 0.92, good, good, None, 0xA41dE09A63f6Cedd633f99052b44450d3BB91D44', '$user$1, 0.936, good, good, None, 0x17725D495A0843Ea05541fD61ba5D4082750bC08', '$user$2, 0.94, good, good, None, 0x37AC7AC5D09bbC6dAC1CF036b7F9DdD0EA4E052E', '$user$3, 0.917, good, good, None, 0x536fc4cd48ad9B3649e8aB615592E83Ec9F5fcd1']","[('close', 'bcd00feabd1433c74596737fe00c3782226b6811da5595b465d83fc964a5d4c7', 543332), ('slot', '0f004929e3ff83a94c327ef53be5ca888b15f867fca7c6de24bbee54abd3fc8a', 50814), ('slot', 'c5cc526ccb807b3479a9633529b56602c64b33807d213e9e1e5793ad62bb1fc0', 50814), ('slot', '297152d322123af36ebf47add71f108306607391fa38ccaf08710fc316e6d981', 50802), ('slot', 'd83da159380eb8b5834be7931d3086e8836f7d703be48d06febf291f9fd2dd66', 50814), ('slot', '5c26652f7812b0760f8d2a5193ab6acda0cfd0b651407a816e9faef1dfbe9905', 50814), ('weights', 'f811f11ba2d673b35447a39fbea358298152f967c97a9da68c69b6e21c33d082', 73694), ('weights', '037a4b589d84319ca250817c970e62387c0ed11806486e00c804c6ea4bad3eab', 56594), ('weights', '6a2e5385904e63d777f6e8efc225994ddcc121e4a03e6c51edd848fcdd0ef080', 56594), ('weights', 'd0138a6ea00211479201efdd8170e5cc49f7b86dc6022da632604f01034eeba1', 56594), ('weights', '5be670cbc78c3c440e8a49a12ef7f23ff360c0fe2e9ffa160f364d7a3f7de61c', 56594), ('feedback', '5f9d52278086354e072f1aba43e69d95deb9bec4e598a96b222f8492d1f9a48a', 619388), ('feedback', '9a596c51052547c628ac6eea3ab892a58ada67c9ba055d4d6cabf071c8d264b7', 568088), ('feedback', 'e789c96f53ad1863d88ef10083b64d6a0686612a0df058ce47f564de157eedb7', 550988), ('feedback', '4619307360ed6869a43007846a67cc7efc56c3b040b4e0d430f2f3b40f5abadb', 550988), ('feedback', '4771e09cadc624b308d23255c644f0532977623d58c9ff0af31891684498b9ed', 396112), ('contrib', '9db48e29af3483fa66a5b8f1d373db24c6969dff2b8ad500839d998c8b069801', 95135), ('contrib', '6162b8462c38a893bd87d5be4918a2aa0ae6d10cd680023c6b58d2c324ccb3e1', 58111), ('contrib', 'eb092e9effeecadcc63d193c4ff8fe6cbb9347a4330170fb59e82f7d8fe23b46', 58123), ('contrib', '5bf290f1699e4e316a1afda08e48301d294cad3606eb076b29e61167dd0698f3', 58123), ('close', 'f985538d86eefbaefccb3c8f54f21148f042d8585f3dbc3caa123c8d1c7c4a8c', 502192)]"
10,23:26:12.678,0.945,55.30906456336379,"[1435581479103169642, 2055809701272009889, 1446954597887425080, 2061654221737395373, 0, 0]","[93, 94, 95, 92, 0, 0]","[6, 6, 6, 7, 0, 0]","[('0xA41dE09A63f6Cedd633f99052b44450d3BB91D44', 5485847092325401775, 21428571428571431, 1435581479103169642), ('0x17725D495A0843Ea05541fD61ba5D4082750bC08', 4878605883143574575, 34415584415584478, 2055809701272009889), ('0x37AC7AC5D09bbC6dAC1CF036b7F9DdD0EA4E052E', 5474473973541146337, 21428571428571431, 1446954597887425080), ('0x536fc4cd48ad9B3649e8aB615592E83Ec9F5fcd1', 4861073050989877271, 22727272727272658, 2061654221737395373)]",0,[],"[214285714285714301, 344155844155844770, 214285714285714301, 227272727272726571]","[[0.0, 1.0, 1.0, 1.0, 0.0, 0.0], [1.0, 0.0, 1.0, 1.0, 0.0, 0.0], [1.0, 1.0, 0.0, 1.0, 0.0, 0.0], [1.0, 1.0, 1.0, 0.0, 0.0, 0.0], [0.0, 0.0, 0.0, 0.0, 0.0, 0.0], [0.0, 0.0, 0.0, 0.0, 0.0, 0.0]]",[],"['$user$0, 0.931, good, good, None, 0xA41dE09A63f6Cedd633f99052b44450d3BB91D44', '$user$1, 0.943, good, good, None, 0x17725D495A0843Ea05541fD61ba5D4082750bC08', '$user$2, 0.942, good, good, None, 0x37AC7AC5D09bbC6dAC1CF036b7F9DdD0EA4E052E', '$user$3, 0.926, good, good, None, 0x536fc4cd48ad9B3649e8aB615592E83Ec9F5fcd1']","[('close', 'f985538d86eefbaefccb3c8f54f21148f042d8585f3dbc3caa123c8d1c7c4a8c', 502192), ('slot', 'fbe338cb9e1b7555e054de931b22a7dfb1367e6456c911be32dc547177f86d0a', 50814), ('slot', 'c1501369149197eaabed8d419c34bf5d1abdbf625a26e03a0439c54a4854668c', 50814), ('slot', 'e4de4b11c3976d6e8f0fc5f8d0bb04609361a155416d1278a7002fb0faa0e0e5', 50814), ('slot', '19d8e596a7018d268b49912457de0f1f0cf15f7cb1f8a6a1655636b7f13d36e0', 50814), ('weights', 'f27c38c9fac07eb8703d1c6f73be5dd54f592179293ac18150572b4584527858', 73694), ('weights', 'fade512fc5863deae697faa7dfccac05d772e9295c1e0e2e1de7cd6e3beb9095', 56594), ('weights', '5bb524f1d3a63ba0a4bd49444ff0f65938cb2a8c47ca0fed0137e24b0f1aa3bd', 56594), ('weights', '032bd4eecec340bc7cc1cbfe84c4ee1ee3ed0e7058aea8fd535ccd3374f48021', 56594), ('feedback', '16383f769c174c6291be034ae058adf5354d3fd6f5918ad6c640a7cbad9bec5c', 521426), ('feedback', '6a89474a9e2ec88fb5f794b4317a767c6bf0e1b4f89fa094c8a6772dc2309cc0', 487226), ('feedback', '10057cbd33caff02fb49c1872fb3aa6488c73f89acab1f6675e64956b08c0f37', 470126), ('feedback', '2bee707ad7bc41eda9f6f5d0b1b1966f797fa277f86f65eaa46bd573f6804833', 470126), ('contrib', 'acdce572d0ccc0f886e5418e647f0d7517d3f8994f3c8a35fd0fb61a4aefc909', 75223), ('contrib', 'c69c5837ff5bf914b2296549f2eb8c9302abbef11f98d87d88a80510ac1e3a90', 58123), ('contrib', 'c17a9ac593858a6d6569a6a1bb980bfc95cd7ee0967b0d1e2e65917365367223', 58123), ('contrib', '5354af5194e10b525c12e48a6e7509ead8c69084ccca721b90358e61c55c8c94', 58123), ('close', '64fbd821391153b09f8e6e7e50effa3dd620c5becccafc41cdcd4b90d486f923', 410442)]"
# $gasCosts$[755817, 724069, 724069, 706969, 730643, 687417, 75223, 58123, 58123, 58123, 58123, 715669, 685243, 627369, 651043, 631143, 617821, 75223, 58123, 58123, 58123, 58123, 58123, 717015, 646615, 631515, 629515, 603043, 671315, 75223, 58123, 58123, 58123, 58123, 717015, 648615, 631515, 631515, 613043, 631515, 75223, 58123, 58123, 58123, 58123, 617388, 566088, 548988, 548988, 388112, 95135, 58123, 78035, 58123, 619388, 568088, 550988, 550988, 396112, 75223, 58123, 58111, 78035, 619388, 568088, 550988, 550988, 396112, 75223, 78023, 58123, 58123, 619388, 568076, 550988, 550976, 396112, 95135, 58123, 58123, 58123, 619388, 568088, 550988, 550988, 396112, 95135, 58111, 58123, 58123, 521426, 487226, 470126, 470126, 75223, 58123, 58123, 58123],[126674, 126674, 126674, 126674, 126674],[50814, 50790, 50814, 50814, 50814, 50814, 50814, 50814, 50814, 50814, 50814, 50802, 50814, 50814, 50790, 50814, 50814, 50814, 50814, 50814, 50814, 50814, 50802, 50814, 50814, 50802, 50814, 50814, 50814, 50814, 50814, 50814, 50814, 50814, 50802, 50802, 50814, 50814, 50814, 50814, 50814, 50802, 50814, 50814, 50814, 50814, 50802, 50814, 50814, 50814, 50814, 50814, 50814],[73694, 56594, 56594, 56594, 56594, 56594, 73694, 56594, 56594, 56594, 56594, 56582, 73694, 56594, 56594, 56594, 56594, 56594, 73682, 56594, 56594, 56594, 56594, 56594, 73694, 56594, 56594, 56594, 56594, 73694, 56582, 56594, 56594, 56594, 73694, 56594, 56594, 56594, 56594, 73694, 56594, 56594, 56594, 56594, 73694, 56594, 56594, 56594, 56594, 73694, 56594, 56594, 56594],[671004, 611186, 643640, 606020, 543344, 543332, 543332, 543332, 502192, 410442],[],[]
# TOTAL EXPERIMENT TIME: 261.55 seconds
