# Author Nykjaer
# ------Specs--------# cpu_name:  (processor model)
# cpu_cores: 6 (physical cores)
# ram_gb: 13.5 (system memory in GB)
# gpu_name: NVIDIA GeForce RTX 3060 Laptop GPU (graphics processor)
# os_name: Linux (operating system)
# ------Config--------# good_contributors: 4 (honest participants)
# bad_contributors: 1 (malicious participants)
# freeriders: 1 (contribute 0)
# inactive: 0 (never join)
# reward: 1000000000000000000 (total reward pool)
# minimum_rounds: 10 (rounds to simulate)
# min_buy_in: 1000000000000000000 (lower buy-in bound)
# max_buy_in: 1000000000000000000 (upper buy-in bound)
# standard_buy_in: 1000000000000000000 (default buy-in)
# epochs: 1 (local epochs per round)
# batch_size: 32 (training batch size)
# punish_factor: 3 (penalty multiplier)
# first_round_fee: 50 (fee for first round)
# fork: True (True=local fork, False=real net)
# contribution_score_strategy: dotproduct (scoring method)
# use_outlier_detection: False (Whether to use outlier detection)
# freerider_start_round: 1 (When freeriders should start freeriding)
# freerider_noise_scale: 0.0 (How much noise a freeder should add)
round,time,globalAcc,globalLoss,GRS,accAvgPerUser,lossAvgPerUser,rewards,conctractBalanceRewards,punishments,contributionScores,feedbackMatrix,disqualifiedUsers,userStatuses,GasTransactions
# $startingUserConfig$['$user$0, 0, good, good, None, 0xA41dE09A63f6Cedd633f99052b44450d3BB91D44', '$user$1, 0, good, good, None, 0x17725D495A0843Ea05541fD61ba5D4082750bC08', '$user$2, 0, good, good, None, 0x37AC7AC5D09bbC6dAC1CF036b7F9DdD0EA4E052E', '$user$3, 0, good, good, None, 0x536fc4cd48ad9B3649e8aB615592E83Ec9F5fcd1', '$user$4, 0, good, bad, 3, 0x118E560679B62a9F24c135A96d416548782f8cc2', '$user$5, 0, good, freerider, 1, 0xA2F37A08a8488CB8551a0D03f7A73f4156757de7']
0,01:45:11.254,0,721.1661987304688,"[1000000000000000000, 1000000000000000000, 1000000000000000000, 1000000000000000000, 1000000000000000000, 1000000000000000000]",[],[],[],1000000000000000000,[],[],,[],"['$user$0, 0, good, good, None, 0xA41dE09A63f6Cedd633f99052b44450d3BB91D44', '$user$1, 0, good, good, None, 0x17725D495A0843Ea05541fD61ba5D4082750bC08', '$user$2, 0, good, good, None, 0x37AC7AC5D09bbC6dAC1CF036b7F9DdD0EA4E052E', '$user$3, 0, good, good, None, 0x536fc4cd48ad9B3649e8aB615592E83Ec9F5fcd1', '$user$4, 0, good, bad, 3, 0x118E560679B62a9F24c135A96d416548782f8cc2', '$user$5, 0, good, freerider, 1, 0xA2F37A08a8488CB8551a0D03f7A73f4156757de7']","[('register', '447c44bf67adc489d54f31fdcaa117a28d0df792361ffc3b990aa55761d634d8', 126674), ('register', 'f9149b8673fb44edf4c2fa5dbfae783a1d06f932916a43f5bbbadfe6891ed257', 126674), ('register', 'ff3058c31fb88f82939be0d63730b368b493bfddef20e426b27dce538dc9d70b', 126674), ('register', 'fea65ba5e608deb87ed663b2fc115a9fe0d68d4dcf0baf42bd5aeb04819ef472', 126674), ('register', 'fa3ee5859ef3aa1c50d74ef111aa76d5db2ef15c9cf193e46eadc884c7e465be', 126674)]"
1,01:45:39.947,0.5799,702.6257934570312,"[1358302993828605538, 1357066346645402910, 1359620247341158885, 1358343745518165997, 333333333333333334, 333333333333333334]","[8, 10, 8, 9, 9, 6]","[74, 74, 74, 74, 74, 74]","[('0xA41dE09A63f6Cedd633f99052b44450d3BB91D44', 4000000000000000000, 358302993828605538, 1358302993828605538), ('0x17725D495A0843Ea05541fD61ba5D4082750bC08', 2000000000000000000, 357066346645402910, 1357066346645402910), ('0x37AC7AC5D09bbC6dAC1CF036b7F9DdD0EA4E052E', 4000000000000000000, 359620247341158885, 1359620247341158885), ('0x536fc4cd48ad9B3649e8aB615592E83Ec9F5fcd1', 4000000000000000000, 358343745518165997, 1358343745518165997)]",900000000000000000,"[(1, 166666666666666666), (1, 166666666666666666)]","[249978870153427124, 249116092920303344, 250897884368896484, 250007301568984985]","[[0.0, 0.0, 1.0, 1.0, -1.0, -1.0], [1.0, 0.0, 1.0, 1.0, 0.0, -1.0], [1.0, 0.0, 0.0, 1.0, -1.0, -1.0], [1.0, 1.0, 1.0, 0.0, -1.0, -1.0], [1.0, 1.0, 1.0, 1.0, 0.0, -1.0], [0.0, 0.0, 0.0, 0.0, 0.0, 0.0]]","[5, 6]","['$user$0, 0.728, good, good, None, 0xA41dE09A63f6Cedd633f99052b44450d3BB91D44', '$user$1, 0.65, good, good, None, 0x17725D495A0843Ea05541fD61ba5D4082750bC08', '$user$2, 0.75, good, good, None, 0x37AC7AC5D09bbC6dAC1CF036b7F9DdD0EA4E052E', '$user$3, 0.709, good, good, None, 0x536fc4cd48ad9B3649e8aB615592E83Ec9F5fcd1', '$user$4, 0.542, good, bad, 3, 0x118E560679B62a9F24c135A96d416548782f8cc2', '$user$5, 0, freerider, freerider, 1, 0xA2F37A08a8488CB8551a0D03f7A73f4156757de7']","[('slot', 'ff9aec5238a5c97f75608483fb125a9164c22aa5a3019e867c3a0c2013353108', 50814), ('slot', '37314599225a49aa3b28df96f1487d5249fa2bc2b36b1aefa3f513793c0c2b60', 50814), ('slot', '7124f6bd5c0f650c41dac53fd6a6f7c5fbdcd4ae4c75811c0fa6d349af0036cd', 50814), ('slot', 'e04950e19b3b0ca5a2ba238d8899903d92feb687e98d123b60541bac4c8770fd', 50814), ('slot', 'd17a82f43598aecd0858b8872d77305969aebd4c5b319a86457f5c51d26473e8', 50814), ('slot', '65341c3e5a67803dc6cdd2dbfb7342171a9ec8bc14425ca14ace7b789dbd4404', 50814), ('weights', 'c2413cd5666f4df23c723a394be1901425710b7c3eee5c9a365cfce788dfb48f', 73682), ('weights', 'beaa4efd574912bddffb7e6749e6af23f9dc4e815ddb21e4252cb2af20e60f2c', 56582), ('weights', '150cfa827a43ab138e0238fa470fc4449562518c5aa2232e67f662e6d2041134', 56594), ('weights', '1ca68bed1a939d2ba30fa4564155055ce9a3635ce5b8b9f95d104bdbf0c2ca70', 56594), ('weights', '15a8e96aab7e3fd9d66c9a624ec966170f44497d73a38faab1f2fc4b9e6ccc7b', 56594), ('weights', '457e6849b758bde7b2092be0f9975167e35f2abdc3c37af2d2d38a0c85340e07', 56582), ('feedback', 'a03a14afb9774714b28e5725a2340be1b6ace2291e9036e4ef46cfce5e4902c1', 342675), ('feedback', '491af1a1f704d3e363102a6be25082cb3511272df4d7003738f0f2c5ca85a960', 310927), ('feedback', 'b166ac4c623c840b54d247a771459b99986ef33cc7e939f307a24a20676f18ab', 274275), ('feedback', 'fb6d573da4c710282b5159f752d49ae5f82430dceeefd94a95528b6985cce563', 315049), ('feedback', '3d34aae94ad00267881d4eab01c77c41ecd2b6620d43f3b5009686a3ccb3cc01', 317501), ('feedback', '3f843ae8ecec79ee2982fa85feb0806f20faf279860e37425bda4cb60b96c4ee', 218683), ('contrib', '90ff241cc9375db1e5ac576b950fc24c8ad926e167555730bf8ff4d41b0e8d19', 75223), ('contrib', '9426380ed8c5c79315fd34a8340e072a1cafcc980b2857cf99cb7f8a220fbd3b', 58123), ('contrib', '4430a9663b3762984aae13aaaf478f97d78caeaae995604c6e028c3a9f94f010', 58123), ('contrib', '46e529fdd92b876dc89c47c1a121850bf4f8d3f7aff4db224bdb1980afb9dcb5', 58123), ('close', '230f30eb024f631970d4aa5ee9666126783f8ca4beef7f27b10002033e48be47', 682846)]"
2,01:46:07.676,0.777,236.9896715283394,"[1400514592680451045, 1399298883949492246, 1401832053815878204, 1400574540048435760, 375557707283520516, 222222222222222223]","[56, 56, 57, 56, 55, 59]","[72, 72, 72, 72, 72, 72]","[('0xA41dE09A63f6Cedd633f99052b44450d3BB91D44', 4408363672838061126, 42211598851845507, 1400514592680451045), ('0x17725D495A0843Ea05541fD61ba5D4082750bC08', 4409600320021263754, 42232537304089336, 1399298883949492246), ('0x37AC7AC5D09bbC6dAC1CF036b7F9DdD0EA4E052E', 4407046419325507779, 42211806474719319, 1401832053815878204), ('0x536fc4cd48ad9B3649e8aB615592E83Ec9F5fcd1', 4408322921148500667, 42230794530269763, 1400574540048435760), ('0x118E560679B62a9F24c135A96d416548782f8cc2', 5433333333333333330, 42224373950187182, 375557707283520516)]",800000000000000000,"[(2, 111111111111111111)]","[199949651956558227, 200048834085464477, 199950635433197021, 200040578842163085, 200010165572166442]","[[0.0, 1.0, 1.0, 1.0, 1.0, -1.0], [1.0, 0.0, 1.0, 1.0, 1.0, -1.0], [1.0, 1.0, 0.0, 1.0, 1.0, -1.0], [1.0, 1.0, 1.0, 0.0, 1.0, -1.0], [1.0, 1.0, 1.0, 1.0, 0.0, -1.0], [0.0, 0.0, 0.0, 0.0, 0.0, 0.0]]",[6],"['$user$0, 0.726, good, good, None, 0xA41dE09A63f6Cedd633f99052b44450d3BB91D44', '$user$1, 0.743, good, good, None, 0x17725D495A0843Ea05541fD61ba5D4082750bC08', '$user$2, 0.753, good, good, None, 0x37AC7AC5D09bbC6dAC1CF036b7F9DdD0EA4E052E', '$user$3, 0.738, good, good, None, 0x536fc4cd48ad9B3649e8aB615592E83Ec9F5fcd1', '$user$4, 0.752, good, bad, 3, 0x118E560679B62a9F24c135A96d416548782f8cc2', '$user$5, 0, freerider, freerider, 1, 0xA2F37A08a8488CB8551a0D03f7A73f4156757de7']","[('close', '230f30eb024f631970d4aa5ee9666126783f8ca4beef7f27b10002033e48be47', 682846), ('slot', 'bbaf804e6a88661fd451601891557ecfe555f417a5157c4daf472d5431690f54', 50814), ('slot', 'e5d77e94d3218ad8579a785fe9026e0d38e0d911a0df4c811c3b1e14d0553cb2', 50814), ('slot', 'e869874100cea4676c8e9349a5977527702d6583bd5e077db5a63c2c3e9a96df', 50814), ('slot', 'b9a54b19a103664bfd8043eaaa75ba6ce8061e30d21b67ee24ea4b2d0d758f0d', 50814), ('slot', 'c0a7e3359fbf79cd9849fe878a2f761f206491ec0b7fd521716055870450a7c7', 50814), ('slot', '83237f2bdaaad736485a4b14c4d45b4fb7f054b82a894afb2d0ce0881e68850d', 50802), ('weights', '4fd3906b8558bff1b0fa13eb3855618181acb4defa6c1737a5071891695cb0b7', 73694), ('weights', '940e559adca32e89b4ad741d005301d39038b2cc6ec8f41084c16399a006cf6e', 56594), ('weights', 'ffef3cf4d08cedf297a1a4c03381a8dc05b419ad0ef742624c84ffc9aa7aedef', 56594), ('weights', '623bb4f6632408e6e0142d9ffed91c3bdd39e979ecb5ebf2755d61a86017a152', 56594), ('weights', 'a363150baba35b67023872650f35a0c947c3b202b4ef5541673f7088bd8d8034', 56594), ('weights', '7ac4a0332181055a9da469ca94c4e550419f0f7d784f3ea2b673280353c2b3f6', 56582), ('feedback', '88ff0c846899f8bc6a74b23437559d631e169755e7e31ca9aa0bd6b95f314529', 363201), ('feedback', '996f7b9b5c1c0440b46f846bffe26351202c9b42c1f207ac3a4e710ce0349a79', 274901), ('feedback', 'afac45d97963320f21af378b63296ff4313f13a9760e56ce5b683b36148a46ea', 277701), ('feedback', '7d796631f1ffd22c2a06d127fb89635201e6a0dc6317ed484774e5ee77f0c815', 257801), ('feedback', '3e9ac51907a74f5aff9503ba32db5f11648b69f82867eb77acaac5424495c69f', 237901), ('feedback', 'c4e5851efd304043300acf8bc2eeef4b37c1bacf575d04ed187713298b43b9fa', 218683), ('contrib', 'fb2e6132eac402b3df0f6d134dd6060bacef3debb140ea2cd8d77723b40baef3', 75223), ('contrib', '46d2a51eea0d85fa213240053c073dbd3c1102cb374f18a415c90b344c7e7ad6', 58123), ('contrib', 'efc7226cd83fb1b789e637bd39fa1d5aa0b24a28496d4dd9afb0b55ff601c450', 58123), ('contrib', 'f39141c7774b06d9f534145a766032a25b3653261fd9dee42fca818b3cfe5a2a', 58123), ('contrib', 'bf229ba39765c553c48de02100d58acec89574c4333d2a0ad3ff0fda74e01d1e', 58123), ('close', '17c33b3e0eca00ea3820392ddb1fe6227c0af6f6e3abef60a6d7e75647fa2c5d', 643640)]"
3,01:46:33.444,0.8741,138.5278994962573,"[1512377720899320840, 1511177919393631560, 1513639900093450912, 1512432654757916336, 250371804855680344, 0]","[77, 76, 77, 76, 78, 80]","[24, 25, 25, 26, 24, 23]","[('0xA41dE09A63f6Cedd633f99052b44450d3BB91D44', 3826147770530285694, 111863128218869795, 1512377720899320840), ('0x17725D495A0843Ea05541fD61ba5D4082750bC08', 3827363479261244493, 111879035444139314, 1511177919393631560), ('0x37AC7AC5D09bbC6dAC1CF036b7F9DdD0EA4E052E', 3824830309394858535, 111807846277572708, 1513639900093450912), ('0x536fc4cd48ad9B3649e8aB615592E83Ec9F5fcd1', 3826087823162300979, 111858114709480576, 1512432654757916336)]",700000000000000000,"[(3, 125185902427840172), (3, 222222222222222223)]","[250024795532226562, 250060349702835083, 249901235103607177, 250013589859008789]","[[0.0, 1.0, 1.0, 1.0, -1.0, 0.0], [1.0, 0.0, 1.0, 1.0, -1.0, 0.0], [1.0, 1.0, 0.0, 1.0, -1.0, 0.0], [1.0, 1.0, 1.0, 0.0, -1.0, 0.0], [-1.0, -1.0, -1.0, -1.0, 0.0, -1.0], [0.0, 0.0, 0.0, 0.0, 0.0, 0.0]]","[5, 6]","['$user$0, 0.843, good, good, None, 0xA41dE09A63f6Cedd633f99052b44450d3BB91D44', '$user$1, 0.844, good, good, None, 0x17725D495A0843Ea05541fD61ba5D4082750bC08', '$user$2, 0.848, good, good, None, 0x37AC7AC5D09bbC6dAC1CF036b7F9DdD0EA4E052E', '$user$3, 0.837, good, good, None, 0x536fc4cd48ad9B3649e8aB615592E83Ec9F5fcd1', '$user$4, 0.752, bad, bad, 3, 0x118E560679B62a9F24c135A96d416548782f8cc2']","[('close', '17c33b3e0eca00ea3820392ddb1fe6227c0af6f6e3abef60a6d7e75647fa2c5d', 643640), ('slot', '4fa5f8ac9152b78f0518fab30b1447925adb4398d85cb27d2492ea99d897120c', 50814), ('slot', '3acb1cbca85271a9453f5d6ea91bdbc300bb49dc4f851d226e41c3d522e500d0', 50814), ('slot', '94418c09cc9972139b8f8d21f359b8689b0ddd2c93bd5cef84a657ea1dd8f11c', 50814), ('slot', '325350195e9c71fbe27f7aae15741add56a5eb8c552838559e5429c3cf3cf9ee', 50814), ('slot', '09ba31df1fa99067bb0d6aff1951909efaa9d4c5b7fe089a8d1617c430cc527e', 50814), ('slot', '2a8c22f4d763144debfe16df170ab0cf7fe00e2a0fbddb81c7a341aaa0952714', 50814), ('weights', '7653f7b26396ac1fe393b7cdaaa86c78c3692ffa4003640897d8cf84172065d0', 73694), ('weights', '514399f69819cf69ea1d4d5e0cba6a101708fb591ffec7bd28a183cfff5e97ee', 56594), ('weights', '03a7b39aece5392b8e3d2947285abd9a3d28de42f5d7baff5892c76705ed5579', 56594), ('weights', '9127e9d3852069e1820d5e244174645a908ea88d620e6142cde1fbc973202351', 56594), ('weights', '777b0f46256678f29374d672a94f9a62da0f254c122996bbe44831d89b362fd5', 56594), ('weights', '55e1c5c3310afab1d30bd6736755e5124d018b663065b4ef11fde088fe6f93c9', 56582), ('feedback', '070be1116bd414a0fc400559a703700cbe49e006d81d543a1b4bbf0fd54a0ea7', 300527), ('feedback', '76799f8dd4451855247d971302ea77f1a1938d91f0b8a41c7f7ddfb827f5bb02', 249227), ('feedback', '611450ad52b5f4b6bcbbff3e8919ebfdde0005cf2d580ac3182ca1ca13629022', 232127), ('feedback', 'c1e5a5a49afc07f26bcd9428c937ba3cf2cfc1ae45c2bdd7c169e5c06aa26388', 232127), ('feedback', 'e560e968c608981b58a1155fc0557ab5f2a4e69bae4f76cc5c4381fcc7c8ac31', 248393), ('feedback', 'ebaaa29f233989bbae3eefed1cd0365d5dfd3cf512813da4476ad7402539c10a', 218683), ('contrib', '2f84c5b994c335af63f25e06e3383a553f27e4af84b7904021a208c283605284', 75223), ('contrib', '670d2f0ac99b37780216bc03757a6a832014220e7ba261454e7722e6ef6a2357', 58123), ('contrib', '6ed28f040018e4e7014490c2a6cdd49e9699ac267d2400fc9af60a3c7abfb341', 58123), ('contrib', '37ae0c6b69bf6c6f87637691f1959c0bd477ed9a8af100712ff0a4c4c02ccd4b', 58123), ('close', '3f047587faaf539eb2aa7d0409aa79ee8a1c75a43434dbf2895db692f2f18fad', 618388)]"
4,01:46:57.304,0.8971,107.51506377756596,"[1599976509131698407, 1598800337630963120, 1601187637908585851, 1600035515328752612, 0, 0]","[88, 88, 87, 85, 88, 0]","[13, 14, 15, 16, 13, 0]","[('0xA41dE09A63f6Cedd633f99052b44450d3BB91D44', 4286878669389318464, 87598788232377567, 1599976509131698407), ('0x17725D495A0843Ea05541fD61ba5D4082750bC08', 4288078470895007744, 87622418237331560, 1598800337630963120), ('0x37AC7AC5D09bbC6dAC1CF036b7F9DdD0EA4E052E', 4285616490195188392, 87547737815134939, 1601187637908585851), ('0x536fc4cd48ad9B3649e8aB615592E83Ec9F5fcd1', 4286823735530722968, 87602860570836276, 1600035515328752612)]",600000000000000000,"[(4, 250371804855680344)]","[250016659498214721, 250084102153778076, 249870955944061279, 250028282403945922]","[[0.0, 1.0, 1.0, 1.0, -1.0, 0.0], [1.0, 0.0, 1.0, 1.0, -1.0, 0.0], [1.0, 1.0, 0.0, 1.0, -1.0, 0.0], [1.0, 1.0, 1.0, 0.0, -1.0, 0.0], [-1.0, -1.0, -1.0, -1.0, 0.0, 0.0], [0.0, 0.0, 0.0, 0.0, 0.0, 0.0]]",[5],"['$user$0, 0.873, good, good, None, 0xA41dE09A63f6Cedd633f99052b44450d3BB91D44', '$user$1, 0.872, good, good, None, 0x17725D495A0843Ea05541fD61ba5D4082750bC08', '$user$2, 0.892, good, good, None, 0x37AC7AC5D09bbC6dAC1CF036b7F9DdD0EA4E052E', '$user$3, 0.878, good, good, None, 0x536fc4cd48ad9B3649e8aB615592E83Ec9F5fcd1']","[('close', '3f047587faaf539eb2aa7d0409aa79ee8a1c75a43434dbf2895db692f2f18fad', 618388), ('slot', '4882ea057817767a0bbec5c32fc0ae932a48d3f4fa6d4c48e562e1a493ad163d', 50814), ('slot', 'b72ec351363cf99354ba284e068be18cafcabcf8fd240f734de3c785c7138209', 50814), ('slot', 'bc50f16362e543e69ae18a704cf50cf2b3967cd927a39d4f18c46ae0ef15e5b3', 50814), ('slot', '1ef5875d64c281520718ae7514945405affd55d6d2cfd809d47e242ae703afec', 50814), ('slot', '687b8c0092bf4ec5076d15fe8c4ea3717cfeaab15e985262f8c685c616d56a71', 50814), ('weights', '878e12bbb0229e5fa5ab8629cdfa1ab2d246e68729b3a2945906325af2d5d261', 73694), ('weights', 'ec1574e873ede0b1a819b56d58a263d11c750bfcc661b143741b0b87ef5bd09f', 56594), ('weights', '7668864911a0e90e0c1a30b2abe0be955add517a3ce5b01e2789611f00f8eba9', 56594), ('weights', '8d7c0e1efc16275c9eb4eb31ecd486850aff33d7e377789ef1f916c57c9fe7d8', 56594), ('weights', 'e1acd8a6220b27dc4bd57b7f951ae82c854a30da46c591a0ed7ea965b4a56e6a', 56594), ('feedback', '7a377f7bf1b170aebf7e514a056d25a3420320e06a9234b99192427531c2b0f7', 270522), ('feedback', 'b14e66ae8f511993717fddb8fbd0818d17efd5129542c7194ae7fd2d3e454d01', 219222), ('feedback', '563e188eb12cceb95deda04b77e114bd47eb0f45fceae9cb3efd1b366bd7872f', 202122), ('feedback', '8182e5edaeae28ef2a5d20d36c475c7e0a805b45d881f5c94db76253bcf53bb8', 202122), ('feedback', '4f5f940bbb3bc06f68e83ac7068324d57cc61e821722a2a9ef70a05aa06dbea0', 203166), ('contrib', '10a3edb18895d5784854baf550598a0f523ef031800bbc284d875750220a00de', 75223), ('contrib', '4005d00be5a10ee179232d4aca2e5b8648585961ef346001301c6ee51b842a1a', 58123), ('contrib', 'b010c5c3eddadd900add207b81ee8bf625b3e535d8d8a140cc3c779522cb5731', 58123), ('contrib', 'fb90f15e465d579bb0226ee52a771910fd295eabc3af0b89784ef12a55f9de08', 58123), ('close', '6206c8986455890b46ce76815a585f93256952b8a31eb7ff5445717b16d5ea8a', 502181)]"
5,01:47:19.294,0.9152,89.01673612743616,"[1624976344846388900, 1623808355573630929, 1626181385008540356, 1625033914571439803, 0, 0]","[90, 90, 90, 88, 0, 0]","[10, 11, 11, 13, 0, 0]","[('0xA41dE09A63f6Cedd633f99052b44450d3BB91D44', 4800023490868301583, 24999835714690493, 1624976344846388900), ('0x17725D495A0843Ea05541fD61ba5D4082750bC08', 4801199662369036870, 25008017942667809, 1623808355573630929), ('0x37AC7AC5D09bbC6dAC1CF036b7F9DdD0EA4E052E', 4798812362091414139, 24993747099954505, 1626181385008540356), ('0x536fc4cd48ad9B3649e8aB615592E83Ec9F5fcd1', 4799964484671247378, 24998399242687191, 1625033914571439803)]",500000000000000000,[],"[249998345971107482, 250080168247222900, 249937459826469421, 249983981251716613]","[[0.0, 1.0, 1.0, 1.0, 0.0, 0.0], [1.0, 0.0, 1.0, 1.0, 0.0, 0.0], [1.0, 1.0, 0.0, 1.0, 0.0, 0.0], [1.0, 1.0, 1.0, 0.0, 0.0, 0.0], [0.0, 0.0, 0.0, 0.0, 0.0, 0.0], [0.0, 0.0, 0.0, 0.0, 0.0, 0.0]]",[],"['$user$0, 0.898, good, good, None, 0xA41dE09A63f6Cedd633f99052b44450d3BB91D44', '$user$1, 0.89, good, good, None, 0x17725D495A0843Ea05541fD61ba5D4082750bC08', '$user$2, 0.897, good, good, None, 0x37AC7AC5D09bbC6dAC1CF036b7F9DdD0EA4E052E', '$user$3, 0.896, good, good, None, 0x536fc4cd48ad9B3649e8aB615592E83Ec9F5fcd1']","[('close', '6206c8986455890b46ce76815a585f93256952b8a31eb7ff5445717b16d5ea8a', 502181), ('slot', '3c72c6aa52ef84fa2738c8f8f6e50204c8735b9dc3d6ea05aab3186bfdd93dde', 50814), ('slot', '99195cf7ec923142522e7469996ce493cf5a444fddfbd87b7ba47c3df949d5cb', 50814), ('slot', 'b51952f4ca19cb687091dd519c1415776bb05c63056bec795d80fd5e2e641271', 50814), ('slot', '14402b06a22518877612f99aa3f571138d36d7f68b746ac978be6c3ae55c77c6', 50802), ('weights', '343f5419d4e5e7b70ad42d2660fd8c7d1807422c59f0bfc6188425bcc4cc2e50', 73694), ('weights', '3c740a2d61038f8f6df64e0f8f62dcfd1aa663278aa47bf930fd49a3d9d0ee77', 56594), ('weights', '87de713f4eeb5db8766f842326f8124de03871901923e5514688d56f451cf662', 56594), ('weights', '25d039fa3d7d0f5ad462eb0d861b543bdbdb9a751291ae0ff3cbbe7bdc92751a', 56594), ('feedback', '1bf08398e5a8ca3833407377586b90367f9b744e0b26eb0cd4517ef580f146da', 217307), ('feedback', 'ba496f7cc257f161161857f2fb2015d4abb321e650481f7828b52da8191a1853', 183107), ('feedback', 'bef526d6c19dec4872fdb9c7752e4e743f8684caae97233f77bea0e4ff3a4adf', 166007), ('feedback', '72680d4090c18cce8bfb1fd0c3b854a3a2f0cdc46d775d37459c31fdab1ac896', 166007), ('contrib', 'fc77b7836041686bc825ae585bf1d29bc65588034eb04fd2612f347fa02bdeb5', 75223), ('contrib', '29b17fb5456c00b077ce90149aba0e83229b7cea3bdf882e0d37107c920a9d39', 58123), ('contrib', '20276c6eb696410b1112eb1418124b07059d8fcfee73f8de1aa928e9605ef42b', 58123), ('contrib', 'f2f461e0e9c00867811c32600e97c62b17c388bcbd3d737e15a5650c8f6a8823', 58123), ('close', '70a26097547fe75acc4aa4a7c4c952d4bb2a8f8855adcb38916504066d6f91a6', 410442)]"
6,01:47:41.299,0.9267,75.80890775471926,"[1649977788768994648, 1648819610421351483, 1651171483186336849, 1650031117623317006, 0, 0]","[92, 91, 92, 89, 0, 0]","[8, 9, 9, 10, 0, 0]","[('0xA41dE09A63f6Cedd633f99052b44450d3BB91D44', 4875023655153611088, 25001443922605748, 1649977788768994648), ('0x17725D495A0843Ea05541fD61ba5D4082750bC08', 4876191644426369059, 25011254847720554, 1648819610421351483), ('0x37AC7AC5D09bbC6dAC1CF036b7F9DdD0EA4E052E', 4873818614991459632, 24990098177796493, 1651171483186336849), ('0x536fc4cd48ad9B3649e8aB615592E83Ec9F5fcd1', 4874966085428560185, 24997203051877203, 1650031117623317006)]",400000000000000000,[],"[250014424324035644, 250112533569335937, 249900966882705688, 249972015619277954]","[[0.0, 1.0, 1.0, 1.0, 0.0, 0.0], [1.0, 0.0, 1.0, 1.0, 0.0, 0.0], [1.0, 1.0, 0.0, 1.0, 0.0, 0.0], [1.0, 1.0, 1.0, 0.0, 0.0, 0.0], [0.0, 0.0, 0.0, 0.0, 0.0, 0.0], [0.0, 0.0, 0.0, 0.0, 0.0, 0.0]]",[],"['$user$0, 0.922, good, good, None, 0xA41dE09A63f6Cedd633f99052b44450d3BB91D44', '$user$1, 0.903, good, good, None, 0x17725D495A0843Ea05541fD61ba5D4082750bC08', '$user$2, 0.93, good, good, None, 0x37AC7AC5D09bbC6dAC1CF036b7F9DdD0EA4E052E', '$user$3, 0.911, good, good, None, 0x536fc4cd48ad9B3649e8aB615592E83Ec9F5fcd1']","[('close', '70a26097547fe75acc4aa4a7c4c952d4bb2a8f8855adcb38916504066d6f91a6', 410442), ('slot', '989e00096f7681606f933c3c8fffcc7068cb185ac4a76b442164e3c9f603b7f9', 50814), ('slot', '0484b0cc5407c5b2542e7b5b3e095bdb16f7830ef068c2093499daef5e2c10f7', 50814), ('slot', '7f279132f5c0e0da3fa624dc8894787b2c08689c69ba0fcc7d8cbe4abed4c5db', 50814), ('slot', '2a355755073d0f675fe36099e5e60f6116647f82cb8201e790bd61a9ea7189ac', 50814), ('weights', '9fad025a0abcf18307fc3e328875c4a777b2ad7db5dd541f85e3cf0b0d29d185', 73694), ('weights', 'b393ccec196771604780708af68d0144cce50ec047c8d43f1cf82f96c1c69d14', 56594), ('weights', 'a2b16a051e6a790a0efaca69751e0e7222ba13a298bf0ce4bff8286c0a41c5fe', 56594), ('weights', 'bcb0e569726daf1a642250effb47cd59ec931763544841e0d03cb35ef1d7a64a', 56594), ('feedback', '845e847fef36c5c333dbfb2c525751d75695d4a3620d59041802a2b2480a35e4', 217307), ('feedback', 'a825d9d4c6f67e83972bc420a60a7186a59e64358bae3bbb804709d06f228023', 183107), ('feedback', '498d323e7c218bc00c5d1a1cd37313cb4a30c28d0f3b4303206404b51ef21f05', 166007), ('feedback', '1fd4c0ed6cc40479553b65ad6be5e5d84620b6abe28122b33bbe04e52302ee41', 166007), ('contrib', '9000c7ea9f9b06f81caa32553967a543d154732faf5ad9971cfbe6ac6fb34cb1', 75223), ('contrib', 'd28e7562c524dc5f6c6f1616d68bd74a4102f8e9529e7ca97153dee091a99489', 58123), ('contrib', 'd5dcb38219eb9dfc2c9b943df4e7ae7093987846a7275df94dab3b6f202c315c', 58123), ('contrib', 'a7426e2bda036ffb3c67e6b4888698b24b92fbc1ed527f6fe9acb12731eabb6f', 58123), ('close', 'ec7300bcbb5fcf6034d30eea4d736844267dd9ceae6634b13c3781e115196517', 410442)]"
7,01:48:03.456,0.9364,66.06045852974057,"[1674978035010701722, 1673829160948801219, 1676163335603318040, 1675029468437179002, 0, 0]","[93, 92, 94, 91, 0, 0]","[7, 7, 8, 9, 0, 0]","[('0xA41dE09A63f6Cedd633f99052b44450d3BB91D44', 4950022211231005338, 25000246241707074, 1674978035010701722), ('0x17725D495A0843Ea05541fD61ba5D4082750bC08', 4951180389578648503, 25009550527449736, 1673829160948801219), ('0x37AC7AC5D09bbC6dAC1CF036b7F9DdD0EA4E052E', 4948828516813663137, 24991852416981191, 1676163335603318040), ('0x536fc4cd48ad9B3649e8aB615592E83Ec9F5fcd1', 4949968882376682980, 24998350813861996, 1675029468437179002)]",300000000000000000,[],"[250002443790435791, 250095486640930175, 249918505549430847, 249983489513397216]","[[0.0, 1.0, 1.0, 1.0, 0.0, 0.0], [1.0, 0.0, 1.0, 1.0, 0.0, 0.0], [1.0, 1.0, 0.0, 1.0, 0.0, 0.0], [1.0, 1.0, 1.0, 0.0, 0.0, 0.0], [0.0, 0.0, 0.0, 0.0, 0.0, 0.0], [0.0, 0.0, 0.0, 0.0, 0.0, 0.0]]",[],"['$user$0, 0.914, good, good, None, 0xA41dE09A63f6Cedd633f99052b44450d3BB91D44', '$user$1, 0.927, good, good, None, 0x17725D495A0843Ea05541fD61ba5D4082750bC08', '$user$2, 0.93, good, good, None, 0x37AC7AC5D09bbC6dAC1CF036b7F9DdD0EA4E052E', '$user$3, 0.916, good, good, None, 0x536fc4cd48ad9B3649e8aB615592E83Ec9F5fcd1']","[('close', 'ec7300bcbb5fcf6034d30eea4d736844267dd9ceae6634b13c3781e115196517', 410442), ('slot', '73b2f43e25a43d00fd1d56451e1aa63d67285bf185c369713db357902a57fcf1', 50814), ('slot', '09b8ca29585672531d772cc73234f0fe6eacc2de22f05dba3db911b47b9a3c71', 50814), ('slot', '1d1f63ded23937bebb3b57300172988ed95b95d7176dcdbd6e00e037a2834d91', 50814), ('slot', '7ae460a6813ed368a4045421c1ec1252446611db9f94b2f4235dff06bdd3e4ad', 50814), ('weights', '9fbfaba563724c78d6f52b8c7270eb80c847dc7fb512bb4921a5bc1b783d7e7c', 73694), ('weights', '8fb4480294ebfbd4aff372f66bf9c6b053a3ddc90e433846fee680fee504ed51', 56582), ('weights', '213171f835f9088a6661ef268a3c438c7fb3fd81f18f29039c4ae8a0724950f3', 56594), ('weights', '86dbe9cfe715c87586e81eab55ebff082cef1c3e3d64d6bf309cedcab220ab27', 56594), ('feedback', '72d82767be6ed203b25b5e3323454ca3c9a52f581cd5885a60398f141f994e4c', 217307), ('feedback', 'e4c8537ea3a9ecd180dbb878efc5a96ea06bab71bf6b431b2c091bd38094a3ab', 183107), ('feedback', '27def8a24324c9ebfa8088fd167675e9205b2c04ef60ee3c281e805178ef92c1', 166007), ('feedback', '8bf775640920356919c74de3066ea3f33a3a590243dfed7a6c14abd1bb38074b', 166007), ('contrib', 'cef514ae95ac1505179a7c4fc0a21ffd4d4700419355b47a635371a9f9e5bf24', 75223), ('contrib', '3f0ed72f8e9de1f1e2d99dfa69d6c8f735f3411c817e58a49fded9b3f9b93551', 58123), ('contrib', 'b8bc75bc0c8a9ba167962d31c2ad960f84c27281eb20a4a2712363c328024d66', 58111), ('contrib', '23dd5a4ef056a0a528c6d29d453df4b1642382285d7b4428dc0475d38d5c9173', 58123), ('close', '1a7cd940f2c61a7057aed35eda4e8a17ec296a863b2d8553938e57a869f2532d', 410442)]"
8,01:48:25.319,0.9432,58.27791079878807,"[1699980075724666401, 1698837299217744699, 1701152528536484277, 1700030096521104604, 0, 0]","[94, 94, 94, 92, 0, 0]","[6, 6, 7, 8, 0, 0]","[('0xA41dE09A63f6Cedd633f99052b44450d3BB91D44', 5025021964989298261, 25002040713964679, 1699980075724666401), ('0x17725D495A0843Ea05541fD61ba5D4082750bC08', 5026170839051198764, 25008138268943480, 1698837299217744699), ('0x37AC7AC5D09bbC6dAC1CF036b7F9DdD0EA4E052E', 5023836664396681943, 24989192933166237, 1701152528536484277), ('0x536fc4cd48ad9B3649e8aB615592E83Ec9F5fcd1', 5024970531562820981, 25000628083925602, 1700030096521104604)]",200000000000000000,[],"[250020414590835571, 250081390142440795, 249891936779022216, 250006288290023803]","[[0.0, 1.0, 1.0, 1.0, 0.0, 0.0], [1.0, 0.0, 1.0, 1.0, 0.0, 0.0], [1.0, 1.0, 0.0, 1.0, 0.0, 0.0], [1.0, 1.0, 1.0, 0.0, 0.0, 0.0], [0.0, 0.0, 0.0, 0.0, 0.0, 0.0], [0.0, 0.0, 0.0, 0.0, 0.0, 0.0]]",[],"['$user$0, 0.922, good, good, None, 0xA41dE09A63f6Cedd633f99052b44450d3BB91D44', '$user$1, 0.929, good, good, None, 0x17725D495A0843Ea05541fD61ba5D4082750bC08', '$user$2, 0.939, good, good, None, 0x37AC7AC5D09bbC6dAC1CF036b7F9DdD0EA4E052E', '$user$3, 0.92, good, good, None, 0x536fc4cd48ad9B3649e8aB615592E83Ec9F5fcd1']","[('close', '1a7cd940f2c61a7057aed35eda4e8a17ec296a863b2d8553938e57a869f2532d', 410442), ('slot', 'ae5ab46dd1c3970f778f433c9a0e78cec8821e5c4b1a4a7750b5cb12b49ed834', 50802), ('slot', '83b4064931ed6c92bcc58e1dce36f26c12f6a2c6263a0c4688a75c872568eea1', 50814), ('slot', '0d4bfc6203340c3288a083e7a762a65f60faa3a5d577e52ad310b8fdba6d99e1', 50814), ('slot', '104bf08613741ef8c13a2e945984d15e2ea3a720c5e83cc87781b2ff01c06659', 50814), ('weights', '429e21a100b175f0039cbc518e7c78a8342920b18681c34ed741d8766639aaf4', 73694), ('weights', '8b79c9e98c75f2510690be0fabded77dd1a5b29d2c3f944579318b731c121af5', 56594), ('weights', '9afc12fd202c106a2bd350dc4fbcf65caaf6569586c1edf5ec197eade4681f3f', 56594), ('weights', '759e6648d7687099dc6bbf96ab227e3d78ca6edb2b6692bdd44669cf1ae26edf', 56594), ('feedback', '915940945d18cdc16a3de5f46e74a5d50c43009c9a12427127a586f660b131f0', 217307), ('feedback', '705b700d015ee12e304ad9618afd398b79417a6d105819bc706d3e82db0be1ce', 183107), ('feedback', '9358e5c3d59793fb0bb49572771e17fc08334f9fceb6593c7c4bb559e7d30d70', 166007), ('feedback', 'bf42faaf3f94fa89e0306b228700a8d37398627d1ff6f38a589a28ce380e50d7', 166007), ('contrib', '510709de59c00cee4d13a04d706a86b7873521f48059450e87affad7b79105ac', 75223), ('contrib', 'f192b5a4362141766b4774a88a2886fbe3bd67178e1e0acff4245e923a579e5e', 58123), ('contrib', 'a97e4ab2fcd124cfb4c54534bcea177890fb675ba21ee1c497411a8c569ff6b9', 58123), ('contrib', 'f938e1f5a376689bb5d84bd163a09939f69f1df7ce472f142afafe53c41d300e', 58123), ('close', '1382394029498829ead1cb0825edb571b806ad155008b3b25adfd162c2768d64', 410442)]"
9,01:48:47.117,0.9487,52.03678534552455,"[1724985798143179139, 1723847044949839727, 1726138645496922125, 1725028511410058988, 0, 0]","[94, 94, 95, 92, 0, 0]","[6, 6, 6, 7, 0, 0]","[('0xA41dE09A63f6Cedd633f99052b44450d3BB91D44', 5100019924275333580, 25005722418512738, 1724985798143179139), ('0x17725D495A0843Ea05541fD61ba5D4082750bC08', 5101162700782255282, 25009745732095028, 1723847044949839727), ('0x37AC7AC5D09bbC6dAC1CF036b7F9DdD0EA4E052E', 5098847471463515704, 24986116960437848, 1726138645496922125), ('0x536fc4cd48ad9B3649e8aB615592E83Ec9F5fcd1', 5099969903478895377, 24998414888954384, 1725028511410058988)]",100000000000000000,[],"[250057220458984375, 250097453594207763, 249861165881156921, 249984145164489746]","[[0.0, 1.0, 1.0, 1.0, 0.0, 0.0], [1.0, 0.0, 1.0, 1.0, 0.0, 0.0], [1.0, 1.0, 0.0, 1.0, 0.0, 0.0], [1.0, 1.0, 1.0, 0.0, 0.0, 0.0], [0.0, 0.0, 0.0, 0.0, 0.0, 0.0], [0.0, 0.0, 0.0, 0.0, 0.0, 0.0]]",[],"['$user$0, 0.934, good, good, None, 0xA41dE09A63f6Cedd633f99052b44450d3BB91D44', '$user$1, 0.944, good, good, None, 0x17725D495A0843Ea05541fD61ba5D4082750bC08', '$user$2, 0.948, good, good, None, 0x37AC7AC5D09bbC6dAC1CF036b7F9DdD0EA4E052E', '$user$3, 0.928, good, good, None, 0x536fc4cd48ad9B3649e8aB615592E83Ec9F5fcd1']","[('close', '1382394029498829ead1cb0825edb571b806ad155008b3b25adfd162c2768d64', 410442), ('slot', '05d49c3383b67f91950b18ea1c804a44c0b7b6267e93066a8ca45c122dca33bb', 50814), ('slot', '87d5a54185c231e4ba2df6005acab97f3a556e896046c5423dab5f07bfd4b9d2', 50814), ('slot', '9e527816c16e678a5ac91e454781064bac056b075859f3d0ff95a22f331ef52f', 50814), ('slot', '0a7b1bf7afd09640422e542016587368c9ff96ff1e4960c85171c7f01d1eae3d', 50814), ('weights', '4d1bbf738f3943e9b51bb745d79d68af4d921cfe9767759fb2cb6ac0676f9cf0', 73694), ('weights', '43b60a211fd06d9816507ade7374ca13844516eb1ad055b744b36b5cc1fb87c3', 56594), ('weights', 'ae8b59dca56284e4ea6981a592515104af8839f5fe071af7a69b126c630cd758', 56594), ('weights', '0a8313c7ada64e025772f20cda6ee6b23c9ddef2a06988071c1aee675730ddfd', 56594), ('feedback', '327c702cd452f0f70bc85f267494f7a5193938628534f008cff883b254c43aa6', 217307), ('feedback', '3b4e0d460e7d9667911e97d8e3fe60902710720a36b0cb42ea52763bbc679cca', 183107), ('feedback', '2d323c6cfa49e9774707802240bbd80b59f49aec63997fc31232894604fdce8e', 166007), ('feedback', '8ae82a8117d4f114e50f14245ca7619f55f5b3521f07e3e692fb578bb45930f3', 166007), ('contrib', 'be90d14a823a59c701cc1e1807ce4f1c7d91475e0463542ae23e2fc3219f2eb7', 75223), ('contrib', 'aa79a5f0ce76ced9febe2cc1506b4843e947c0a3e921d972cca7257d6315b886', 58123), ('contrib', '6dcbe27581315226b5f1fa7458268e53eb7104dae1dc3d9a3ecae5092a12b1f2', 58123), ('contrib', 'bf7e0f9954eb5e6ae50a4d4a16d3a548304f6325ffb3860a5d62805193b5c9cd', 58123), ('close', 'ceaa4753c0944f177f4e9d47a87d23dc1ce2bc4b4e5c597c08b8e8cf166b9043', 410442)]"
10,01:49:09.008,0.9534,46.6022016517818,"[1749990210376219668, 1748855993095536579, 1751124678641032600, 1750029117887211131, 0, 0]","[95, 95, 95, 93, 0, 0]","[5, 5, 5, 6, 0, 0]","[('0xA41dE09A63f6Cedd633f99052b44450d3BB91D44', 5175014201856820840, 25004412233040529, 1749990210376219668), ('0x17725D495A0843Ea05541fD61ba5D4082750bC08', 5176152955050160252, 25008948145696852, 1748855993095536579), ('0x37AC7AC5D09bbC6dAC1CF036b7F9DdD0EA4E052E', 5173861354503077854, 24986033144110475, 1751124678641032600), ('0x536fc4cd48ad9B3649e8aB615592E83Ec9F5fcd1', 5174971488589940991, 25000606477152143, 1750029117887211131)]",0,[],"[250044167041778564, 250089526176452636, 249860376119613647, 250006109476089477]","[[0.0, 1.0, 1.0, 1.0, 0.0, 0.0], [1.0, 0.0, 1.0, 1.0, 0.0, 0.0], [1.0, 1.0, 0.0, 1.0, 0.0, 0.0], [1.0, 1.0, 1.0, 0.0, 0.0, 0.0], [0.0, 0.0, 0.0, 0.0, 0.0, 0.0], [0.0, 0.0, 0.0, 0.0, 0.0, 0.0]]",[],"['$user$0, 0.938, good, good, None, 0xA41dE09A63f6Cedd633f99052b44450d3BB91D44', '$user$1, 0.944, good, good, None, 0x17725D495A0843Ea05541fD61ba5D4082750bC08', '$user$2, 0.948, good, good, None, 0x37AC7AC5D09bbC6dAC1CF036b7F9DdD0EA4E052E', '$user$3, 0.938, good, good, None, 0x536fc4cd48ad9B3649e8aB615592E83Ec9F5fcd1']","[('close', 'ceaa4753c0944f177f4e9d47a87d23dc1ce2bc4b4e5c597c08b8e8cf166b9043', 410442), ('slot', '435ff454c479bec8d1a41490a5b46aad9a482e1f62a52df5b0b3735149f54420', 50814), ('slot', '7aa8f5f8ef92cf1d9529099d573d92871b8ed5efc147ae1a8cbf0a33d406f2d8', 50814), ('slot', '9dd7f68a9a9daa5dfcec34fa03bbd2e477312bd22df8825c298083b2f3c1c083', 50802), ('slot', 'aa208e4179a7e94b64d8003bd8f7d28590e5764550a8a8f4b7562d97ceadc70b', 50814), ('weights', 'c9df378532705246b25cd1029f006e654fb0e3ea91da0e20618d5ed4ad7cadf9', 73694), ('weights', 'cde2e5a1e45a891a0e5307a2c0dafa824b7170efab858956f9d45c6a8fd21f33', 56594), ('weights', '076ed3c921aedc795538feb5a918ee1cf35c6a32933b164b803268a5e08e1ffb', 56594), ('weights', '1b5765f9d6c870b065890c98494dcbdcf98aa956a5e9e92c956e3aff9cf6c7ce', 56594), ('feedback', 'e0818e39c6f851c10e99afb8ac9dd5e4a82ce65afaf83ed60aee7922df2a0399', 217307), ('feedback', '50342ed99b4c1251991a983a942702ded141f389f191429cdeb05b87788bdc84', 183107), ('feedback', '593f141fb2fb65d4ff55570a43f44ef84da49ac6d9ef42d2620f2c5a8cfcf95a', 166007), ('feedback', 'f5959f8af6407ec1378f082b6162a599d329ab555b5905b6fbfcfc5644baffe4', 166007), ('contrib', '8d063d5017e3db7d1f91e084e1762fc616b3a41da27e9c864350003b625731e1', 75223), ('contrib', 'c7b597855bf34ad2c3ca614d272f1797f4659b902abc87f45247d05d1a2989b1', 58123), ('contrib', 'f4086827c58b7c34f6691d9d653105fd3c9a851dd07c496eaa155cf15c75fbeb', 58123), ('contrib', '7da092574773a7723a434a51199f81adcb1d39d1a0419488a7d51b890850a338', 58123), ('close', '4d0c973c5f1a64aac45858332182e545af85ac187b4c5663e3c649a0f8539a22', 410442)]"
# $gasCosts$[342675, 310927, 274275, 315049, 317501, 218683, 75223, 58123, 58123, 58123, 363201, 274901, 277701, 257801, 237901, 218683, 75223, 58123, 58123, 58123, 58123, 300527, 249227, 232127, 232127, 248393, 218683, 75223, 58123, 58123, 58123, 270522, 219222, 202122, 202122, 203166, 75223, 58123, 58123, 58123, 217307, 183107, 166007, 166007, 75223, 58123, 58123, 58123, 217307, 183107, 166007, 166007, 75223, 58123, 58123, 58123, 217307, 183107, 166007, 166007, 75223, 58123, 58111, 58123, 217307, 183107, 166007, 166007, 75223, 58123, 58123, 58123, 217307, 183107, 166007, 166007, 75223, 58123, 58123, 58123, 217307, 183107, 166007, 166007, 75223, 58123, 58123, 58123],[126674, 126674, 126674, 126674, 126674],[50814, 50814, 50814, 50814, 50814, 50814, 50814, 50814, 50814, 50814, 50814, 50802, 50814, 50814, 50814, 50814, 50814, 50814, 50814, 50814, 50814, 50814, 50814, 50814, 50814, 50814, 50802, 50814, 50814, 50814, 50814, 50814, 50814, 50814, 50814, 50802, 50814, 50814, 50814, 50814, 50814, 50814, 50814, 50814, 50814, 50802, 50814],[73682, 56582, 56594, 56594, 56594, 56582, 73694, 56594, 56594, 56594, 56594, 56582, 73694, 56594, 56594, 56594, 56594, 56582, 73694, 56594, 56594, 56594, 56594, 73694, 56594, 56594, 56594, 73694, 56594, 56594, 56594, 73694, 56582, 56594, 56594, 73694, 56594, 56594, 56594, 73694, 56594, 56594, 56594, 73694, 56594, 56594, 56594],[682846, 643640, 618388, 502181, 410442, 410442, 410442, 410442, 410442, 410442],[],[]
# TOTAL EXPERIMENT TIME: 240.16 seconds
