# Author reb
# ------Specs--------# cpu_name: AMD64 Family 23 Model 8 Stepping 2, AuthenticAMD (processor model)
# cpu_cores: 6 (physical cores)
# ram_gb: 15.93 (system memory in GB)
# gpu_name: None (graphics processor)
# os_name: Windows (operating system)
# ------Config--------# good_contributors: 4 (honest participants)
# bad_contributors: 1 (malicious participants)
# freeriders: 1 (contribute 0)
# inactive: 0 (never join)
# reward: 1000000000000000000 (total reward pool)
# minimum_rounds: 10 (rounds to simulate)
# min_buy_in: 1000000000000000000 (lower buy-in bound)
# max_buy_in: 1000000000000000000 (upper buy-in bound)
# standard_buy_in: 1000000000000000000 (default buy-in)
# epochs: 1 (local epochs per round)
# batch_size: 32 (training batch size)
# punish_factor: 3 (penalty multiplier)
# first_round_fee: 50 (fee for first round)
# fork: True (True=local fork, False=real net)
# contribution_score_strategy: accuracy (scoring method)
# use_outlier_detection: False (Whether to use outlier detection)
# freerider_start_round: 1 (When freeriders should start freeriding)
# freerider_noise_scale: 0.0 (How much noise a freeder should add)
round,time,globalAcc,globalLoss,GRS,accAvgPerUser,lossAvgPerUser,rewards,conctractBalanceRewards,punishments,contributionScores,feedbackMatrix,disqualifiedUsers,userStatuses,GasTransactions
# $startingUserConfig$['$user$0, 0, good, good, None, 0x2adF05454DC6B0494f9CAE2B56235fD4ca55592A', '$user$1, 0, good, good, None, 0xbB52217162539A4D9cb72Db99fD36263798E8619', '$user$2, 0, good, good, None, 0x2273f9acD6D094959D51Fcb23394952c31814946', '$user$3, 0, good, good, None, 0x0c28766BA974a46e294846df83263bc567d811BB', '$user$4, 0, good, bad, 3, 0x1d00B04A7dE781069478545953C538aaE557c1b1', '$user$5, 0, good, freerider, 1, 0x7Afd526e0ceFC5F9d988077e8F98e46310986319']
0,15:59:24.438,0,721.078376531601,"[1000000000000000000, 1000000000000000000, 1000000000000000000, 1000000000000000000, 1000000000000000000, 1000000000000000000]",[],[],[],1000000000000000000,[],[],,[],"['$user$0, 0, good, good, None, 0x2adF05454DC6B0494f9CAE2B56235fD4ca55592A', '$user$1, 0, good, good, None, 0xbB52217162539A4D9cb72Db99fD36263798E8619', '$user$2, 0, good, good, None, 0x2273f9acD6D094959D51Fcb23394952c31814946', '$user$3, 0, good, good, None, 0x0c28766BA974a46e294846df83263bc567d811BB', '$user$4, 0, good, bad, 3, 0x1d00B04A7dE781069478545953C538aaE557c1b1', '$user$5, 0, good, freerider, 1, 0x7Afd526e0ceFC5F9d988077e8F98e46310986319']","[('register', '028b535828617870f8a88d90c274dbb8b4d15f66348ba336bdc2fec80098ab0d', 126674), ('register', '88f19a341480f850d073269e2a84d9ceac35745aa9aaf31450e58f150881fe1b', 126674), ('register', 'fd22f26fcc7d62584b86d5a4436b5ee76380821568b03ad8aa46ef09fa4889cd', 126674), ('register', '75992fac0bfeeb585b2b99e4a3487e90ddea1cdb3810331b8936264f7dfa9a1b', 126674), ('register', '23b289acfecfcd9666807760d9d48eb2237cf6acd61012ac27df6d8e1c668205', 126674)]"
1,16:01:53.971,0.458,708.36483502388,"[1399397899858899687, 333333333333333334, 1350642979100477667, 1304466335065440274, 1378826119308515702, 333333333333333334]","[12, 10, 12, 10, 9, 9]","[74, 74, 74, 74, 74, 74]","[('0x2adF05454DC6B0494f9CAE2B56235fD4ca55592A', 4000000000000000000, 399397899858899687, 1399397899858899687), ('0x2273f9acD6D094959D51Fcb23394952c31814946', 4000000000000000000, 350642979100477667, 1350642979100477667), ('0x0c28766BA974a46e294846df83263bc567d811BB', 1000000000000000000, 304466335065440274, 1304466335065440274), ('0x1d00B04A7dE781069478545953C538aaE557c1b1', 4000000000000000000, 378826119308515702, 1378826119308515702)]",900000000000000000,"[(1, 166666666666666666), (1, 166666666666666666)]","[278649697575976518, 244634636581728598, 212418373301469953, 264297292540824901]","[[0.0, -1.0, 1.0, 0.0, 1.0, -1.0], [1.0, 0.0, 1.0, 1.0, 1.0, -1.0], [1.0, -1.0, 0.0, 0.0, 1.0, -1.0], [1.0, 0.0, 1.0, 0.0, 1.0, -1.0], [1.0, -1.0, 1.0, 0.0, 0.0, -1.0], [0.0, 0.0, 0.0, 0.0, 0.0, 0.0]]","[2, 6]","['$user$0, 0.761, good, good, None, 0x2adF05454DC6B0494f9CAE2B56235fD4ca55592A', '$user$1, 0.571, good, good, None, 0xbB52217162539A4D9cb72Db99fD36263798E8619', '$user$2, 0.735, good, good, None, 0x2273f9acD6D094959D51Fcb23394952c31814946', '$user$3, 0.644, good, good, None, 0x0c28766BA974a46e294846df83263bc567d811BB', '$user$4, 0.752, good, bad, 3, 0x1d00B04A7dE781069478545953C538aaE557c1b1', '$user$5, 0, freerider, freerider, 1, 0x7Afd526e0ceFC5F9d988077e8F98e46310986319']","[('slot', 'c41cc1103c6f12da6a193fac14895d2325536408551093dcc0e14cc28ce54ebc', 50790), ('slot', '37584c44f20a7c786aed77b7ba0c2948a2e28d2d7f0b09f04bad48258fdb26a5', 50814), ('slot', 'f888369dda875453478bc40a2f6cfe1de1652af0dbb8e7ab32ffa3c921359e81', 50814), ('slot', 'ac43fefa4d3a0a769b22f2170c09fb510230fc50a1a95ca277aa22fda9f3406d', 50814), ('slot', '2cd4166aa6a5becea5cc0687a23dd6768279477a5b8a85d966f2d70c7dec5fc4', 50802), ('slot', '6bc7b1d6d858bc7e2bde548a052f508c1340ed6787fb6ebdf420df17b2e08036', 50814), ('weights', '419bdf11472d4c24e8be487c05abdaaa25a2f979a69fca6610011cfa292a7de1', 73694), ('weights', '93bebf8627c5ada81f6cccd60ddc3ba7a472e445126d6e1dd5351b2072ec3084', 56582), ('weights', 'e70a8eb35c4cebb414fa26c0e6d3086e0d0e71f902d001650b62a6a23b50bfaf', 56594), ('weights', '5f539dcf260c5d8e4ab854234a5c0a4c45ccfad62320f3f3c15d03b8ac13e592', 56594), ('weights', '5a4b816cd4066fc3044e41d264082291173f8512c60b3d9dd51473eb8c18502d', 56594), ('weights', '2cf708721dfb0d8866d718edbe0c5c0f0e93aee1e5992761c78256034960a1fb', 56594), ('feedback', '36f2151a3349ffc2d6860f9ab1e0d7a3439a0694e6fdbe0d3d29205ca3ba3342', 736253), ('feedback', '83b0db43b6ba824d5a8d95c6fb5df6c245b8531e8400d5fe6a7c2cb91c965206', 745279), ('feedback', '8560a3bb8a653942fdb0a0845679e339c078980e2a4cce416bfdec81fb8f62fb', 667853), ('feedback', '66ded3f7fe5a6b6b100b6d23ec087aa484b51e5667e06a0a1c7b875665477444', 687405), ('feedback', 'd017c02fb5f18dfa0a3f04a6633aff9bbb1cc01505ef0930539c7f5db3f09400', 667865), ('feedback', 'c81b181f2b925a5ce485a00408cdcf20eb0242b3546e0f2256ab8483cb4d8d18', 612261), ('contrib', '4073eb663589cb138a0b8b13b714f051ba1bd9f4fc8641c240d241a14f4c7022', 75223), ('contrib', 'e05c1a8b528ca4290c613ec0272146e7ac157026e25f67a24719c1ef376169ee', 58123), ('contrib', '0f5891298701ab61cf74fc164d033e87a2e924fe40175929a7ed2fa1760cfa73', 58123), ('contrib', '09421bf370aaf3c1b9a7fed271887b1bdd37de022a6270957bcf2e6c3f600603', 58123), ('close', '231dcb851b81e879aeef58fa81356824418babdfd8dcf1e871bfe3300e0e4489', 682848)]"
2,16:04:42.627,0.7429,274.4497266113758,"[1440775569495309564, 376582583575746549, 1392668552019713000, 1346119450215136909, 1421631622471871751, 222222222222222223]","[41, 45, 47, 44, 44, 45]","[72, 72, 72, 72, 72, 72]","[('0x2adF05454DC6B0494f9CAE2B56235fD4ca55592A', 4367268766807766977, 41377669636409877, 1440775569495309564), ('0xbB52217162539A4D9cb72Db99fD36263798E8619', 5433333333333333330, 43249250242413215, 376582583575746549), ('0x2273f9acD6D094959D51Fcb23394952c31814946', 4416023687566188997, 42025572919235333, 1392668552019713000), ('0x0c28766BA974a46e294846df83263bc567d811BB', 4462200331601226390, 41653115149696635, 1346119450215136909), ('0x1d00B04A7dE781069478545953C538aaE557c1b1', 4387840547358150962, 42805503163356049, 1421631622471871751)]",800000000000000000,"[(2, 111111111111111111)]","[195999487751415207, 204864869569325758, 199068503301641053, 197304229656457746, 202762909721160233]","[[0.0, 1.0, 1.0, 1.0, 1.0, -1.0], [1.0, 0.0, 1.0, 1.0, 1.0, -1.0], [1.0, 1.0, 0.0, 1.0, 1.0, -1.0], [1.0, 1.0, 1.0, 0.0, 1.0, -1.0], [1.0, 1.0, 1.0, 1.0, 0.0, -1.0], [0.0, 0.0, 0.0, 0.0, 0.0, 0.0]]",[6],"['$user$0, 0.693, good, good, None, 0x2adF05454DC6B0494f9CAE2B56235fD4ca55592A', '$user$1, 0.703, good, good, None, 0xbB52217162539A4D9cb72Db99fD36263798E8619', '$user$2, 0.723, good, good, None, 0x2273f9acD6D094959D51Fcb23394952c31814946', '$user$3, 0.693, good, good, None, 0x0c28766BA974a46e294846df83263bc567d811BB', '$user$4, 0.714, good, bad, 3, 0x1d00B04A7dE781069478545953C538aaE557c1b1', '$user$5, 0, freerider, freerider, 1, 0x7Afd526e0ceFC5F9d988077e8F98e46310986319']","[('close', '231dcb851b81e879aeef58fa81356824418babdfd8dcf1e871bfe3300e0e4489', 682848), ('slot', '139f50dbae439ca121f8037709a7b821f7cce1b7978cd5f71abe65a2d0cc086a', 50814), ('slot', '4d3be192a129a975f3a074edea4f4b9b28e51c9fb27ef3f03282c763812cc8f8', 50814), ('slot', '76fecb08940ad54d54e15baf9f32d30b7400455c9b51b726f272dceaf7c5e202', 50814), ('slot', '81e57b139b1e06e0ff8f9c6d8b4d0021deff10e99fbcad8eadc7c0dec442653a', 50814), ('slot', 'fdd10fac85037ae49b4b29bb7e1e1647d4b9016d6858ce1e04478899bb064ae7', 50814), ('slot', '722aca89d0d97a8db54b088ac8a640ec9f4b918677d91a194b61ce4904bd87c7', 50814), ('weights', '522fe2f7aec07cd4a072549666b9d06ad057e1b3100295fb25889d1dfb53e093', 73694), ('weights', '75851a7373ddc3cc5360994c977d1bdd04126453275fc039514eba23013a5386', 56582), ('weights', 'fea9f31271e66fb35dbb28755dece5cfea89049ae752e15483ebb466ad611f72', 56594), ('weights', 'd0952c76f68204c82c56485f346c8b2501301d7b81721addabda6fc20b91d7e7', 56594), ('weights', 'f9509122c62f38af823edb64dbbcf56d2bd550604094076e702e95039f9019f0', 56594), ('weights', '58aedad41d13ade79af2c6605f3aa9c1cd7525603032b55788bc70b148a9aad0', 56582), ('feedback', 'bae8849c994df69de5cade7c5ac833c84e014a8b993249de4d6968ba53e6cdf0', 756779), ('feedback', 'ca22a50ef83e9fceff5c785bc7d44c8f09e7cd595285d1d486041a0e4367ac7d', 648579), ('feedback', '497ba73bba5ae7e35aecab804f933f0393cd80c44dab707f6c9715f5afd46128', 671279), ('feedback', '83d00aca825a9652fcc8aa4f285132c94b75cddfabe5f689de8993e28be6545c', 651379), ('feedback', '2bd09c83d75ab7c47d93562064badc53dc7a69e8d5c788a50709a151a1bc1585', 671291), ('feedback', '9fd720b5134b49f57f3b8a01ab2e3966607e264dab8328148c57b1dc261887ec', 612261), ('contrib', 'cd21ea4136cde1dded4f47e174c4f5079cf9134738ef48fe1e56c16adb502b52', 75223), ('contrib', '9b13988a24b7da189bf2e6d07f6b07e8bc9bf7d98f930bc18920621bcd065187', 58123), ('contrib', 'f6d7fb1dca045ba6a91b2d27b211d284b2949e6a8f7777a3579de5fb2fb17a06', 58123), ('contrib', '30213d874f748c52a9cce8b4718b56901c9acd2703a4729e384519bf1c9a5a48', 58123), ('contrib', '20d3202872f9fe865555763e0b920b71cdd2d84946e79695d909834fa97a4f33', 58123), ('close', '36c361363fb766dc933fdd26906963044c4adfdb60dd97b08378e90cb05c602a', 643643)]"
3,16:07:04.031,0.8642,151.82400126755238,"[1615012210602850993, 582443478290574202, 1602809551195362403, 1551980344929964562, 947754414981247834, 0]","[73, 72, 74, 72, 74, 76]","[28, 29, 29, 30, 28, 27]","[('0x2adF05454DC6B0494f9CAE2B56235fD4ca55592A', 1693738963338724707, 174236641107541429, 1615012210602850993), ('0xbB52217162539A4D9cb72Db99fD36263798E8619', 2757931949258287722, 205860894714827653, 582443478290574202), ('0x2273f9acD6D094959D51Fcb23394952c31814946', 1741845980814321271, 210140999175649403, 1602809551195362403), ('0x0c28766BA974a46e294846df83263bc567d811BB', 1788395082618897362, 205860894714827653, 1551980344929964562)]",700000000000000000,"[(3, 473877207490623917), (3, 222222222222222223)]","[218862914109094086, 258586913934961470, 263963258020982971, 258586913934961470]","[[0.0, 1.0, 1.0, 1.0, -1.0, 0.0], [1.0, 0.0, 1.0, 1.0, -1.0, 0.0], [1.0, 1.0, 0.0, 1.0, -1.0, 0.0], [1.0, 1.0, 1.0, 0.0, -1.0, 0.0], [-1.0, -1.0, -1.0, -1.0, 0.0, -1.0], [0.0, 0.0, 0.0, 0.0, 0.0, 0.0]]","[5, 6]","['$user$0, 0.828, good, good, None, 0x2adF05454DC6B0494f9CAE2B56235fD4ca55592A', '$user$1, 0.827, good, good, None, 0xbB52217162539A4D9cb72Db99fD36263798E8619', '$user$2, 0.838, good, good, None, 0x2273f9acD6D094959D51Fcb23394952c31814946', '$user$3, 0.821, good, good, None, 0x0c28766BA974a46e294846df83263bc567d811BB', '$user$4, 0.714, bad, bad, 3, 0x1d00B04A7dE781069478545953C538aaE557c1b1']","[('close', '36c361363fb766dc933fdd26906963044c4adfdb60dd97b08378e90cb05c602a', 643643), ('slot', 'de9fd3aa33d64a0a24ba099a6eebc23c47862ac04bc2f4e2cb5d19b5efc3eb42', 50814), ('slot', 'bd276d872457cfe7e048b67d549f4f78a94c12719c124b0d5fcb93679bee2998', 50814), ('slot', '3890ece73a3987983004b4909ccfed3743a87aff8f19f06ba6af9990d5f16097', 50814), ('slot', 'cf2cf404467003253519246801c6260180b0c161a1152de3c620e53bc1158eee', 50814), ('slot', 'b6b468d095b50799c8275fa31cbf1c9a095f3e91a05d0c9cafafe61446eb9472', 50814), ('slot', 'e2eed3f07a564ed9b6b392f7c79f54dc5bee1755d7f9d562135389ff03267f86', 50814), ('weights', '774c7e3a23a10cd5c43ebc4a3217cf28d3c63384a9d23b837f61e9167360b9fe', 73694), ('weights', '51d62cf978fb76b9a3a64b0b1f8b76b845a3f4d6c1274c1a66476a8845d23f2e', 56582), ('weights', '83a42772d59b29e4016fee69f43a00533d6c1758b8bca9eb8fe9fd2b1d55be1e', 56594), ('weights', '4cf7fd8c539f661230256de3b72773944bf808d7af11b79f2c77972e24da0c0a', 56594), ('weights', '4bb0941433771add2a7d306731065359112a6901ef04a2ac005a9a237adce4b7', 56594), ('weights', '4907f272127bf6b55e797737754d1ef988ba505453d6c02ae7ab9ddfb9c7f0f3', 56594), ('feedback', '0b22e1497ec40ecbd1416133447a0735ad930e68450697d0659c2b71594c8dd5', 694129), ('feedback', '7e781a76cd2d8adcd0866b8185d25860fef0e9b14d39a4aebae27438ea0e8335', 642829), ('feedback', 'c144711487dcf6a576d08dc0dddb0c5ff2482d37223c315b7163f9eadcd1c567', 625729), ('feedback', 'e6c8c39095ad27db037baea97b1935d91e0a964d76b281a118a9eb8ab06696b3', 625729), ('feedback', 'a8f809c413f689b1b7b7689454878123b7cf69c8e41aff89e2c40478db78fa11', 622143), ('feedback', '609dfa2be0c4048c96543e78a137baa6f686109b8573d1e985b3b5a27b0e163e', 612261), ('contrib', 'f04a516c63145788fa40d0a8d04ce737009f780114a351c48490277b1491fab8', 75223), ('contrib', '9b1ef8fc0134922f72feacbd04c19626d3ef5b0b9de3580bd136277d58528c8c', 58123), ('contrib', '078dcf47433ea884145016c119dbd6463a7ad894d20c99c5a44f1fb0452c516c', 58123), ('contrib', '3c845cb758a5fbe5f9b41305f7c37b47f5f9574b5218cb217c00eac52df99cf7', 58123), ('close', '21aaff5e92454372a24b8385cc5f8e4684e71a6321b6bb6f9e863171ad91676b', 618390)]"
4,16:09:06.399,0.8916,114.49537555500865,"[1636170836825885739, 692831053957035360, 1731816717938094116, 1707345114624819554, 631836276654165223, 0]","[86, 85, 86, 84, 87, 0]","[15, 15, 16, 17, 15, 0]","[('0x2adF05454DC6B0494f9CAE2B56235fD4ca55592A', 2789478959434653333, 21158626223034746, 1636170836825885739), ('0xbB52217162539A4D9cb72Db99fD36263798E8619', 3822047691746930124, 110387575666461158, 692831053957035360), ('0x2273f9acD6D094959D51Fcb23394952c31814946', 2801681618842141923, 129007166742731713, 1731816717938094116), ('0x0c28766BA974a46e294846df83263bc567d811BB', 2852510825107539764, 155364769694854992, 1707345114624819554)]",600000000000000000,"[(4, 315918138327082611)]","[50872093023255862, 265406976744186007, 310174418604651114, 373546511627906974]","[[0.0, 1.0, 1.0, 1.0, -1.0, 0.0], [1.0, 0.0, 1.0, 1.0, -1.0, 0.0], [1.0, 1.0, 0.0, 1.0, -1.0, 0.0], [1.0, 1.0, 1.0, 0.0, -1.0, 0.0], [-1.0, -1.0, -1.0, -1.0, 0.0, 0.0], [0.0, 0.0, 0.0, 0.0, 0.0, 0.0]]",[5],"['$user$0, 0.856, good, good, None, 0x2adF05454DC6B0494f9CAE2B56235fD4ca55592A', '$user$1, 0.885, good, good, None, 0xbB52217162539A4D9cb72Db99fD36263798E8619', '$user$2, 0.885, good, good, None, 0x2273f9acD6D094959D51Fcb23394952c31814946', '$user$3, 0.862, good, good, None, 0x0c28766BA974a46e294846df83263bc567d811BB', '$user$4, 0.714, bad, bad, 3, 0x1d00B04A7dE781069478545953C538aaE557c1b1']","[('close', '21aaff5e92454372a24b8385cc5f8e4684e71a6321b6bb6f9e863171ad91676b', 618390), ('slot', 'e8aa6323be7d43b220c8d11443aaca3dd789a28aa786dc4f5b653ae1b3366379', 50814), ('slot', '3550a46812775f70b7399217e6543071a9c005cea2ef35a83481d490a621dcae', 50814), ('slot', '8dc093573c43d720d2740777807d5d210bfa8404cf797d103e9f6f4febb5ddab', 50814), ('slot', 'd87577850c403dee2f2eb1d9b19be54d873e43fd473cc1c90ca26024c2d7a4e1', 50814), ('slot', 'b88d8801e8218561284060580982a75d15da907746565a49e835b1e5badd19b9', 50814), ('weights', '8b3e6302473fa715fb9d963696a89545002d9e64593076cf499bbe752569eea1', 73682), ('weights', '030c9530783a54f5511561c94f3223ad63f48b3ec0f824b11556565a63557860', 56582), ('weights', 'b8c04536e218ea3a4786c9022ed790f1e3d3a79cd654265a9afaa153c9cf4ccb', 56594), ('weights', 'f89244b72d1003e3e7a72e02d8b7c10f1a266bdb6d4923644b733089d5c2e9f8', 56594), ('weights', '3255ad50dc49d77732dc6512e8b8fefd6686914328d4403ef11aac759e0e1fbf', 56594), ('feedback', 'd44053a74c494970e92c58ed46b3cf4ff99861b76c7099f6dfb616f643bc4919', 619388), ('feedback', 'd98d0c69f792ace61adc973bf0e7905b942d65685ce9e395966e0721c7f7acaf', 568088), ('feedback', '4717cbc8722a52c3e4b585927b5b73fdbe7cc7643d0767206e0812f77bb60a5a', 550988), ('feedback', 'a67f30816edbaedffa75e40e288a3d55cd462d2d5d821673c3427be989f1477f', 550988), ('feedback', 'e9bcab1c3800ef6f73485054b9a8bec4172a95e6c893140f4fe3747ae8e2af9d', 532168), ('contrib', 'b7fc57177eb23fb14a50b27697a9820cfb347d01d616d5e26278a7e3b66288ff', 75211), ('contrib', '3cc43a2b1327387305aefab8496f84ddae691c811154a388d5cce8c5b5b83d3f', 58123), ('contrib', 'd22793fba6f616290f49d4d4988e2a9cb91576538eaf876ce0660f096fa36346', 58123), ('contrib', '3cddc1cb658efaa4a85dd6120d1312513b21e437c754f8c7e4568cc1528f03a6', 58123), ('close', '243fb89009e19566756b05e62b4bfaf89f75b3877375e4f8d186c4f02a376ca8', 543324)]"
5,16:11:06.425,0.9055,95.81446555815637,"[1655584092589514284, 828723844302434351, 1692990206410837439, 1901477672261103768, 421224184436110149, 0]","[89, 89, 89, 87, 89, 0]","[11, 11, 12, 14, 11, 0]","[('0x2adF05454DC6B0494f9CAE2B56235fD4ca55592A', 3500156609865783807, 19413255763628545, 1655584092589514284), ('0xbB52217162539A4D9cb72Db99fD36263798E8619', 4443496392734634186, 135892790345398991, 828723844302434351), ('0x2273f9acD6D094959D51Fcb23394952c31814946', 3404510728753575430, 38826511527256677, 1692990206410837439), ('0x0c28766BA974a46e294846df83263bc567d811BB', 3428982332066849992, 194132557636284214, 1901477672261103768)]",500000000000000000,"[(5, 210612092218055074)]","[62500000000000333, 437499999999999666, -124999999999999333, 624999999999999333]","[[0.0, 1.0, 1.0, 1.0, -1.0, 0.0], [1.0, 0.0, 1.0, 1.0, -1.0, 0.0], [1.0, 1.0, 0.0, 1.0, -1.0, 0.0], [1.0, 1.0, 1.0, 0.0, -1.0, 0.0], [-1.0, -1.0, -1.0, -1.0, 0.0, 0.0], [0.0, 0.0, 0.0, 0.0, 0.0, 0.0]]",[5],"['$user$0, 0.873, good, good, None, 0x2adF05454DC6B0494f9CAE2B56235fD4ca55592A', '$user$1, 0.88, good, good, None, 0xbB52217162539A4D9cb72Db99fD36263798E8619', '$user$2, 0.895, good, good, None, 0x2273f9acD6D094959D51Fcb23394952c31814946', '$user$3, 0.882, good, good, None, 0x0c28766BA974a46e294846df83263bc567d811BB', '$user$4, 0.714, bad, bad, 3, 0x1d00B04A7dE781069478545953C538aaE557c1b1']","[('close', '243fb89009e19566756b05e62b4bfaf89f75b3877375e4f8d186c4f02a376ca8', 543324), ('slot', 'fe831f5982e33cc9f9ef9ea78fd003ec686e0035791e67a98dcf7b994c952526', 50814), ('slot', 'eb7cf22cc7ac809100083ae7c17b7f0093136bbf92e88b8529f80670ee78e561', 50814), ('slot', 'd406715c4f26e2b43564962ffbd30ff31262396ece94320d9972305e0a993c65', 50802), ('slot', '7cef084601ac1c085a2d5230160d8a107e3e7c13bbe4cdfe1ef4816c0492d881', 50814), ('slot', 'aa3b1febaa3014b94437950b44602273149bdabaee554c1b6225ba294ce19ac8', 50814), ('weights', 'eb8cac3228d116ca889b885c1ddee7f084f8dc8c679b4c4ec9b7519fd62fdb1c', 73694), ('weights', '762457b9b3a9c58f4139967d7e65773cb0710db0bef0a2d301a2bfe33d1aa4fe', 56570), ('weights', '5574eee4436654a626a574b8b782c1cae2f1912f410f262ad569511e88f524e5', 56594), ('weights', 'ca0fb48c1c1d89119305a03c8c8915ef89476bd8dd31cbdef80d520d739abad8', 56582), ('weights', '8e3a8015313cf49cae3d4b75f316af9e8d50ffa4d2e9b9267b755b75aa3c4019', 56594), ('feedback', '5ca2328ea57a962b1db2d978427473b5f0b016e23f1fc08dae121daa341f66e9', 619388), ('feedback', '19c27da9adfe432ed7a937346c899b04618c24cada4e32533f08ed08a2e7e181', 568088), ('feedback', '0fd197d5e79b27ce56b78dc4d58d300b8fd7eb859dcd8233dd160e07bd69e588', 550988), ('feedback', 'e4b86e08db1f3a5a4c2680159851ba720a4d2b1c18ece6efb97c5cfe8a0f4017', 550988), ('feedback', '6930e23ad18b5b214979ba5103e19a23ad447003ee8a6e45d3b21b6aac9d8063', 532168), ('contrib', 'fcfa793e227280160e794d7faf698de047a3535b419f771c102b31194ac10b49', 75211), ('contrib', '531552663c8919f2509cb53fd1d1a73b26789821306556093fb273101055a7d9', 58123), ('contrib', '999b51fb19d63f1ae4046e07eb7ce75086cae1d53fc250b73b6dc0bb5231774f', 78035), ('contrib', '5337105f04e5472e5a3fbcd4b43edf61907ab29faf3e335cc7d1d30fb088ce3d', 58123), ('close', 'ee94f0bd5343e6e2caaa6d02a8e106077aef8e02278061193d27a33e7a1ea21d', 543335)]"
6,16:13:13.406,0.9172,82.86087432876229,"[1698991103689835982, 822045842594693602, 1756431222634383661, 2041715708123679980, 280816122957406766, 0]","[90, 90, 91, 88, 91, 0]","[9, 10, 10, 11, 10, 0]","[('0x2adF05454DC6B0494f9CAE2B56235fD4ca55592A', 4001967538538265409, 43407011100321698, 1698991103689835982), ('0xbB52217162539A4D9cb72Db99fD36263798E8619', 4828827786825345342, 6678001707740749, 822045842594693602), ('0x2273f9acD6D094959D51Fcb23394952c31814946', 3964561424716942254, 63441016223546222, 1756431222634383661), ('0x0c28766BA974a46e294846df83263bc567d811BB', 3756073958866675925, 140238035862576212, 2041715708123679980)]",400000000000000000,"[(6, 140408061478703383)]","[180555555555556607, -27777777777773571, 263888888888886785, 583333333333330150]","[[0.0, 1.0, 1.0, 1.0, -1.0, 0.0], [1.0, 0.0, 1.0, 1.0, -1.0, 0.0], [1.0, 1.0, 0.0, 1.0, -1.0, 0.0], [1.0, 1.0, 1.0, 0.0, -1.0, 0.0], [-1.0, -1.0, -1.0, -1.0, 0.0, 0.0], [0.0, 0.0, 0.0, 0.0, 0.0, 0.0]]",[5],"['$user$0, 0.904, good, good, None, 0x2adF05454DC6B0494f9CAE2B56235fD4ca55592A', '$user$1, 0.898, good, good, None, 0xbB52217162539A4D9cb72Db99fD36263798E8619', '$user$2, 0.913, good, good, None, 0x2273f9acD6D094959D51Fcb23394952c31814946', '$user$3, 0.893, good, good, None, 0x0c28766BA974a46e294846df83263bc567d811BB', '$user$4, 0.714, bad, bad, 3, 0x1d00B04A7dE781069478545953C538aaE557c1b1']","[('close', 'ee94f0bd5343e6e2caaa6d02a8e106077aef8e02278061193d27a33e7a1ea21d', 543335), ('slot', '6e4e526d81f6455da720e399b24dfbe4b20808abe27606c73a5440cb497bdfa3', 50814), ('slot', '546ccf5e530e6a566746f2c1cd68ccdcbf74cc4d9aa4210f53b99f43c6beee2b', 50802), ('slot', '3dd7275df82b089c27679e286d837d4e22ba0cbf9bdfb62fa05549818608bd11', 50802), ('slot', '929f006c49a23f09c2c4298ce20ec93f2fa9c6c21315a350eed3587367d95df1', 50814), ('slot', 'bfd99a9caab66ae64d7d0149ae1fbeae1ba3c7d6d81b3fb56badd8590d1ad031', 50814), ('weights', '03cf9fb43a12b5224ba2b0b543be2e40204a42d5d93ac510b7951e221411fd4b', 73694), ('weights', '3174b574260d696bb384c7bc30e5ef70c24c9fa1dc1a5068bd2b8ac1fbcde6da', 56570), ('weights', 'c7dfe32955fc25f80c28051bea943d5cab58568204810a73779118130518ac51', 56594), ('weights', 'e98ed3442b7fa849bf0cd73f35a398a115f0a245e027d1118cbfc7f6e864c8cb', 56594), ('weights', '1b83e091750fe57214eef3aec4570ff2ff5f02c0958db25b8b1d85b721cdb2b7', 56594), ('feedback', '8c4b6705b8ef8d08b1e8755a042b1c89f55f3fb53f2b35df4917573122ef82c3', 619388), ('feedback', 'd9451268df379076a4bc7ce3af673fdddac4def8caa7289c4c7d93e913fe6cc5', 568088), ('feedback', '4aa6e9694f859739f7f7b36311af20704b0312f2744522c57fbc89c89354f331', 550988), ('feedback', '30768b2b44859ecb967755d3fb20f970b543742583d9d6f9bbbe391fe6dadb2b', 550988), ('feedback', '53a8255aa7ec99538e63ccdebed39fc0645418c14d7f13971ddb4b475b513151', 532168), ('contrib', '74fabb34ef162e2aed099f990e9f65b3515967b5f0394650f0283fffc1cc0a10', 75223), ('contrib', 'ba91a3a7dda99f809f1f49cbb2b946335e3deecd8b3e3b5e4738f1dd770e1761', 78023), ('contrib', 'daa47f6b76a1965cea018ff306ee8e420cb4667fe9c5da48112e9197f898b08b', 58123), ('contrib', 'cde25fac4de889b8f0254d4f7884f3854da550c613748c184bb68a22a8a2b5ac', 58123), ('close', 'fdba33fb9f85269781ef895025f0cb32fd5a0593b9e91f84a519b49dc6d4b654', 543335)]"
7,16:15:14.269,0.9279,72.4449375262484,"[1365776996102108106, 917249873334048337, 1994441299482761875, 2422531831081081672, 0, 0]","[92, 92, 93, 90, 92, 0]","[8, 8, 9, 10, 8, 0]","[('0x2adF05454DC6B0494f9CAE2B56235fD4ca55592A', 4339376650395350477, 333214107587727876, 1365776996102108106), ('0xbB52217162539A4D9cb72Db99fD36263798E8619', 5216321911490492857, 95204030739354735, 917249873334048337), ('0x2273f9acD6D094959D51Fcb23394952c31814946', 4281936531450802798, 238010076848378214, 1994441299482761875), ('0x0c28766BA974a46e294846df83263bc567d811BB', 3996652045961506479, 380816122957401692, 2422531831081081672)]",300000000000000000,"[(7, 280816122957406766)]","[-874999999999992006, 250000000000007993, 624999999999997335, 999999999999986677]","[[0.0, 1.0, 1.0, 1.0, -1.0, 0.0], [1.0, 0.0, 1.0, 1.0, -1.0, 0.0], [1.0, 1.0, 0.0, 1.0, -1.0, 0.0], [1.0, 1.0, 1.0, 0.0, -1.0, 0.0], [-1.0, -1.0, -1.0, -1.0, 0.0, 0.0], [0.0, 0.0, 0.0, 0.0, 0.0, 0.0]]",[5],"['$user$0, 0.913, good, good, None, 0x2adF05454DC6B0494f9CAE2B56235fD4ca55592A', '$user$1, 0.913, good, good, None, 0xbB52217162539A4D9cb72Db99fD36263798E8619', '$user$2, 0.928, good, good, None, 0x2273f9acD6D094959D51Fcb23394952c31814946', '$user$3, 0.918, good, good, None, 0x0c28766BA974a46e294846df83263bc567d811BB']","[('close', 'fdba33fb9f85269781ef895025f0cb32fd5a0593b9e91f84a519b49dc6d4b654', 543335), ('slot', '8fc82644719d570d2765733cbe6f37b67b3b8ff5fa9e4838d31ef02f9dc37587', 50814), ('slot', 'e8e1cd4b4f7faf1e448a5f957f39d39dd9cbe0e78b5c3be40dbb7ec7e4b1f2de', 50814), ('slot', 'c6430a18b1ec2ddba876d11e009fa61375c559a257ad2016712b058caf4cef64', 50814), ('slot', 'be8fef1fda1490876c5b062bf3609e6ac93af1f9ff6d6fee9054108a5d5d28a9', 50814), ('slot', '18cf5f52bcd415d4a7aa4b0fdf00d1107258cb341acff9b57bd2a6c52018fd0d', 50814), ('weights', 'cf063556842da30f6e5f6372f204110462be3551e72b50d8625648665b413b25', 73694), ('weights', 'bc866eed892c7b05682a902343ae1d2833739d4f0cc53e062fde1e51e61411f2', 56582), ('weights', 'c1df6d4488740f4829f101a87e3725d972ae75dd53fc2da3e7def08e07b72f49', 56594), ('weights', '58d0fd71caf8117c42bc8e66ef31c683360eb470c37f4441581d68ecf45cd9b0', 56594), ('weights', 'aca057608520719e1e1748acf6a69017304a6164d0ba8bfcc94d2e17972f8064', 56594), ('feedback', '1232a69fe466eeb27c99438ce44ac8bc0557990f11868507a7cfb9ada7afcb9c', 619388), ('feedback', '54ac3bcf5e7dc15e3161ca8fff62b9ea9a20dc0570f0d5f92526922949585b2c', 568076), ('feedback', 'a98745434c50c4a28deb52de66fa9a43ef3f3528b4eab93467e284baebb273b2', 550988), ('feedback', 'f5c18b15158233ed39e91cea6f2e7b0241a423970bea685b273913c1cb04c585', 550988), ('feedback', 'd0167eaddd71830da3c519412b570ff55b63b2ffbb97ad1c490e821aad3f58f0', 532168), ('contrib', '2cadf4f1a42f8d1d7d45a91e0fed411036d18531bf78d4bfe0fc87aa157b4766', 95135), ('contrib', 'f2d67d47d9d41346dc0779b8a950fd7dc0e8947c4d4900316462050645dd5d15', 58123), ('contrib', '88bb901f714b296afef02717ecb8b9a60735ce9507e7a0e1401b4d9a92ebd576', 58123), ('contrib', '13c434af8bd93bef2e5836dc362f82c92092f2e00dbe660cf9ab3d7135490280', 58123), ('close', '0c6bd73edb6e29ebdab88f9248946056978693c150a4417d96527635526592ba', 502195)]"
8,16:17:05.141,0.9375,64.53013136750087,"[1359526996102108506, 973499873334047937, 2050691299482761475, 2416281831081082072, 0, 0]","[93, 93, 94, 91, 0, 0]","[7, 7, 7, 9, 0, 0]","[('0x2adF05454DC6B0494f9CAE2B56235fD4ca55592A', 5334223003897891884, 6249999999999600, 1359526996102108506), ('0xbB52217162539A4D9cb72Db99fD36263798E8619', 5782750126665951653, 56249999999999600, 973499873334047937), ('0x2273f9acD6D094959D51Fcb23394952c31814946', 4705558700517238115, 56249999999999600, 2050691299482761475), ('0x0c28766BA974a46e294846df83263bc567d811BB', 4277468168918918318, 6249999999999600, 2416281831081082072)]",200000000000000000,[],"[-62499999999996003, 562499999999996003, 562499999999996003, -62499999999996003]","[[0.0, 1.0, 1.0, 1.0, 0.0, 0.0], [1.0, 0.0, 1.0, 1.0, 0.0, 0.0], [1.0, 1.0, 0.0, 1.0, 0.0, 0.0], [1.0, 1.0, 1.0, 0.0, 0.0, 0.0], [0.0, 0.0, 0.0, 0.0, 0.0, 0.0], [0.0, 0.0, 0.0, 0.0, 0.0, 0.0]]",[],"['$user$0, 0.914, good, good, None, 0x2adF05454DC6B0494f9CAE2B56235fD4ca55592A', '$user$1, 0.931, good, good, None, 0xbB52217162539A4D9cb72Db99fD36263798E8619', '$user$2, 0.933, good, good, None, 0x2273f9acD6D094959D51Fcb23394952c31814946', '$user$3, 0.917, good, good, None, 0x0c28766BA974a46e294846df83263bc567d811BB']","[('close', '0c6bd73edb6e29ebdab88f9248946056978693c150a4417d96527635526592ba', 502195), ('slot', 'bb7ab27b28e4c8742201f620fe6ed8d2575a78f31fa66b04b760e03cec7825a3', 50814), ('slot', '60dcbeac898b4deb2f6191eaccfe4000de3ad2e94d8e28d930840a96e930aaec', 50814), ('slot', '8143c898f05bc91f9914de69e82f134d8fba705b6dcfc64704cab60903be3e70', 50814), ('slot', 'c70eb8d6575f0b70083870b34a0fc200242f11b4bc5f3f923e1e11eaa295e625', 50814), ('weights', '7d3454ffcbd5d8ed6a204da95d123182d1e7a51b75c1e68eb501c28a2522f808', 73694), ('weights', 'f340fadc8891655ef5d33ddf0f65ff89498d1a8a12880841cbf37f4a1f533ec5', 56582), ('weights', '4c4f30c146dd4464391c889ea8010abefa230c41bf73936f8da46003af337d7a', 56594), ('weights', 'ab84cdec4b60cf00b8e9ccab6c48ad44334939ee42209d5ba087763686d0dff8', 56594), ('feedback', 'ba8c6c1f2a0b74962e2784d9de24a12bb273ca9ca581f91cf5d88412c943c52b', 521426), ('feedback', '2f7f17cacf1dd404e5b8af8bd2b93dea59b0cffdcab34f20625191ae6bdc3ee9', 487226), ('feedback', '37d4d17e6bff4d6fc3eda4263cc42ce35bec2d001ec7abf6fb0bf513425cd1bf', 470126), ('feedback', 'c53ab7ca552c3240ead3e17fb3d2b9b2a24f1025d51103aa82fb8007329cc7a5', 470126), ('contrib', '95d995bc76e04ee63a5324e04e3b7528fa4a8295b81808d3204147a42f6563b0', 95123), ('contrib', '0982c81176f0b6134e2e46dea89722e5733db8382ce0211235a98489955b5ffb', 58123), ('contrib', '95224a0396fcdd96bfb8abeb3b64fdeda2714ef5aff92d0e93e14e5c40d1c3f1', 58123), ('contrib', '1c92cfa099649f0a23c37d4829a7550f73bbe055e6d0123a955dfb0cfe03b9f3', 78023), ('close', '6df7178358ecdce4e3b696d35cea8d18dec0b567ba10f99e7ec7d6e5a7d2db0c', 410467)]"
9,16:18:44.096,0.9441,58.156193315051496,"[1378276996102108505, 984749873334047946, 2091941299482761470, 2445031831081082068, 0, 0]","[93, 94, 94, 92, 0, 0]","[6, 7, 7, 8, 0, 0]","[('0x2adF05454DC6B0494f9CAE2B56235fD4ca55592A', 5440473003897891484, 18749999999999999, 1378276996102108505), ('0xbB52217162539A4D9cb72Db99fD36263798E8619', 5826500126665952053, 11250000000000009, 984749873334047946), ('0x2273f9acD6D094959D51Fcb23394952c31814946', 4749308700517238515, 41249999999999995, 2091941299482761470), ('0x0c28766BA974a46e294846df83263bc567d811BB', 4383718168918917918, 28749999999999996, 2445031831081082068)]",100000000000000000,[],"[187500000000000000, 112500000000000099, 412499999999999977, 287499999999999977]","[[0.0, 1.0, 1.0, 1.0, 0.0, 0.0], [1.0, 0.0, 1.0, 1.0, 0.0, 0.0], [1.0, 1.0, 0.0, 1.0, 0.0, 0.0], [1.0, 1.0, 1.0, 0.0, 0.0, 0.0], [0.0, 0.0, 0.0, 0.0, 0.0, 0.0], [0.0, 0.0, 0.0, 0.0, 0.0, 0.0]]",[],"['$user$0, 0.925, good, good, None, 0x2adF05454DC6B0494f9CAE2B56235fD4ca55592A', '$user$1, 0.936, good, good, None, 0xbB52217162539A4D9cb72Db99fD36263798E8619', '$user$2, 0.943, good, good, None, 0x2273f9acD6D094959D51Fcb23394952c31814946', '$user$3, 0.924, good, good, None, 0x0c28766BA974a46e294846df83263bc567d811BB']","[('close', '6df7178358ecdce4e3b696d35cea8d18dec0b567ba10f99e7ec7d6e5a7d2db0c', 410467), ('slot', '6e1fcacc694b482e9ada8d46f50c7996e63e7cf12aa55af7d42a24727ef9867a', 50814), ('slot', 'a1082367c9fee347383d825c58567c8b6fe386cb74f290cdf8529d8260fdfae3', 50814), ('slot', '43c2250bf58e8dada12bb217577d5ce0c988c1c00a19d1e478502fe6b22adc5b', 50814), ('slot', '25c201ecc2cd87c44cb90797879d982db730ad8866bfe68f04f0b4f254da57ae', 50814), ('weights', 'e44f01695d4c357cb4c247b2070b403d4a672d43c625136fa1e1d8a00268fb09', 73694), ('weights', '2ebfdbc72f1e1e4d97d0269850b4af2d2f85daf40a8bbd9efe2bc75b2ee6bcfd', 56582), ('weights', '8dea7a47dac31e7c929253d60a53102f67d098453c96d520189cfab60dbefee5', 56594), ('weights', '0a373ff7d6c13acc984b0d3755028b8936b31e595ca84d098baf0a0b48c954b1', 56594), ('feedback', '45b6625262b4616dbafa924d4ab47f866829d45a0698796c19356dec3055cc57', 521426), ('feedback', 'b30970237ab03934ec1687ad958b26e356d4a90292db88026b905df9fa45dcd6', 487226), ('feedback', '8413ccec1c6957da527bad84bd1423462049d5913553cfa493c87ff9241f8533', 470126), ('feedback', '3ed07fbcba7412504ad6c1a7d918652193c57c441f9b6463dc3a80ff42535f49', 470126), ('contrib', '6c17ca49bbb58abbfe5e5f4d5ae304d0b0be502e6ac34da30f8764db2ee4ad7a', 75211), ('contrib', '5eeee8a966025a70482ed1bff73d84fa10eb318718dd13cb05a6828816df8714', 58123), ('contrib', '7e76795ec233c839793d7e3edb51179e3ac9f5b0f8c89a6ff9eae3f893ac6c17', 58123), ('contrib', '550ec5d36bed10b26a1eb85903eb103e7d33aac9c9f4522a2a28fb05a94ad84b', 58123), ('close', 'ee049b5a894c40362ac1ecdbeb77e6e9c8d66ebc84c0920612ef9313467d614f', 410444)]"
10,16:20:25.834,0.9493,51.95995365269482,"[1471134138959251187, 1034749873334047946, 2070512728054190129, 2423603259652510727, 0, 0]","[94, 95, 95, 92, 0, 0]","[6, 6, 6, 7, 0, 0]","[('0x2adF05454DC6B0494f9CAE2B56235fD4ca55592A', 5521723003897891484, 92857142857142682, 1471134138959251187), ('0xbB52217162539A4D9cb72Db99fD36263798E8619', 5915250126665952043, 50000000000000000, 1034749873334047946), ('0x2273f9acD6D094959D51Fcb23394952c31814946', 4808058700517238519, 21428571428571341, 2070512728054190129), ('0x0c28766BA974a46e294846df83263bc567d811BB', 4454968168918917921, 21428571428571341, 2423603259652510727)]",0,[],"[928571428571426826, 500000000000000000, -214285714285713413, -214285714285713413]","[[0.0, 1.0, 1.0, 1.0, 0.0, 0.0], [1.0, 0.0, 1.0, 1.0, 0.0, 0.0], [1.0, 1.0, 0.0, 1.0, 0.0, 0.0], [1.0, 1.0, 1.0, 0.0, 0.0, 0.0], [0.0, 0.0, 0.0, 0.0, 0.0, 0.0], [0.0, 0.0, 0.0, 0.0, 0.0, 0.0]]",[],"['$user$0, 0.941, good, good, None, 0x2adF05454DC6B0494f9CAE2B56235fD4ca55592A', '$user$1, 0.943, good, good, None, 0xbB52217162539A4D9cb72Db99fD36263798E8619', '$user$2, 0.949, good, good, None, 0x2273f9acD6D094959D51Fcb23394952c31814946', '$user$3, 0.93, good, good, None, 0x0c28766BA974a46e294846df83263bc567d811BB']","[('close', 'ee049b5a894c40362ac1ecdbeb77e6e9c8d66ebc84c0920612ef9313467d614f', 410444), ('slot', '30c4add2a0c6b1a038b33dbe177d84584aa4f304957d1a39f9b6ee10cfa43973', 50802), ('slot', 'b8be7ddf3c3f40da1cc89e4edc459a9773966fe1102aaada2622f58e518c1ba6', 50814), ('slot', 'a4d91c3435c64e0032220a1c15be551733ff09c412b65982b5cad40839e5acd8', 50802), ('slot', '953ffc615a9b0bf26c06a1b32dc3f03f5e2b15e980e185af02bd8856e2552de1', 50814), ('weights', 'e2105a2ea69790774a32968187d7497f476c11fa2e45e97c6fffd09a2502d951', 73694), ('weights', '0a4255fb59d2341128cea75372a67245476b1eedebf62098a987f6a8a64b4007', 56582), ('weights', '0e4d090b5f46a2eebce60ee3e2d9b4735c1412ac7f4d56bd436d63ed9e42715b', 56594), ('weights', '099514d8ea44afb8fb34e86dca3ae1def3034d8fae118021dc9933f859d84036', 56594), ('feedback', 'f00333b79d618c8e56b4a93b9386eaab9b5c151a858dc0b6156b86e0fd1de97d', 521426), ('feedback', 'eb5b71d328f07e65bc3b001b7d3ea003840f4fbabc69cf94b80f9bb1ebd2b5e6', 487226), ('feedback', 'fd7b3d3f7f397cc10ee17243e62d3efa4b97f7ba73307eb2f97cd9eb1b56767c', 470126), ('feedback', '947f5fa771bda1c8078efe1f5719ae2157358c58f4caf8dc982a8625c97732a5', 470126), ('contrib', 'cc2f0ecc4b8cb4468526813886770a9b3f4d2a7898dc4d720eefb16b8701ba78', 75223), ('contrib', '5a654ad3a0ac2ed1b7cc25590500fdc50cb9982e20504808cd5b5056fdeaecea', 58099), ('contrib', '3cd403fae86f5fedce5a336a4f8098a2c908a0f7915fa040496d7b9849c7f4d4', 78035), ('contrib', 'a59e0ca9a9bd5914c08fc492ec63eb631d9aeb1092a84b70f3675dc02335e2ac', 78035), ('close', '6d893c0d7e163648a700f1bc75d05b9d799a8b21977d764f0bf880fa4d4f47fe', 410467)]"
# $gasCosts$[736253, 745279, 667853, 687405, 667865, 612261, 75223, 58123, 58123, 58123, 756779, 648579, 671279, 651379, 671291, 612261, 75223, 58123, 58123, 58123, 58123, 694129, 642829, 625729, 625729, 622143, 612261, 75223, 58123, 58123, 58123, 619388, 568088, 550988, 550988, 532168, 75211, 58123, 58123, 58123, 619388, 568088, 550988, 550988, 532168, 75211, 58123, 78035, 58123, 619388, 568088, 550988, 550988, 532168, 75223, 78023, 58123, 58123, 619388, 568076, 550988, 550988, 532168, 95135, 58123, 58123, 58123, 521426, 487226, 470126, 470126, 95123, 58123, 58123, 78023, 521426, 487226, 470126, 470126, 75211, 58123, 58123, 58123, 521426, 487226, 470126, 470126, 75223, 58099, 78035, 78035],[126674, 126674, 126674, 126674, 126674],[50790, 50814, 50814, 50814, 50802, 50814, 50814, 50814, 50814, 50814, 50814, 50814, 50814, 50814, 50814, 50814, 50814, 50814, 50814, 50814, 50814, 50814, 50814, 50814, 50814, 50802, 50814, 50814, 50814, 50802, 50802, 50814, 50814, 50814, 50814, 50814, 50814, 50814, 50814, 50814, 50814, 50814, 50814, 50814, 50814, 50814, 50802, 50814, 50802, 50814],[73694, 56582, 56594, 56594, 56594, 56594, 73694, 56582, 56594, 56594, 56594, 56582, 73694, 56582, 56594, 56594, 56594, 56594, 73682, 56582, 56594, 56594, 56594, 73694, 56570, 56594, 56582, 56594, 73694, 56570, 56594, 56594, 56594, 73694, 56582, 56594, 56594, 56594, 73694, 56582, 56594, 56594, 73694, 56582, 56594, 56594, 73694, 56582, 56594, 56594],[682848, 643643, 618390, 543324, 543335, 543335, 502195, 410467, 410444, 410467],[],[]
# TOTAL EXPERIMENT TIME: 1268.35 seconds
