# Author Nykjaer
# ------Specs--------# cpu_name:  (processor model)
# cpu_cores: 6 (physical cores)
# ram_gb: 13.5 (system memory in GB)
# gpu_name: NVIDIA GeForce RTX 3060 Laptop GPU (graphics processor)
# os_name: Linux (operating system)
# ------Config--------# good_contributors: 4 (honest participants)
# bad_contributors: 1 (malicious participants)
# freeriders: 1 (contribute 0)
# inactive: 0 (never join)
# reward: 1000000000000000000 (total reward pool)
# minimum_rounds: 10 (rounds to simulate)
# min_buy_in: 1000000000000000000 (lower buy-in bound)
# max_buy_in: 1000000000000000000 (upper buy-in bound)
# standard_buy_in: 1000000000000000000 (default buy-in)
# epochs: 1 (local epochs per round)
# batch_size: 32 (training batch size)
# punish_factor: 3 (penalty multiplier)
# first_round_fee: 50 (fee for first round)
# fork: True (True=local fork, False=real net)
# contribution_score_strategy: accuracy (scoring method)
# use_outlier_detection: False (Whether to use outlier detection)
# freerider_start_round: 1 (When freeriders should start freeriding)
# freerider_noise_scale: 0.01 (How much noise a freeder should add)
round,time,globalAcc,globalLoss,GRS,accAvgPerUser,lossAvgPerUser,rewards,conctractBalanceRewards,punishments,contributionScores,feedbackMatrix,disqualifiedUsers,userStatuses,GasTransactions
# $startingUserConfig$['$user$0, 0, good, good, None, 0xA41dE09A63f6Cedd633f99052b44450d3BB91D44', '$user$1, 0, good, good, None, 0x17725D495A0843Ea05541fD61ba5D4082750bC08', '$user$2, 0, good, good, None, 0x37AC7AC5D09bbC6dAC1CF036b7F9DdD0EA4E052E', '$user$3, 0, good, good, None, 0x536fc4cd48ad9B3649e8aB615592E83Ec9F5fcd1', '$user$4, 0, good, bad, 3, 0x118E560679B62a9F24c135A96d416548782f8cc2', '$user$5, 0, good, freerider, 1, 0xA2F37A08a8488CB8551a0D03f7A73f4156757de7']
0,22:29:40.851,0,722.0343017578125,"[1000000000000000000, 1000000000000000000, 1000000000000000000, 1000000000000000000, 1000000000000000000, 1000000000000000000]",[],[],[],1000000000000000000,[],[],,[],"['$user$0, 0, good, good, None, 0xA41dE09A63f6Cedd633f99052b44450d3BB91D44', '$user$1, 0, good, good, None, 0x17725D495A0843Ea05541fD61ba5D4082750bC08', '$user$2, 0, good, good, None, 0x37AC7AC5D09bbC6dAC1CF036b7F9DdD0EA4E052E', '$user$3, 0, good, good, None, 0x536fc4cd48ad9B3649e8aB615592E83Ec9F5fcd1', '$user$4, 0, good, bad, 3, 0x118E560679B62a9F24c135A96d416548782f8cc2', '$user$5, 0, good, freerider, 1, 0xA2F37A08a8488CB8551a0D03f7A73f4156757de7']","[('register', '2575de35c72719059ab5c191bc418644d2a09b8a65708e864cf6d100ad5a1b1b', 126674), ('register', 'a268f5a657758bdbb64025a6660c77b361a27d5956288d8b472e066711422b39', 126674), ('register', '2e120140a2baea23dc4e459dba58e05ad19a5e80d7924b14203190ac511df6d6', 126674), ('register', '47d2e81db105ae40b577683657d6ad72afc883c0168d35b8ead39ea45af1a5e2', 126674), ('register', 'a361bfc133a86fe0cb3f71904bd85d9651d634f6a70f46ca3778466c24668b26', 126674)]"
1,22:30:08.463,0.2034,714.1614379882812,"[1153109213442693034, 1130528459400771812, 1191087896550818904, 1138761377572259545, 1153179719700123368, 333333333333333334]","[10, 10, 10, 12, 11, 11]","[74, 74, 74, 74, 74, 74]","[('0xA41dE09A63f6Cedd633f99052b44450d3BB91D44', 4000000000000000000, 153109213442693034, 1153109213442693034), ('0x17725D495A0843Ea05541fD61ba5D4082750bC08', 2000000000000000000, 130528459400771812, 1130528459400771812), ('0x37AC7AC5D09bbC6dAC1CF036b7F9DdD0EA4E052E', 4000000000000000000, 191087896550818904, 1191087896550818904), ('0x536fc4cd48ad9B3649e8aB615592E83Ec9F5fcd1', 4000000000000000000, 138761377572259545, 1138761377572259545), ('0x118E560679B62a9F24c135A96d416548782f8cc2', 3000000000000000000, 153179719700123368, 1153179719700123368)]",900000000000000000,"[(1, 166666666666666666)]","[199707669707860469, 170254512261876267, 249245082457589861, 180993101181208093, 199799634391465252]","[[0.0, 0.0, 1.0, 1.0, 0.0, -1.0], [1.0, 0.0, 1.0, 1.0, 1.0, -1.0], [1.0, 0.0, 0.0, 1.0, 1.0, -1.0], [1.0, 1.0, 1.0, 0.0, 1.0, -1.0], [1.0, 1.0, 1.0, 1.0, 0.0, -1.0], [0.0, 0.0, 0.0, 0.0, 0.0, 0.0]]",[6],"['$user$0, 0.765, good, good, None, 0xA41dE09A63f6Cedd633f99052b44450d3BB91D44', '$user$1, 0.647, good, good, None, 0x17725D495A0843Ea05541fD61ba5D4082750bC08', '$user$2, 0.746, good, good, None, 0x37AC7AC5D09bbC6dAC1CF036b7F9DdD0EA4E052E', '$user$3, 0.714, good, good, None, 0x536fc4cd48ad9B3649e8aB615592E83Ec9F5fcd1', '$user$4, 0.694, good, bad, 3, 0x118E560679B62a9F24c135A96d416548782f8cc2', '$user$5, 0, freerider, freerider, 1, 0xA2F37A08a8488CB8551a0D03f7A73f4156757de7']","[('slot', 'd3d13147fb11a9055705fe5296bbeb811419454e2a3989edbc6498f8bfa58d05', 50814), ('slot', '842a9ac445f867f0ec789283c2f067ba69d6755494a5f80390aeaf0467976666', 50814), ('slot', 'ff67810f31d1954065bfc1fc4b7ccd4858d878017b83b37e91544082ab42a750', 50802), ('slot', '9457b718054b0a6be139fa281b41a722ee18320b2747b7df7d2f39fa15c26177', 50814), ('slot', '3ec192bd7582ff8c9a5bb3f67dec093c3e17cd6a40cf29a76d36e54fe96e5357', 50814), ('slot', '12b8b13c04cb149af6dd40751ea0990399e07c8c10a951ba4ea301d01926f60e', 50814), ('weights', 'afe47568dbbdb40c2ea420281914ee95f7f22bc5ed1143abd50ae583d940da7a', 73694), ('weights', '038e6311bb61cb037e65ae9d6d56342ad2bd9af9845552c76aa7c888bc0ca0bf', 56594), ('weights', 'fe8640e6ac6ae91ef0815b07680ccea6f4ca7f5ceb92e769db9d15addaa2051e', 56594), ('weights', '6754ad8e717fa99d4d9eb5d7641fb29aa25efc281b84f40f267d7096e0f27728', 56594), ('weights', '837edf95e589c099cd22c0e55f77bef1be1fccfb22c15682d5817f9cdea8c189', 56594), ('weights', 'efc2b0234416d42ab46219b188cc2e051c865e2a895cb6dda1a226ae402df341', 56582), ('feedback', '2cf84ceb990a47bc156dd712e4fd14eb6238f7233659bf42a45ed47a74267741', 715043), ('feedback', '486127f7ee8c8db6ad74aa55f44bc33ab5423f51d5041ad2ed8f53ff006769b4', 745291), ('feedback', '10af889b37251c3cb3529bfbf6eb2812a607086e669c5755c4161eb326450fc2', 687417), ('feedback', 'd5d6bd74da4f0e9b3de49327766f2cd461115069fe68a53f2e32ae0b54f7d613', 728191), ('feedback', '756ab2f3b4e9135bd9303cf2b465ec8000adf41de8d9eef08dfeff18e39d4db6', 711091), ('feedback', 'c8ac7b9a8e1964bcc2aecac5abc7e42d071834214f5458927ee371f210a4d082', 612273), ('contrib', 'f997836f1998b30252b140910d06ee2eb8c7f947624e502ae3cee31ccd7132a6', 75223), ('contrib', '2b74df3ceb73599947bc9db73c25152a3996acd4ee85a05a7eebdf5d3bdd6067', 58123), ('contrib', '85521bf0cf2715e60a0e11eada4e2afa00b4d9d8a79e1b5169c6fef57443b6b2', 58123), ('contrib', '2d1903526263c09b438765a1592a95c975f46606bf0927207635fe3000c2b733', 58123), ('contrib', '0e9f3efe11d70d3c0cde1ecca5edc889afdc1871cef576501a4fc8d6c6183b86', 58123), ('close', 'bcecf3077192939bdc7147a734167cec8abe9b068f6dee0e7e36b91165bdf9ab', 671004)]"
2,22:30:35.079,0.6848,437.9768772125244,"[1196734473921389585, 1172168958351366622, 1234098344911245020, 1180597349773883165, 1194178650819893379, 222222222222222223]","[19, 20, 20, 20, 18, 22]","[73, 73, 73, 73, 73, 73]","[('0xA41dE09A63f6Cedd633f99052b44450d3BB91D44', 4613557453223973629, 43625260478696551, 1196734473921389585), ('0x17725D495A0843Ea05541fD61ba5D4082750bC08', 4636138207265894851, 41640498950594810, 1172168958351366622), ('0x37AC7AC5D09bbC6dAC1CF036b7F9DdD0EA4E052E', 4575578770115847759, 43010448360426116, 1234098344911245020), ('0x536fc4cd48ad9B3649e8aB615592E83Ec9F5fcd1', 4627905289094407118, 41835972201623620, 1180597349773883165), ('0x118E560679B62a9F24c135A96d416548782f8cc2', 4613486946966543295, 40998931119770011, 1194178650819893379)]",800000000000000000,"[(2, 111111111111111111)]","[206645970688562607, 197244468713343834, 203733702759913176, 198170394639269775, 194205463198910577]","[[0.0, 1.0, 1.0, 1.0, 1.0, -1.0], [1.0, 0.0, 1.0, 1.0, 1.0, -1.0], [1.0, 1.0, 0.0, 1.0, 1.0, -1.0], [1.0, 1.0, 1.0, 0.0, 1.0, -1.0], [1.0, 1.0, 1.0, 1.0, 0.0, -1.0], [0.0, 0.0, 0.0, 0.0, 0.0, 0.0]]",[6],"['$user$0, 0.661, good, good, None, 0xA41dE09A63f6Cedd633f99052b44450d3BB91D44', '$user$1, 0.611, good, good, None, 0x17725D495A0843Ea05541fD61ba5D4082750bC08', '$user$2, 0.676, good, good, None, 0x37AC7AC5D09bbC6dAC1CF036b7F9DdD0EA4E052E', '$user$3, 0.608, good, good, None, 0x536fc4cd48ad9B3649e8aB615592E83Ec9F5fcd1', '$user$4, 0.639, good, bad, 3, 0x118E560679B62a9F24c135A96d416548782f8cc2', '$user$5, 0, freerider, freerider, 1, 0xA2F37A08a8488CB8551a0D03f7A73f4156757de7']","[('close', 'bcecf3077192939bdc7147a734167cec8abe9b068f6dee0e7e36b91165bdf9ab', 671004), ('slot', 'ea1f67edc6028ed67fe72fabbbae2f850c31e694602bfdd023c8b39497e085dc', 50814), ('slot', '7b62743b50f562267e235650a8ca08ce2d58ecd6ec37d5e83b63c7bb9fafa394', 50814), ('slot', '1ae9924b3582f0d2745f984be9ac341b73386bdc94977df23dc290114e8b36fe', 50814), ('slot', 'ef14c664698b66e2b3d559dcc3f06c2a133aed1ca3142469a56e360c96b93ed6', 50814), ('slot', 'd9ecd37548b8fe4c7b714264b3707922b448a8c19412f634db9da52b675e4f14', 50802), ('slot', '6aa1e3104a83be73342cfcf1727f7881c8b87391990f6a59266210b07bd5c7b1', 50814), ('weights', 'eab5fa3c5f1b38d0e19b777ad220fed53b11e95e311ec9f6ef4ca544f955d80e', 73670), ('weights', 'a5cac96143ccf3b9baf3f350fcbd77ef4275ef827da00bb9e0ddf45a5dea8794', 56594), ('weights', '10eeb93dd6355ac2607d72fd5eee05da54a4f7345cde30872decbce38f2cfe8a', 56594), ('weights', '836400ae0e368e7c35187cb0562b697bfa44a77ac1b43c382efcaa4db0b4b880', 56582), ('weights', '0b163b739d644729c06ff4ec19570411be29302864eb4a052957afc96e537a6f', 56582), ('weights', '53b28aa102f7cc951867d85cb3a7e7f6c8a0c7e12ad2f84d6301da4fe2e79556', 56582), ('feedback', '3fdf658de1a27da6025b9430d05bcb8eeaf55f005d331f63bc4ff6d6d56c6664', 756791), ('feedback', '1284b0d6257d5f1f15e85247dfa716466b8f7d005c58838493bb213041847620', 648591), ('feedback', 'baca98ad02af24041e18d909c31e657c46a786a4c3f0399bcdaa7d7ffbe11b0b', 651391), ('feedback', '56ff823eae12011f5afc43c4a12a50071612307458ef8c3c87b140c90056e065', 631491), ('feedback', 'ff8823cf866bfaf79db396e8bf13db70ff17efa9abae5a0f3cb67ff2f1379a25', 631491), ('feedback', '49ff18ca1d5edee1651d4c9e099b408fdd00a11a5d403127ccb7973b0ff649f9', 612273), ('contrib', '4fcd14076723ef9d56efa481fb3a860cd0b74746cec38b7c6e11fc6f4319ff8a', 75223), ('contrib', 'dea968f3dd1327f4aa7a776a7c11d02a6d3b7ec2a49c72b9349fbdb198d8f391', 58123), ('contrib', 'e93f7abf9451fa8ae103efed620b1be64a000f0346d149f8421d7f858267ecb6', 58123), ('contrib', '8633ce003755147deff877f4052a0e5c5b9a8969b43e3d82e014df5d01d03362', 58123), ('contrib', '69061f95ad36f73d3da9cd1396c6424b0ac116ada1d9f906429aa2cd6c357791', 58123), ('close', '1e02431118fd72eb4c4d3031909b008e6bd533a73aeff81d31fad6f3346826fe', 643640)]"
3,22:31:00.299,0.8452,168.63371254503727,"[1369983017565384145, 1360584973935411074, 1417597052240752718, 1355715855711856469, 796119100546595586, 0]","[68, 65, 68, 66, 68, 70]","[45, 45, 45, 46, 45, 44]","[('0xA41dE09A63f6Cedd633f99052b44450d3BB91D44', 2392686002216601428, 173248543643994560, 1369983017565384145), ('0x17725D495A0843Ea05541fD61ba5D4082750bC08', 2417251517786624391, 188416015584044452, 1360584973935411074), ('0x37AC7AC5D09bbC6dAC1CF036b7F9DdD0EA4E052E', 2355322131226745993, 183498707329507698, 1417597052240752718), ('0x536fc4cd48ad9B3649e8aB615592E83Ec9F5fcd1', 2408823126364107848, 175118505937973304, 1355715855711856469)]",700000000000000000,"[(3, 398059550273297793), (3, 222222222222222223)]","[240528846153846148, 261586538461538453, 254759615384615334, 243124999999999980]","[[0.0, 1.0, 1.0, 1.0, -1.0, -1.0], [1.0, 0.0, 1.0, 1.0, -1.0, -1.0], [1.0, 1.0, 0.0, 1.0, -1.0, -1.0], [1.0, 1.0, 1.0, 0.0, -1.0, -1.0], [-1.0, -1.0, -1.0, -1.0, 0.0, -1.0], [0.0, 0.0, 0.0, 0.0, 0.0, 0.0]]","[5, 6]","['$user$0, 0.799, good, good, None, 0xA41dE09A63f6Cedd633f99052b44450d3BB91D44', '$user$1, 0.823, good, good, None, 0x17725D495A0843Ea05541fD61ba5D4082750bC08', '$user$2, 0.807, good, good, None, 0x37AC7AC5D09bbC6dAC1CF036b7F9DdD0EA4E052E', '$user$3, 0.791, good, good, None, 0x536fc4cd48ad9B3649e8aB615592E83Ec9F5fcd1', '$user$4, 0.639, bad, bad, 3, 0x118E560679B62a9F24c135A96d416548782f8cc2']","[('close', '1e02431118fd72eb4c4d3031909b008e6bd533a73aeff81d31fad6f3346826fe', 643640), ('slot', '222a21af18c04bcd63a6b7b281604f33a4b63a0fd11f68e2498ca6a9b234475d', 50814), ('slot', '8c8ea85cf7ccf7e2d5427a45ee4c5312e30a7b7e63ed778a3d6c49967f0e5b4e', 50814), ('slot', 'af2a7400df5f7b9df568683a63ee36164a89750d2e6c14138be91c2670f51a44', 50802), ('slot', 'ddd6676f61d615336ff7b48bd6095283667151f2d85f84c226c68f13e39057e2', 50814), ('slot', 'f9c1810b47c44be3fad276c30c0f034c0a7e8da82f4c5b5185a7a7829384494e', 50814), ('slot', 'a97ac95d2a726d0110160d8008eb90d920582556a75eec0d68c372d43288298a', 50814), ('weights', '414adb13453c8fce29131de8e7cb8705f17c4c10185cd82edf640232f26c92a9', 73694), ('weights', 'f0230a7115691c60a414159dc6325883abd0522bae51899c16d8df3e4bdd52bd', 56594), ('weights', 'd9bdaecc498343104bfbdd211628a846c422a0066d97dd67f097d870135ef49f', 56594), ('weights', 'd8227167abbf602e504244a958336afa02c62cc1df7bc49e8a182f225ee8a6ff', 56594), ('weights', '886ec00218301d5133f9c4c364bdb9f999bb65811174f48dafde4ab225c5ba96', 56594), ('weights', 'b1a836cd02ee7dcac4c20c0478e464bc8610df3e812cd759fbb41e7795c52425', 56582), ('feedback', '3c8bff6676b5050bc055d3e8ca9a03f949103bab9d3510cbb25a04d49901782f', 715363), ('feedback', 'a90d5945e08a85b2d617e94ff58db3d761b75e4406f5b3df779e68ac121a34f5', 646963), ('feedback', '1042a44ec45f69f2f53ddffeb17db8868529c04ace067aa0ed3647fea90626b0', 629863), ('feedback', '496589fef6cb0cb849f4b1cf0e317ad23aff8e96041954c3e141bd537c30ebca', 629863), ('feedback', '820fbd375a9444d9f59526a252a23c828a76f80ff8505ee15a85e4b745c6be69', 605043), ('feedback', '6ff5bf6a601fd8ac01c2439cbce093de3eb7b0e48f78e4674a582c068dcfebd6', 612273), ('contrib', 'd2ebbd674f9cb4673e3cbcbbe61b43a9b9867dcb77df532a2fd6d2350848c34e', 75223), ('contrib', 'ec6b9f88ae00cb8d2ea8a107c5b9cc755023e1dbc28059741d922a68a6dafe30', 58123), ('contrib', '238ddd55edb884622195b5b50986d83957d17fc7e10f27b3e9e1d86bef363d44', 58123), ('contrib', 'be12f68e28a2fbe3cc79bf3438576b38bc7d6b2ea5ceabc91ca4cd8a6e1f610e', 58123), ('close', 'fabaa5de5ff52d318336ade0c0f3539297c496b89c12bd66b6a0957382865771', 618388)]"
4,22:31:23.331,0.8817,124.50098296999931,"[1396460699734431763, 1502463593443390348, 1523317976743688427, 1447011663047425728, 530746067031063724, 0]","[83, 84, 85, 82, 85, 0]","[17, 17, 18, 19, 16, 0]","[('0xA41dE09A63f6Cedd633f99052b44450d3BB91D44', 3337778781341424675, 26477682169047618, 1396460699734431763), ('0x17725D495A0843Ea05541fD61ba5D4082750bC08', 3347176824971397746, 141878619507979274, 1502463593443390348), ('0x37AC7AC5D09bbC6dAC1CF036b7F9DdD0EA4E052E', 3290164746666056102, 105720924502935709, 1523317976743688427), ('0x536fc4cd48ad9B3649e8aB615592E83Ec9F5fcd1', 3352045943194952351, 91295807335569259, 1447011663047425728)]",600000000000000000,"[(4, 265373033515531862)]","[72467532467532430, 388311688311688385, 289350649350649358, 249870129870129881]","[[0.0, 1.0, 1.0, 1.0, -1.0, 0.0], [1.0, 0.0, 1.0, 1.0, -1.0, 0.0], [1.0, 1.0, 0.0, 1.0, -1.0, 0.0], [1.0, 1.0, 1.0, 0.0, -1.0, 0.0], [-1.0, -1.0, -1.0, -1.0, 0.0, 0.0], [0.0, 0.0, 0.0, 0.0, 0.0, 0.0]]",[5],"['$user$0, 0.848, good, good, None, 0xA41dE09A63f6Cedd633f99052b44450d3BB91D44', '$user$1, 0.873, good, good, None, 0x17725D495A0843Ea05541fD61ba5D4082750bC08', '$user$2, 0.867, good, good, None, 0x37AC7AC5D09bbC6dAC1CF036b7F9DdD0EA4E052E', '$user$3, 0.842, good, good, None, 0x536fc4cd48ad9B3649e8aB615592E83Ec9F5fcd1', '$user$4, 0.639, bad, bad, 3, 0x118E560679B62a9F24c135A96d416548782f8cc2']","[('close', 'fabaa5de5ff52d318336ade0c0f3539297c496b89c12bd66b6a0957382865771', 618388), ('slot', 'c7a7704cc70598bd4dfb4b4d4c2bba664db54de7476440b893ec8c2d1b109cec', 50814), ('slot', '8dd23404f9782ffaa3c3d5b5972aa8cbce0743fdd254132893b6e8895c8cc874', 50814), ('slot', 'a14645ca82c81f18e54e4f51f624d235887f2a5d19b485d23342b8bd1977258b', 50814), ('slot', 'b788f20a55cd090e99593eddd4fc65d89c102c982a8be81da9a08ecd096b26af', 50814), ('slot', 'e84582fbd0f7fff5c2b184a8cf3ffbdd09c50f4b82b9ddb9182f280b0b2e2d44', 50814), ('weights', '9f07f42b3fcfd2866cbe17654d81e0951f188b2cfc2ec5f2537d3c151957a7fb', 73694), ('weights', '67927737ee4729a5096a255632487bc23e4650f3d58cb28c793bea60c7715d64', 56582), ('weights', 'e04241b769833e9a6f52d0d767915a1cd974b16df8cf0a320a977e4a47464755', 56582), ('weights', 'e0d11f2abaf40dcc6f7a1765cdae4e3ed1ca8dfa94d752b1b9575b2eafa19bec', 56594), ('weights', '4a5f18b2ef7ff7b8d9e202a0a24a36cd034d5b96bfc0da77d200fd856fda6ed1', 56594), ('feedback', 'de462d1583992020d6e6ab0ccdd99b6afe51f73ff28260296fe8f481abddefa6', 619400), ('feedback', '8966cdf46b1d10b567fb975250c6c7ebac09ea9c4c1d4a232112150273fff485', 568100), ('feedback', 'c1f6c9aae9dee269d85fa8b32223d9b5838b8191759f087f2c6e826634b99b35', 551000), ('feedback', 'bfe73767e6745a2af5d18745991fe3a3f8e93862797bfe53ad10aa3c2e4821dc', 551000), ('feedback', '7067527c0a6b58d85dc5d50b3fb0a68c1eb2b9c0c78442df1dd8db3524496f86', 532168), ('contrib', 'b2bb32ae7b24f98fdda70112533d5e994d944a2d68a401dab39fa838e7f3a0d9', 75223), ('contrib', '2bae51a3774b1ea8b5cd5a0078e3f180cca2289b203d146a4e2f0c7638048c38', 58123), ('contrib', 'c6e5b5b4dd16a3cd000a13e72bbd31af805c8563a3cd45fa8e26248364dc820f', 58123), ('contrib', '2b063e1c0ec0ec4c77af61660e44ef1ffbf2161f3e6b7044ff4d760576b30807', 58123), ('close', 'c8d19ee0d504aff6f3d3b03a7232cc939c8a99eb8b6ed67fc153c62fc368ce44', 543321)]"
5,22:31:46.488,0.9028,100.31182055175304,"[1020317341606489846, 1763225553372581321, 1306400948130029709, 2056225445536856631, 353830711354042483, 0]","[88, 88, 89, 86, 89, 0]","[12, 12, 13, 14, 12, 0]","[('0xA41dE09A63f6Cedd633f99052b44450d3BB91D44', 3942047166203440779, 376143358127941917, 1020317341606489846), ('0x17725D495A0843Ea05541fD61ba5D4082750bC08', 3836044272494482194, 260761959929190973, 1763225553372581321), ('0x37AC7AC5D09bbC6dAC1CF036b7F9DdD0EA4E052E', 3815189889194184115, 216917028613658718, 1306400948130029709), ('0x536fc4cd48ad9B3649e8aB615592E83Ec9F5fcd1', 3891496202890446814, 609213782489430903, 2056225445536856631)]",500000000000000000,"[(5, 176915355677021241)]","[-1358333333333290537, 941666666666652329, -783333333333304904, 2199999999999943334]","[[0.0, 1.0, 1.0, 1.0, -1.0, 0.0], [1.0, 0.0, 1.0, 1.0, -1.0, 0.0], [1.0, 1.0, 0.0, 1.0, -1.0, 0.0], [1.0, 1.0, 1.0, 0.0, -1.0, 0.0], [-1.0, -1.0, -1.0, -1.0, 0.0, 0.0], [0.0, 0.0, 0.0, 0.0, 0.0, 0.0]]",[5],"['$user$0, 0.866, good, good, None, 0xA41dE09A63f6Cedd633f99052b44450d3BB91D44', '$user$1, 0.882, good, good, None, 0x17725D495A0843Ea05541fD61ba5D4082750bC08', '$user$2, 0.89, good, good, None, 0x37AC7AC5D09bbC6dAC1CF036b7F9DdD0EA4E052E', '$user$3, 0.885, good, good, None, 0x536fc4cd48ad9B3649e8aB615592E83Ec9F5fcd1', '$user$4, 0.639, bad, bad, 3, 0x118E560679B62a9F24c135A96d416548782f8cc2']","[('close', 'c8d19ee0d504aff6f3d3b03a7232cc939c8a99eb8b6ed67fc153c62fc368ce44', 543321), ('slot', '5c0a19c89624b8b59d6856569ad5e4feb7bb323b5c9a8847904e823fb6b83c10', 50814), ('slot', '0473e3a2d20239fc74eebd007eaa0d57c5d2397fadf95f0bfedcf0aabfc81fee', 50814), ('slot', '45812ac6bff6a67705a63a61795e0fd01323a69f33124050b11faff99bae2346', 50814), ('slot', '9acefb819f00f71eb5e54e898eb11d67b7425355185817d38a1c92c16fa51520', 50814), ('slot', '6ee4bb2c7d719197a5b0a66161394185c7a6048d686dabb2e810369fe53919e9', 50814), ('weights', '99e4844e68bfe94cb4827ade369701bd81beb82392444bf0adadaa415229906a', 73694), ('weights', '884c34bbca9ae1092563c50a077ab6498aa551b54b66d43b4fe3331c4f50dc87', 56594), ('weights', 'ecf25d2b8309db3e3d3b94b7671a7612f77f5c7171cb6a60f3d74683938e060c', 56594), ('weights', '9768dfa55fe1d207d34771803c4e3a45b9d809a83d6472c3dd00e0f48b4c6e0d', 56594), ('weights', 'c80de63f2bd2e421640abffc9b4764c18f7e01048234a135f26f956862bc385a', 56594), ('feedback', '41d32a262cf55fc3cf252e3d9424101967efd5cb2757e962a16f20e79ea076ed', 619400), ('feedback', 'a064eb77cb50827f074a6b9c2f1ba3a3c41e368a063d9279d4935ef974a8ff11', 568100), ('feedback', '706774c602e33a63f55ef39f699355c554c5058dafdf22a7a8796c527a63417f', 551000), ('feedback', '7e7c8f484a395ecead4170232bc212a548a3f7a1a1c70b6f45e1315645ffd0a6', 551000), ('feedback', 'b0aafdad74d83072af3a72a309b2428d90e7a06667c85ba0c0257dfe6ca6c4f8', 532168), ('contrib', '736fb6b0023e3e8b22eed931ba2ba04bd2fa83c7058498223863fe4d3fcebb09', 95135), ('contrib', '9a213a7c7924dcbc0788dcc035db8464ebc601afcedfed6b4578f549c440eb5a', 58123), ('contrib', '9290aa23734e161d389a949ca125db2882d3cf303c8224c43d80c59eca093540', 78035), ('contrib', '2cdd3071bbe1d9ff001c8e2503ef55695fca3e8b189d1d5cdec7cb812fa063f6', 58123), ('close', '2d02d45b8ee47f30adfda52b789636b8979a7aca5592518d3db9aef961b35a2c', 543344)]"
6,22:32:09.719,0.9126,87.37641013786197,"[1194672197967569653, 2002963480869065357, 1284606591084893844, 1881870589175776147, 235887140902694989, 0]","[90, 90, 91, 88, 90, 0]","[10, 10, 10, 12, 10, 0]","[('0xA41dE09A63f6Cedd633f99052b44450d3BB91D44', 4772021235685425178, 174354856361079807, 1194672197967569653), ('0x17725D495A0843Ea05541fD61ba5D4082750bC08', 4029113023919333703, 239737927496484036, 2002963480869065357), ('0x37AC7AC5D09bbC6dAC1CF036b7F9DdD0EA4E052E', 4485937629161885315, 21794357045135865, 1284606591084893844), ('0x536fc4cd48ad9B3649e8aB615592E83Ec9F5fcd1', 3736113131755058393, 174354856361080484, 1881870589175776147)]",400000000000000000,"[(6, 117943570451347494)]","[800000000000008371, 1100000000000008304, -100000000000005126, -800000000000011479]","[[0.0, 1.0, 1.0, 1.0, -1.0, 0.0], [1.0, 0.0, 1.0, 1.0, -1.0, 0.0], [1.0, 1.0, 0.0, 1.0, -1.0, 0.0], [1.0, 1.0, 1.0, 0.0, -1.0, 0.0], [-1.0, -1.0, -1.0, -1.0, 0.0, 0.0], [0.0, 0.0, 0.0, 0.0, 0.0, 0.0]]",[5],"['$user$0, 0.886, good, good, None, 0xA41dE09A63f6Cedd633f99052b44450d3BB91D44', '$user$1, 0.887, good, good, None, 0x17725D495A0843Ea05541fD61ba5D4082750bC08', '$user$2, 0.905, good, good, None, 0x37AC7AC5D09bbC6dAC1CF036b7F9DdD0EA4E052E', '$user$3, 0.895, good, good, None, 0x536fc4cd48ad9B3649e8aB615592E83Ec9F5fcd1', '$user$4, 0.639, bad, bad, 3, 0x118E560679B62a9F24c135A96d416548782f8cc2']","[('close', '2d02d45b8ee47f30adfda52b789636b8979a7aca5592518d3db9aef961b35a2c', 543344), ('slot', '226146d938a61dd763399fa06a4d2f700c21ba6d06dc07db69543a528e846bdb', 50814), ('slot', '8f311f3027e7762afdb307e29cab6589f410279a61eef3de4fcfdf6f7a3e88ea', 50814), ('slot', '5f5fb8c700e88d964cd58cf74b416aba0683823d364b291df35439d802604f5c', 50790), ('slot', '302c0e78fe44078bb457f8d1ffa5920f24ccbfb11b43fe470eacd4994445453e', 50814), ('slot', '32d91386babc6626c405bc8abc3b9a89b924a05bee9efe43ac45efc2b9e70639', 50814), ('weights', '119d74ad658bd2e0e7587d91c37a69b269fdb2037f5940845b5285b018b62b1c', 73682), ('weights', '20518ceb032d7d7f0675bf2320160f9d255e5cba89a66e49ee0590143126bb85', 56582), ('weights', 'db5950c04ee99a0d2386ccfc34ed56348b381736cf4fcc4b67e1ee13599937e4', 56594), ('weights', '9d8ed13b557a30209f27a8f3c688fa9210dd311f7c236f38bfb4c83ea43ba024', 56594), ('weights', 'cf69512a65a0a142c59805709f95364aa6a3c1012d3d794243d6ced9fdedfbb0', 56594), ('feedback', '9b74755c0bf65e7348e6396d028185a280129b6672873b0db303e22815e63a30', 619400), ('feedback', '5ed9a50d984e769fb9a405c554993e324eefa85be897f45bd7035564a82665b8', 568100), ('feedback', '50731d736fea03d993e0e05b1f61ee8237c6597d68ecc596a3b761ae1206cf46', 551000), ('feedback', '47dcade658838dba007dd0e75dede32bd65dc35c5b629321843252e28b1a83a4', 551000), ('feedback', '4b01c52b77ccd2f0913c2c80c7da74a2aca256fc6f536cd2550e715fcda8e490', 532168), ('contrib', '21c5a8278d9c234f13cad08d7729a091c224435725f3cf1f4679c96cd9a84e13', 75223), ('contrib', '4aa04467b02c64bd7c6b955503438465d138d0aae54292e4db18875927fffca0', 58123), ('contrib', '464b7f62900afd88262dff876ac9f7342053703482ef0785ec642f081e739dd7', 78035), ('contrib', '92bc987c4890818d5b20e987ae98f000e33efa104c701602f25c433cf10b3e57', 78035), ('close', 'bd8417d5a3afdb5a2888791df45c1098a0cb99f9a85fc13a4e84841a5fb702cb', 543344)]"
7,22:32:32.881,0.9253,75.50584693998098,"[1362615768418913576, 2044949373481902232, 1175443270291525123, 2116991587807659057, 0, 0]","[91, 91, 92, 89, 92, 0]","[8, 9, 9, 10, 9, 0]","[('0xA41dE09A63f6Cedd633f99052b44450d3BB91D44', 4933553520227040359, 167943570451343923, 1362615768418913576), ('0x17725D495A0843Ea05541fD61ba5D4082750bC08', 4125262237325544655, 41985892612836875, 2044949373481902232), ('0x37AC7AC5D09bbC6dAC1CF036b7F9DdD0EA4E052E', 4843619127109716168, 109163320793368721, 1175443270291525123), ('0x536fc4cd48ad9B3649e8aB615592E83Ec9F5fcd1', 4246355129018833865, 235120998631882910, 2116991587807659057)]",300000000000000000,"[(7, 235887140902694989)]","[499999999999989341, 125000000000000000, -324999999999978694, 699999999999989297]","[[0.0, 1.0, 1.0, 1.0, -1.0, 0.0], [1.0, 0.0, 1.0, 1.0, -1.0, 0.0], [1.0, 1.0, 0.0, 1.0, -1.0, 0.0], [1.0, 1.0, 1.0, 0.0, -1.0, 0.0], [-1.0, -1.0, -1.0, -1.0, 0.0, 0.0], [0.0, 0.0, 0.0, 0.0, 0.0, 0.0]]",[5],"['$user$0, 0.913, good, good, None, 0xA41dE09A63f6Cedd633f99052b44450d3BB91D44', '$user$1, 0.906, good, good, None, 0x17725D495A0843Ea05541fD61ba5D4082750bC08', '$user$2, 0.929, good, good, None, 0x37AC7AC5D09bbC6dAC1CF036b7F9DdD0EA4E052E', '$user$3, 0.902, good, good, None, 0x536fc4cd48ad9B3649e8aB615592E83Ec9F5fcd1']","[('close', 'bd8417d5a3afdb5a2888791df45c1098a0cb99f9a85fc13a4e84841a5fb702cb', 543344), ('slot', '1443446bd0aaaf4eb2a4606b9cfbe5ec0e76f10713a972b5b1b9796285824550', 50814), ('slot', '8103eed2bb07109dab092cbcaf7cc535c21bd48faf3836ec7db8bf1ec4799f4e', 50814), ('slot', 'dcb8f034a25790aa8e2b07732dd81fc19d3e4c055380ddc288ff244ddb0ed94c', 50802), ('slot', '6846edb8f7c25894df346d91ac2f51da301f4c29fe7143d1a317be4f23429e55', 50802), ('slot', '98da2068f75516fc995377313692e7ba61f7573887a56c2433d60e4a361a1fd8', 50802), ('weights', 'eff6987b43c2d742f1c4b308db221da53ed9c89c3a3aab9b2322d0b46b1714f7', 73694), ('weights', '41871e66111b71f8f43eb2777a5ced37c80532de2bba63715d5b15ed8bb493d7', 56594), ('weights', '6e8cb343167d7871540f83d969eaff65f0e39dd773cd23770cb455a6fb06b6e2', 56570), ('weights', '263b43a184823f196098752f7ada0409c261cbd14094dd1eebb8c19f2b88daf7', 56594), ('weights', '9633a67a1b1e243b96c96354780a5890696e72c84d1011db802ae9f10c410c81', 56594), ('feedback', '327942318c1e353cd0d6650e4601fbf606bbf2aa52ff72f55098636ee02594b1', 619400), ('feedback', 'ed43c9f84a5aa19a65f36fcf3a951f72be2f69dd70f9ff4a8fd9920242d575a2', 568100), ('feedback', '4abf9a3a3fbb91b9257f00d0c1920ebe5a60f0420529e1108f56c4c9dad8ac50', 551000), ('feedback', '8e7bb5efdf7b76f3fde875f918c9a937a07a5ebcfcc7b5be5b179c4950103a9e', 551000), ('feedback', 'b22e7114e02dc7a01b98258681af0a9ae30f9ec39fc23fc35473a6d186998ce2', 532168), ('contrib', '7684e2e8479febccbfed569c4788acfe77c763eb04fc48b0c8333675f4eddba4', 75223), ('contrib', 'ae48eddfff66b43dd12d1b1c8a708967a1c5e22670bf514dcbb9ba3eabb07dfb', 58111), ('contrib', 'ac72b0652c0ef46608f61daeafa1e0d3e4ff6e12bf2b84b6a6ceec74bbddc2bb', 78023), ('contrib', '786e428b462140ff198e1881f6275de93d1e7bc9ed8314c28ce270673a1580e1', 58123), ('close', 'f02652bde6d067504dd44c7e08a7916e57b477e1bad41bf49eaa7b82e343d0a3', 502192)]"
8,22:32:54.126,0.9351,66.30955072492361,"[1385115768418913608, 2058877944910473650, 1197586127434382282, 2158420159236230446, 0, 0]","[92, 93, 93, 90, 0, 0]","[7, 8, 8, 9, 0, 0]","[('0xA41dE09A63f6Cedd633f99052b44450d3BB91D44', 5337384231581086412, 22500000000000032, 1385115768418913608), ('0x17725D495A0843Ea05541fD61ba5D4082750bC08', 4655050626518097756, 13928571428571418, 2058877944910473650), ('0x37AC7AC5D09bbC6dAC1CF036b7F9DdD0EA4E052E', 5524556729708474865, 22142857142857159, 1197586127434382282), ('0x536fc4cd48ad9B3649e8aB615592E83Ec9F5fcd1', 4583008412192340931, 41428571428571389, 2158420159236230446)]",200000000000000000,[],"[225000000000000310, 139285714285714179, 221428571428571585, 414285714285713868]","[[0.0, 1.0, 1.0, 1.0, 0.0, 0.0], [1.0, 0.0, 1.0, 1.0, 0.0, 0.0], [1.0, 1.0, 0.0, 1.0, 0.0, 0.0], [1.0, 1.0, 1.0, 0.0, 0.0, 0.0], [0.0, 0.0, 0.0, 0.0, 0.0, 0.0], [0.0, 0.0, 0.0, 0.0, 0.0, 0.0]]",[],"['$user$0, 0.923, good, good, None, 0xA41dE09A63f6Cedd633f99052b44450d3BB91D44', '$user$1, 0.926, good, good, None, 0x17725D495A0843Ea05541fD61ba5D4082750bC08', '$user$2, 0.934, good, good, None, 0x37AC7AC5D09bbC6dAC1CF036b7F9DdD0EA4E052E', '$user$3, 0.918, good, good, None, 0x536fc4cd48ad9B3649e8aB615592E83Ec9F5fcd1']","[('close', 'f02652bde6d067504dd44c7e08a7916e57b477e1bad41bf49eaa7b82e343d0a3', 502192), ('slot', '7d3ed1ddc4d48e98041b01aec2168e8c9bbaf683cd2d58473f773bf9711f7343', 50814), ('slot', 'bc9fe1ceb071f254ddc9a9793dd7bcf13443250966ecb2d47887a0628360c4ea', 50814), ('slot', '57a790686ce306bb6a0725c98f4c0795a2c8b86146562dab02007304f547f31c', 50814), ('slot', 'aa0d33ae98549d90087da9593271128060bad683853a70a1b4944890cc7dbf42', 50814), ('weights', 'c37c4c0012ee654ad089c563b254d6ad1a74c61c953cad32fe56b00c27278644', 73694), ('weights', 'cb4ed043db8c74e2e314f39ddab2872a73453daff7fb24bd24bd585b5df0c587', 56594), ('weights', '70254108547bad5188a5c37623c69f6ea1a60284cb00854b096766eef4ec2cce', 56594), ('weights', '4b8a7402294d2cdfdae432bc1300245c04eb90d16af2954e4e5c105a101b963e', 56594), ('feedback', '107aaa55e558dc5e462c3fd529354542a8b43e7e494cc6462cccef713de0819d', 521426), ('feedback', 'c72c4ed89774bce06a590173f368cef51b90da49fa021cce34b688d4bb65f7c1', 487226), ('feedback', 'ff347138afb8d8a5f30f25573c799babfdd56cc1a8abbc82da8f5dafea5fa1a5', 470126), ('feedback', '9a684adeac8a50b82729121580aa1b93557257ef0a912f80dc9aa696c037adbe', 470126), ('contrib', '4564d4fd2b2bbfd772aaa4bcbad41dbbd7ff59592603c77994301eb613568c8e', 75223), ('contrib', 'b3c53a613b970d51d20df47854c455f1de6b3720714f7d35fe8ae274b2d160b9', 58123), ('contrib', 'e73daeffc855dfd0996325b258e08b54d34dd89bbd9f76dcf964eb66677eb3d7', 58123), ('contrib', '8a74f34f3248941c09c5c133fb3737bde15208cb90753a534cd73592fd090c54', 58123), ('close', '94236423638815616895d1f8e741f2f56cd38b6e16e1a4ce5e76fb6eb8bb8223', 410442)]"
9,22:33:15.056,0.9412,59.05487382784486,"[1380291207015404834, 2112825313331526272, 1217322969539645409, 2189560510113423470, 0, 0]","[93, 93, 94, 91, 0, 0]","[7, 7, 7, 8, 0, 0]","[('0xA41dE09A63f6Cedd633f99052b44450d3BB91D44', 5414884231581086378, 4824561403508774, 1380291207015404834), ('0x17725D495A0843Ea05541fD61ba5D4082750bC08', 4741122055089526336, 53947368421052622, 2112825313331526272), ('0x37AC7AC5D09bbC6dAC1CF036b7F9DdD0EA4E052E', 5602413872565617704, 19736842105263127, 1217322969539645409), ('0x536fc4cd48ad9B3649e8aB615592E83Ec9F5fcd1', 4641579840763769540, 31140350877193024, 2189560510113423470)]",100000000000000000,[],"[-48245614035087744, 539473684210526216, 197368421052631276, 311403508771930237]","[[0.0, 1.0, 1.0, 1.0, 0.0, 0.0], [1.0, 0.0, 1.0, 1.0, 0.0, 0.0], [1.0, 1.0, 0.0, 1.0, 0.0, 0.0], [1.0, 1.0, 1.0, 0.0, 0.0, 0.0], [0.0, 0.0, 0.0, 0.0, 0.0, 0.0], [0.0, 0.0, 0.0, 0.0, 0.0, 0.0]]",[],"['$user$0, 0.923, good, good, None, 0xA41dE09A63f6Cedd633f99052b44450d3BB91D44', '$user$1, 0.933, good, good, None, 0x17725D495A0843Ea05541fD61ba5D4082750bC08', '$user$2, 0.936, good, good, None, 0x37AC7AC5D09bbC6dAC1CF036b7F9DdD0EA4E052E', '$user$3, 0.92, good, good, None, 0x536fc4cd48ad9B3649e8aB615592E83Ec9F5fcd1']","[('close', '94236423638815616895d1f8e741f2f56cd38b6e16e1a4ce5e76fb6eb8bb8223', 410442), ('slot', '0a59e12a6f9e0b1f4687b93a82a2e3a388b32d3c83fbd744e338d88c65d61bc2', 50814), ('slot', 'ee96d8369ec0815c2d9174a3072811989d54be5ed0871e7c53ce7d68a0063c6a', 50802), ('slot', '5369dd6732e48a44994f39b24be62a3b49b189c0f9d59913fcd648f99433bbb8', 50814), ('slot', '58e12dc3bad6a3baa38653cfe847a28d337361211e6445b1ca01e322df21e8de', 50814), ('weights', '161cbfece983202b460a1e79abd2394d60c3880a732676b04c50c7f4c75b187b', 73694), ('weights', '9606dbe6b9d27ee5f81b21c01b466e2b48af2f905436c4a7e9b47cd48bd64bb4', 56594), ('weights', '02fab3e47257c693e7a9cbc424a16f3dfe8d6273cfe86863918da8adfaebe7e5', 56594), ('weights', '3f77e67f0472745343dc3f7d0575ca2f9021225ad76937a80d7d155b7b93e317', 56582), ('feedback', '5e51383f16a6fa444c51e4c8f7d3704f553802b17816a5131331b49a0bd51667', 521426), ('feedback', '4cdc2b2d0966b7c36473fa44604065fa44c9bdb561063333af6ffb927a01b786', 487226), ('feedback', '2bc439bd2caae1710e9c5acb461c560910514fef157ce4fba42b036e62c447f6', 470126), ('feedback', '038c33e97d8d5da19771444f5f4690345fd58bd614b3178b7fac72963db22475', 470126), ('contrib', '4d21775bd4d5b63e0a57543058e6ce70df64e0dec46ff1a2aad5122347635950', 95123), ('contrib', 'db832ef9b0c190d173fe36e17bf1e5da3399709a113320db50ea889992c3e7bc', 58123), ('contrib', '34ee17c22e4707d47bc7cf022a2b9e98e86bc5fecb521e7c432064a97dc7f03d', 58123), ('contrib', 'a1122c1283b4c7e0332573c44f10eaf605c4c0117a5479bcf678449782ca9d24', 58123), ('close', '2bdf88cf9f03e61a33cbfdf177a454b41b4296456725d55090d779c5b4119c63', 410453)]"
10,22:33:36.003,0.9466,53.39513758942485,"[1394353707015404808, 2176887813331526248, 1222010469539645400, 2206748010113423527, 0, 0]","[94, 94, 95, 92, 0, 0]","[6, 6, 6, 7, 0, 0]","[('0xA41dE09A63f6Cedd633f99052b44450d3BB91D44', 5519708792984595151, 14062499999999974, 1394353707015404808), ('0x17725D495A0843Ea05541fD61ba5D4082750bC08', 4787174686668473713, 64062499999999976, 2176887813331526248), ('0x37AC7AC5D09bbC6dAC1CF036b7F9DdD0EA4E052E', 5682677030460354576, 4687499999999991, 1222010469539645400), ('0x536fc4cd48ad9B3649e8aB615592E83Ec9F5fcd1', 4710439489886576515, 17187500000000057, 2206748010113423527)]",0,[],"[140624999999999750, 640624999999999777, 46874999999999916, 171875000000000582]","[[0.0, 1.0, 1.0, 1.0, 0.0, 0.0], [1.0, 0.0, 1.0, 1.0, 0.0, 0.0], [1.0, 1.0, 0.0, 1.0, 0.0, 0.0], [1.0, 1.0, 1.0, 0.0, 0.0, 0.0], [0.0, 0.0, 0.0, 0.0, 0.0, 0.0], [0.0, 0.0, 0.0, 0.0, 0.0, 0.0]]",[],"['$user$0, 0.935, good, good, None, 0xA41dE09A63f6Cedd633f99052b44450d3BB91D44', '$user$1, 0.941, good, good, None, 0x17725D495A0843Ea05541fD61ba5D4082750bC08', '$user$2, 0.943, good, good, None, 0x37AC7AC5D09bbC6dAC1CF036b7F9DdD0EA4E052E', '$user$3, 0.928, good, good, None, 0x536fc4cd48ad9B3649e8aB615592E83Ec9F5fcd1']","[('close', '2bdf88cf9f03e61a33cbfdf177a454b41b4296456725d55090d779c5b4119c63', 410453), ('slot', '678e48382213d0be8ff11e2ddc72fd9c85ffdb617b4e4a062c9a0c824b17e16c', 50814), ('slot', '97008d994302c6b1b1b1a44406d561f6c117a9a647264e11b9b202ea6b57bc96', 50814), ('slot', '9b2393f47a1dec5c13244d66ffb7ea9400497914f47c1fd7f202f4b392c9dca0', 50814), ('slot', 'fe45e11287756cf6e91f5e0fd67ecf76dc35c5cc4cfe94eb4fe448421dd96f46', 50814), ('weights', 'f4d3d5b8245d12f4844ee24995ccbfcbf3f819f84470babeb658249228bbe063', 73694), ('weights', '8f617d41717047781cc0bbaf61596b8da266ff55015c23ecbbeb6a72a24932fa', 56594), ('weights', 'b4ec24cd854eb2bb7aa779459964bbbe46d7ce9be3dfe44d37ddc9ebfb3c3e46', 56594), ('weights', '46aa36237f7bfe9552a687e469549afc62f46c230e1672bcb36a0d8d5552c6c4', 56582), ('feedback', '493554351bab6508b94f4d5af6e5501af040f781200652267ac539f8cca0148c', 521426), ('feedback', 'fe22568e72ef339e246325febf98fe173521d39eeb45924bd68a109c5fdbb4b6', 487226), ('feedback', '95163704a7aba3edd710d3edb32b15b36fc563988d38b16b0c0bbab5218f7646', 470126), ('feedback', '1b1f1b9541b07b3b06ec2b299ad5f23533691a6e13d622d551bfc8d9b2cea644', 470126), ('contrib', 'b36ad9957aecee5e5f94cf05ad67bc0f7687d842a7baf8bcc52e4e54bb4db54c', 75223), ('contrib', '31f7f7ea97df49ff162195d1c2cdbfa5d7adc9f8cbc2196914f61d35b002c1bd', 58123), ('contrib', '1c51f08f4f87118a575079a4854a73a30d3377ea23bfd51c015ed439ffdda66e', 58111), ('contrib', '6ecb829476cf3e97f10bdfb4f29281796b870b54dbdeaa75bbc34ffee9528274', 58123), ('close', '935c2ef7e21f60caa21d0ba8ce0a83760b005b1f90be275c26332723b5e27a94', 410442)]"
# $gasCosts$[715043, 745291, 687417, 728191, 711091, 612273, 75223, 58123, 58123, 58123, 58123, 756791, 648591, 651391, 631491, 631491, 612273, 75223, 58123, 58123, 58123, 58123, 715363, 646963, 629863, 629863, 605043, 612273, 75223, 58123, 58123, 58123, 619400, 568100, 551000, 551000, 532168, 75223, 58123, 58123, 58123, 619400, 568100, 551000, 551000, 532168, 95135, 58123, 78035, 58123, 619400, 568100, 551000, 551000, 532168, 75223, 58123, 78035, 78035, 619400, 568100, 551000, 551000, 532168, 75223, 58111, 78023, 58123, 521426, 487226, 470126, 470126, 75223, 58123, 58123, 58123, 521426, 487226, 470126, 470126, 95123, 58123, 58123, 58123, 521426, 487226, 470126, 470126, 75223, 58123, 58111, 58123],[126674, 126674, 126674, 126674, 126674],[50814, 50814, 50802, 50814, 50814, 50814, 50814, 50814, 50814, 50814, 50802, 50814, 50814, 50814, 50802, 50814, 50814, 50814, 50814, 50814, 50814, 50814, 50814, 50814, 50814, 50814, 50814, 50814, 50814, 50814, 50790, 50814, 50814, 50814, 50814, 50802, 50802, 50802, 50814, 50814, 50814, 50814, 50814, 50802, 50814, 50814, 50814, 50814, 50814, 50814],[73694, 56594, 56594, 56594, 56594, 56582, 73670, 56594, 56594, 56582, 56582, 56582, 73694, 56594, 56594, 56594, 56594, 56582, 73694, 56582, 56582, 56594, 56594, 73694, 56594, 56594, 56594, 56594, 73682, 56582, 56594, 56594, 56594, 73694, 56594, 56570, 56594, 56594, 73694, 56594, 56594, 56594, 73694, 56594, 56594, 56582, 73694, 56594, 56594, 56582],[671004, 643640, 618388, 543321, 543344, 543344, 502192, 410442, 410453, 410442],[],[]
# TOTAL EXPERIMENT TIME: 237.43 seconds
