# Author Nykjaer
# ------Specs--------# cpu_name:  (processor model)
# cpu_cores: 6 (physical cores)
# ram_gb: 13.5 (system memory in GB)
# gpu_name: NVIDIA GeForce RTX 3060 Laptop GPU (graphics processor)
# os_name: Linux (operating system)
# ------Config--------# good_contributors: 4 (honest participants)
# bad_contributors: 1 (malicious participants)
# freeriders: 1 (contribute 0)
# inactive: 0 (never join)
# reward: 1000000000000000000 (total reward pool)
# minimum_rounds: 10 (rounds to simulate)
# min_buy_in: 1000000000000000000 (lower buy-in bound)
# max_buy_in: 1000000000000000000 (upper buy-in bound)
# standard_buy_in: 1000000000000000000 (default buy-in)
# epochs: 1 (local epochs per round)
# batch_size: 32 (training batch size)
# punish_factor: 3 (penalty multiplier)
# first_round_fee: 50 (fee for first round)
# fork: True (True=local fork, False=real net)
# contribution_score_strategy: naive (scoring method)
# use_outlier_detection: False (Whether to use outlier detection)
# freerider_start_round: 1 (When freeriders should start freeriding)
# freerider_noise_scale: 0.5 (How much noise a freeder should add)
round,time,globalAcc,globalLoss,GRS,accAvgPerUser,lossAvgPerUser,rewards,conctractBalanceRewards,punishments,contributionScores,feedbackMatrix,disqualifiedUsers,userStatuses,GasTransactions
# $startingUserConfig$['$user$0, 0, good, good, None, 0xA41dE09A63f6Cedd633f99052b44450d3BB91D44', '$user$1, 0, good, good, None, 0x17725D495A0843Ea05541fD61ba5D4082750bC08', '$user$2, 0, good, good, None, 0x37AC7AC5D09bbC6dAC1CF036b7F9DdD0EA4E052E', '$user$3, 0, good, good, None, 0x536fc4cd48ad9B3649e8aB615592E83Ec9F5fcd1', '$user$4, 0, good, bad, 3, 0x118E560679B62a9F24c135A96d416548782f8cc2', '$user$5, 0, good, freerider, 1, 0xA2F37A08a8488CB8551a0D03f7A73f4156757de7']
0,23:45:41.534,0,721.0335693359375,"[1000000000000000000, 1000000000000000000, 1000000000000000000, 1000000000000000000, 1000000000000000000, 1000000000000000000]",[],[],[],1000000000000000000,[],[],,[],"['$user$0, 0, good, good, None, 0xA41dE09A63f6Cedd633f99052b44450d3BB91D44', '$user$1, 0, good, good, None, 0x17725D495A0843Ea05541fD61ba5D4082750bC08', '$user$2, 0, good, good, None, 0x37AC7AC5D09bbC6dAC1CF036b7F9DdD0EA4E052E', '$user$3, 0, good, good, None, 0x536fc4cd48ad9B3649e8aB615592E83Ec9F5fcd1', '$user$4, 0, good, bad, 3, 0x118E560679B62a9F24c135A96d416548782f8cc2', '$user$5, 0, good, freerider, 1, 0xA2F37A08a8488CB8551a0D03f7A73f4156757de7']","[('register', '4d59cfe46d328c2e095852170b967a7db78896a77789fb5ef25aa200d0e92396', 126674), ('register', '49ef35bb0ffbf562dad6c96ce3def2cbdf1a591139109d2a5e65bf2e14ccf2cd', 126674), ('register', '97ebdfed414a00391ea89133479f1c6bbabd54607fc64937c76cc43802c5a033', 126674), ('register', '579b3f59bb8505baa2346bff4a7b73ae4e09a943760ed9dcd4a8ca1a7482cbff', 126674), ('register', '6826a795029259301769899d2035bde21edc94ad1c17316359b051d094e9c8fa', 126674)]"
1,23:46:09.509,0.1409,716.4634399414062,"[1153333333333333333, 1153333333333333333, 1153333333333333333, 1153333333333333333, 1153333333333333333, 333333333333333334]","[10, 8, 8, 7, 8, 9]","[74, 74, 74, 74, 74, 74]","[('0xA41dE09A63f6Cedd633f99052b44450d3BB91D44', 4000000000000000000, 153333333333333333, 1153333333333333333), ('0x37AC7AC5D09bbC6dAC1CF036b7F9DdD0EA4E052E', 4000000000000000000, 153333333333333333, 1153333333333333333), ('0x536fc4cd48ad9B3649e8aB615592E83Ec9F5fcd1', 3000000000000000000, 153333333333333333, 1153333333333333333), ('0x118E560679B62a9F24c135A96d416548782f8cc2', 1000000000000000000, 153333333333333333, 1153333333333333333)]",900000000000000000,"[(1, 166666666666666666)]","[200000000000000000, 200000000000000000, 200000000000000000, 200000000000000000, 200000000000000000]","[[0.0, -1.0, 1.0, 0.0, -1.0, -1.0], [1.0, 0.0, 1.0, 1.0, 1.0, -1.0], [1.0, 0.0, 0.0, 1.0, 0.0, -1.0], [1.0, 0.0, 1.0, 0.0, 1.0, -1.0], [1.0, 1.0, 1.0, 1.0, 0.0, -1.0], [0.0, 0.0, 0.0, 0.0, 0.0, 0.0]]",[6],"['$user$0, 0.752, good, good, None, 0xA41dE09A63f6Cedd633f99052b44450d3BB91D44', '$user$1, 0.568, good, good, None, 0x17725D495A0843Ea05541fD61ba5D4082750bC08', '$user$2, 0.691, good, good, None, 0x37AC7AC5D09bbC6dAC1CF036b7F9DdD0EA4E052E', '$user$3, 0.633, good, good, None, 0x536fc4cd48ad9B3649e8aB615592E83Ec9F5fcd1', '$user$4, 0.565, good, bad, 3, 0x118E560679B62a9F24c135A96d416548782f8cc2', '$user$5, 0, freerider, freerider, 1, 0xA2F37A08a8488CB8551a0D03f7A73f4156757de7']","[('slot', 'd06be07ccaf0b406333b8ace3beaf2bcb1d39fc34e35a61f4629d54508fdd1e6', 50814), ('slot', 'b741f56e9fca80cd280959776d96d8960c4d3b5f3b6f82833a19e35525d92fa7', 50814), ('slot', '4ec65d4235899b302b77c906b4c0a6181934f22a85ec8d2e8b768b07c80adff5', 50814), ('slot', '571aa2343c133300288b1205296ab807130dddaa1798018871fc58eb2c3ee4d3', 50814), ('slot', 'edb7c3fca12f2d916a4a5ba73c808805a2d6477d11f2be4ca9ed9dd600e439e0', 50814), ('slot', '89ec59b2c89c9d7f173e4e8e80d8ad20b1cbf0bb2cbeeee114ac134e9f98045a', 50814), ('weights', 'e671a2ef446c64d52573bed113ea858a0cb5ebfd009e4147315ecfc17efd147f', 73694), ('weights', '88a0e3e4b20c12c1b30a6e1ac49725c64ffcc9d663428b8877d29b31b5fff90e', 56594), ('weights', '31cfa46ab9b914be82cd1efb59da0291ecef89a0450df19fcb652662786b2f00', 56594), ('weights', '0a5bd73ea865dfde42098f7c0d5006cb344daad3b0f19005f3993c2932ad8b8f', 56594), ('weights', '1b20b5b9cb71c05c0585a9f7d80ede48b4a71b580e456968bdd5e5c7128c65fe', 56594), ('weights', 'cd54063d52efb5f654c2a8af3dba3f88c99bf32db9b14c1c63bcfe917c9482d2', 56594), ('feedback', 'a45429ef5321126237ca20cca9e0e4e69324cd656ad8b94363d18160546718cd', 323123), ('feedback', '9ee818c25b9b209ee32f30dba21c3ade24c5ff29a63acf129fa5e7555f02bfd7', 346901), ('feedback', '0c3b1bf5cbc5356ea8bd6a5765fa8548d3f7b6f39a8933717afd66128b034fe3', 270153), ('feedback', 'cd2cc032c4733304cf064686296282aafa8c66ee958999a11b57e1dca579daa2', 310927), ('feedback', '6ec6dcb852f77d687e10bed7806919750597c65fd2f19011e5a05b5ca5285e60', 312701), ('feedback', '2816e5bbca797df41ba9c5ff42c3b300530ae01d2160e5b2d7bde8ad1adc2d2c', 218683), ('contrib', '2ed593d94a6095851e582293c4d5ac129216030022e8d0268e043d2d8540a589', 75199), ('contrib', '7911842f2f3a45f4a94ef0a0403998f8024d98370e0abada784dcd961a7fe39c', 58099), ('contrib', 'c1e9c7a6b36ee04af2451b3a73998d7bd5a932ea0eb6f747c59ca40368bca59e', 58099), ('contrib', '3a9a45a6bdaefabeaecb0fcfeec189fe08a1f0d66777a821295a949993eca45a', 58099), ('contrib', '4770533ff9e2bafc1263dd83a7efd93871a28cbc7738b226a4590ac3c4405909', 58099), ('close', '5fafb446e5e44f56c79602f9ebf4046a8b3ac5eb702ad5a3a86475897143192b', 668764)]"
2,23:46:36.521,0.6032,634.1908264160156,"[1195555555555555555, 1195555555555555555, 1195555555555555555, 1195555555555555555, 1195555555555555555, 222222222222222223]","[13, 13, 14, 14, 14, 17]","[73, 73, 73, 73, 73, 73]","[('0xA41dE09A63f6Cedd633f99052b44450d3BB91D44', 4613333333333333332, 42222222222222222, 1195555555555555555), ('0x17725D495A0843Ea05541fD61ba5D4082750bC08', 3459999999999999999, 42222222222222222, 1195555555555555555), ('0x37AC7AC5D09bbC6dAC1CF036b7F9DdD0EA4E052E', 3459999999999999999, 42222222222222222, 1195555555555555555), ('0x536fc4cd48ad9B3649e8aB615592E83Ec9F5fcd1', 4613333333333333332, 42222222222222222, 1195555555555555555)]",800000000000000000,"[(2, 111111111111111111)]","[200000000000000000, 200000000000000000, 200000000000000000, 200000000000000000, 200000000000000000]","[[0.0, 1.0, 1.0, 1.0, 0.0, -1.0], [1.0, 0.0, 1.0, 1.0, 0.0, -1.0], [1.0, 1.0, 0.0, 1.0, 1.0, -1.0], [1.0, 0.0, 0.0, 0.0, -1.0, -1.0], [1.0, 1.0, 1.0, 1.0, 0.0, -1.0], [0.0, 0.0, 0.0, 0.0, 0.0, 0.0]]",[6],"['$user$0, 0.551, good, good, None, 0xA41dE09A63f6Cedd633f99052b44450d3BB91D44', '$user$1, 0.519, good, good, None, 0x17725D495A0843Ea05541fD61ba5D4082750bC08', '$user$2, 0.518, good, good, None, 0x37AC7AC5D09bbC6dAC1CF036b7F9DdD0EA4E052E', '$user$3, 0.595, good, good, None, 0x536fc4cd48ad9B3649e8aB615592E83Ec9F5fcd1', '$user$4, 0.448, good, bad, 3, 0x118E560679B62a9F24c135A96d416548782f8cc2', '$user$5, 0, freerider, freerider, 1, 0xA2F37A08a8488CB8551a0D03f7A73f4156757de7']","[('close', '5fafb446e5e44f56c79602f9ebf4046a8b3ac5eb702ad5a3a86475897143192b', 668764), ('slot', 'f5670688c947bbb26c3039e4dabc4c712825aa8be6a07eedeb2c09aeb09b0a64', 50814), ('slot', 'f002ec411d21cdea65074f510c2ec898c44b09518b85ef0eaca5951a781ad6f2', 50814), ('slot', '4d9b393ccdec31468d78e0f2af4aa447d6772cc6f85626048beaf8df9d540f35', 50814), ('slot', '1f977d1c9a8b28447e1fd538dae1ccc1cc5496b18b2943e625921a4285c70887', 50814), ('slot', '0c76e8c229dcd01b2117048cb40986769a8af09623d3e04442923fa5a553bd10', 50814), ('slot', 'a86017fc82e6a7e8d85ff8090918f23f304dbe6352f5c5cb5dd95d1f23c9eacf', 50814), ('weights', '3bbd10c83b067a8b7614c915f431e8bc848730734964efa9381db94ebc295d47', 73682), ('weights', 'f02d3405a5d58a4f03fe9c588b0161e82d5299e43181b5d717cb6c59184ed8ae', 56594), ('weights', '199e3fad1fd19ba14f1a996c175e2e58f12ebf1ecebde3a2a85dfccf270ff39b', 56594), ('weights', 'e8aec5b220ca86a4c71c73d0cca8d405b5a67b15957ea5a72a5bb03c55dd353f', 56594), ('weights', 'bb8d5fc232f156f0266ae3974f9eb47ee5371e78f347664202238ae02bea9c3c', 56594), ('weights', 'fc54694cf14563286ec3ee6d6e419f0a6f3d53ef75576f02ce2ab8c5cd1dedb3', 56594), ('feedback', '6d97549275b93024a40db9f4e6c7524801b45a129aaf9ce79a33f76d0db60699', 342327), ('feedback', '514aebc2ef3d10e0b042d2cff7887cd11a623d807c8848de1697916649b214cb', 249227), ('feedback', 'ba97a4796e37650f1731f7c5c062da30282511e5085025868c19bb36562fe4c4', 294801), ('feedback', 'f5efc6e6c6408d8c93d6d6dd3f015c29f2ed86c1512a4f17be4fc59d1759df22', 221901), ('feedback', 'de82d7b0027dfac73322d43582412573a9d45338503078a0267a541a044c346b', 237901), ('feedback', '607d8f32a148f987f1fe15bdb2b10578d21c38bc0cd687c2df049bd414695ae4', 218683), ('contrib', 'fc412fd2c101144784085cab1cb12899cda4c88967b97f02505fab24b66a1ad9', 75199), ('contrib', '6b25515c820b876abf1be85b96abe52e8f31968fba226e95d1cd159633bfbdfa', 58099), ('contrib', '58874f5621f11afa5c2176c4106dcee194f997cdcaab10bd4e3e2e2dcd2cd357', 58099), ('contrib', '3e0b47e3607a8e55609ecc0441e365701076e2b433583e7e432ee38ad394fbe9', 58099), ('contrib', '21778b0aa92c250faa6ccdc7b7a8e6dca41edfda87fa8b93c56f20ef7d6e7c68', 58099), ('close', '4cde202652e6a42172d2472c3192b9567d89105bd12d1bec7ede528755cc13a4', 641400)]"
3,23:47:02.089,0.8174,198.04993695020676,"[1375740740740740740, 1375740740740740740, 1375740740740740740, 1375740740740740740, 797037037037037037, 0]","[58, 57, 61, 58, 61, 64]","[65, 65, 65, 65, 65, 64]","[('0xA41dE09A63f6Cedd633f99052b44450d3BB91D44', 2391111111111111110, 180185185185185185, 1375740740740740740), ('0x17725D495A0843Ea05541fD61ba5D4082750bC08', 2391111111111111110, 180185185185185185, 1375740740740740740), ('0x37AC7AC5D09bbC6dAC1CF036b7F9DdD0EA4E052E', 2391111111111111110, 180185185185185185, 1375740740740740740), ('0x536fc4cd48ad9B3649e8aB615592E83Ec9F5fcd1', 2391111111111111110, 180185185185185185, 1375740740740740740)]",700000000000000000,"[(3, 398518518518518518), (3, 222222222222222223)]","[250000000000000000, 250000000000000000, 250000000000000000, 250000000000000000]","[[0.0, 1.0, 1.0, 1.0, -1.0, -1.0], [1.0, 0.0, 1.0, 1.0, -1.0, -1.0], [1.0, 1.0, 0.0, 1.0, -1.0, -1.0], [1.0, 1.0, 1.0, 0.0, -1.0, -1.0], [-1.0, -1.0, -1.0, -1.0, 0.0, -1.0], [0.0, 0.0, 0.0, 0.0, 0.0, 0.0]]","[5, 6]","['$user$0, 0.762, good, good, None, 0xA41dE09A63f6Cedd633f99052b44450d3BB91D44', '$user$1, 0.796, good, good, None, 0x17725D495A0843Ea05541fD61ba5D4082750bC08', '$user$2, 0.781, good, good, None, 0x37AC7AC5D09bbC6dAC1CF036b7F9DdD0EA4E052E', '$user$3, 0.762, good, good, None, 0x536fc4cd48ad9B3649e8aB615592E83Ec9F5fcd1', '$user$4, 0.448, bad, bad, 3, 0x118E560679B62a9F24c135A96d416548782f8cc2']","[('close', '4cde202652e6a42172d2472c3192b9567d89105bd12d1bec7ede528755cc13a4', 641400), ('slot', '88441735ebf5e7081a4019729efe1d3b85adb75d18658d0b6171b6859e959d10', 50814), ('slot', '76cda6dee71b036e6a19c22b667dad7cb263050c97308ed63831771543269bab', 50814), ('slot', '85d7b47e70736125db8b18eb998637a8d46efea12f51436821d9673a5733be3b', 50802), ('slot', '13f2f4afa9675eb39559b2a7d2d3b78fd7cfe6cc5c17b7185c75605341270fa8', 50814), ('slot', '91428df49c9263a3742d5e10fd242a23395d5bcaddb490f27b2d0ac8830a4333', 50814), ('slot', 'f00bc3a070490c77e667e084404c0ecebd120a0dee308dc84709aacda3833eb0', 50814), ('weights', '524cabf8bf8ce5ce7f04c6386732003d7d3157c618b3b9f29d3a3cf824c6d3ca', 73694), ('weights', '5969f3869d108b4a76bee118fdb680da85b14c9677ce8a3c53865f6510d7af81', 56582), ('weights', 'b5a3a903f6b2313e7c35eb4703acd42aaf4f6b7bb56fce28dfbdf9c9f5e02744', 56594), ('weights', '32e9e4854d1e87341173b27f2ea45beda0f98c5803e0d3fa65cf8374c58bc121', 56582), ('weights', 'f19ed48c1b6e46dce0e7abd060e4ee4e41c8dab11e0a30cb2039cdf127b09b8e', 56594), ('weights', '796ea0fca37156fdde450ccbad722d0aca4121b41493315c68fa1a11c23cfc08', 56582), ('feedback', '5fc2206a3bae4a1f3cdb045b128efcf0a80cce63351c554d5fb202070ee22334', 323749), ('feedback', '7c01cbbb78ac0a1b68f3f2120549ebe919828d6a8b0f83ce0566b3eaac7a8f7f', 255349), ('feedback', '5d00ef18f6d59a44315ebfe76fc62787ea64f30908ee1bbbd0d5d223edab60cd', 236249), ('feedback', 'bbedc0c11b195d2feb87c9c9769b0e9d831584c785a7c815cb48053d0613cd7d', 278049), ('feedback', '3d69610587fabbdcabfec8f6b05e7d83f35b60b48be4876e187ffcb477e52c03', 231293), ('feedback', 'a0763a66e60cbf21891e85905c98684c08c1ad9edeff936f2f935dd9b9fa7457', 218683), ('contrib', '75aee1f079bc707fbfede89f42075076da0947fe4a1b8eb2312caead588360bb', 75199), ('contrib', '7cd44ae5d6adfd8994a62f603adff1cefb361e0d5b37734493dd02d8f73eae90', 58099), ('contrib', '14b39e37b9b1090d99444ebb7e43540751b9f49d773fc995146c92f601740c09', 58099), ('contrib', '54318567e9d5fd66567d311b4762eeb255088e2dc92df8e133a322a368313cb8', 58099), ('close', '3c81c49b56a3266394718fc51274d4176c89868ecad7ee6536fab8bdf5580bf9', 618388)]"
4,23:47:25.698,0.8687,138.7463123574853,"[1467160493827160493, 1467160493827160493, 1467160493827160493, 1467160493827160493, 531358024691358025, 0]","[80, 81, 80, 80, 82, 0]","[20, 20, 21, 22, 19, 0]","[('0xA41dE09A63f6Cedd633f99052b44450d3BB91D44', 3330185185185185183, 91419753086419753, 1467160493827160493), ('0x17725D495A0843Ea05541fD61ba5D4082750bC08', 3330185185185185183, 91419753086419753, 1467160493827160493), ('0x37AC7AC5D09bbC6dAC1CF036b7F9DdD0EA4E052E', 3330185185185185183, 91419753086419753, 1467160493827160493), ('0x536fc4cd48ad9B3649e8aB615592E83Ec9F5fcd1', 3330185185185185183, 91419753086419753, 1467160493827160493)]",600000000000000000,"[(4, 265679012345679012)]","[250000000000000000, 250000000000000000, 250000000000000000, 250000000000000000]","[[0.0, 1.0, 1.0, 1.0, -1.0, 0.0], [1.0, 0.0, 1.0, 1.0, -1.0, 0.0], [1.0, 1.0, 0.0, 1.0, -1.0, 0.0], [1.0, 1.0, 1.0, 0.0, -1.0, 0.0], [-1.0, -1.0, -1.0, -1.0, 0.0, 0.0], [0.0, 0.0, 0.0, 0.0, 0.0, 0.0]]",[5],"['$user$0, 0.819, good, good, None, 0xA41dE09A63f6Cedd633f99052b44450d3BB91D44', '$user$1, 0.846, good, good, None, 0x17725D495A0843Ea05541fD61ba5D4082750bC08', '$user$2, 0.849, good, good, None, 0x37AC7AC5D09bbC6dAC1CF036b7F9DdD0EA4E052E', '$user$3, 0.83, good, good, None, 0x536fc4cd48ad9B3649e8aB615592E83Ec9F5fcd1', '$user$4, 0.448, bad, bad, 3, 0x118E560679B62a9F24c135A96d416548782f8cc2']","[('close', '3c81c49b56a3266394718fc51274d4176c89868ecad7ee6536fab8bdf5580bf9', 618388), ('slot', 'af47e6800d1041b7a37b9eac2842b53126fd9f0f6f6e1c9643d2d7862c56966a', 50814), ('slot', '40681ae962e72e47216f2371894af3e905e9d5a253192b44b50c1fbd7f3ab1e1', 50802), ('slot', '36160efee558eb07bca98b5e2717e0e2438a5417d8121a454c62a31d600ea2b9', 50814), ('slot', '87084ee7a5c8e2d0cd0fcb9223655163d9439780086c255089f484c8894a10c6', 50814), ('slot', '9c27d2f88785cd51e4542c57dfc81c293951b31c900256607cf5e700616fde59', 50814), ('weights', '857c67d0d1b58b7fce8a21c22cb54b3acb9454f9bfc29548346c06632a8059cc', 73694), ('weights', 'cd9390a2f93a2fc3c8f1bc9bfc217fc9d94e7ea570d27967f8f31a3b76212e13', 56594), ('weights', '0908a3f4f0e76c92a54591d0aea64554651d995a19b35841d92b3a8e13dc395f', 56582), ('weights', 'c29418967e21ddec1c4ccecf6ec4c6befdb7f14f0d6ba50729ac26bc5c7cc65f', 56594), ('weights', 'a7749a20ccb084ea3fb4a112bf8ac1a0caf833cb8099f59111b79e955a5903d9', 56594), ('feedback', '0cdb93d0e9d6a64a255bd8a38d4db114b526acc94fa4d34faef52ae200e794cd', 270522), ('feedback', 'd514cfea918ac4a41506af54ab1fb1804c4dff0067e7e5b54d94f55bed5d1813', 219222), ('feedback', '2200aff9d5b018391c6006c292504cca57fdc1e3eeb8ced259750f784496638e', 202122), ('feedback', '7612301b840285d96b8893fd3896d079db0962df3998778144da9ea855bd3f28', 202122), ('feedback', '319ae80218e6a5db99d00c329ade1dc38b48b04978d81c93da6adb4863c178eb', 203166), ('contrib', '0f193ac186c259f695f51c71522d2026a7db4ba374af9aa3abefca0b799889be', 75199), ('contrib', 'dad72b92615458cded293cbc2834b6aff77ea9179365fc5278156cb9a16413ed', 58099), ('contrib', 'c3e690cca973d1a35b5c383da82438a7d72a2e9443f0e57afe06f3368f6957b8', 58099), ('contrib', '5a740a70b857667affd78a84ec90fc9ca9bdae6c24684db03c41a2ac37885ca0', 58099), ('close', 'c8ecc6a129738b17a20d813041f864db6ece060ee945408aaf78f49ab2d12d9a', 543321)]"
5,23:47:49.112,0.8945,110.25825521349907,"[1536440329218106995, 1536440329218106995, 1536440329218106995, 1536440329218106995, 354238683127572017, 0]","[86, 88, 86, 85, 88, 0]","[13, 14, 15, 16, 14, 0]","[('0xA41dE09A63f6Cedd633f99052b44450d3BB91D44', 3870123456790123454, 69279835390946502, 1536440329218106995), ('0x17725D495A0843Ea05541fD61ba5D4082750bC08', 3870123456790123454, 69279835390946502, 1536440329218106995), ('0x37AC7AC5D09bbC6dAC1CF036b7F9DdD0EA4E052E', 3870123456790123454, 69279835390946502, 1536440329218106995), ('0x536fc4cd48ad9B3649e8aB615592E83Ec9F5fcd1', 3870123456790123454, 69279835390946502, 1536440329218106995)]",500000000000000000,"[(5, 177119341563786008)]","[250000000000000000, 250000000000000000, 250000000000000000, 250000000000000000]","[[0.0, 1.0, 1.0, 1.0, -1.0, 0.0], [1.0, 0.0, 1.0, 1.0, -1.0, 0.0], [1.0, 1.0, 0.0, 1.0, -1.0, 0.0], [1.0, 1.0, 1.0, 0.0, -1.0, 0.0], [-1.0, -1.0, -1.0, -1.0, 0.0, 0.0], [0.0, 0.0, 0.0, 0.0, 0.0, 0.0]]",[5],"['$user$0, 0.87, good, good, None, 0xA41dE09A63f6Cedd633f99052b44450d3BB91D44', '$user$1, 0.86, good, good, None, 0x17725D495A0843Ea05541fD61ba5D4082750bC08', '$user$2, 0.878, good, good, None, 0x37AC7AC5D09bbC6dAC1CF036b7F9DdD0EA4E052E', '$user$3, 0.864, good, good, None, 0x536fc4cd48ad9B3649e8aB615592E83Ec9F5fcd1', '$user$4, 0.448, bad, bad, 3, 0x118E560679B62a9F24c135A96d416548782f8cc2']","[('close', 'c8ecc6a129738b17a20d813041f864db6ece060ee945408aaf78f49ab2d12d9a', 543321), ('slot', 'd3d04c6d7218aebe1206a90e9ef435f0b94c59ba6c466e666ef9d2dfe0d86035', 50814), ('slot', '342db560504bc818a2fc94dcfcaee0e1109b22c456fa4711deb324e4cb82fcbc', 50814), ('slot', '8ea40cc17c8a8ec3de15575513736b3bc56d83780f5cb8a94e579bd3ac53d13c', 50814), ('slot', '291b4f77d8aff12941e489103a146dd9753158598261163d2dface8ea40b81a1', 50814), ('slot', '0aad13e4b0277bd82e5576cc1e85d4d8b42c92243f47e231b2ea886504846bf2', 50814), ('weights', '2a06f42e15a558b1ef5c968d5c7be62ec9392e2afc5c179a2dd4b628750e4f9f', 73694), ('weights', 'f28238965020f34719aa40f4c265413099a677bee347577ee3d49ef952248c25', 56594), ('weights', '324df57bbb0ad1d8690e889940ecc8fb9cce8d57ad620ee6f8302ab924931ee2', 56594), ('weights', '2d884a91dc133f094f55f25cb682c0859a8be12df03de2340b30cb1c17561bf1', 56594), ('weights', 'b4d0745ed5538d967344ecb00e987be83ce53fc9184da448e0eb3e0ad8b76db3', 56594), ('feedback', 'ab0d34a08ca1890d9555982f8fe1a2fe89d1b5399a13be05d72aec422aaa3822', 270522), ('feedback', '60f3cd9b08b881f800788e69fe36afe6617bc3e1d399e4dd6c7f166beb83ac0f', 219222), ('feedback', '6438d0b76e50be4f961ca1e449c0a9e137bbf5eb358494f161cc26b8ecb71786', 202122), ('feedback', '28a805a1c464ef5fe7c5d2e3fb06bcc853968f27691a841ef54e888766138028', 202122), ('feedback', '8c927cbbbb88a4564c1e68f906478bc184e7a731a607bdf055102f6cdb2747de', 203166), ('contrib', 'ee9ff73eef0350cb6c54470977e76a60e39166dcf416deb45ce83bf673a0fae4', 75199), ('contrib', '93c73a536f36496c1a006155fca38a38e6ee6beb05556af17ecef77d5882f927', 58099), ('contrib', 'e4b0525a827e7fcbb1c803cb8768e8cc2babddc91ad441a29d6334e5226d9c8f', 58099), ('contrib', 'eff0f9b77d8af7a4b03b995b0efb6798807ea08d7a81b3f8664c038372f9c46e', 58099), ('close', '1db98d4e1f632c5284535235de4701b822ff9eb58a26b9c8fc4460a8beb264f2', 543321)]"
6,23:48:12.780,0.91,92.65999825671315,"[1590960219478737996, 1590960219478737996, 1590960219478737996, 1590960219478737996, 236159122085048012, 0]","[90, 89, 90, 87, 90, 0]","[10, 11, 11, 13, 11, 0]","[('0xA41dE09A63f6Cedd633f99052b44450d3BB91D44', 4255082304526748968, 54519890260631001, 1590960219478737996), ('0x17725D495A0843Ea05541fD61ba5D4082750bC08', 4255082304526748968, 54519890260631001, 1590960219478737996), ('0x37AC7AC5D09bbC6dAC1CF036b7F9DdD0EA4E052E', 4255082304526748968, 54519890260631001, 1590960219478737996), ('0x536fc4cd48ad9B3649e8aB615592E83Ec9F5fcd1', 4255082304526748968, 54519890260631001, 1590960219478737996)]",400000000000000000,"[(6, 118079561042524005)]","[250000000000000000, 250000000000000000, 250000000000000000, 250000000000000000]","[[0.0, 1.0, 1.0, 1.0, -1.0, 0.0], [1.0, 0.0, 1.0, 1.0, -1.0, 0.0], [1.0, 1.0, 0.0, 1.0, -1.0, 0.0], [1.0, 1.0, 1.0, 0.0, -1.0, 0.0], [-1.0, -1.0, -1.0, -1.0, 0.0, 0.0], [0.0, 0.0, 0.0, 0.0, 0.0, 0.0]]",[5],"['$user$0, 0.88, good, good, None, 0xA41dE09A63f6Cedd633f99052b44450d3BB91D44', '$user$1, 0.885, good, good, None, 0x17725D495A0843Ea05541fD61ba5D4082750bC08', '$user$2, 0.906, good, good, None, 0x37AC7AC5D09bbC6dAC1CF036b7F9DdD0EA4E052E', '$user$3, 0.89, good, good, None, 0x536fc4cd48ad9B3649e8aB615592E83Ec9F5fcd1', '$user$4, 0.448, bad, bad, 3, 0x118E560679B62a9F24c135A96d416548782f8cc2']","[('close', '1db98d4e1f632c5284535235de4701b822ff9eb58a26b9c8fc4460a8beb264f2', 543321), ('slot', 'a49782d734afc9540b269bda358ca1a19f21d6362b7e93209bd089de7f2206f3', 50814), ('slot', '89c60355891b7312eac67be7a6115f40f191efee7eb9a77f3eaad81cdecbcf5c', 50814), ('slot', 'eb926fb3261753f65b570d7fa97290e3fa4111adce655a5180e92e9e660b5574', 50814), ('slot', '94c4ad8f584d4624c932b4a9a125127ba1c71c2f4ce20b9160c6507fca10b28a', 50814), ('slot', '9372b9cead772e0b30e7acd9522aed5d1b4ed88e11d31a4d36a2bf16c525695c', 50802), ('weights', 'd9cfc45d413f3034852fa78debe9ed7c945be28b66fb8694d370cf59555ce35f', 73694), ('weights', '1fd9d1bf239abc9e58d2a7af9b59e393980902ba1a85f74c64af3baba60b443a', 56594), ('weights', 'ec2f11c35db33dafc33844d649e4b6690617cc5f145e1c941cc1903871123036', 56594), ('weights', 'bd0a92727a253e6cc1885dfefed60427369c458562eea25956d7ffea7020eb87', 56594), ('weights', 'e30e3ac6f88b6872f752a79f9bba0181703ad99863f8a5dd2328ff5f395c105e', 56594), ('feedback', '92f9f28fc52d907f1fc8d1a41a3be84026262443883b9afae13651ab8353251a', 270522), ('feedback', 'ccf03bb4c200885c3fae6ec2ebbac1f382d4bc181ef041bd778f51f78d0d70b0', 219222), ('feedback', 'cb4356687de1fa750a6a50b3acdc72ace675b6f2d6b69c4d129ffe1def631680', 202122), ('feedback', '60124c83eb9c399396c2eb141591d795f489b78cda12b4ac01baf2441d4e6416', 202122), ('feedback', '2c242aa6582aee2c8775fb4b9185a1f0be0a477825cda2dcab80589e70a1ab30', 203166), ('contrib', '6139699ca1791b4268334686588c38643f6ab4fe286bc40ab72c5c0037e3bfd4', 75199), ('contrib', 'afe5412e13ee9247dcf219fde288559384aeba4b5c808f6f074b7ca9468f2950', 58099), ('contrib', '45b097e1ac7def433627ae652fda41bd674dadd0fcdbd2f996b4d28ae65b90dd', 58099), ('contrib', 'c01619e91429e7bb32e899489056b3a970836ae9f4ee1f9b88a02973baa0dcb9', 58099), ('close', 'f880e9c03eace645c1a078fa0ab8d424080b9f0a77bc06c4cdcc3e451c5be074', 543321)]"
7,23:48:36.229,0.9211,80.41071175783873,"[1674999999999999999, 1674999999999999999, 1674999999999999999, 1674999999999999999, 0, 0]","[92, 90, 92, 89, 92, 0]","[9, 9, 9, 11, 9, 0]","[('0xA41dE09A63f6Cedd633f99052b44450d3BB91D44', 4536721536351165976, 84039780521262003, 1674999999999999999), ('0x17725D495A0843Ea05541fD61ba5D4082750bC08', 4536721536351165976, 84039780521262003, 1674999999999999999), ('0x37AC7AC5D09bbC6dAC1CF036b7F9DdD0EA4E052E', 4536721536351165976, 84039780521262003, 1674999999999999999), ('0x536fc4cd48ad9B3649e8aB615592E83Ec9F5fcd1', 4536721536351165976, 84039780521262003, 1674999999999999999)]",300000000000000000,"[(7, 236159122085048012)]","[250000000000000000, 250000000000000000, 250000000000000000, 250000000000000000]","[[0.0, 1.0, 1.0, 1.0, -1.0, 0.0], [1.0, 0.0, 1.0, 1.0, -1.0, 0.0], [1.0, 1.0, 0.0, 1.0, -1.0, 0.0], [1.0, 1.0, 1.0, 0.0, -1.0, 0.0], [-1.0, -1.0, -1.0, -1.0, 0.0, 0.0], [0.0, 0.0, 0.0, 0.0, 0.0, 0.0]]",[5],"['$user$0, 0.902, good, good, None, 0xA41dE09A63f6Cedd633f99052b44450d3BB91D44', '$user$1, 0.904, good, good, None, 0x17725D495A0843Ea05541fD61ba5D4082750bC08', '$user$2, 0.91, good, good, None, 0x37AC7AC5D09bbC6dAC1CF036b7F9DdD0EA4E052E', '$user$3, 0.9, good, good, None, 0x536fc4cd48ad9B3649e8aB615592E83Ec9F5fcd1']","[('close', 'f880e9c03eace645c1a078fa0ab8d424080b9f0a77bc06c4cdcc3e451c5be074', 543321), ('slot', '259725bd1ee28ed330d59e358ecc1710ca65cf72fed6dddb97cb97c4c3e7b62e', 50814), ('slot', 'd28356f034f3a0477ff67a7c617cc6a32c95f1f79b88303d8871fe17195be5dd', 50814), ('slot', 'e9c658aae1d018010c0f6b9e52f98aad9028c1a6fbbb6e0161ce2a5fb05caab0', 50814), ('slot', '506a68f07738c65ffab0e35c33d1b00e9159dabf19ce515d653e9499ab2ff33b', 50814), ('slot', 'e9faed11c0bff0ae2fac1a8e614558a27b78f1c462d96b9045704ca0bd579cb5', 50802), ('weights', 'f8cae69a89213b5d10d78b663a034fc7ebec5ae3affb190aa7f450a40378351e', 73694), ('weights', '3b158b2a1ffe90b0cc806f4d983153d8bea4848da35fe7f3ea3d4d73575ed28a', 56594), ('weights', '891accd3035a031249744e85772a20ff90a904c08e4720d55850f1d662cbf9d4', 56594), ('weights', '5ce6bbc69f0328afa6b5ea77f982f15a49d970bd601c43b74e58fcf870dff3e3', 56594), ('weights', '6e1716167d1af32640cb5a445d047b74109a622476645dbeabc47117b911a022', 56594), ('feedback', '6b4b34f80c29dc5e20fa81fd1bd9e87a54026702d4c8100845253272cdeaffc4', 270522), ('feedback', '04807e6109b58de1115054dd52865e7ee996bb7edf077047b341a1836a4a5afc', 219222), ('feedback', '86ef30beeaf4ce0d16632f37f58ef351c21dfac173cc093932ced4ccf407aa74', 202122), ('feedback', 'c60edeb08383e8aae80bfb7eb5bf1d60211a3d44879deeb6f6c57c9237cf0e90', 202122), ('feedback', '14b880eafe067626ef81f573f042d6ee49bb9e5aba7edd9bf7190abb91177a5b', 203166), ('contrib', '17db17fb78d683f717e9bbeb80be84a969c8d3a595bbf3320bfb3335711fd7f7', 75199), ('contrib', '412aac3c49dbdc5eff521ef6af52bb53b842a60d94c357db2a8dc4bdb63dc2c5', 58099), ('contrib', '7e98cce0d0c4ec6b681ee04d00e39d929661a82c0542ca7388cf68782460fb91', 58099), ('contrib', '8858bf7e01aedbe6101ec7aab1013216ef09ad34c0a2d51561a883842a503a2d', 58099), ('close', '6cd9a9de2864e4417ee71cdfef270d5df99eb3e60446c43d344e6aa0118bad92', 502181)]"
8,23:48:57.713,0.9283,71.0108594596386,"[1699999999999999999, 1699999999999999999, 1699999999999999999, 1699999999999999999, 0, 0]","[92, 92, 93, 90, 0, 0]","[8, 8, 8, 10, 0, 0]","[('0xA41dE09A63f6Cedd633f99052b44450d3BB91D44', 5024999999999999997, 25000000000000000, 1699999999999999999), ('0x17725D495A0843Ea05541fD61ba5D4082750bC08', 5024999999999999997, 25000000000000000, 1699999999999999999), ('0x37AC7AC5D09bbC6dAC1CF036b7F9DdD0EA4E052E', 5024999999999999997, 25000000000000000, 1699999999999999999), ('0x536fc4cd48ad9B3649e8aB615592E83Ec9F5fcd1', 5024999999999999997, 25000000000000000, 1699999999999999999)]",200000000000000000,[],"[250000000000000000, 250000000000000000, 250000000000000000, 250000000000000000]","[[0.0, 1.0, 1.0, 1.0, 0.0, 0.0], [1.0, 0.0, 1.0, 1.0, 0.0, 0.0], [1.0, 1.0, 0.0, 1.0, 0.0, 0.0], [1.0, 1.0, 1.0, 0.0, 0.0, 0.0], [0.0, 0.0, 0.0, 0.0, 0.0, 0.0], [0.0, 0.0, 0.0, 0.0, 0.0, 0.0]]",[],"['$user$0, 0.913, good, good, None, 0xA41dE09A63f6Cedd633f99052b44450d3BB91D44', '$user$1, 0.913, good, good, None, 0x17725D495A0843Ea05541fD61ba5D4082750bC08', '$user$2, 0.927, good, good, None, 0x37AC7AC5D09bbC6dAC1CF036b7F9DdD0EA4E052E', '$user$3, 0.902, good, good, None, 0x536fc4cd48ad9B3649e8aB615592E83Ec9F5fcd1']","[('close', '6cd9a9de2864e4417ee71cdfef270d5df99eb3e60446c43d344e6aa0118bad92', 502181), ('slot', 'bc46c1680b074318484c3523a4f631088a66d4b6b4b3c70466849002ad33b208', 50814), ('slot', '05360dede17f3d097d5e00ab9ca21912f2368ffa8a9375aad013528557fd8931', 50814), ('slot', '2190fc36094f4a1300092cfa5955317ad8fc3731852cdb9d8407667ce6bd6efa', 50814), ('slot', 'e52d6e567a1a080da1ebc013f3cedbf467e46814c11501ddadd5a702e7311e2c', 50814), ('weights', 'b80366421f9a066146836071cfe992bca9047bb75dbec10c9fa3cb3ddc6b989c', 73694), ('weights', '524c906472cc51706612bf878cd79f289ef2e5c1d2777f09ff7994f23a3d4316', 56594), ('weights', 'f0a3c7fd638224f9895571cc5890d24953bf5441976bfbc04ccd857f08509349', 56594), ('weights', '1608becd30491f1b44ff2fdc8a88205a850ff2ce9c41891e03b5644102a3d238', 56594), ('feedback', '22574551bce49dee6619d464a87c28c255ae31f1d3cb47babc85037b7d77e1fb', 217307), ('feedback', '8e4e09175d2ef3e5b4eedbf22c5f1981a110f482c86206f72b2a112344fc95b5', 183107), ('feedback', '6031b1b4bb61109d7e33d0d39310f1a0286ffd45cf424d42bf4c76c234068c65', 166007), ('feedback', '686f9125d3863950a82e89e0f4625988b82dad7c97e35538672277336c608284', 166007), ('contrib', '0236867f94b16b96ef95edf7f482c0280eb492f0fea010168b34667188046933', 75199), ('contrib', 'c5f1022a52c0d19699f6c3a3f1b1717d4b4192bc1bdfcb9f411cb25e40346962', 58099), ('contrib', 'f715637d3562374fd161f5b379e1f84218aec6fb892602cde516808fdd743988', 58099), ('contrib', 'a4c1d77b792e47e51d27e0a533dce35906f8f6e27d3e28f872e1f81a46296c37', 58099), ('close', 'a4e2b732be74b82954e83c22ce3be835e35cd00826066012b72fa645fe245ea6', 410442)]"
9,23:49:22.796,0.9383,63.3228012137115,"[1724999999999999999, 1724999999999999999, 1724999999999999999, 1724999999999999999, 0, 0]","[93, 93, 94, 91, 0, 0]","[7, 7, 7, 9, 0, 0]","[('0xA41dE09A63f6Cedd633f99052b44450d3BB91D44', 5099999999999999997, 25000000000000000, 1724999999999999999), ('0x17725D495A0843Ea05541fD61ba5D4082750bC08', 5099999999999999997, 25000000000000000, 1724999999999999999), ('0x37AC7AC5D09bbC6dAC1CF036b7F9DdD0EA4E052E', 5099999999999999997, 25000000000000000, 1724999999999999999), ('0x536fc4cd48ad9B3649e8aB615592E83Ec9F5fcd1', 5099999999999999997, 25000000000000000, 1724999999999999999)]",100000000000000000,[],"[250000000000000000, 250000000000000000, 250000000000000000, 250000000000000000]","[[0.0, 1.0, 1.0, 1.0, 0.0, 0.0], [1.0, 0.0, 1.0, 1.0, 0.0, 0.0], [1.0, 1.0, 0.0, 1.0, 0.0, 0.0], [1.0, 1.0, 1.0, 0.0, 0.0, 0.0], [0.0, 0.0, 0.0, 0.0, 0.0, 0.0], [0.0, 0.0, 0.0, 0.0, 0.0, 0.0]]",[],"['$user$0, 0.916, good, good, None, 0xA41dE09A63f6Cedd633f99052b44450d3BB91D44', '$user$1, 0.926, good, good, None, 0x17725D495A0843Ea05541fD61ba5D4082750bC08', '$user$2, 0.932, good, good, None, 0x37AC7AC5D09bbC6dAC1CF036b7F9DdD0EA4E052E', '$user$3, 0.918, good, good, None, 0x536fc4cd48ad9B3649e8aB615592E83Ec9F5fcd1']","[('close', 'a4e2b732be74b82954e83c22ce3be835e35cd00826066012b72fa645fe245ea6', 410442), ('slot', 'af9bcd261efb11e4e0bbed4571ca77a28439ccc123098d37f2977fab935bfd31', 50814), ('slot', '7667283baeb42832775e8d9192107b98024bde088189463c205efc37fb3a5b80', 50814), ('slot', '6b1ee5df0aff62d57edc1870dae84f136156e74ad54c9e43299276420aff4322', 50814), ('slot', '961e9faff38d0e9550103023bb99f5caba560beb8ec2f2f4dc88437701dad82b', 50814), ('weights', '1c473189c13fde4df78e4ea22eefcd36ef55d73010fa5ed807dd40da41bf4252', 73694), ('weights', 'a9fb6da594b2b69a765bef0e0a808d6cc2a8139c8aee3dfb257a84b4d1fb53e6', 56594), ('weights', '62e08fda0cde825523030735334b600b9c5b9d34421478fc734b2b4efbf5ce3f', 56594), ('weights', 'be701bd10f5de6c52135d4ef7ff4f140be658f86b535723674443e506c83d0ff', 56594), ('feedback', '94bcb87050d2ee01a16d203b90a8c6d5bc952cd38d012787ef5cac1125d47d5a', 217307), ('feedback', 'ddf698fca6c286adbc96c4bd8c8c2ab71e41b1953753827830cb1a3cb0c3ba84', 183107), ('feedback', '799cca47c2d226fc76912cda546b7f9b7b11c69b1006ac9b1c808a8e6a0d0248', 166007), ('feedback', '4a5f3cd52c31d80c5618cd9b8379dc6b183f09e139f75a876b364c9f4df112d5', 166007), ('contrib', '4be2dc1a8aa56492a6f6fc93729f7237c0bccf9783a87d96bca051fa703ea49c', 75199), ('contrib', '4bda113bf5361d8e0434e411b83808c60df368329e036be83827dbb56048ef95', 58099), ('contrib', '6dbd35243552155ee10af56602edae006ab1f193380faed576844cf1c2cdd105', 58099), ('contrib', '2797c7614889fc8516324b3f4aa1ac3fa72aff8fde978b82aa7d91563f5f7782', 58099), ('close', '9bd4455b2998b5c060b6b88400a0094ef7039155194b5d5c3acd947d7b2c0342', 410442)]"
10,23:49:44.339,0.9426,57.06467671319842,"[1749999999999999999, 1749999999999999999, 1749999999999999999, 1749999999999999999, 0, 0]","[93, 94, 95, 92, 0, 0]","[6, 6, 7, 8, 0, 0]","[('0xA41dE09A63f6Cedd633f99052b44450d3BB91D44', 5174999999999999997, 25000000000000000, 1749999999999999999), ('0x17725D495A0843Ea05541fD61ba5D4082750bC08', 5174999999999999997, 25000000000000000, 1749999999999999999), ('0x37AC7AC5D09bbC6dAC1CF036b7F9DdD0EA4E052E', 5174999999999999997, 25000000000000000, 1749999999999999999), ('0x536fc4cd48ad9B3649e8aB615592E83Ec9F5fcd1', 5174999999999999997, 25000000000000000, 1749999999999999999)]",0,[],"[250000000000000000, 250000000000000000, 250000000000000000, 250000000000000000]","[[0.0, 1.0, 1.0, 1.0, 0.0, 0.0], [1.0, 0.0, 1.0, 1.0, 0.0, 0.0], [1.0, 1.0, 0.0, 1.0, 0.0, 0.0], [1.0, 1.0, 1.0, 0.0, 0.0, 0.0], [0.0, 0.0, 0.0, 0.0, 0.0, 0.0], [0.0, 0.0, 0.0, 0.0, 0.0, 0.0]]",[],"['$user$0, 0.924, good, good, None, 0xA41dE09A63f6Cedd633f99052b44450d3BB91D44', '$user$1, 0.941, good, good, None, 0x17725D495A0843Ea05541fD61ba5D4082750bC08', '$user$2, 0.937, good, good, None, 0x37AC7AC5D09bbC6dAC1CF036b7F9DdD0EA4E052E', '$user$3, 0.923, good, good, None, 0x536fc4cd48ad9B3649e8aB615592E83Ec9F5fcd1']","[('close', '9bd4455b2998b5c060b6b88400a0094ef7039155194b5d5c3acd947d7b2c0342', 410442), ('slot', '20f9946b9ee65a4bfd5b16525a5d2139a06608eebbe7552f02ce755f70c57345', 50814), ('slot', '93d3cba94dba67fb595780e68971564c46ffc36fd7ffa13ce943c4f386049d96', 50814), ('slot', '0cd5d7a83b5a396c5ddfd936c5dc1fac440204adcab4718aa8ddfb78b9e2fdd9', 50814), ('slot', '3506176877c2cc01eae98351d835af04a2792daff72d7ab7646f3190e3ee1aa2', 50814), ('weights', 'e9a6c37d42072b0f3c3f8b05d7607e6b1cc6dd6446a9dd260fd0facf4936fef3', 73694), ('weights', '287863b6a0d7e20c61899436b6b2bf6e562d77b977c2e5c98ff8051ec362bc80', 56594), ('weights', '8a07752919622d82e7aa5b1549a774528dcba09f51c96dcf611bb950ecd07c06', 56582), ('weights', '8227cad8a5717601e14879fce6a7e551a96f739c6844af9e2155abaa34bcf8d9', 56594), ('feedback', '27d35c4457e047e60f6751f024c9f320fb95f03cba21078e72770c5da6165648', 217307), ('feedback', '4f1f0d62463fffc94ded32aead9a07d272e97257896e3b9db49d7d76c4cc1a26', 183107), ('feedback', 'c872fcec39a8da68577edfc973c60a5370c7d157060b3e666f4a6a93193a1af4', 166007), ('feedback', 'df587f3f79140bc116445f52fbb7c49fc13eb2a08249b8045a91fc8bdd75b536', 166007), ('contrib', '6a96ff6f8c9609857a27924ac6f707de734d857014bb52c186d81e5752add216', 75199), ('contrib', 'ebb23b07bf47efaaeb2dcb46a414df0b67a9f82feab5eed31e39aef87c51e1bc', 58099), ('contrib', 'b0727105d6a65c5423e5cccd5289e021e8442feff3246ef1ff6895b8a6e24678', 58099), ('contrib', 'ccb1e94a46b0d5a5037b9e1dda35c41c5d0c68c3c5ebb8c41eb598c35ac803bf', 58099), ('close', 'f5f8f2926a695ea0b4a8bea5316aa89611d84a11e4b3a4b719211cfde5428414', 410442)]"
# $gasCosts$[323123, 346901, 270153, 310927, 312701, 218683, 75199, 58099, 58099, 58099, 58099, 342327, 249227, 294801, 221901, 237901, 218683, 75199, 58099, 58099, 58099, 58099, 323749, 255349, 236249, 278049, 231293, 218683, 75199, 58099, 58099, 58099, 270522, 219222, 202122, 202122, 203166, 75199, 58099, 58099, 58099, 270522, 219222, 202122, 202122, 203166, 75199, 58099, 58099, 58099, 270522, 219222, 202122, 202122, 203166, 75199, 58099, 58099, 58099, 270522, 219222, 202122, 202122, 203166, 75199, 58099, 58099, 58099, 217307, 183107, 166007, 166007, 75199, 58099, 58099, 58099, 217307, 183107, 166007, 166007, 75199, 58099, 58099, 58099, 217307, 183107, 166007, 166007, 75199, 58099, 58099, 58099],[126674, 126674, 126674, 126674, 126674],[50814, 50814, 50814, 50814, 50814, 50814, 50814, 50814, 50814, 50814, 50814, 50814, 50814, 50814, 50802, 50814, 50814, 50814, 50814, 50802, 50814, 50814, 50814, 50814, 50814, 50814, 50814, 50814, 50814, 50814, 50814, 50814, 50802, 50814, 50814, 50814, 50814, 50802, 50814, 50814, 50814, 50814, 50814, 50814, 50814, 50814, 50814, 50814, 50814, 50814],[73694, 56594, 56594, 56594, 56594, 56594, 73682, 56594, 56594, 56594, 56594, 56594, 73694, 56582, 56594, 56582, 56594, 56582, 73694, 56594, 56582, 56594, 56594, 73694, 56594, 56594, 56594, 56594, 73694, 56594, 56594, 56594, 56594, 73694, 56594, 56594, 56594, 56594, 73694, 56594, 56594, 56594, 73694, 56594, 56594, 56594, 73694, 56594, 56582, 56594],[668764, 641400, 618388, 543321, 543321, 543321, 502181, 410442, 410442, 410442],[],[]
# TOTAL EXPERIMENT TIME: 245.26 seconds
